../../../hardware/execute/fp_ops/fp_round.sv:47: sorry: constant selects in always_* processes are not fully supported (the process will be sensitive to all bits in 'mant_i[22:0]').
../../../hardware/execute/fp_ops/fp_round.sv:65: sorry: constant selects in always_* processes are not fully supported (the process will be sensitive to all bits in 'mant_inc[23:0]').
../../../hardware/execute/fp_ops/fp_round.sv:70: sorry: constant selects in always_* processes are not fully supported (the process will be sensitive to all bits in 'exp_out[8:0]').
../../../hardware/execute/fp_ops/fp_round.sv:75: sorry: constant selects in always_* processes are not fully supported (the process will be sensitive to all bits in 'exp_out[8:0]').
../../../hardware/execute/fp_ops/fp_round.sv:75: sorry: constant selects in always_* processes are not fully supported (the process will be sensitive to all bits in 'mant_inc[23:0]').
:0: sorry: constant selects in always_* processes are not fully supported (the process will be sensitive to all bits in 'head_entry_w[112:0]').
:0: sorry: constant selects in always_* processes are not fully supported (the process will be sensitive to all bits in 'lookup1_entry_w[112:0]').
:0: sorry: constant selects in always_* processes are not fully supported (the process will be sensitive to all bits in 'lookup1_entry_w[112:0]').
:0: sorry: constant selects in always_* processes are not fully supported (the process will be sensitive to all bits in 'lookup2_entry_w[112:0]').
:0: sorry: constant selects in always_* processes are not fully supported (the process will be sensitive to all bits in 'lookup2_entry_w[112:0]').
:0: sorry: constant selects in always_* processes are not fully supported (the process will be sensitive to all bits in 'iq_instr_i[88:0]').
:0: sorry: constant selects in always_* processes are not fully supported (the process will be sensitive to all bits in 'iq_instr_i[88:0]').
:0: sorry: constant selects in always_* processes are not fully supported (the process will be sensitive to all bits in 'iq_instr_i[88:0]').
:0: sorry: constant selects in always_* processes are not fully supported (the process will be sensitive to all bits in 'iq_instr_i[88:0]').
:0: sorry: constant selects in always_* processes are not fully supported (the process will be sensitive to all bits in 'iq_instr_i[88:0]').
:0: sorry: constant selects in always_* processes are not fully supported (the process will be sensitive to all bits in 'cdb_i[36:0]').
:0: sorry: constant selects in always_* processes are not fully supported (the process will be sensitive to all bits in 'cdb_i[36:0]').
:0: sorry: constant selects in always_* processes are not fully supported (the process will be sensitive to all bits in 'cdb_i[36:0]').
:0: sorry: constant selects in always_* processes are not fully supported (the process will be sensitive to all bits in 'cdb_i[36:0]').
:0: sorry: constant selects in always_* processes are not fully supported (the process will be sensitive to all bits in 'cdb_i[36:0]').
:0: sorry: constant selects in always_* processes are not fully supported (the process will be sensitive to all bits in 'cdb_i[36:0]').
:0: sorry: constant selects in always_* processes are not fully supported (the process will be sensitive to all bits in 'iq_instr_i[88:0]').
:0: sorry: constant selects in always_* processes are not fully supported (the process will be sensitive to all bits in 'cdb_i[36:0]').
:0: sorry: constant selects in always_* processes are not fully supported (the process will be sensitive to all bits in 'cdb_i[36:0]').
:0: sorry: constant selects in always_* processes are not fully supported (the process will be sensitive to all bits in 'cdb_i[36:0]').
:0: sorry: constant selects in always_* processes are not fully supported (the process will be sensitive to all bits in 'cdb_i[36:0]').
:0: sorry: constant selects in always_* processes are not fully supported (the process will be sensitive to all bits in 'cdb_i[36:0]').
:0: sorry: constant selects in always_* processes are not fully supported (the process will be sensitive to all bits in 'cdb_i[36:0]').
:0: sorry: constant selects in always_* processes are not fully supported (the process will be sensitive to all bits in 'iq_instr_i[88:0]').
:0: sorry: constant selects in always_* processes are not fully supported (the process will be sensitive to all bits in 'iq_instr_i[88:0]').
:0: sorry: constant selects in always_* processes are not fully supported (the process will be sensitive to all bits in 'iq_instr_i[88:0]').
:0: sorry: constant selects in always_* processes are not fully supported (the process will be sensitive to all bits in 'iq_instr_i[88:0]').
:0: sorry: constant selects in always_* processes are not fully supported (the process will be sensitive to all bits in 'iq_instr_i[88:0]').
:0: sorry: constant selects in always_* processes are not fully supported (the process will be sensitive to all bits in 'iq_instr_i[88:0]').
:0: sorry: constant selects in always_* processes are not fully supported (the process will be sensitive to all bits in 'iq_instr_i[88:0]').
:0: sorry: constant selects in always_* processes are not fully supported (the process will be sensitive to all bits in 'iq_instr_i[88:0]').
../../../hardware/execute/int_ops/alu_unit.sv:50: sorry: constant selects in always_* processes are not fully supported (the process will be sensitive to all bits in 'rs2_i[31:0]').
../../../hardware/execute/int_ops/alu_unit.sv:51: sorry: constant selects in always_* processes are not fully supported (the process will be sensitive to all bits in 'rs2_i[31:0]').
../../../hardware/execute/int_ops/alu_unit.sv:52: sorry: constant selects in always_* processes are not fully supported (the process will be sensitive to all bits in 'rs2_i[31:0]').
../../../hardware/execute/int_ops/alu_unit.sv:60: sorry: constant selects in always_* processes are not fully supported (the process will be sensitive to all bits in 'imm_i[31:0]').
../../../hardware/execute/int_ops/alu_unit.sv:61: sorry: constant selects in always_* processes are not fully supported (the process will be sensitive to all bits in 'imm_i[31:0]').
../../../hardware/execute/int_ops/alu_unit.sv:62: sorry: constant selects in always_* processes are not fully supported (the process will be sensitive to all bits in 'imm_i[31:0]').
../../../hardware/execute/fp_ops/fp_add.sv:60: sorry: constant selects in always_* processes are not fully supported (the process will be sensitive to all bits in 'a[31:0]').
../../../hardware/execute/fp_ops/fp_add.sv:60: sorry: constant selects in always_* processes are not fully supported (the process will be sensitive to all bits in 'a[31:0]').
../../../hardware/execute/fp_ops/fp_add.sv:60: sorry: constant selects in always_* processes are not fully supported (the process will be sensitive to all bits in 'a[31:0]').
../../../hardware/execute/fp_ops/fp_add.sv:61: sorry: constant selects in always_* processes are not fully supported (the process will be sensitive to all bits in 'b[31:0]').
../../../hardware/execute/fp_ops/fp_add.sv:62: sorry: constant selects in always_* processes are not fully supported (the process will be sensitive to all bits in 'b[31:0]').
../../../hardware/execute/fp_ops/fp_add.sv:62: sorry: constant selects in always_* processes are not fully supported (the process will be sensitive to all bits in 'b[31:0]').
../../../hardware/execute/fp_ops/fp_add.sv:67: sorry: constant selects in always_* processes are not fully supported (the process will be sensitive to all bits in 'b[31:0]').
../../../hardware/execute/fp_ops/fp_add.sv:80: sorry: constant selects in always_* processes are not fully supported (the process will be sensitive to all bits in 'ediff[7:0]').
../../../hardware/execute/fp_ops/fp_add.sv:97: sorry: constant selects in always_* processes are not fully supported (the process will be sensitive to all bits in 's[26:0]').
../../../hardware/execute/fp_ops/fp_add.sv:100: sorry: constant selects in always_* processes are not fully supported (the process will be sensitive to all bits in 's[26:0]').
../../../hardware/execute/fp_ops/fp_add.sv:108: sorry: constant selects in always_* processes are not fully supported (the process will be sensitive to all bits in 's[26:0]').
../../../hardware/execute/fp_ops/fp_add.sv:108: sorry: constant selects in always_* processes are not fully supported (the process will be sensitive to all bits in 'sh[7:0]').
../../../hardware/execute/fp_ops/fp_add.sv:112: sorry: constant selects in always_* processes are not fully supported (the process will be sensitive to all bits in 'norm[25:0]').
../../../hardware/execute/fp_ops/fp_mul.sv:74: sorry: constant selects in always_* processes are not fully supported (the process will be sensitive to all bits in 'rs1_i[31:0]').
../../../hardware/execute/fp_ops/fp_mul.sv:74: sorry: constant selects in always_* processes are not fully supported (the process will be sensitive to all bits in 'rs1_i[31:0]').
../../../hardware/execute/fp_ops/fp_mul.sv:75: sorry: constant selects in always_* processes are not fully supported (the process will be sensitive to all bits in 'rs2_i[31:0]').
../../../hardware/execute/fp_ops/fp_mul.sv:75: sorry: constant selects in always_* processes are not fully supported (the process will be sensitive to all bits in 'rs2_i[31:0]').
../../../hardware/execute/fp_ops/fp_mul.sv:77: sorry: constant selects in always_* processes are not fully supported (the process will be sensitive to all bits in 'rs1_i[31:0]').
../../../hardware/execute/fp_ops/fp_mul.sv:77: sorry: constant selects in always_* processes are not fully supported (the process will be sensitive to all bits in 'rs2_i[31:0]').
../../../hardware/execute/fp_ops/fp_mul.sv:82: sorry: constant selects in always_* processes are not fully supported (the process will be sensitive to all bits in 'ma[23:0]').
../../../hardware/execute/fp_ops/fp_mul.sv:82: sorry: constant selects in always_* processes are not fully supported (the process will be sensitive to all bits in 'mb[23:0]').
../../../hardware/execute/fp_ops/fp_mul.sv:83: sorry: constant selects in always_* processes are not fully supported (the process will be sensitive to all bits in 'ma[23:0]').
../../../hardware/execute/fp_ops/fp_mul.sv:83: sorry: constant selects in always_* processes are not fully supported (the process will be sensitive to all bits in 'mb[23:0]').
../../../hardware/execute/fp_ops/fp_mul.sv:84: sorry: constant selects in always_* processes are not fully supported (the process will be sensitive to all bits in 'ma[23:0]').
../../../hardware/execute/fp_ops/fp_mul.sv:84: sorry: constant selects in always_* processes are not fully supported (the process will be sensitive to all bits in 'mb[23:0]').
../../../hardware/execute/fp_ops/fp_mul.sv:85: sorry: constant selects in always_* processes are not fully supported (the process will be sensitive to all bits in 'ma[23:0]').
../../../hardware/execute/fp_ops/fp_mul.sv:85: sorry: constant selects in always_* processes are not fully supported (the process will be sensitive to all bits in 'mb[23:0]').
../../../hardware/execute/fp_ops/fp_mul.sv:112: sorry: constant selects in always_* processes are not fully supported (the process will be sensitive to all bits in 's2_product[47:0]').
../../../hardware/execute/fp_ops/fp_mul.sv:114: sorry: constant selects in always_* processes are not fully supported (the process will be sensitive to all bits in 's2_product[47:0]').
../../../hardware/execute/fp_ops/fp_mul.sv:116: sorry: constant selects in always_* processes are not fully supported (the process will be sensitive to all bits in 's2_product[47:0]').
../../../hardware/execute/fp_ops/fp_mul.sv:118: sorry: constant selects in always_* processes are not fully supported (the process will be sensitive to all bits in 'er[9:0]').
../../../hardware/execute/fp_ops/fp_mul.sv:120: sorry: constant selects in always_* processes are not fully supported (the process will be sensitive to all bits in 'er[9:0]').
../../../hardware/execute/fp_ops/fp_div.sv:138: sorry: constant selects in always_* processes are not fully supported (the process will be sensitive to all bits in 's_exp[9:0]').
../../../hardware/execute/fp_ops/fp_div.sv:142: sorry: constant selects in always_* processes are not fully supported (the process will be sensitive to all bits in 's_qreg[23:0]').
../../../hardware/execute/fp_ops/fp_div.sv:143: sorry: constant selects in always_* processes are not fully supported (the process will be sensitive to all bits in 's_exp[9:0]').
../../../hardware/execute/fp_ops/fp_div.sv:143: sorry: constant selects in always_* processes are not fully supported (the process will be sensitive to all bits in 's_qreg[23:0]').
../../../hardware/execute/fp_ops/fp_div.sv:147: sorry: constant selects in always_* processes are not fully supported (the process will be sensitive to all bits in 's_exp[9:0]').
../../../hardware/execute/fp_ops/fp_div.sv:147: sorry: constant selects in always_* processes are not fully supported (the process will be sensitive to all bits in 's_qreg[23:0]').
../../../hardware/execute/fp_ops/fp_div.sv:165: sorry: constant selects in always_* processes are not fully supported (the process will be sensitive to all bits in 'rs1_i[31:0]').
../../../hardware/execute/fp_ops/fp_div.sv:165: sorry: constant selects in always_* processes are not fully supported (the process will be sensitive to all bits in 'rs1_i[31:0]').
../../../hardware/execute/fp_ops/fp_div.sv:166: sorry: constant selects in always_* processes are not fully supported (the process will be sensitive to all bits in 'rs2_i[31:0]').
../../../hardware/execute/fp_ops/fp_div.sv:166: sorry: constant selects in always_* processes are not fully supported (the process will be sensitive to all bits in 'rs2_i[31:0]').
../../../hardware/execute/fp_ops/fp_div.sv:167: sorry: constant selects in always_* processes are not fully supported (the process will be sensitive to all bits in 'rs1_i[31:0]').
../../../hardware/execute/fp_ops/fp_div.sv:167: sorry: constant selects in always_* processes are not fully supported (the process will be sensitive to all bits in 'rs2_i[31:0]').
:0: sorry: constant selects in always_* processes are not fully supported (the process will be sensitive to all bits in 'head_entry_w[147:0]').
../../../hardware/execute/lsb/load_store_buffer.sv:121: sorry: constant selects in always_* processes are not fully supported (the process will be sensitive to all bits in 'head_addr[31:0]').
../../../hardware/execute/lsb/load_store_buffer.sv:122: sorry: constant selects in always_* processes are not fully supported (the process will be sensitive to all bits in 'head_addr[31:0]').
:0: sorry: constant selects in always_* processes are not fully supported (the process will be sensitive to all bits in 'head_entry_w[147:0]').
../../../hardware/execute/lsb/load_store_buffer.sv:131: sorry: constant selects in always_* processes are not fully supported (the process will be sensitive to all bits in 'head_entry_w[147:0]').
../../../hardware/execute/lsb/load_store_buffer.sv:132: sorry: constant selects in always_* processes are not fully supported (the process will be sensitive to all bits in 'head_entry_w[147:0]').
:0: sorry: constant selects in always_* processes are not fully supported (the process will be sensitive to all bits in 'head_entry_w[147:0]').
../../../hardware/execute/lsb/load_store_buffer.sv:143: sorry: constant selects in always_* processes are not fully supported (the process will be sensitive to all bits in 'mem_rd_data_i[31:0]').
../../../hardware/execute/lsb/load_store_buffer.sv:143: sorry: constant selects in always_* processes are not fully supported (the process will be sensitive to all bits in 'mem_rd_data_i[31:0]').
../../../hardware/execute/lsb/load_store_buffer.sv:144: sorry: constant selects in always_* processes are not fully supported (the process will be sensitive to all bits in 'mem_rd_data_i[31:0]').
../../../hardware/execute/lsb/load_store_buffer.sv:144: sorry: constant selects in always_* processes are not fully supported (the process will be sensitive to all bits in 'mem_rd_data_i[31:0]').
../../../hardware/execute/lsb/load_store_buffer.sv:145: sorry: constant selects in always_* processes are not fully supported (the process will be sensitive to all bits in 'mem_rd_data_i[31:0]').
../../../hardware/execute/lsb/load_store_buffer.sv:145: sorry: constant selects in always_* processes are not fully supported (the process will be sensitive to all bits in 'mem_rd_data_i[31:0]').
../../../hardware/execute/lsb/load_store_buffer.sv:146: sorry: constant selects in always_* processes are not fully supported (the process will be sensitive to all bits in 'mem_rd_data_i[31:0]').
../../../hardware/execute/lsb/load_store_buffer.sv:146: sorry: constant selects in always_* processes are not fully supported (the process will be sensitive to all bits in 'mem_rd_data_i[31:0]').
../../../hardware/execute/lsb/load_store_buffer.sv:151: sorry: constant selects in always_* processes are not fully supported (the process will be sensitive to all bits in 'mem_rd_data_i[31:0]').
../../../hardware/execute/lsb/load_store_buffer.sv:152: sorry: constant selects in always_* processes are not fully supported (the process will be sensitive to all bits in 'mem_rd_data_i[31:0]').
../../../hardware/execute/lsb/load_store_buffer.sv:153: sorry: constant selects in always_* processes are not fully supported (the process will be sensitive to all bits in 'mem_rd_data_i[31:0]').
../../../hardware/execute/lsb/load_store_buffer.sv:154: sorry: constant selects in always_* processes are not fully supported (the process will be sensitive to all bits in 'mem_rd_data_i[31:0]').
../../../hardware/execute/lsb/load_store_buffer.sv:157: sorry: constant selects in always_* processes are not fully supported (the process will be sensitive to all bits in 'load_pending_byte_sel[1:0]').
../../../hardware/execute/lsb/load_store_buffer.sv:158: sorry: constant selects in always_* processes are not fully supported (the process will be sensitive to all bits in 'mem_rd_data_i[31:0]').
../../../hardware/execute/lsb/load_store_buffer.sv:158: sorry: constant selects in always_* processes are not fully supported (the process will be sensitive to all bits in 'mem_rd_data_i[31:0]').
../../../hardware/execute/lsb/load_store_buffer.sv:159: sorry: constant selects in always_* processes are not fully supported (the process will be sensitive to all bits in 'mem_rd_data_i[31:0]').
../../../hardware/execute/lsb/load_store_buffer.sv:159: sorry: constant selects in always_* processes are not fully supported (the process will be sensitive to all bits in 'mem_rd_data_i[31:0]').
../../../hardware/execute/lsb/load_store_buffer.sv:160: sorry: constant selects in always_* processes are not fully supported (the process will be sensitive to all bits in 'load_pending_byte_sel[1:0]').
../../../hardware/execute/lsb/load_store_buffer.sv:161: sorry: constant selects in always_* processes are not fully supported (the process will be sensitive to all bits in 'mem_rd_data_i[31:0]').
../../../hardware/execute/lsb/load_store_buffer.sv:162: sorry: constant selects in always_* processes are not fully supported (the process will be sensitive to all bits in 'mem_rd_data_i[31:0]').
../../../hardware/execute/fp_ops/fp_cvt.sv:56: sorry: constant selects in always_* processes are not fully supported (the process will be sensitive to all bits in 'f[31:0]').
../../../hardware/execute/fp_ops/fp_cvt.sv:57: sorry: constant selects in always_* processes are not fully supported (the process will be sensitive to all bits in 'f[31:0]').
../../../hardware/execute/fp_ops/fp_cvt.sv:58: sorry: constant selects in always_* processes are not fully supported (the process will be sensitive to all bits in 'f[31:0]').
../../../hardware/execute/fp_ops/fp_cvt.sv:98: sorry: constant selects in always_* processes are not fully supported (the process will be sensitive to all bits in 'x[31:0]').
../../../hardware/execute/fp_ops/fp_cvt.sv:109: sorry: constant selects in always_* processes are not fully supported (the process will be sensitive to all bits in 'norm[31:0]').
:0: sorry: constant selects in always_* processes are not fully supported (the process will be sensitive to all bits in 'commit_entry_i[112:0]').
:0: sorry: constant selects in always_* processes are not fully supported (the process will be sensitive to all bits in 'commit_entry_i[112:0]').
:0: sorry: constant selects in always_* processes are not fully supported (the process will be sensitive to all bits in 'commit_entry_i[112:0]').
:0: sorry: constant selects in always_* processes are not fully supported (the process will be sensitive to all bits in 'commit_entry_i[112:0]').
:0: sorry: constant selects in always_* processes are not fully supported (the process will be sensitive to all bits in 'commit_entry_i[112:0]').
:0: sorry: constant selects in always_* processes are not fully supported (the process will be sensitive to all bits in 'commit_entry_i[112:0]').
:0: sorry: constant selects in always_* processes are not fully supported (the process will be sensitive to all bits in 'commit_entry_i[112:0]').
:0: sorry: constant selects in always_* processes are not fully supported (the process will be sensitive to all bits in 'commit_entry_i[112:0]').
:0: sorry: constant selects in always_* processes are not fully supported (the process will be sensitive to all bits in 'commit_entry_i[112:0]').
:0: sorry: constant selects in always_* processes are not fully supported (the process will be sensitive to all bits in 'commit_entry_i[112:0]').
:0: sorry: constant selects in always_* processes are not fully supported (the process will be sensitive to all bits in 'commit_entry_i[112:0]').
:0: sorry: constant selects in always_* processes are not fully supported (the process will be sensitive to all bits in 'commit_entry_i[112:0]').
:0: sorry: constant selects in always_* processes are not fully supported (the process will be sensitive to all bits in 'commit_entry_i[112:0]').
:0: sorry: constant selects in always_* processes are not fully supported (the process will be sensitive to all bits in 'commit_entry_i[112:0]').
../../../hardware/core/tomasulo_core.sv:54: sorry: constant selects in always_* processes are not fully supported (the process will be sensitive to all bits in 'raw[31:0]').
../../../hardware/core/tomasulo_core.sv:54: sorry: constant selects in always_* processes are not fully supported (the process will be sensitive to all bits in 'raw[31:0]').
../../../hardware/core/tomasulo_core.sv:54: sorry: constant selects in always_* processes are not fully supported (the process will be sensitive to all bits in 'raw[31:0]').
../../../hardware/core/tomasulo_core.sv:55: sorry: constant selects in always_* processes are not fully supported (the process will be sensitive to all bits in 'raw[31:0]').
../../../hardware/core/tomasulo_core.sv:55: sorry: constant selects in always_* processes are not fully supported (the process will be sensitive to all bits in 'raw[31:0]').
../../../hardware/core/tomasulo_core.sv:55: sorry: constant selects in always_* processes are not fully supported (the process will be sensitive to all bits in 'raw[31:0]').
../../../hardware/core/tomasulo_core.sv:71: sorry: constant selects in always_* processes are not fully supported (the process will be sensitive to all bits in 'funct7[6:0]').
../../../hardware/core/tomasulo_core.sv:82: sorry: constant selects in always_* processes are not fully supported (the process will be sensitive to all bits in 'raw[31:0]').
../../../hardware/core/tomasulo_core.sv:82: sorry: constant selects in always_* processes are not fully supported (the process will be sensitive to all bits in 'raw[31:0]').
../../../hardware/core/tomasulo_core.sv:88: sorry: constant selects in always_* processes are not fully supported (the process will be sensitive to all bits in 'funct7[6:0]').
../../../hardware/core/tomasulo_core.sv:94: sorry: constant selects in always_* processes are not fully supported (the process will be sensitive to all bits in 'raw[31:0]').
../../../hardware/core/tomasulo_core.sv:94: sorry: constant selects in always_* processes are not fully supported (the process will be sensitive to all bits in 'raw[31:0]').
../../../hardware/core/tomasulo_core.sv:104: sorry: constant selects in always_* processes are not fully supported (the process will be sensitive to all bits in 'raw[31:0]').
../../../hardware/core/tomasulo_core.sv:104: sorry: constant selects in always_* processes are not fully supported (the process will be sensitive to all bits in 'raw[31:0]').
../../../hardware/core/tomasulo_core.sv:104: sorry: constant selects in always_* processes are not fully supported (the process will be sensitive to all bits in 'raw[31:0]').
../../../hardware/core/tomasulo_core.sv:114: sorry: constant selects in always_* processes are not fully supported (the process will be sensitive to all bits in 'raw[31:0]').
../../../hardware/core/tomasulo_core.sv:114: sorry: constant selects in always_* processes are not fully supported (the process will be sensitive to all bits in 'raw[31:0]').
../../../hardware/core/tomasulo_core.sv:114: sorry: constant selects in always_* processes are not fully supported (the process will be sensitive to all bits in 'raw[31:0]').
../../../hardware/core/tomasulo_core.sv:114: sorry: constant selects in always_* processes are not fully supported (the process will be sensitive to all bits in 'raw[31:0]').
../../../hardware/core/tomasulo_core.sv:114: sorry: constant selects in always_* processes are not fully supported (the process will be sensitive to all bits in 'raw[31:0]').
../../../hardware/core/tomasulo_core.sv:124: sorry: constant selects in always_* processes are not fully supported (the process will be sensitive to all bits in 'raw[31:0]').
../../../hardware/core/tomasulo_core.sv:124: sorry: constant selects in always_* processes are not fully supported (the process will be sensitive to all bits in 'raw[31:0]').
../../../hardware/core/tomasulo_core.sv:124: sorry: constant selects in always_* processes are not fully supported (the process will be sensitive to all bits in 'raw[31:0]').
../../../hardware/core/tomasulo_core.sv:124: sorry: constant selects in always_* processes are not fully supported (the process will be sensitive to all bits in 'raw[31:0]').
../../../hardware/core/tomasulo_core.sv:124: sorry: constant selects in always_* processes are not fully supported (the process will be sensitive to all bits in 'raw[31:0]').
../../../hardware/core/tomasulo_core.sv:129: sorry: constant selects in always_* processes are not fully supported (the process will be sensitive to all bits in 'raw[31:0]').
../../../hardware/core/tomasulo_core.sv:129: sorry: constant selects in always_* processes are not fully supported (the process will be sensitive to all bits in 'raw[31:0]').
../../../hardware/core/tomasulo_core.sv:134: sorry: constant selects in always_* processes are not fully supported (the process will be sensitive to all bits in 'raw[31:0]').
../../../hardware/core/tomasulo_core.sv:138: sorry: constant selects in always_* processes are not fully supported (the process will be sensitive to all bits in 'raw[31:0]').
../../../hardware/core/tomasulo_core.sv:144: sorry: constant selects in always_* processes are not fully supported (the process will be sensitive to all bits in 'raw[31:0]').
../../../hardware/core/tomasulo_core.sv:144: sorry: constant selects in always_* processes are not fully supported (the process will be sensitive to all bits in 'raw[31:0]').
../../../hardware/core/tomasulo_core.sv:150: sorry: constant selects in always_* processes are not fully supported (the process will be sensitive to all bits in 'raw[31:0]').
../../../hardware/core/tomasulo_core.sv:150: sorry: constant selects in always_* processes are not fully supported (the process will be sensitive to all bits in 'raw[31:0]').
../../../hardware/core/tomasulo_core.sv:150: sorry: constant selects in always_* processes are not fully supported (the process will be sensitive to all bits in 'raw[31:0]').
[tb] loading hex: build/I-BEQ-01.hex
[tb] hex loaded, entering reset
[tb] rst_n=0, waiting for 4 clk edges...
[tb] reset done, rst_n=1
[F] cyc=1 fetch raw=4a000113 pc_d=00000000 fetch_pc=00000004 mem_direct=4a000113
[D] cyc=2 dispatch op=8 pc=00000000 tag=0 raw_iq_imm=000004a0 rs1=0
[F] cyc=2 fetch raw=0000d0b7 pc_d=00000004 fetch_pc=00000008 mem_direct=0000d0b7
[D] cyc=3 dispatch op=22 pc=00000004 tag=1 raw_iq_imm=0000d000 rs1=0
[F] cyc=3 fetch raw=ccc08093 pc_d=00000008 fetch_pc=0000000c mem_direct=ccc08093
[D] cyc=4 dispatch op=8 pc=00000008 tag=2 raw_iq_imm=fffffccc rs1=1
[F] cyc=4 fetch raw=fff00f93 pc_d=0000000c fetch_pc=00000010 mem_direct=fff00f93
[D] cyc=5 dispatch op=8 pc=0000000c tag=3 raw_iq_imm=ffffffff rs1=0
[F] cyc=5 fetch raw=00000813 pc_d=00000010 fetch_pc=00000014 mem_direct=00000813
[C] cyc=5 CDB tag=0 val=000004a0
[D] cyc=6 dispatch op=8 pc=00000010 tag=4 raw_iq_imm=00000000 rs1=0
[F] cyc=6 fetch raw=010f8663 pc_d=00000014 fetch_pc=00000018 mem_direct=010f8663
[R] cyc=6 COMMIT op=8 pc=00000000
[D] cyc=7 dispatch op=16 pc=00000014 tag=5 raw_iq_imm=0000000c rs1=31
[F] cyc=7 fetch raw=000120b7 pc_d=00000018 fetch_pc=0000001c mem_direct=000120b7
[C] cyc=7 CDB tag=1 val=0000d000
[D] cyc=8 dispatch op=22 pc=00000018 tag=6 raw_iq_imm=00012000 rs1=0
[F] cyc=8 fetch raw=3ab08093 pc_d=0000001c fetch_pc=00000020 mem_direct=3ab08093
[R] cyc=8 COMMIT op=22 pc=00000004
[D] cyc=9 dispatch op=8 pc=0000001c tag=7 raw_iq_imm=000003ab rs1=1
[F] cyc=9 fetch raw=00112023 pc_d=00000020 fetch_pc=00000024 mem_direct=00112023
[C] cyc=9 CDB tag=4 val=00000000
[D] cyc=10 dispatch op=15 pc=00000020 tag=8 raw_iq_imm=00000000 rs1=2
[F] cyc=10 fetch raw=0000d0b7 pc_d=00000024 fetch_pc=00000028 mem_direct=0000d0b7
[D] cyc=11 dispatch op=22 pc=00000024 tag=9 raw_iq_imm=0000d000 rs1=0
[F] cyc=11 fetch raw=ccc08093 pc_d=00000028 fetch_pc=0000002c mem_direct=ccc08093
[C] cyc=11 CDB tag=2 val=0000cccc
[D] cyc=12 dispatch op=8 pc=00000028 tag=10 raw_iq_imm=fffffccc rs1=1
[F] cyc=12 fetch raw=00100f13 pc_d=0000002c fetch_pc=00000030 mem_direct=00100f13
[R] cyc=12 COMMIT op=8 pc=00000008
[D] cyc=13 dispatch op=8 pc=0000002c tag=11 raw_iq_imm=00000001 rs1=0
[F] cyc=13 fetch raw=80100793 pc_d=00000030 fetch_pc=00000034 mem_direct=80100793
[C] cyc=13 CDB tag=6 val=00012000
[D] cyc=14 dispatch op=8 pc=00000030 tag=12 raw_iq_imm=fffff801 rs1=0
[F] cyc=14 fetch raw=00ff0663 pc_d=00000034 fetch_pc=00000038 mem_direct=00ff0663
[D] cyc=15 dispatch op=16 pc=00000034 tag=13 raw_iq_imm=0000000c rs1=30
[F] cyc=15 fetch raw=000120b7 pc_d=00000038 fetch_pc=0000003c mem_direct=000120b7
[C] cyc=15 CDB tag=9 val=0000d000
[D] cyc=16 dispatch op=22 pc=00000038 tag=14 raw_iq_imm=00012000 rs1=0
[F] cyc=16 fetch raw=3ab08093 pc_d=0000003c fetch_pc=00000040 mem_direct=3ab08093
[D] cyc=17 dispatch op=8 pc=0000003c tag=15 raw_iq_imm=000003ab rs1=1
[F] cyc=17 fetch raw=00112223 pc_d=00000040 fetch_pc=00000044 mem_direct=00112223
[C] cyc=17 CDB tag=12 val=fffff801
[D] cyc=18 dispatch op=15 pc=00000040 tag=0 raw_iq_imm=00000004 rs1=2
[F] cyc=18 fetch raw=0080006f pc_d=00000044 fetch_pc=00000048 mem_direct=0080006f
[F] cyc=19 fetch raw=0200006f pc_d=00000048 fetch_pc=0000004c mem_direct=0200006f
[C] cyc=19 CDB tag=14 val=00012000
[F] cyc=20 fetch raw=0000d0b7 pc_d=0000004c fetch_pc=00000050 mem_direct=0000d0b7
[F] cyc=21 fetch raw=ccc08093 pc_d=00000050 fetch_pc=00000054 mem_direct=ccc08093
[C] cyc=21 CDB tag=10 val=0000cccc
[F] cyc=22 fetch raw=00000e93 pc_d=00000054 fetch_pc=00000058 mem_direct=00000e93
[F] cyc=23 fetch raw=fff00713 pc_d=00000058 fetch_pc=0000005c mem_direct=fff00713
[C] cyc=23 CDB tag=3 val=ffffffff
[F] cyc=24 fetch raw=feee86e3 pc_d=0000005c fetch_pc=00000060 mem_direct=feee86e3
[R] cyc=24 COMMIT op=8 pc=0000000c
[D] cyc=25 dispatch op=20 pc=00000044 tag=1 raw_iq_imm=00000008 rs1=0
[F] cyc=25 fetch raw=000120b7 pc_d=00000060 fetch_pc=00000064 mem_direct=000120b7
[C] cyc=25 CDB tag=7 val=000123ab
[R] cyc=25 COMMIT op=8 pc=00000010
[F] cyc=26 fetch raw=3ab08093 pc_d=00000064 fetch_pc=00000068 mem_direct=3ab08093
[C] cyc=26 CDB tag=5 val=00000018
[R] cyc=26 COMMIT op=16 pc=00000014
[D] cyc=27 dispatch op=20 pc=00000048 tag=2 raw_iq_imm=00000020 rs1=0
[C] cyc=27 CDB tag=8 val=00000000
[R] cyc=27 COMMIT op=22 pc=00000018
[D] cyc=28 dispatch op=22 pc=0000004c tag=3 raw_iq_imm=0000d000 rs1=0
[F] cyc=28 fetch raw=00112423 pc_d=00000068 fetch_pc=0000006c mem_direct=00112423
[C] cyc=28 CDB tag=11 val=00000001
[R] cyc=28 COMMIT op=8 pc=0000001c
[D] cyc=29 dispatch op=8 pc=00000050 tag=4 raw_iq_imm=fffffccc rs1=1
[F] cyc=29 fetch raw=0000d0b7 pc_d=0000006c fetch_pc=00000070 mem_direct=0000d0b7
[C] cyc=29 CDB tag=1 val=00000048
[R] cyc=29 COMMIT op=15 pc=00000020
[D] cyc=30 dispatch op=8 pc=00000054 tag=5 raw_iq_imm=00000000 rs1=0
[F] cyc=30 fetch raw=ccc08093 pc_d=00000070 fetch_pc=00000074 mem_direct=ccc08093
[C] cyc=30 CDB tag=15 val=000123ab
[R] cyc=30 COMMIT op=22 pc=00000024
[D] cyc=31 dispatch op=8 pc=00000058 tag=6 raw_iq_imm=ffffffff rs1=0
[F] cyc=31 fetch raw=7ff00e13 pc_d=00000074 fetch_pc=00000078 mem_direct=7ff00e13
[C] cyc=31 CDB tag=2 val=0000004c
[R] cyc=31 COMMIT op=8 pc=00000028
[D] cyc=32 dispatch op=16 pc=0000005c tag=7 raw_iq_imm=ffffffec rs1=29
[F] cyc=32 fetch raw=fffff6b7 pc_d=00000078 fetch_pc=0000007c mem_direct=fffff6b7
[C] cyc=32 CDB tag=0 val=00000000
[R] cyc=32 COMMIT op=8 pc=0000002c
[D] cyc=33 dispatch op=22 pc=00000060 tag=8 raw_iq_imm=00012000 rs1=0
[F] cyc=33 fetch raw=dcc68693 pc_d=0000007c fetch_pc=00000080 mem_direct=dcc68693
[C] cyc=33 CDB tag=3 val=0000d000
[R] cyc=33 COMMIT op=8 pc=00000030
[D] cyc=34 dispatch op=8 pc=00000064 tag=9 raw_iq_imm=000003ab rs1=1
[F] cyc=34 fetch raw=00de0663 pc_d=00000080 fetch_pc=00000084 mem_direct=00de0663
[C] cyc=34 CDB tag=13 val=00000038
[R] cyc=34 COMMIT op=16 pc=00000034
[D] cyc=35 dispatch op=15 pc=00000068 tag=10 raw_iq_imm=00000008 rs1=2
[F] cyc=35 fetch raw=000120b7 pc_d=00000084 fetch_pc=00000088 mem_direct=000120b7
[C] cyc=35 CDB tag=6 val=ffffffff
[R] cyc=35 COMMIT op=22 pc=00000038
[D] cyc=36 dispatch op=22 pc=0000006c tag=11 raw_iq_imm=0000d000 rs1=0
[F] cyc=36 fetch raw=3ab08093 pc_d=00000088 fetch_pc=0000008c mem_direct=3ab08093
[R] cyc=36 COMMIT op=8 pc=0000003c
[D] cyc=37 dispatch op=8 pc=00000070 tag=12 raw_iq_imm=fffffccc rs1=1
[F] cyc=37 fetch raw=00112623 pc_d=0000008c fetch_pc=00000090 mem_direct=00112623
[C] cyc=37 CDB tag=4 val=0000cccc
[R] cyc=37 COMMIT op=15 pc=00000040
[D] cyc=38 dispatch op=8 pc=00000074 tag=13 raw_iq_imm=000007ff rs1=0
[F] cyc=38 fetch raw=0000d0b7 pc_d=00000090 fetch_pc=00000094 mem_direct=0000d0b7
[R] cyc=38 COMMIT op=20 pc=00000044
[F] cyc=40 fetch raw=0000d0b7 pc_d=0000004c fetch_pc=00000050 mem_direct=0000d0b7
[D] cyc=41 dispatch op=22 pc=0000004c tag=0 raw_iq_imm=0000d000 rs1=0
[F] cyc=41 fetch raw=ccc08093 pc_d=00000050 fetch_pc=00000054 mem_direct=ccc08093
[D] cyc=42 dispatch op=8 pc=00000050 tag=1 raw_iq_imm=fffffccc rs1=1
[F] cyc=42 fetch raw=00000e93 pc_d=00000054 fetch_pc=00000058 mem_direct=00000e93
[D] cyc=43 dispatch op=8 pc=00000054 tag=2 raw_iq_imm=00000000 rs1=0
[F] cyc=43 fetch raw=fff00713 pc_d=00000058 fetch_pc=0000005c mem_direct=fff00713
[D] cyc=44 dispatch op=8 pc=00000058 tag=3 raw_iq_imm=ffffffff rs1=0
[F] cyc=44 fetch raw=feee86e3 pc_d=0000005c fetch_pc=00000060 mem_direct=feee86e3
[C] cyc=44 CDB tag=0 val=0000d000
[D] cyc=45 dispatch op=16 pc=0000005c tag=4 raw_iq_imm=ffffffec rs1=29
[F] cyc=45 fetch raw=000120b7 pc_d=00000060 fetch_pc=00000064 mem_direct=000120b7
[R] cyc=45 COMMIT op=22 pc=0000004c
[D] cyc=46 dispatch op=22 pc=00000060 tag=5 raw_iq_imm=00012000 rs1=0
[F] cyc=46 fetch raw=3ab08093 pc_d=00000064 fetch_pc=00000068 mem_direct=3ab08093
[C] cyc=46 CDB tag=2 val=00000000
[D] cyc=47 dispatch op=8 pc=00000064 tag=6 raw_iq_imm=000003ab rs1=1
[F] cyc=47 fetch raw=00112423 pc_d=00000068 fetch_pc=0000006c mem_direct=00112423
[D] cyc=48 dispatch op=15 pc=00000068 tag=7 raw_iq_imm=00000008 rs1=2
[F] cyc=48 fetch raw=0000d0b7 pc_d=0000006c fetch_pc=00000070 mem_direct=0000d0b7
[C] cyc=48 CDB tag=1 val=0000cccc
[D] cyc=49 dispatch op=22 pc=0000006c tag=8 raw_iq_imm=0000d000 rs1=0
[F] cyc=49 fetch raw=ccc08093 pc_d=00000070 fetch_pc=00000074 mem_direct=ccc08093
[R] cyc=49 COMMIT op=8 pc=00000050
[D] cyc=50 dispatch op=8 pc=00000070 tag=9 raw_iq_imm=fffffccc rs1=1
[F] cyc=50 fetch raw=7ff00e13 pc_d=00000074 fetch_pc=00000078 mem_direct=7ff00e13
[C] cyc=50 CDB tag=5 val=00012000
[R] cyc=50 COMMIT op=8 pc=00000054
[D] cyc=51 dispatch op=8 pc=00000074 tag=10 raw_iq_imm=000007ff rs1=0
[F] cyc=51 fetch raw=fffff6b7 pc_d=00000078 fetch_pc=0000007c mem_direct=fffff6b7
[D] cyc=52 dispatch op=22 pc=00000078 tag=11 raw_iq_imm=fffff000 rs1=0
[F] cyc=52 fetch raw=dcc68693 pc_d=0000007c fetch_pc=00000080 mem_direct=dcc68693
[C] cyc=52 CDB tag=8 val=0000d000
[D] cyc=53 dispatch op=8 pc=0000007c tag=12 raw_iq_imm=fffffdcc rs1=13
[F] cyc=53 fetch raw=00de0663 pc_d=00000080 fetch_pc=00000084 mem_direct=00de0663
[D] cyc=54 dispatch op=16 pc=00000080 tag=13 raw_iq_imm=0000000c rs1=28
[F] cyc=54 fetch raw=000120b7 pc_d=00000084 fetch_pc=00000088 mem_direct=000120b7
[C] cyc=54 CDB tag=10 val=000007ff
[D] cyc=55 dispatch op=22 pc=00000084 tag=14 raw_iq_imm=00012000 rs1=0
[F] cyc=55 fetch raw=3ab08093 pc_d=00000088 fetch_pc=0000008c mem_direct=3ab08093
[D] cyc=56 dispatch op=8 pc=00000088 tag=15 raw_iq_imm=000003ab rs1=1
[F] cyc=56 fetch raw=00112623 pc_d=0000008c fetch_pc=00000090 mem_direct=00112623
[C] cyc=56 CDB tag=6 val=000123ab
[D] cyc=57 dispatch op=15 pc=0000008c tag=0 raw_iq_imm=0000000c rs1=2
[F] cyc=57 fetch raw=0000d0b7 pc_d=00000090 fetch_pc=00000094 mem_direct=0000d0b7
[C] cyc=57 CDB tag=7 val=00000000
[D] cyc=58 dispatch op=22 pc=00000090 tag=1 raw_iq_imm=0000d000 rs1=0
[F] cyc=58 fetch raw=ccc08093 pc_d=00000094 fetch_pc=00000098 mem_direct=ccc08093
[C] cyc=58 CDB tag=14 val=00012000
[D] cyc=59 dispatch op=8 pc=00000094 tag=2 raw_iq_imm=fffffccc rs1=1
[F] cyc=59 fetch raw=00000d93 pc_d=00000098 fetch_pc=0000009c mem_direct=00000d93
[F] cyc=60 fetch raw=80000637 pc_d=0000009c fetch_pc=000000a0 mem_direct=80000637
[C] cyc=60 CDB tag=3 val=ffffffff
[F] cyc=61 fetch raw=00cd8663 pc_d=000000a0 fetch_pc=000000a4 mem_direct=00cd8663
[R] cyc=61 COMMIT op=8 pc=00000058
[D] cyc=62 dispatch op=8 pc=00000098 tag=3 raw_iq_imm=00000000 rs1=0
[F] cyc=62 fetch raw=000120b7 pc_d=000000a4 fetch_pc=000000a8 mem_direct=000120b7
[C] cyc=62 CDB tag=1 val=0000d000
[F] cyc=63 fetch raw=3ab08093 pc_d=000000a8 fetch_pc=000000ac mem_direct=3ab08093
[C] cyc=63 CDB tag=4 val=00000060
[R] cyc=63 COMMIT op=16 pc=0000005c
[D] cyc=64 dispatch op=22 pc=0000009c tag=4 raw_iq_imm=80000000 rs1=0
[F] cyc=64 fetch raw=00112823 pc_d=000000ac fetch_pc=000000b0 mem_direct=00112823
[C] cyc=64 CDB tag=9 val=0000cccc
[R] cyc=64 COMMIT op=22 pc=00000060
[D] cyc=65 dispatch op=16 pc=000000a0 tag=5 raw_iq_imm=0000000c rs1=27
[F] cyc=65 fetch raw=4b400113 pc_d=000000b0 fetch_pc=000000b4 mem_direct=4b400113
[R] cyc=65 COMMIT op=8 pc=00000064
[D] cyc=66 dispatch op=22 pc=000000a4 tag=6 raw_iq_imm=00012000 rs1=0
[F] cyc=66 fetch raw=0000d0b7 pc_d=000000b4 fetch_pc=000000b8 mem_direct=0000d0b7
[C] cyc=66 CDB tag=3 val=00000000
[R] cyc=66 COMMIT op=15 pc=00000068
[D] cyc=67 dispatch op=8 pc=000000a8 tag=7 raw_iq_imm=000003ab rs1=1
[F] cyc=67 fetch raw=ccc08093 pc_d=000000b8 fetch_pc=000000bc mem_direct=ccc08093
[R] cyc=67 COMMIT op=22 pc=0000006c
[D] cyc=68 dispatch op=15 pc=000000ac tag=8 raw_iq_imm=00000010 rs1=2
[F] cyc=68 fetch raw=00001d37 pc_d=000000bc fetch_pc=000000c0 mem_direct=00001d37
[C] cyc=68 CDB tag=2 val=0000cccc
[R] cyc=68 COMMIT op=8 pc=00000070
[D] cyc=69 dispatch op=8 pc=000000b0 tag=9 raw_iq_imm=000004b4 rs1=0
[F] cyc=69 fetch raw=800d0d13 pc_d=000000c0 fetch_pc=000000c4 mem_direct=800d0d13
[R] cyc=69 COMMIT op=8 pc=00000074
[F] cyc=70 fetch raw=000015b7 pc_d=000000c4 fetch_pc=000000c8 mem_direct=000015b7
[C] cyc=70 CDB tag=6 val=00012000
[D] cyc=71 dispatch op=22 pc=000000b4 tag=10 raw_iq_imm=0000d000 rs1=0
[F] cyc=71 fetch raw=23458593 pc_d=000000c8 fetch_pc=000000cc mem_direct=23458593
[F] cyc=72 fetch raw=00bd0663 pc_d=000000cc fetch_pc=000000d0 mem_direct=00bd0663
[C] cyc=72 CDB tag=9 val=000004b4
[F] cyc=73 fetch raw=000120b7 pc_d=000000d0 fetch_pc=000000d4 mem_direct=000120b7
[F] cyc=74 fetch raw=3ab08093 pc_d=000000d4 fetch_pc=000000d8 mem_direct=3ab08093
[C] cyc=74 CDB tag=10 val=0000d000
[C] cyc=76 CDB tag=7 val=000123ab
[C] cyc=77 CDB tag=8 val=00000000
[C] cyc=78 CDB tag=4 val=80000000
[C] cyc=80 CDB tag=11 val=fffff000
[C] cyc=81 CDB tag=5 val=000000a4
[R] cyc=81 COMMIT op=22 pc=00000078
[D] cyc=82 dispatch op=8 pc=000000b8 tag=11 raw_iq_imm=fffffccc rs1=1
[C] cyc=82 CDB tag=15 val=000123ab
[F] cyc=83 fetch raw=00112023 pc_d=000000d8 fetch_pc=000000dc mem_direct=00112023
[C] cyc=83 CDB tag=0 val=00000000
[C] cyc=84 CDB tag=12 val=ffffedcc
[R] cyc=85 COMMIT op=8 pc=0000007c
[D] cyc=86 dispatch op=22 pc=000000bc tag=12 raw_iq_imm=00001000 rs1=0
[C] cyc=86 CDB tag=11 val=0000cccc
[F] cyc=87 fetch raw=0000d0b7 pc_d=000000dc fetch_pc=000000e0 mem_direct=0000d0b7
[C] cyc=87 CDB tag=13 val=00000084
[R] cyc=87 COMMIT op=16 pc=00000080
[D] cyc=88 dispatch op=8 pc=000000c0 tag=13 raw_iq_imm=fffff800 rs1=26
[R] cyc=88 COMMIT op=22 pc=00000084
[D] cyc=89 dispatch op=22 pc=000000c4 tag=14 raw_iq_imm=00001000 rs1=0
[F] cyc=89 fetch raw=ccc08093 pc_d=000000e0 fetch_pc=000000e4 mem_direct=ccc08093
[C] cyc=89 CDB tag=12 val=00001000
[R] cyc=89 COMMIT op=8 pc=00000088
[D] cyc=90 dispatch op=8 pc=000000c8 tag=15 raw_iq_imm=00000234 rs1=11
[F] cyc=90 fetch raw=07654cb7 pc_d=000000e4 fetch_pc=000000e8 mem_direct=07654cb7
[R] cyc=90 COMMIT op=15 pc=0000008c
[D] cyc=91 dispatch op=16 pc=000000cc tag=0 raw_iq_imm=0000000c rs1=26
[F] cyc=91 fetch raw=321c8c93 pc_d=000000e8 fetch_pc=000000ec mem_direct=321c8c93
[R] cyc=91 COMMIT op=22 pc=00000090
[D] cyc=92 dispatch op=22 pc=000000d0 tag=1 raw_iq_imm=00012000 rs1=0
[F] cyc=92 fetch raw=fff00513 pc_d=000000ec fetch_pc=000000f0 mem_direct=fff00513
[C] cyc=92 CDB tag=13 val=00000800
[R] cyc=92 COMMIT op=8 pc=00000094
[D] cyc=93 dispatch op=8 pc=000000d4 tag=2 raw_iq_imm=000003ab rs1=1
[F] cyc=93 fetch raw=00ac8663 pc_d=000000f0 fetch_pc=000000f4 mem_direct=00ac8663
[R] cyc=93 COMMIT op=8 pc=00000098
[D] cyc=94 dispatch op=15 pc=000000d8 tag=3 raw_iq_imm=00000000 rs1=2
[F] cyc=94 fetch raw=000120b7 pc_d=000000f4 fetch_pc=000000f8 mem_direct=000120b7
[C] cyc=94 CDB tag=14 val=00001000
[R] cyc=94 COMMIT op=22 pc=0000009c
[D] cyc=95 dispatch op=22 pc=000000dc tag=4 raw_iq_imm=0000d000 rs1=0
[F] cyc=95 fetch raw=3ab08093 pc_d=000000f8 fetch_pc=000000fc mem_direct=3ab08093
[R] cyc=95 COMMIT op=16 pc=000000a0
[D] cyc=96 dispatch op=8 pc=000000e0 tag=5 raw_iq_imm=fffffccc rs1=1
[F] cyc=96 fetch raw=00112223 pc_d=000000fc fetch_pc=00000100 mem_direct=00112223
[C] cyc=96 CDB tag=1 val=00012000
[R] cyc=96 COMMIT op=22 pc=000000a4
[D] cyc=97 dispatch op=22 pc=000000e4 tag=6 raw_iq_imm=07654000 rs1=0
[F] cyc=97 fetch raw=0080006f pc_d=00000100 fetch_pc=00000104 mem_direct=0080006f
[R] cyc=97 COMMIT op=8 pc=000000a8
[D] cyc=98 dispatch op=8 pc=000000e8 tag=7 raw_iq_imm=00000321 rs1=25
[F] cyc=98 fetch raw=0240006f pc_d=00000104 fetch_pc=00000108 mem_direct=0240006f
[C] cyc=98 CDB tag=4 val=0000d000
[R] cyc=98 COMMIT op=15 pc=000000ac
[D] cyc=99 dispatch op=8 pc=000000ec tag=8 raw_iq_imm=ffffffff rs1=0
[F] cyc=99 fetch raw=0000d0b7 pc_d=00000108 fetch_pc=0000010c mem_direct=0000d0b7
[R] cyc=99 COMMIT op=8 pc=000000b0
[D] cyc=100 dispatch op=16 pc=000000f0 tag=9 raw_iq_imm=0000000c rs1=25
[F] cyc=100 fetch raw=ccc08093 pc_d=0000010c fetch_pc=00000110 mem_direct=ccc08093
[C] cyc=100 CDB tag=6 val=07654000
[R] cyc=100 COMMIT op=22 pc=000000b4
[D] cyc=101 dispatch op=22 pc=000000f4 tag=10 raw_iq_imm=00012000 rs1=0
[F] cyc=101 fetch raw=80000c37 pc_d=00000110 fetch_pc=00000114 mem_direct=80000c37
[R] cyc=101 COMMIT op=8 pc=000000b8
[D] cyc=102 dispatch op=8 pc=000000f8 tag=11 raw_iq_imm=000003ab rs1=1
[F] cyc=102 fetch raw=fffc0c13 pc_d=00000114 fetch_pc=00000118 mem_direct=fffc0c13
[C] cyc=102 CDB tag=8 val=ffffffff
[R] cyc=102 COMMIT op=22 pc=000000bc
[D] cyc=103 dispatch op=15 pc=000000fc tag=12 raw_iq_imm=00000004 rs1=2
[F] cyc=103 fetch raw=00100493 pc_d=00000118 fetch_pc=0000011c mem_direct=00100493
[R] cyc=103 COMMIT op=8 pc=000000c0
[F] cyc=104 fetch raw=fe9c04e3 pc_d=0000011c fetch_pc=00000120 mem_direct=fe9c04e3
[C] cyc=104 CDB tag=10 val=00012000
[R] cyc=104 COMMIT op=22 pc=000000c4
[C] cyc=106 CDB tag=2 val=000123ab
[C] cyc=107 CDB tag=3 val=00000000
[C] cyc=108 CDB tag=15 val=00001234
[R] cyc=109 COMMIT op=8 pc=000000c8
[D] cyc=110 dispatch op=20 pc=00000100 tag=13 raw_iq_imm=00000008 rs1=0
[C] cyc=110 CDB tag=5 val=0000cccc
[F] cyc=111 fetch raw=000120b7 pc_d=00000120 fetch_pc=00000124 mem_direct=000120b7
[C] cyc=111 CDB tag=0 val=000000d0
[R] cyc=111 COMMIT op=16 pc=000000cc
[D] cyc=112 dispatch op=20 pc=00000104 tag=14 raw_iq_imm=00000024 rs1=0
[C] cyc=112 CDB tag=7 val=07654321
[R] cyc=112 COMMIT op=22 pc=000000d0
[D] cyc=113 dispatch op=22 pc=00000108 tag=15 raw_iq_imm=0000d000 rs1=0
[F] cyc=113 fetch raw=3ab08093 pc_d=00000124 fetch_pc=00000128 mem_direct=3ab08093
[C] cyc=113 CDB tag=13 val=00000104
[R] cyc=113 COMMIT op=8 pc=000000d4
[D] cyc=114 dispatch op=8 pc=0000010c tag=0 raw_iq_imm=fffffccc rs1=1
[F] cyc=114 fetch raw=00112423 pc_d=00000128 fetch_pc=0000012c mem_direct=00112423
[C] cyc=114 CDB tag=11 val=000123ab
[R] cyc=114 COMMIT op=15 pc=000000d8
[D] cyc=115 dispatch op=22 pc=00000110 tag=1 raw_iq_imm=80000000 rs1=0
[F] cyc=115 fetch raw=0000d0b7 pc_d=0000012c fetch_pc=00000130 mem_direct=0000d0b7
[C] cyc=115 CDB tag=14 val=00000108
[R] cyc=115 COMMIT op=22 pc=000000dc
[D] cyc=116 dispatch op=8 pc=00000114 tag=2 raw_iq_imm=ffffffff rs1=24
[F] cyc=116 fetch raw=ccc08093 pc_d=00000130 fetch_pc=00000134 mem_direct=ccc08093
[C] cyc=116 CDB tag=12 val=00000000
[R] cyc=116 COMMIT op=8 pc=000000e0
[D] cyc=117 dispatch op=8 pc=00000118 tag=3 raw_iq_imm=00000001 rs1=0
[F] cyc=117 fetch raw=00100b93 pc_d=00000134 fetch_pc=00000138 mem_direct=00100b93
[C] cyc=117 CDB tag=15 val=0000d000
[R] cyc=117 COMMIT op=22 pc=000000e4
[D] cyc=118 dispatch op=16 pc=0000011c tag=4 raw_iq_imm=ffffffe8 rs1=24
[F] cyc=118 fetch raw=80000437 pc_d=00000138 fetch_pc=0000013c mem_direct=80000437
[C] cyc=118 CDB tag=9 val=000000f4
[R] cyc=118 COMMIT op=8 pc=000000e8
[D] cyc=119 dispatch op=22 pc=00000120 tag=5 raw_iq_imm=00012000 rs1=0
[F] cyc=119 fetch raw=fff40413 pc_d=0000013c fetch_pc=00000140 mem_direct=fff40413
[C] cyc=119 CDB tag=1 val=80000000
[R] cyc=119 COMMIT op=8 pc=000000ec
[D] cyc=120 dispatch op=8 pc=00000124 tag=6 raw_iq_imm=000003ab rs1=1
[F] cyc=120 fetch raw=008b8663 pc_d=00000140 fetch_pc=00000144 mem_direct=008b8663
[R] cyc=120 COMMIT op=16 pc=000000f0
[D] cyc=121 dispatch op=15 pc=00000128 tag=7 raw_iq_imm=00000008 rs1=2
[F] cyc=121 fetch raw=000120b7 pc_d=00000144 fetch_pc=00000148 mem_direct=000120b7
[C] cyc=121 CDB tag=0 val=0000cccc
[R] cyc=121 COMMIT op=22 pc=000000f4
[D] cyc=122 dispatch op=22 pc=0000012c tag=8 raw_iq_imm=0000d000 rs1=0
[F] cyc=122 fetch raw=3ab08093 pc_d=00000148 fetch_pc=0000014c mem_direct=3ab08093
[R] cyc=122 COMMIT op=8 pc=000000f8
[D] cyc=123 dispatch op=8 pc=00000130 tag=9 raw_iq_imm=fffffccc rs1=1
[F] cyc=123 fetch raw=00112623 pc_d=0000014c fetch_pc=00000150 mem_direct=00112623
[C] cyc=123 CDB tag=5 val=00012000
[R] cyc=123 COMMIT op=15 pc=000000fc
[D] cyc=124 dispatch op=8 pc=00000134 tag=10 raw_iq_imm=00000001 rs1=0
[F] cyc=124 fetch raw=0000d0b7 pc_d=00000150 fetch_pc=00000154 mem_direct=0000d0b7
[R] cyc=124 COMMIT op=20 pc=00000100
[F] cyc=126 fetch raw=0000d0b7 pc_d=00000108 fetch_pc=0000010c mem_direct=0000d0b7
[D] cyc=127 dispatch op=22 pc=00000108 tag=0 raw_iq_imm=0000d000 rs1=0
[F] cyc=127 fetch raw=ccc08093 pc_d=0000010c fetch_pc=00000110 mem_direct=ccc08093
[D] cyc=128 dispatch op=8 pc=0000010c tag=1 raw_iq_imm=fffffccc rs1=1
[F] cyc=128 fetch raw=80000c37 pc_d=00000110 fetch_pc=00000114 mem_direct=80000c37
[D] cyc=129 dispatch op=22 pc=00000110 tag=2 raw_iq_imm=80000000 rs1=0
[F] cyc=129 fetch raw=fffc0c13 pc_d=00000114 fetch_pc=00000118 mem_direct=fffc0c13
[D] cyc=130 dispatch op=8 pc=00000114 tag=3 raw_iq_imm=ffffffff rs1=24
[F] cyc=130 fetch raw=00100493 pc_d=00000118 fetch_pc=0000011c mem_direct=00100493
[C] cyc=130 CDB tag=0 val=0000d000
[D] cyc=131 dispatch op=8 pc=00000118 tag=4 raw_iq_imm=00000001 rs1=0
[F] cyc=131 fetch raw=fe9c04e3 pc_d=0000011c fetch_pc=00000120 mem_direct=fe9c04e3
[R] cyc=131 COMMIT op=22 pc=00000108
[D] cyc=132 dispatch op=16 pc=0000011c tag=5 raw_iq_imm=ffffffe8 rs1=24
[F] cyc=132 fetch raw=000120b7 pc_d=00000120 fetch_pc=00000124 mem_direct=000120b7
[C] cyc=132 CDB tag=2 val=80000000
[D] cyc=133 dispatch op=22 pc=00000120 tag=6 raw_iq_imm=00012000 rs1=0
[F] cyc=133 fetch raw=3ab08093 pc_d=00000124 fetch_pc=00000128 mem_direct=3ab08093
[D] cyc=134 dispatch op=8 pc=00000124 tag=7 raw_iq_imm=000003ab rs1=1
[F] cyc=134 fetch raw=00112423 pc_d=00000128 fetch_pc=0000012c mem_direct=00112423
[C] cyc=134 CDB tag=4 val=00000001
[D] cyc=135 dispatch op=15 pc=00000128 tag=8 raw_iq_imm=00000008 rs1=2
[F] cyc=135 fetch raw=0000d0b7 pc_d=0000012c fetch_pc=00000130 mem_direct=0000d0b7
[D] cyc=136 dispatch op=22 pc=0000012c tag=9 raw_iq_imm=0000d000 rs1=0
[F] cyc=136 fetch raw=ccc08093 pc_d=00000130 fetch_pc=00000134 mem_direct=ccc08093
[C] cyc=136 CDB tag=6 val=00012000
[D] cyc=137 dispatch op=8 pc=00000130 tag=10 raw_iq_imm=fffffccc rs1=1
[F] cyc=137 fetch raw=00100b93 pc_d=00000134 fetch_pc=00000138 mem_direct=00100b93
[D] cyc=138 dispatch op=8 pc=00000134 tag=11 raw_iq_imm=00000001 rs1=0
[F] cyc=138 fetch raw=80000437 pc_d=00000138 fetch_pc=0000013c mem_direct=80000437
[C] cyc=138 CDB tag=1 val=0000cccc
[D] cyc=139 dispatch op=22 pc=00000138 tag=12 raw_iq_imm=80000000 rs1=0
[F] cyc=139 fetch raw=fff40413 pc_d=0000013c fetch_pc=00000140 mem_direct=fff40413
[R] cyc=139 COMMIT op=8 pc=0000010c
[D] cyc=140 dispatch op=8 pc=0000013c tag=13 raw_iq_imm=ffffffff rs1=8
[F] cyc=140 fetch raw=008b8663 pc_d=00000140 fetch_pc=00000144 mem_direct=008b8663
[C] cyc=140 CDB tag=9 val=0000d000
[R] cyc=140 COMMIT op=22 pc=00000110
[D] cyc=141 dispatch op=16 pc=00000140 tag=14 raw_iq_imm=0000000c rs1=23
[F] cyc=141 fetch raw=000120b7 pc_d=00000144 fetch_pc=00000148 mem_direct=000120b7
[D] cyc=142 dispatch op=22 pc=00000144 tag=15 raw_iq_imm=00012000 rs1=0
[F] cyc=142 fetch raw=3ab08093 pc_d=00000148 fetch_pc=0000014c mem_direct=3ab08093
[C] cyc=142 CDB tag=12 val=80000000
[D] cyc=143 dispatch op=8 pc=00000148 tag=0 raw_iq_imm=000003ab rs1=1
[F] cyc=143 fetch raw=00112623 pc_d=0000014c fetch_pc=00000150 mem_direct=00112623
[D] cyc=144 dispatch op=15 pc=0000014c tag=1 raw_iq_imm=0000000c rs1=2
[F] cyc=144 fetch raw=0000d0b7 pc_d=00000150 fetch_pc=00000154 mem_direct=0000d0b7
[C] cyc=144 CDB tag=10 val=0000cccc
[D] cyc=145 dispatch op=22 pc=00000150 tag=2 raw_iq_imm=0000d000 rs1=0
[F] cyc=145 fetch raw=ccc08093 pc_d=00000154 fetch_pc=00000158 mem_direct=ccc08093
[F] cyc=146 fetch raw=fff00b13 pc_d=00000158 fetch_pc=0000015c mem_direct=fff00b13
[C] cyc=146 CDB tag=15 val=00012000
[F] cyc=147 fetch raw=076543b7 pc_d=0000015c fetch_pc=00000160 mem_direct=076543b7
[F] cyc=148 fetch raw=32138393 pc_d=00000160 fetch_pc=00000164 mem_direct=32138393
[C] cyc=148 CDB tag=2 val=0000d000
[F] cyc=149 fetch raw=007b0663 pc_d=00000164 fetch_pc=00000168 mem_direct=007b0663
[F] cyc=150 fetch raw=000120b7 pc_d=00000168 fetch_pc=0000016c mem_direct=000120b7
[C] cyc=150 CDB tag=0 val=000123ab
[F] cyc=151 fetch raw=3ab08093 pc_d=0000016c fetch_pc=00000170 mem_direct=3ab08093
[C] cyc=151 CDB tag=1 val=00000000
[F] cyc=152 fetch raw=00112823 pc_d=00000170 fetch_pc=00000174 mem_direct=00112823
[C] cyc=152 CDB tag=3 val=7fffffff
[R] cyc=153 COMMIT op=8 pc=00000114
[D] cyc=154 dispatch op=8 pc=00000154 tag=3 raw_iq_imm=fffffccc rs1=1
[C] cyc=154 CDB tag=7 val=000123ab
[R] cyc=154 COMMIT op=8 pc=00000118
[D] cyc=155 dispatch op=8 pc=00000158 tag=4 raw_iq_imm=ffffffff rs1=0
[F] cyc=155 fetch raw=4c800393 pc_d=00000174 fetch_pc=00000178 mem_direct=4c800393
[C] cyc=155 CDB tag=5 val=00000120
[R] cyc=155 COMMIT op=16 pc=0000011c
[D] cyc=156 dispatch op=22 pc=0000015c tag=5 raw_iq_imm=07654000 rs1=0
[F] cyc=156 fetch raw=0000d0b7 pc_d=00000178 fetch_pc=0000017c mem_direct=0000d0b7
[C] cyc=156 CDB tag=8 val=00000000
[R] cyc=156 COMMIT op=22 pc=00000120
[D] cyc=157 dispatch op=8 pc=00000160 tag=6 raw_iq_imm=00000321 rs1=7
[F] cyc=157 fetch raw=ccc08093 pc_d=0000017c fetch_pc=00000180 mem_direct=ccc08093
[C] cyc=157 CDB tag=11 val=00000001
[R] cyc=157 COMMIT op=8 pc=00000124
[D] cyc=158 dispatch op=16 pc=00000164 tag=7 raw_iq_imm=0000000c rs1=22
[F] cyc=158 fetch raw=00001ab7 pc_d=00000180 fetch_pc=00000184 mem_direct=00001ab7
[R] cyc=158 COMMIT op=15 pc=00000128
[D] cyc=159 dispatch op=22 pc=00000168 tag=8 raw_iq_imm=00012000 rs1=0
[F] cyc=159 fetch raw=234a8a93 pc_d=00000184 fetch_pc=00000188 mem_direct=234a8a93
[C] cyc=159 CDB tag=3 val=0000cccc
[R] cyc=159 COMMIT op=22 pc=0000012c
[D] cyc=160 dispatch op=8 pc=0000016c tag=9 raw_iq_imm=000003ab rs1=1
[F] cyc=160 fetch raw=00001337 pc_d=00000188 fetch_pc=0000018c mem_direct=00001337
[R] cyc=160 COMMIT op=8 pc=00000130
[D] cyc=161 dispatch op=15 pc=00000170 tag=10 raw_iq_imm=00000010 rs1=2
[F] cyc=161 fetch raw=80030313 pc_d=0000018c fetch_pc=00000190 mem_direct=80030313
[C] cyc=161 CDB tag=4 val=ffffffff
[R] cyc=161 COMMIT op=8 pc=00000134
[D] cyc=162 dispatch op=8 pc=00000174 tag=11 raw_iq_imm=000004c8 rs1=0
[F] cyc=162 fetch raw=006a8663 pc_d=00000190 fetch_pc=00000194 mem_direct=006a8663
[R] cyc=162 COMMIT op=22 pc=00000138
[D] cyc=163 dispatch op=22 pc=00000178 tag=12 raw_iq_imm=0000d000 rs1=0
[F] cyc=163 fetch raw=000120b7 pc_d=00000194 fetch_pc=00000198 mem_direct=000120b7
[C] cyc=163 CDB tag=8 val=00012000
[F] cyc=164 fetch raw=3ab08093 pc_d=00000198 fetch_pc=0000019c mem_direct=3ab08093
[C] cyc=165 CDB tag=11 val=000004c8
[C] cyc=167 CDB tag=9 val=000123ab
[C] cyc=168 CDB tag=10 val=00000000
[C] cyc=169 CDB tag=5 val=07654000
[C] cyc=171 CDB tag=12 val=0000d000
[C] cyc=173 CDB tag=6 val=07654321
[C] cyc=175 CDB tag=13 val=7fffffff
[C] cyc=176 CDB tag=7 val=00000168
[R] cyc=176 COMMIT op=8 pc=0000013c
[D] cyc=177 dispatch op=8 pc=0000017c tag=13 raw_iq_imm=fffffccc rs1=1
[F] cyc=178 fetch raw=0013a023 pc_d=0000019c fetch_pc=000001a0 mem_direct=0013a023
[C] cyc=178 CDB tag=14 val=00000144
[R] cyc=178 COMMIT op=16 pc=00000140
[D] cyc=179 dispatch op=22 pc=00000180 tag=14 raw_iq_imm=00001000 rs1=0
[R] cyc=179 COMMIT op=22 pc=00000144
[D] cyc=180 dispatch op=8 pc=00000184 tag=15 raw_iq_imm=00000234 rs1=21
[F] cyc=180 fetch raw=0000d0b7 pc_d=000001a0 fetch_pc=000001a4 mem_direct=0000d0b7
[C] cyc=180 CDB tag=13 val=0000cccc
[R] cyc=180 COMMIT op=8 pc=00000148
[D] cyc=181 dispatch op=22 pc=00000188 tag=0 raw_iq_imm=00001000 rs1=0
[F] cyc=181 fetch raw=ccc08093 pc_d=000001a4 fetch_pc=000001a8 mem_direct=ccc08093
[R] cyc=181 COMMIT op=15 pc=0000014c
[D] cyc=182 dispatch op=8 pc=0000018c tag=1 raw_iq_imm=fffff800 rs1=6
[F] cyc=182 fetch raw=80000a37 pc_d=000001a8 fetch_pc=000001ac mem_direct=80000a37
[C] cyc=182 CDB tag=14 val=00001000
[R] cyc=182 COMMIT op=22 pc=00000150
[D] cyc=183 dispatch op=16 pc=00000190 tag=2 raw_iq_imm=0000000c rs1=21
[F] cyc=183 fetch raw=00000293 pc_d=000001ac fetch_pc=000001b0 mem_direct=00000293
[R] cyc=183 COMMIT op=8 pc=00000154
[D] cyc=184 dispatch op=22 pc=00000194 tag=3 raw_iq_imm=00012000 rs1=0
[F] cyc=184 fetch raw=005a0663 pc_d=000001b0 fetch_pc=000001b4 mem_direct=005a0663
[C] cyc=184 CDB tag=0 val=00001000
[R] cyc=184 COMMIT op=8 pc=00000158
[D] cyc=185 dispatch op=8 pc=00000198 tag=4 raw_iq_imm=000003ab rs1=1
[F] cyc=185 fetch raw=000120b7 pc_d=000001b4 fetch_pc=000001b8 mem_direct=000120b7
[R] cyc=185 COMMIT op=22 pc=0000015c
[D] cyc=186 dispatch op=15 pc=0000019c tag=5 raw_iq_imm=00000000 rs1=7
[F] cyc=186 fetch raw=3ab08093 pc_d=000001b8 fetch_pc=000001bc mem_direct=3ab08093
[C] cyc=186 CDB tag=15 val=00001234
[R] cyc=186 COMMIT op=8 pc=00000160
[D] cyc=187 dispatch op=22 pc=000001a0 tag=6 raw_iq_imm=0000d000 rs1=0
[F] cyc=187 fetch raw=0013a223 pc_d=000001bc fetch_pc=000001c0 mem_direct=0013a223
[R] cyc=187 COMMIT op=16 pc=00000164
[D] cyc=188 dispatch op=8 pc=000001a4 tag=7 raw_iq_imm=fffffccc rs1=1
[F] cyc=188 fetch raw=0080006f pc_d=000001c0 fetch_pc=000001c4 mem_direct=0080006f
[C] cyc=188 CDB tag=3 val=00012000
[R] cyc=188 COMMIT op=22 pc=00000168
[D] cyc=189 dispatch op=22 pc=000001a8 tag=8 raw_iq_imm=80000000 rs1=0
[F] cyc=189 fetch raw=0240006f pc_d=000001c4 fetch_pc=000001c8 mem_direct=0240006f
[R] cyc=189 COMMIT op=8 pc=0000016c
[D] cyc=190 dispatch op=8 pc=000001ac tag=9 raw_iq_imm=00000000 rs1=0
[F] cyc=190 fetch raw=0000d0b7 pc_d=000001c8 fetch_pc=000001cc mem_direct=0000d0b7
[C] cyc=190 CDB tag=6 val=0000d000
[R] cyc=190 COMMIT op=15 pc=00000170
[D] cyc=191 dispatch op=16 pc=000001b0 tag=10 raw_iq_imm=0000000c rs1=20
[F] cyc=191 fetch raw=ccc08093 pc_d=000001cc fetch_pc=000001d0 mem_direct=ccc08093
[R] cyc=191 COMMIT op=8 pc=00000174
[D] cyc=192 dispatch op=22 pc=000001b4 tag=11 raw_iq_imm=00012000 rs1=0
[F] cyc=192 fetch raw=fffff9b7 pc_d=000001d0 fetch_pc=000001d4 mem_direct=fffff9b7
[C] cyc=192 CDB tag=8 val=80000000
[R] cyc=192 COMMIT op=22 pc=00000178
[D] cyc=193 dispatch op=8 pc=000001b8 tag=12 raw_iq_imm=000003ab rs1=1
[F] cyc=193 fetch raw=dcc98993 pc_d=000001d4 fetch_pc=000001d8 mem_direct=dcc98993
[R] cyc=193 COMMIT op=8 pc=0000017c
[D] cyc=194 dispatch op=15 pc=000001bc tag=13 raw_iq_imm=00000004 rs1=7
[F] cyc=194 fetch raw=7ff00213 pc_d=000001d8 fetch_pc=000001dc mem_direct=7ff00213
[C] cyc=194 CDB tag=4 val=000123ab
[R] cyc=194 COMMIT op=22 pc=00000180
[F] cyc=195 fetch raw=fe4984e3 pc_d=000001dc fetch_pc=000001e0 mem_direct=fe4984e3
[C] cyc=195 CDB tag=5 val=00000000
[R] cyc=195 COMMIT op=8 pc=00000184
[C] cyc=196 CDB tag=11 val=00012000
[R] cyc=196 COMMIT op=22 pc=00000188
[C] cyc=198 CDB tag=1 val=00000800
[R] cyc=199 COMMIT op=8 pc=0000018c
[D] cyc=200 dispatch op=20 pc=000001c0 tag=14 raw_iq_imm=00000008 rs1=0
[C] cyc=200 CDB tag=12 val=000123ab
[F] cyc=201 fetch raw=000120b7 pc_d=000001e0 fetch_pc=000001e4 mem_direct=000120b7
[C] cyc=201 CDB tag=2 val=00000194
[R] cyc=201 COMMIT op=16 pc=00000190
[D] cyc=202 dispatch op=20 pc=000001c4 tag=15 raw_iq_imm=00000024 rs1=0
[C] cyc=202 CDB tag=13 val=00000000
[R] cyc=202 COMMIT op=22 pc=00000194
[D] cyc=203 dispatch op=22 pc=000001c8 tag=0 raw_iq_imm=0000d000 rs1=0
[F] cyc=203 fetch raw=3ab08093 pc_d=000001e4 fetch_pc=000001e8 mem_direct=3ab08093
[C] cyc=203 CDB tag=7 val=0000cccc
[R] cyc=203 COMMIT op=8 pc=00000198
[D] cyc=204 dispatch op=8 pc=000001cc tag=1 raw_iq_imm=fffffccc rs1=1
[F] cyc=204 fetch raw=0013a423 pc_d=000001e8 fetch_pc=000001ec mem_direct=0013a423
[C] cyc=204 CDB tag=14 val=000001c4
[R] cyc=204 COMMIT op=15 pc=0000019c
[D] cyc=205 dispatch op=22 pc=000001d0 tag=2 raw_iq_imm=fffff000 rs1=0
[F] cyc=205 fetch raw=0000d0b7 pc_d=000001ec fetch_pc=000001f0 mem_direct=0000d0b7
[C] cyc=205 CDB tag=9 val=00000000
[R] cyc=205 COMMIT op=22 pc=000001a0
[D] cyc=206 dispatch op=8 pc=000001d4 tag=3 raw_iq_imm=fffffdcc rs1=19
[F] cyc=206 fetch raw=ccc08093 pc_d=000001f0 fetch_pc=000001f4 mem_direct=ccc08093
[C] cyc=206 CDB tag=15 val=000001c8
[R] cyc=206 COMMIT op=8 pc=000001a4
[D] cyc=207 dispatch op=8 pc=000001d8 tag=4 raw_iq_imm=000007ff rs1=0
[F] cyc=207 fetch raw=fff00913 pc_d=000001f4 fetch_pc=000001f8 mem_direct=fff00913
[C] cyc=207 CDB tag=0 val=0000d000
[R] cyc=207 COMMIT op=22 pc=000001a8
[D] cyc=208 dispatch op=16 pc=000001dc tag=5 raw_iq_imm=ffffffe8 rs1=19
[F] cyc=208 fetch raw=fff00193 pc_d=000001f8 fetch_pc=000001fc mem_direct=fff00193
[C] cyc=208 CDB tag=10 val=000001b4
[R] cyc=208 COMMIT op=8 pc=000001ac
[D] cyc=209 dispatch op=22 pc=000001e0 tag=6 raw_iq_imm=00012000 rs1=0
[F] cyc=209 fetch raw=00390663 pc_d=000001fc fetch_pc=00000200 mem_direct=00390663
[C] cyc=209 CDB tag=2 val=fffff000
[R] cyc=209 COMMIT op=16 pc=000001b0
[D] cyc=210 dispatch op=8 pc=000001e4 tag=7 raw_iq_imm=000003ab rs1=1
[F] cyc=210 fetch raw=000120b7 pc_d=00000200 fetch_pc=00000204 mem_direct=000120b7
[R] cyc=210 COMMIT op=22 pc=000001b4
[D] cyc=211 dispatch op=15 pc=000001e8 tag=8 raw_iq_imm=00000008 rs1=7
[F] cyc=211 fetch raw=3ab08093 pc_d=00000204 fetch_pc=00000208 mem_direct=3ab08093
[C] cyc=211 CDB tag=1 val=0000cccc
[R] cyc=211 COMMIT op=8 pc=000001b8
[D] cyc=212 dispatch op=22 pc=000001ec tag=9 raw_iq_imm=0000d000 rs1=0
[F] cyc=212 fetch raw=0013a623 pc_d=00000208 fetch_pc=0000020c mem_direct=0013a623
[R] cyc=212 COMMIT op=15 pc=000001bc
[D] cyc=213 dispatch op=8 pc=000001f0 tag=10 raw_iq_imm=fffffccc rs1=1
[F] cyc=213 fetch raw=0000d0b7 pc_d=0000020c fetch_pc=00000210 mem_direct=0000d0b7
[C] cyc=213 CDB tag=3 val=ffffedcc
[R] cyc=213 COMMIT op=20 pc=000001c0
[F] cyc=215 fetch raw=0000d0b7 pc_d=000001c8 fetch_pc=000001cc mem_direct=0000d0b7
[C] cyc=215 CDB tag=9 val=0000d000
[D] cyc=216 dispatch op=22 pc=000001c8 tag=0 raw_iq_imm=0000d000 rs1=0
[F] cyc=216 fetch raw=ccc08093 pc_d=000001cc fetch_pc=000001d0 mem_direct=ccc08093
[D] cyc=217 dispatch op=8 pc=000001cc tag=1 raw_iq_imm=fffffccc rs1=1
[F] cyc=217 fetch raw=fffff9b7 pc_d=000001d0 fetch_pc=000001d4 mem_direct=fffff9b7
[D] cyc=218 dispatch op=22 pc=000001d0 tag=2 raw_iq_imm=fffff000 rs1=0
[F] cyc=218 fetch raw=dcc98993 pc_d=000001d4 fetch_pc=000001d8 mem_direct=dcc98993
[D] cyc=219 dispatch op=8 pc=000001d4 tag=3 raw_iq_imm=fffffdcc rs1=19
[F] cyc=219 fetch raw=7ff00213 pc_d=000001d8 fetch_pc=000001dc mem_direct=7ff00213
[C] cyc=219 CDB tag=0 val=0000d000
[D] cyc=220 dispatch op=8 pc=000001d8 tag=4 raw_iq_imm=000007ff rs1=0
[F] cyc=220 fetch raw=fe4984e3 pc_d=000001dc fetch_pc=000001e0 mem_direct=fe4984e3
[R] cyc=220 COMMIT op=22 pc=000001c8
[D] cyc=221 dispatch op=16 pc=000001dc tag=5 raw_iq_imm=ffffffe8 rs1=19
[F] cyc=221 fetch raw=000120b7 pc_d=000001e0 fetch_pc=000001e4 mem_direct=000120b7
[C] cyc=221 CDB tag=2 val=fffff000
[D] cyc=222 dispatch op=22 pc=000001e0 tag=6 raw_iq_imm=00012000 rs1=0
[F] cyc=222 fetch raw=3ab08093 pc_d=000001e4 fetch_pc=000001e8 mem_direct=3ab08093
[D] cyc=223 dispatch op=8 pc=000001e4 tag=7 raw_iq_imm=000003ab rs1=1
[F] cyc=223 fetch raw=0013a423 pc_d=000001e8 fetch_pc=000001ec mem_direct=0013a423
[C] cyc=223 CDB tag=4 val=000007ff
[D] cyc=224 dispatch op=15 pc=000001e8 tag=8 raw_iq_imm=00000008 rs1=7
[F] cyc=224 fetch raw=0000d0b7 pc_d=000001ec fetch_pc=000001f0 mem_direct=0000d0b7
[D] cyc=225 dispatch op=22 pc=000001ec tag=9 raw_iq_imm=0000d000 rs1=0
[F] cyc=225 fetch raw=ccc08093 pc_d=000001f0 fetch_pc=000001f4 mem_direct=ccc08093
[C] cyc=225 CDB tag=6 val=00012000
[D] cyc=226 dispatch op=8 pc=000001f0 tag=10 raw_iq_imm=fffffccc rs1=1
[F] cyc=226 fetch raw=fff00913 pc_d=000001f4 fetch_pc=000001f8 mem_direct=fff00913
[D] cyc=227 dispatch op=8 pc=000001f4 tag=11 raw_iq_imm=ffffffff rs1=0
[F] cyc=227 fetch raw=fff00193 pc_d=000001f8 fetch_pc=000001fc mem_direct=fff00193
[C] cyc=227 CDB tag=1 val=0000cccc
[D] cyc=228 dispatch op=8 pc=000001f8 tag=12 raw_iq_imm=ffffffff rs1=0
[F] cyc=228 fetch raw=00390663 pc_d=000001fc fetch_pc=00000200 mem_direct=00390663
[R] cyc=228 COMMIT op=8 pc=000001cc
[D] cyc=229 dispatch op=16 pc=000001fc tag=13 raw_iq_imm=0000000c rs1=18
[F] cyc=229 fetch raw=000120b7 pc_d=00000200 fetch_pc=00000204 mem_direct=000120b7
[C] cyc=229 CDB tag=9 val=0000d000
[R] cyc=229 COMMIT op=22 pc=000001d0
[D] cyc=230 dispatch op=22 pc=00000200 tag=14 raw_iq_imm=00012000 rs1=0
[F] cyc=230 fetch raw=3ab08093 pc_d=00000204 fetch_pc=00000208 mem_direct=3ab08093
[D] cyc=231 dispatch op=8 pc=00000204 tag=15 raw_iq_imm=000003ab rs1=1
[F] cyc=231 fetch raw=0013a623 pc_d=00000208 fetch_pc=0000020c mem_direct=0013a623
[C] cyc=231 CDB tag=12 val=ffffffff
[D] cyc=232 dispatch op=15 pc=00000208 tag=0 raw_iq_imm=0000000c rs1=7
[F] cyc=232 fetch raw=0000d0b7 pc_d=0000020c fetch_pc=00000210 mem_direct=0000d0b7
[D] cyc=233 dispatch op=22 pc=0000020c tag=1 raw_iq_imm=0000d000 rs1=0
[F] cyc=233 fetch raw=ccc08093 pc_d=00000210 fetch_pc=00000214 mem_direct=ccc08093
[C] cyc=233 CDB tag=14 val=00012000
[D] cyc=234 dispatch op=8 pc=00000210 tag=2 raw_iq_imm=fffffccc rs1=1
[F] cyc=234 fetch raw=80100893 pc_d=00000214 fetch_pc=00000218 mem_direct=80100893
[F] cyc=235 fetch raw=00100113 pc_d=00000218 fetch_pc=0000021c mem_direct=00100113
[C] cyc=235 CDB tag=10 val=0000cccc
[F] cyc=236 fetch raw=00288663 pc_d=0000021c fetch_pc=00000220 mem_direct=00288663
[F] cyc=237 fetch raw=000120b7 pc_d=00000220 fetch_pc=00000224 mem_direct=000120b7
[C] cyc=237 CDB tag=1 val=0000d000
[F] cyc=238 fetch raw=3ab08093 pc_d=00000224 fetch_pc=00000228 mem_direct=3ab08093
[F] cyc=239 fetch raw=0013a823 pc_d=00000228 fetch_pc=0000022c mem_direct=0013a823
[C] cyc=239 CDB tag=3 val=ffffedcc
[F] cyc=240 fetch raw=4dc00193 pc_d=0000022c fetch_pc=00000230 mem_direct=4dc00193
[R] cyc=240 COMMIT op=8 pc=000001d4
[D] cyc=241 dispatch op=8 pc=00000214 tag=3 raw_iq_imm=fffff801 rs1=0
[F] cyc=241 fetch raw=0000d137 pc_d=00000230 fetch_pc=00000234 mem_direct=0000d137
[C] cyc=241 CDB tag=2 val=0000cccc
[R] cyc=241 COMMIT op=8 pc=000001d8
[D] cyc=242 dispatch op=8 pc=00000218 tag=4 raw_iq_imm=00000001 rs1=0
[F] cyc=242 fetch raw=ccc10113 pc_d=00000234 fetch_pc=00000238 mem_direct=ccc10113
[C] cyc=242 CDB tag=5 val=000001e0
[R] cyc=242 COMMIT op=16 pc=000001dc
[D] cyc=243 dispatch op=16 pc=0000021c tag=5 raw_iq_imm=0000000c rs1=17
[F] cyc=243 fetch raw=00000813 pc_d=00000238 fetch_pc=0000023c mem_direct=00000813
[C] cyc=243 CDB tag=7 val=000123ab
[R] cyc=243 COMMIT op=22 pc=000001e0
[D] cyc=244 dispatch op=22 pc=00000220 tag=6 raw_iq_imm=00012000 rs1=0
[F] cyc=244 fetch raw=00000093 pc_d=0000023c fetch_pc=00000240 mem_direct=00000093
[C] cyc=244 CDB tag=8 val=00000000
[R] cyc=244 COMMIT op=8 pc=000001e4
[D] cyc=245 dispatch op=8 pc=00000224 tag=7 raw_iq_imm=000003ab rs1=1
[F] cyc=245 fetch raw=00180663 pc_d=00000240 fetch_pc=00000244 mem_direct=00180663
[C] cyc=245 CDB tag=3 val=fffff801
[R] cyc=245 COMMIT op=15 pc=000001e8
[D] cyc=246 dispatch op=15 pc=00000228 tag=8 raw_iq_imm=00000010 rs1=7
[F] cyc=246 fetch raw=00012137 pc_d=00000244 fetch_pc=00000248 mem_direct=00012137
[R] cyc=246 COMMIT op=22 pc=000001ec
[D] cyc=247 dispatch op=8 pc=0000022c tag=9 raw_iq_imm=000004dc rs1=0
[F] cyc=247 fetch raw=3ab10113 pc_d=00000248 fetch_pc=0000024c mem_direct=3ab10113
[C] cyc=247 CDB tag=6 val=00012000
[R] cyc=247 COMMIT op=8 pc=000001f0
[D] cyc=248 dispatch op=22 pc=00000230 tag=10 raw_iq_imm=0000d000 rs1=0
[F] cyc=248 fetch raw=0021a023 pc_d=0000024c fetch_pc=00000250 mem_direct=0021a023
[F] cyc=249 fetch raw=0000d0b7 pc_d=00000250 fetch_pc=00000254 mem_direct=0000d0b7
[C] cyc=249 CDB tag=4 val=00000001
[C] cyc=251 CDB tag=9 val=000004dc
[C] cyc=252 CDB tag=5 val=00000220
[C] cyc=253 CDB tag=10 val=0000d000
[C] cyc=255 CDB tag=7 val=000123ab
[C] cyc=256 CDB tag=8 val=00000000
[C] cyc=257 CDB tag=11 val=ffffffff
[R] cyc=258 COMMIT op=8 pc=000001f4
[D] cyc=259 dispatch op=8 pc=00000234 tag=11 raw_iq_imm=fffffccc rs1=2
[C] cyc=259 CDB tag=15 val=000123ab
[R] cyc=259 COMMIT op=8 pc=000001f8
[D] cyc=260 dispatch op=8 pc=00000238 tag=12 raw_iq_imm=00000000 rs1=0
[F] cyc=260 fetch raw=ccc08093 pc_d=00000254 fetch_pc=00000258 mem_direct=ccc08093
[C] cyc=260 CDB tag=13 val=00000208
[R] cyc=260 COMMIT op=16 pc=000001fc
[F] cyc=262 fetch raw=0013a623 pc_d=00000208 fetch_pc=0000020c mem_direct=0013a623
[C] cyc=262 CDB tag=11 val=0000cccc
[D] cyc=263 dispatch op=15 pc=00000208 tag=0 raw_iq_imm=0000000c rs1=7
[F] cyc=263 fetch raw=0000d0b7 pc_d=0000020c fetch_pc=00000210 mem_direct=0000d0b7
[D] cyc=264 dispatch op=22 pc=0000020c tag=1 raw_iq_imm=0000d000 rs1=0
[F] cyc=264 fetch raw=ccc08093 pc_d=00000210 fetch_pc=00000214 mem_direct=ccc08093
[C] cyc=264 CDB tag=0 val=00000000
[D] cyc=265 dispatch op=8 pc=00000210 tag=2 raw_iq_imm=fffffccc rs1=1
[F] cyc=265 fetch raw=80100893 pc_d=00000214 fetch_pc=00000218 mem_direct=80100893
[R] cyc=265 COMMIT op=15 pc=00000208
[D] cyc=266 dispatch op=8 pc=00000214 tag=3 raw_iq_imm=fffff801 rs1=0
[F] cyc=266 fetch raw=00100113 pc_d=00000218 fetch_pc=0000021c mem_direct=00100113
[D] cyc=267 dispatch op=8 pc=00000218 tag=4 raw_iq_imm=00000001 rs1=0
[F] cyc=267 fetch raw=00288663 pc_d=0000021c fetch_pc=00000220 mem_direct=00288663
[C] cyc=267 CDB tag=1 val=0000d000
[D] cyc=268 dispatch op=16 pc=0000021c tag=5 raw_iq_imm=0000000c rs1=17
[F] cyc=268 fetch raw=000120b7 pc_d=00000220 fetch_pc=00000224 mem_direct=000120b7
[R] cyc=268 COMMIT op=22 pc=0000020c
[D] cyc=269 dispatch op=22 pc=00000220 tag=6 raw_iq_imm=00012000 rs1=0
[F] cyc=269 fetch raw=3ab08093 pc_d=00000224 fetch_pc=00000228 mem_direct=3ab08093
[C] cyc=269 CDB tag=3 val=fffff801
[D] cyc=270 dispatch op=8 pc=00000224 tag=7 raw_iq_imm=000003ab rs1=1
[F] cyc=270 fetch raw=0013a823 pc_d=00000228 fetch_pc=0000022c mem_direct=0013a823
[D] cyc=271 dispatch op=15 pc=00000228 tag=8 raw_iq_imm=00000010 rs1=7
[F] cyc=271 fetch raw=4dc00193 pc_d=0000022c fetch_pc=00000230 mem_direct=4dc00193
[C] cyc=271 CDB tag=2 val=0000cccc
[D] cyc=272 dispatch op=8 pc=0000022c tag=9 raw_iq_imm=000004dc rs1=0
[F] cyc=272 fetch raw=0000d137 pc_d=00000230 fetch_pc=00000234 mem_direct=0000d137
[R] cyc=272 COMMIT op=8 pc=00000210
[D] cyc=273 dispatch op=22 pc=00000230 tag=10 raw_iq_imm=0000d000 rs1=0
[F] cyc=273 fetch raw=ccc10113 pc_d=00000234 fetch_pc=00000238 mem_direct=ccc10113
[C] cyc=273 CDB tag=6 val=00012000
[R] cyc=273 COMMIT op=8 pc=00000214
[D] cyc=274 dispatch op=8 pc=00000234 tag=11 raw_iq_imm=fffffccc rs1=2
[F] cyc=274 fetch raw=00000813 pc_d=00000238 fetch_pc=0000023c mem_direct=00000813
[D] cyc=275 dispatch op=8 pc=00000238 tag=12 raw_iq_imm=00000000 rs1=0
[F] cyc=275 fetch raw=00000093 pc_d=0000023c fetch_pc=00000240 mem_direct=00000093
[C] cyc=275 CDB tag=9 val=000004dc
[D] cyc=276 dispatch op=8 pc=0000023c tag=13 raw_iq_imm=00000000 rs1=0
[F] cyc=276 fetch raw=00180663 pc_d=00000240 fetch_pc=00000244 mem_direct=00180663
[D] cyc=277 dispatch op=16 pc=00000240 tag=14 raw_iq_imm=0000000c rs1=16
[F] cyc=277 fetch raw=00012137 pc_d=00000244 fetch_pc=00000248 mem_direct=00012137
[C] cyc=277 CDB tag=7 val=000123ab
[D] cyc=278 dispatch op=22 pc=00000244 tag=15 raw_iq_imm=00012000 rs1=0
[F] cyc=278 fetch raw=3ab10113 pc_d=00000248 fetch_pc=0000024c mem_direct=3ab10113
[C] cyc=278 CDB tag=8 val=00000000
[D] cyc=279 dispatch op=8 pc=00000248 tag=0 raw_iq_imm=000003ab rs1=2
[F] cyc=279 fetch raw=0021a023 pc_d=0000024c fetch_pc=00000250 mem_direct=0021a023
[C] cyc=279 CDB tag=13 val=00000000
[D] cyc=280 dispatch op=15 pc=0000024c tag=1 raw_iq_imm=00000000 rs1=3
[F] cyc=280 fetch raw=0000d0b7 pc_d=00000250 fetch_pc=00000254 mem_direct=0000d0b7
[D] cyc=281 dispatch op=22 pc=00000250 tag=2 raw_iq_imm=0000d000 rs1=0
[F] cyc=281 fetch raw=ccc08093 pc_d=00000254 fetch_pc=00000258 mem_direct=ccc08093
[C] cyc=281 CDB tag=15 val=00012000
[D] cyc=282 dispatch op=8 pc=00000254 tag=3 raw_iq_imm=fffffccc rs1=1
[F] cyc=282 fetch raw=fff00793 pc_d=00000258 fetch_pc=0000025c mem_direct=fff00793
[F] cyc=283 fetch raw=00000013 pc_d=0000025c fetch_pc=00000260 mem_direct=00000013
[C] cyc=283 CDB tag=4 val=00000001
[F] cyc=284 fetch raw=00078663 pc_d=00000260 fetch_pc=00000264 mem_direct=00078663
[R] cyc=284 COMMIT op=8 pc=00000218
[D] cyc=285 dispatch op=8 pc=00000258 tag=4 raw_iq_imm=ffffffff rs1=0
[F] cyc=285 fetch raw=000120b7 pc_d=00000264 fetch_pc=00000268 mem_direct=000120b7
[C] cyc=285 CDB tag=2 val=0000d000
[F] cyc=286 fetch raw=3ab08093 pc_d=00000268 fetch_pc=0000026c mem_direct=3ab08093
[C] cyc=286 CDB tag=5 val=00000220
[R] cyc=286 COMMIT op=16 pc=0000021c
[D] cyc=287 dispatch op=8 pc=0000025c tag=5 raw_iq_imm=00000000 rs1=0
[F] cyc=287 fetch raw=0011a223 pc_d=0000026c fetch_pc=00000270 mem_direct=0011a223
[C] cyc=287 CDB tag=10 val=0000d000
[R] cyc=287 COMMIT op=22 pc=00000220
[D] cyc=288 dispatch op=16 pc=00000260 tag=6 raw_iq_imm=0000000c rs1=15
[F] cyc=288 fetch raw=0080006f pc_d=00000270 fetch_pc=00000274 mem_direct=0080006f
[R] cyc=288 COMMIT op=8 pc=00000224
[D] cyc=289 dispatch op=22 pc=00000264 tag=7 raw_iq_imm=00012000 rs1=0
[F] cyc=289 fetch raw=0200006f pc_d=00000274 fetch_pc=00000278 mem_direct=0200006f
[C] cyc=289 CDB tag=4 val=ffffffff
[R] cyc=289 COMMIT op=15 pc=00000228
[D] cyc=290 dispatch op=8 pc=00000268 tag=8 raw_iq_imm=000003ab rs1=1
[F] cyc=290 fetch raw=0000d0b7 pc_d=00000278 fetch_pc=0000027c mem_direct=0000d0b7
[R] cyc=290 COMMIT op=8 pc=0000022c
[D] cyc=291 dispatch op=15 pc=0000026c tag=9 raw_iq_imm=00000004 rs1=3
[F] cyc=291 fetch raw=ccc08093 pc_d=0000027c fetch_pc=00000280 mem_direct=ccc08093
[C] cyc=291 CDB tag=11 val=0000cccc
[R] cyc=291 COMMIT op=22 pc=00000230
[D] cyc=292 dispatch op=20 pc=00000270 tag=10 raw_iq_imm=00000008 rs1=0
[F] cyc=292 fetch raw=00100713 pc_d=00000280 fetch_pc=00000284 mem_direct=00100713
[C] cyc=292 CDB tag=6 val=00000264
[R] cyc=292 COMMIT op=8 pc=00000234
[F] cyc=293 fetch raw=80100f93 pc_d=00000284 fetch_pc=00000288 mem_direct=80100f93
[C] cyc=293 CDB tag=7 val=00012000
[D] cyc=294 dispatch op=20 pc=00000274 tag=11 raw_iq_imm=00000020 rs1=0
[F] cyc=294 fetch raw=fff706e3 pc_d=00000288 fetch_pc=0000028c mem_direct=fff706e3
[F] cyc=295 fetch raw=000120b7 pc_d=0000028c fetch_pc=00000290 mem_direct=000120b7
[C] cyc=295 CDB tag=10 val=00000274
[F] cyc=296 fetch raw=3ab08093 pc_d=00000290 fetch_pc=00000294 mem_direct=3ab08093
[C] cyc=296 CDB tag=3 val=0000cccc
[F] cyc=297 fetch raw=0011a423 pc_d=00000294 fetch_pc=00000298 mem_direct=0011a423
[C] cyc=297 CDB tag=11 val=00000278
[C] cyc=298 CDB tag=8 val=000123ab
[C] cyc=299 CDB tag=9 val=00000000
[C] cyc=300 CDB tag=5 val=00000000
[C] cyc=302 CDB tag=12 val=00000000
[R] cyc=303 COMMIT op=8 pc=00000238
[D] cyc=304 dispatch op=22 pc=00000278 tag=12 raw_iq_imm=0000d000 rs1=0
[C] cyc=304 CDB tag=0 val=000123ab
[R] cyc=304 COMMIT op=8 pc=0000023c
[D] cyc=305 dispatch op=8 pc=0000027c tag=13 raw_iq_imm=fffffccc rs1=1
[F] cyc=305 fetch raw=0000d0b7 pc_d=00000298 fetch_pc=0000029c mem_direct=0000d0b7
[C] cyc=305 CDB tag=14 val=0000024c
[R] cyc=305 COMMIT op=16 pc=00000240
[F] cyc=307 fetch raw=0021a023 pc_d=0000024c fetch_pc=00000250 mem_direct=0021a023
[C] cyc=307 CDB tag=12 val=0000d000
[D] cyc=308 dispatch op=15 pc=0000024c tag=0 raw_iq_imm=00000000 rs1=3
[F] cyc=308 fetch raw=0000d0b7 pc_d=00000250 fetch_pc=00000254 mem_direct=0000d0b7
[D] cyc=309 dispatch op=22 pc=00000250 tag=1 raw_iq_imm=0000d000 rs1=0
[F] cyc=309 fetch raw=ccc08093 pc_d=00000254 fetch_pc=00000258 mem_direct=ccc08093
[C] cyc=309 CDB tag=0 val=00000000
[D] cyc=310 dispatch op=8 pc=00000254 tag=2 raw_iq_imm=fffffccc rs1=1
[F] cyc=310 fetch raw=fff00793 pc_d=00000258 fetch_pc=0000025c mem_direct=fff00793
[R] cyc=310 COMMIT op=15 pc=0000024c
[D] cyc=311 dispatch op=8 pc=00000258 tag=3 raw_iq_imm=ffffffff rs1=0
[F] cyc=311 fetch raw=00000013 pc_d=0000025c fetch_pc=00000260 mem_direct=00000013
[D] cyc=312 dispatch op=8 pc=0000025c tag=4 raw_iq_imm=00000000 rs1=0
[F] cyc=312 fetch raw=00078663 pc_d=00000260 fetch_pc=00000264 mem_direct=00078663
[C] cyc=312 CDB tag=1 val=0000d000
[D] cyc=313 dispatch op=16 pc=00000260 tag=5 raw_iq_imm=0000000c rs1=15
[F] cyc=313 fetch raw=000120b7 pc_d=00000264 fetch_pc=00000268 mem_direct=000120b7
[R] cyc=313 COMMIT op=22 pc=00000250
[D] cyc=314 dispatch op=22 pc=00000264 tag=6 raw_iq_imm=00012000 rs1=0
[F] cyc=314 fetch raw=3ab08093 pc_d=00000268 fetch_pc=0000026c mem_direct=3ab08093
[C] cyc=314 CDB tag=3 val=ffffffff
[D] cyc=315 dispatch op=8 pc=00000268 tag=7 raw_iq_imm=000003ab rs1=1
[F] cyc=315 fetch raw=0011a223 pc_d=0000026c fetch_pc=00000270 mem_direct=0011a223
[D] cyc=316 dispatch op=15 pc=0000026c tag=8 raw_iq_imm=00000004 rs1=3
[F] cyc=316 fetch raw=0080006f pc_d=00000270 fetch_pc=00000274 mem_direct=0080006f
[C] cyc=316 CDB tag=2 val=0000cccc
[D] cyc=317 dispatch op=20 pc=00000270 tag=9 raw_iq_imm=00000008 rs1=0
[F] cyc=317 fetch raw=0200006f pc_d=00000274 fetch_pc=00000278 mem_direct=0200006f
[C] cyc=317 CDB tag=5 val=00000264
[R] cyc=317 COMMIT op=8 pc=00000254
[D] cyc=318 dispatch op=20 pc=00000274 tag=10 raw_iq_imm=00000020 rs1=0
[F] cyc=318 fetch raw=0000d0b7 pc_d=00000278 fetch_pc=0000027c mem_direct=0000d0b7
[C] cyc=318 CDB tag=6 val=00012000
[R] cyc=318 COMMIT op=8 pc=00000258
[D] cyc=319 dispatch op=22 pc=00000278 tag=11 raw_iq_imm=0000d000 rs1=0
[F] cyc=319 fetch raw=ccc08093 pc_d=0000027c fetch_pc=00000280 mem_direct=ccc08093
[D] cyc=320 dispatch op=8 pc=0000027c tag=12 raw_iq_imm=fffffccc rs1=1
[F] cyc=320 fetch raw=00100713 pc_d=00000280 fetch_pc=00000284 mem_direct=00100713
[C] cyc=320 CDB tag=9 val=00000274
[D] cyc=321 dispatch op=8 pc=00000280 tag=13 raw_iq_imm=00000001 rs1=0
[F] cyc=321 fetch raw=80100f93 pc_d=00000284 fetch_pc=00000288 mem_direct=80100f93
[C] cyc=321 CDB tag=4 val=00000000
[D] cyc=322 dispatch op=8 pc=00000284 tag=14 raw_iq_imm=fffff801 rs1=0
[F] cyc=322 fetch raw=fff706e3 pc_d=00000288 fetch_pc=0000028c mem_direct=fff706e3
[C] cyc=322 CDB tag=10 val=00000278
[R] cyc=322 COMMIT op=8 pc=0000025c
[D] cyc=323 dispatch op=16 pc=00000288 tag=15 raw_iq_imm=ffffffec rs1=14
[F] cyc=323 fetch raw=000120b7 pc_d=0000028c fetch_pc=00000290 mem_direct=000120b7
[C] cyc=323 CDB tag=11 val=0000d000
[R] cyc=323 COMMIT op=16 pc=00000260
[D] cyc=324 dispatch op=22 pc=0000028c tag=0 raw_iq_imm=00012000 rs1=0
[F] cyc=324 fetch raw=3ab08093 pc_d=00000290 fetch_pc=00000294 mem_direct=3ab08093
[R] cyc=324 COMMIT op=22 pc=00000264
[D] cyc=325 dispatch op=8 pc=00000290 tag=1 raw_iq_imm=000003ab rs1=1
[F] cyc=325 fetch raw=0011a423 pc_d=00000294 fetch_pc=00000298 mem_direct=0011a423
[C] cyc=325 CDB tag=14 val=fffff801
[D] cyc=326 dispatch op=15 pc=00000294 tag=2 raw_iq_imm=00000008 rs1=3
[F] cyc=326 fetch raw=0000d0b7 pc_d=00000298 fetch_pc=0000029c mem_direct=0000d0b7
[D] cyc=327 dispatch op=22 pc=00000298 tag=3 raw_iq_imm=0000d000 rs1=0
[F] cyc=327 fetch raw=ccc08093 pc_d=0000029c fetch_pc=000002a0 mem_direct=ccc08093
[C] cyc=327 CDB tag=0 val=00012000
[D] cyc=328 dispatch op=8 pc=0000029c tag=4 raw_iq_imm=fffffccc rs1=1
[F] cyc=328 fetch raw=00000693 pc_d=000002a0 fetch_pc=000002a4 mem_direct=00000693
[D] cyc=329 dispatch op=8 pc=000002a0 tag=5 raw_iq_imm=00000000 rs1=0
[F] cyc=329 fetch raw=fff00f13 pc_d=000002a4 fetch_pc=000002a8 mem_direct=fff00f13
[C] cyc=329 CDB tag=7 val=000123ab
[D] cyc=330 dispatch op=8 pc=000002a4 tag=6 raw_iq_imm=ffffffff rs1=0
[F] cyc=330 fetch raw=01e68663 pc_d=000002a8 fetch_pc=000002ac mem_direct=01e68663
[C] cyc=330 CDB tag=8 val=00000000
[R] cyc=330 COMMIT op=8 pc=00000268
[D] cyc=331 dispatch op=16 pc=000002a8 tag=7 raw_iq_imm=0000000c rs1=13
[F] cyc=331 fetch raw=000120b7 pc_d=000002ac fetch_pc=000002b0 mem_direct=000120b7
[C] cyc=331 CDB tag=3 val=0000d000
[R] cyc=331 COMMIT op=15 pc=0000026c
[D] cyc=332 dispatch op=22 pc=000002ac tag=8 raw_iq_imm=00012000 rs1=0
[F] cyc=332 fetch raw=3ab08093 pc_d=000002b0 fetch_pc=000002b4 mem_direct=3ab08093
[R] cyc=332 COMMIT op=20 pc=00000270
[F] cyc=334 fetch raw=0000d0b7 pc_d=00000278 fetch_pc=0000027c mem_direct=0000d0b7
[D] cyc=335 dispatch op=22 pc=00000278 tag=0 raw_iq_imm=0000d000 rs1=0
[F] cyc=335 fetch raw=ccc08093 pc_d=0000027c fetch_pc=00000280 mem_direct=ccc08093
[D] cyc=336 dispatch op=8 pc=0000027c tag=1 raw_iq_imm=fffffccc rs1=1
[F] cyc=336 fetch raw=00100713 pc_d=00000280 fetch_pc=00000284 mem_direct=00100713
[D] cyc=337 dispatch op=8 pc=00000280 tag=2 raw_iq_imm=00000001 rs1=0
[F] cyc=337 fetch raw=80100f93 pc_d=00000284 fetch_pc=00000288 mem_direct=80100f93
[D] cyc=338 dispatch op=8 pc=00000284 tag=3 raw_iq_imm=fffff801 rs1=0
[F] cyc=338 fetch raw=fff706e3 pc_d=00000288 fetch_pc=0000028c mem_direct=fff706e3
[C] cyc=338 CDB tag=0 val=0000d000
[D] cyc=339 dispatch op=16 pc=00000288 tag=4 raw_iq_imm=ffffffec rs1=14
[F] cyc=339 fetch raw=000120b7 pc_d=0000028c fetch_pc=00000290 mem_direct=000120b7
[R] cyc=339 COMMIT op=22 pc=00000278
[D] cyc=340 dispatch op=22 pc=0000028c tag=5 raw_iq_imm=00012000 rs1=0
[F] cyc=340 fetch raw=3ab08093 pc_d=00000290 fetch_pc=00000294 mem_direct=3ab08093
[C] cyc=340 CDB tag=2 val=00000001
[D] cyc=341 dispatch op=8 pc=00000290 tag=6 raw_iq_imm=000003ab rs1=1
[F] cyc=341 fetch raw=0011a423 pc_d=00000294 fetch_pc=00000298 mem_direct=0011a423
[D] cyc=342 dispatch op=15 pc=00000294 tag=7 raw_iq_imm=00000008 rs1=3
[F] cyc=342 fetch raw=0000d0b7 pc_d=00000298 fetch_pc=0000029c mem_direct=0000d0b7
[C] cyc=342 CDB tag=1 val=0000cccc
[D] cyc=343 dispatch op=22 pc=00000298 tag=8 raw_iq_imm=0000d000 rs1=0
[F] cyc=343 fetch raw=ccc08093 pc_d=0000029c fetch_pc=000002a0 mem_direct=ccc08093
[R] cyc=343 COMMIT op=8 pc=0000027c
[D] cyc=344 dispatch op=8 pc=0000029c tag=9 raw_iq_imm=fffffccc rs1=1
[F] cyc=344 fetch raw=00000693 pc_d=000002a0 fetch_pc=000002a4 mem_direct=00000693
[C] cyc=344 CDB tag=5 val=00012000
[R] cyc=344 COMMIT op=8 pc=00000280
[D] cyc=345 dispatch op=8 pc=000002a0 tag=10 raw_iq_imm=00000000 rs1=0
[F] cyc=345 fetch raw=fff00f13 pc_d=000002a4 fetch_pc=000002a8 mem_direct=fff00f13
[D] cyc=346 dispatch op=8 pc=000002a4 tag=11 raw_iq_imm=ffffffff rs1=0
[F] cyc=346 fetch raw=01e68663 pc_d=000002a8 fetch_pc=000002ac mem_direct=01e68663
[C] cyc=346 CDB tag=8 val=0000d000
[D] cyc=347 dispatch op=16 pc=000002a8 tag=12 raw_iq_imm=0000000c rs1=13
[F] cyc=347 fetch raw=000120b7 pc_d=000002ac fetch_pc=000002b0 mem_direct=000120b7
[D] cyc=348 dispatch op=22 pc=000002ac tag=13 raw_iq_imm=00012000 rs1=0
[F] cyc=348 fetch raw=3ab08093 pc_d=000002b0 fetch_pc=000002b4 mem_direct=3ab08093
[C] cyc=348 CDB tag=10 val=00000000
[D] cyc=349 dispatch op=8 pc=000002b0 tag=14 raw_iq_imm=000003ab rs1=1
[F] cyc=349 fetch raw=0011a623 pc_d=000002b4 fetch_pc=000002b8 mem_direct=0011a623
[D] cyc=350 dispatch op=15 pc=000002b4 tag=15 raw_iq_imm=0000000c rs1=3
[F] cyc=350 fetch raw=0000d0b7 pc_d=000002b8 fetch_pc=000002bc mem_direct=0000d0b7
[C] cyc=350 CDB tag=6 val=000123ab
[D] cyc=351 dispatch op=22 pc=000002b8 tag=0 raw_iq_imm=0000d000 rs1=0
[F] cyc=351 fetch raw=ccc08093 pc_d=000002bc fetch_pc=000002c0 mem_direct=ccc08093
[C] cyc=351 CDB tag=7 val=00000000
[D] cyc=352 dispatch op=8 pc=000002bc tag=1 raw_iq_imm=fffffccc rs1=1
[F] cyc=352 fetch raw=7ff00613 pc_d=000002c0 fetch_pc=000002c4 mem_direct=7ff00613
[C] cyc=352 CDB tag=13 val=00012000
[D] cyc=353 dispatch op=8 pc=000002c0 tag=2 raw_iq_imm=000007ff rs1=0
[F] cyc=353 fetch raw=fffffeb7 pc_d=000002c4 fetch_pc=000002c8 mem_direct=fffffeb7
[F] cyc=354 fetch raw=dcce8e93 pc_d=000002c8 fetch_pc=000002cc mem_direct=dcce8e93
[C] cyc=354 CDB tag=0 val=0000d000
[F] cyc=355 fetch raw=01d60663 pc_d=000002cc fetch_pc=000002d0 mem_direct=01d60663
[F] cyc=356 fetch raw=000120b7 pc_d=000002d0 fetch_pc=000002d4 mem_direct=000120b7
[C] cyc=356 CDB tag=2 val=000007ff
[F] cyc=357 fetch raw=3ab08093 pc_d=000002d4 fetch_pc=000002d8 mem_direct=3ab08093
[F] cyc=358 fetch raw=0011a823 pc_d=000002d8 fetch_pc=000002dc mem_direct=0011a823
[C] cyc=358 CDB tag=14 val=000123ab
[F] cyc=359 fetch raw=4f000113 pc_d=000002dc fetch_pc=000002e0 mem_direct=4f000113
[C] cyc=359 CDB tag=15 val=00000000
[F] cyc=360 fetch raw=0000d0b7 pc_d=000002e0 fetch_pc=000002e4 mem_direct=0000d0b7
[C] cyc=360 CDB tag=3 val=fffff801
[R] cyc=361 COMMIT op=8 pc=00000284
[D] cyc=362 dispatch op=22 pc=000002c4 tag=3 raw_iq_imm=fffff000 rs1=0
[C] cyc=362 CDB tag=9 val=0000cccc
[F] cyc=363 fetch raw=ccc08093 pc_d=000002e4 fetch_pc=000002e8 mem_direct=ccc08093
[C] cyc=363 CDB tag=4 val=0000028c
[R] cyc=363 COMMIT op=16 pc=00000288
[D] cyc=364 dispatch op=8 pc=000002c8 tag=4 raw_iq_imm=fffffdcc rs1=29
[C] cyc=364 CDB tag=11 val=ffffffff
[R] cyc=364 COMMIT op=22 pc=0000028c
[D] cyc=365 dispatch op=16 pc=000002cc tag=5 raw_iq_imm=0000000c rs1=12
[F] cyc=365 fetch raw=00000593 pc_d=000002e8 fetch_pc=000002ec mem_direct=00000593
[R] cyc=365 COMMIT op=8 pc=00000290
[D] cyc=366 dispatch op=22 pc=000002d0 tag=6 raw_iq_imm=00012000 rs1=0
[F] cyc=366 fetch raw=80000e37 pc_d=000002ec fetch_pc=000002f0 mem_direct=80000e37
[C] cyc=366 CDB tag=3 val=fffff000
[R] cyc=366 COMMIT op=15 pc=00000294
[D] cyc=367 dispatch op=8 pc=000002d4 tag=7 raw_iq_imm=000003ab rs1=1
[F] cyc=367 fetch raw=01c58663 pc_d=000002f0 fetch_pc=000002f4 mem_direct=01c58663
[C] cyc=367 CDB tag=12 val=000002ac
[R] cyc=367 COMMIT op=22 pc=00000298
[D] cyc=368 dispatch op=15 pc=000002d8 tag=8 raw_iq_imm=00000010 rs1=3
[F] cyc=368 fetch raw=000120b7 pc_d=000002f4 fetch_pc=000002f8 mem_direct=000120b7
[C] cyc=368 CDB tag=1 val=0000cccc
[R] cyc=368 COMMIT op=8 pc=0000029c
[D] cyc=369 dispatch op=8 pc=000002dc tag=9 raw_iq_imm=000004f0 rs1=0
[F] cyc=369 fetch raw=3ab08093 pc_d=000002f8 fetch_pc=000002fc mem_direct=3ab08093
[R] cyc=369 COMMIT op=8 pc=000002a0
[D] cyc=370 dispatch op=22 pc=000002e0 tag=10 raw_iq_imm=0000d000 rs1=0
[F] cyc=370 fetch raw=00112023 pc_d=000002fc fetch_pc=00000300 mem_direct=00112023
[C] cyc=370 CDB tag=6 val=00012000
[R] cyc=370 COMMIT op=8 pc=000002a4
[D] cyc=371 dispatch op=8 pc=000002e4 tag=11 raw_iq_imm=fffffccc rs1=1
[F] cyc=371 fetch raw=0000d0b7 pc_d=00000300 fetch_pc=00000304 mem_direct=0000d0b7
[R] cyc=371 COMMIT op=16 pc=000002a8
[D] cyc=372 dispatch op=8 pc=000002e8 tag=12 raw_iq_imm=00000000 rs1=0
[F] cyc=372 fetch raw=ccc08093 pc_d=00000304 fetch_pc=00000308 mem_direct=ccc08093
[C] cyc=372 CDB tag=9 val=000004f0
[R] cyc=372 COMMIT op=22 pc=000002ac
[D] cyc=373 dispatch op=22 pc=000002ec tag=13 raw_iq_imm=80000000 rs1=0
[F] cyc=373 fetch raw=00001537 pc_d=00000308 fetch_pc=0000030c mem_direct=00001537
[R] cyc=373 COMMIT op=8 pc=000002b0
[D] cyc=374 dispatch op=16 pc=000002f0 tag=14 raw_iq_imm=0000000c rs1=11
[F] cyc=374 fetch raw=80050513 pc_d=0000030c fetch_pc=00000310 mem_direct=80050513
[C] cyc=374 CDB tag=4 val=ffffedcc
[R] cyc=374 COMMIT op=15 pc=000002b4
[D] cyc=375 dispatch op=22 pc=000002f4 tag=15 raw_iq_imm=00012000 rs1=0
[F] cyc=375 fetch raw=00001db7 pc_d=00000310 fetch_pc=00000314 mem_direct=00001db7
[R] cyc=375 COMMIT op=22 pc=000002b8
[D] cyc=376 dispatch op=8 pc=000002f8 tag=0 raw_iq_imm=000003ab rs1=1
[F] cyc=376 fetch raw=234d8d93 pc_d=00000314 fetch_pc=00000318 mem_direct=234d8d93
[C] cyc=376 CDB tag=13 val=80000000
[R] cyc=376 COMMIT op=8 pc=000002bc
[D] cyc=377 dispatch op=15 pc=000002fc tag=1 raw_iq_imm=00000000 rs1=2
[F] cyc=377 fetch raw=01b50663 pc_d=00000318 fetch_pc=0000031c mem_direct=01b50663
[C] cyc=377 CDB tag=5 val=000002d0
[R] cyc=377 COMMIT op=8 pc=000002c0
[D] cyc=378 dispatch op=22 pc=00000300 tag=2 raw_iq_imm=0000d000 rs1=0
[F] cyc=378 fetch raw=000120b7 pc_d=0000031c fetch_pc=00000320 mem_direct=000120b7
[C] cyc=378 CDB tag=15 val=00012000
[R] cyc=378 COMMIT op=22 pc=000002c4
[D] cyc=379 dispatch op=8 pc=00000304 tag=3 raw_iq_imm=fffffccc rs1=1
[F] cyc=379 fetch raw=3ab08093 pc_d=00000320 fetch_pc=00000324 mem_direct=3ab08093
[R] cyc=379 COMMIT op=8 pc=000002c8
[F] cyc=380 fetch raw=00112223 pc_d=00000324 fetch_pc=00000328 mem_direct=00112223
[C] cyc=380 CDB tag=7 val=000123ab
[R] cyc=380 COMMIT op=16 pc=000002cc
[D] cyc=381 dispatch op=22 pc=00000308 tag=4 raw_iq_imm=00001000 rs1=0
[C] cyc=381 CDB tag=8 val=00000000
[R] cyc=381 COMMIT op=22 pc=000002d0
[F] cyc=382 fetch raw=0080006f pc_d=00000328 fetch_pc=0000032c mem_direct=0080006f
[C] cyc=382 CDB tag=2 val=0000d000
[R] cyc=382 COMMIT op=8 pc=000002d4
[D] cyc=383 dispatch op=8 pc=0000030c tag=5 raw_iq_imm=fffff800 rs1=10
[R] cyc=383 COMMIT op=15 pc=000002d8
[F] cyc=384 fetch raw=0240006f pc_d=0000032c fetch_pc=00000330 mem_direct=0240006f
[C] cyc=384 CDB tag=4 val=00001000
[R] cyc=384 COMMIT op=8 pc=000002dc
[D] cyc=385 dispatch op=22 pc=00000310 tag=6 raw_iq_imm=00001000 rs1=0
[F] cyc=386 fetch raw=0000d0b7 pc_d=00000330 fetch_pc=00000334 mem_direct=0000d0b7
[C] cyc=386 CDB tag=3 val=0000cccc
[D] cyc=387 dispatch op=8 pc=00000314 tag=7 raw_iq_imm=00000234 rs1=27
[D] cyc=388 dispatch op=16 pc=00000318 tag=8 raw_iq_imm=0000000c rs1=10
[F] cyc=388 fetch raw=ccc08093 pc_d=00000334 fetch_pc=00000338 mem_direct=ccc08093
[C] cyc=388 CDB tag=5 val=00000800
[D] cyc=389 dispatch op=22 pc=0000031c tag=9 raw_iq_imm=00012000 rs1=0
[F] cyc=389 fetch raw=076544b7 pc_d=00000338 fetch_pc=0000033c mem_direct=076544b7
[F] cyc=390 fetch raw=32148493 pc_d=0000033c fetch_pc=00000340 mem_direct=32148493
[C] cyc=390 CDB tag=6 val=00001000
[C] cyc=392 CDB tag=9 val=00012000
[C] cyc=394 CDB tag=7 val=00001234
[C] cyc=396 CDB tag=10 val=0000d000
[C] cyc=397 CDB tag=8 val=0000031c
[R] cyc=397 COMMIT op=22 pc=000002e0
[D] cyc=398 dispatch op=8 pc=00000320 tag=10 raw_iq_imm=000003ab rs1=1
[C] cyc=398 CDB tag=12 val=00000000
[F] cyc=399 fetch raw=fff00d13 pc_d=00000340 fetch_pc=00000344 mem_direct=fff00d13
[C] cyc=400 CDB tag=11 val=0000cccc
[C] cyc=401 CDB tag=14 val=000002f4
[R] cyc=401 COMMIT op=8 pc=000002e4
[D] cyc=402 dispatch op=15 pc=00000324 tag=11 raw_iq_imm=00000004 rs1=2
[C] cyc=402 CDB tag=10 val=000123ab
[R] cyc=402 COMMIT op=8 pc=000002e8
[D] cyc=403 dispatch op=20 pc=00000328 tag=12 raw_iq_imm=00000008 rs1=0
[F] cyc=403 fetch raw=ffa484e3 pc_d=00000344 fetch_pc=00000348 mem_direct=ffa484e3
[C] cyc=403 CDB tag=11 val=00000000
[R] cyc=403 COMMIT op=22 pc=000002ec
[D] cyc=404 dispatch op=20 pc=0000032c tag=13 raw_iq_imm=00000024 rs1=0
[F] cyc=404 fetch raw=000120b7 pc_d=00000348 fetch_pc=0000034c mem_direct=000120b7
[C] cyc=404 CDB tag=0 val=000123ab
[R] cyc=404 COMMIT op=16 pc=000002f0
[D] cyc=405 dispatch op=22 pc=00000330 tag=14 raw_iq_imm=0000d000 rs1=0
[F] cyc=405 fetch raw=3ab08093 pc_d=0000034c fetch_pc=00000350 mem_direct=3ab08093
[C] cyc=405 CDB tag=1 val=00000000
[R] cyc=405 COMMIT op=22 pc=000002f4
[D] cyc=406 dispatch op=8 pc=00000334 tag=15 raw_iq_imm=fffffccc rs1=1
[F] cyc=406 fetch raw=00112423 pc_d=00000350 fetch_pc=00000354 mem_direct=00112423
[C] cyc=406 CDB tag=12 val=0000032c
[R] cyc=406 COMMIT op=8 pc=000002f8
[D] cyc=407 dispatch op=22 pc=00000338 tag=0 raw_iq_imm=07654000 rs1=0
[F] cyc=407 fetch raw=0000d0b7 pc_d=00000354 fetch_pc=00000358 mem_direct=0000d0b7
[R] cyc=407 COMMIT op=15 pc=000002fc
[D] cyc=408 dispatch op=8 pc=0000033c tag=1 raw_iq_imm=00000321 rs1=9
[F] cyc=408 fetch raw=ccc08093 pc_d=00000358 fetch_pc=0000035c mem_direct=ccc08093
[C] cyc=408 CDB tag=14 val=0000d000
[R] cyc=408 COMMIT op=22 pc=00000300
[D] cyc=409 dispatch op=8 pc=00000340 tag=2 raw_iq_imm=ffffffff rs1=0
[F] cyc=409 fetch raw=80000437 pc_d=0000035c fetch_pc=00000360 mem_direct=80000437
[C] cyc=409 CDB tag=13 val=00000330
[R] cyc=409 COMMIT op=8 pc=00000304
[D] cyc=410 dispatch op=16 pc=00000344 tag=3 raw_iq_imm=ffffffe8 rs1=9
[F] cyc=410 fetch raw=fff40413 pc_d=00000360 fetch_pc=00000364 mem_direct=fff40413
[C] cyc=410 CDB tag=0 val=07654000
[R] cyc=410 COMMIT op=22 pc=00000308
[D] cyc=411 dispatch op=22 pc=00000348 tag=4 raw_iq_imm=00012000 rs1=0
[F] cyc=411 fetch raw=00100c93 pc_d=00000364 fetch_pc=00000368 mem_direct=00100c93
[R] cyc=411 COMMIT op=8 pc=0000030c
[D] cyc=412 dispatch op=8 pc=0000034c tag=5 raw_iq_imm=000003ab rs1=1
[F] cyc=412 fetch raw=01940663 pc_d=00000368 fetch_pc=0000036c mem_direct=01940663
[C] cyc=412 CDB tag=2 val=ffffffff
[R] cyc=412 COMMIT op=22 pc=00000310
[D] cyc=413 dispatch op=15 pc=00000350 tag=6 raw_iq_imm=00000008 rs1=2
[F] cyc=413 fetch raw=000120b7 pc_d=0000036c fetch_pc=00000370 mem_direct=000120b7
[R] cyc=413 COMMIT op=8 pc=00000314
[D] cyc=414 dispatch op=22 pc=00000354 tag=7 raw_iq_imm=0000d000 rs1=0
[F] cyc=414 fetch raw=3ab08093 pc_d=00000370 fetch_pc=00000374 mem_direct=3ab08093
[C] cyc=414 CDB tag=4 val=00012000
[R] cyc=414 COMMIT op=16 pc=00000318
[D] cyc=415 dispatch op=8 pc=00000358 tag=8 raw_iq_imm=fffffccc rs1=1
[F] cyc=415 fetch raw=00112623 pc_d=00000374 fetch_pc=00000378 mem_direct=00112623
[R] cyc=415 COMMIT op=22 pc=0000031c
[D] cyc=416 dispatch op=22 pc=0000035c tag=9 raw_iq_imm=80000000 rs1=0
[F] cyc=416 fetch raw=0000d0b7 pc_d=00000378 fetch_pc=0000037c mem_direct=0000d0b7
[C] cyc=416 CDB tag=15 val=0000cccc
[R] cyc=416 COMMIT op=8 pc=00000320
[D] cyc=417 dispatch op=8 pc=00000360 tag=10 raw_iq_imm=ffffffff rs1=8
[F] cyc=417 fetch raw=ccc08093 pc_d=0000037c fetch_pc=00000380 mem_direct=ccc08093
[R] cyc=417 COMMIT op=15 pc=00000324
[D] cyc=418 dispatch op=8 pc=00000364 tag=11 raw_iq_imm=00000001 rs1=0
[F] cyc=418 fetch raw=00100393 pc_d=00000380 fetch_pc=00000384 mem_direct=00100393
[C] cyc=418 CDB tag=7 val=0000d000
[R] cyc=418 COMMIT op=20 pc=00000328
[F] cyc=420 fetch raw=0000d0b7 pc_d=00000330 fetch_pc=00000334 mem_direct=0000d0b7
[C] cyc=420 CDB tag=1 val=07654321
[D] cyc=421 dispatch op=22 pc=00000330 tag=0 raw_iq_imm=0000d000 rs1=0
[F] cyc=421 fetch raw=ccc08093 pc_d=00000334 fetch_pc=00000338 mem_direct=ccc08093
[D] cyc=422 dispatch op=8 pc=00000334 tag=1 raw_iq_imm=fffffccc rs1=1
[F] cyc=422 fetch raw=076544b7 pc_d=00000338 fetch_pc=0000033c mem_direct=076544b7
[D] cyc=423 dispatch op=22 pc=00000338 tag=2 raw_iq_imm=07654000 rs1=0
[F] cyc=423 fetch raw=32148493 pc_d=0000033c fetch_pc=00000340 mem_direct=32148493
[D] cyc=424 dispatch op=8 pc=0000033c tag=3 raw_iq_imm=00000321 rs1=9
[F] cyc=424 fetch raw=fff00d13 pc_d=00000340 fetch_pc=00000344 mem_direct=fff00d13
[C] cyc=424 CDB tag=0 val=0000d000
[D] cyc=425 dispatch op=8 pc=00000340 tag=4 raw_iq_imm=ffffffff rs1=0
[F] cyc=425 fetch raw=ffa484e3 pc_d=00000344 fetch_pc=00000348 mem_direct=ffa484e3
[R] cyc=425 COMMIT op=22 pc=00000330
[D] cyc=426 dispatch op=16 pc=00000344 tag=5 raw_iq_imm=ffffffe8 rs1=9
[F] cyc=426 fetch raw=000120b7 pc_d=00000348 fetch_pc=0000034c mem_direct=000120b7
[C] cyc=426 CDB tag=2 val=07654000
[D] cyc=427 dispatch op=22 pc=00000348 tag=6 raw_iq_imm=00012000 rs1=0
[F] cyc=427 fetch raw=3ab08093 pc_d=0000034c fetch_pc=00000350 mem_direct=3ab08093
[D] cyc=428 dispatch op=8 pc=0000034c tag=7 raw_iq_imm=000003ab rs1=1
[F] cyc=428 fetch raw=00112423 pc_d=00000350 fetch_pc=00000354 mem_direct=00112423
[C] cyc=428 CDB tag=4 val=ffffffff
[D] cyc=429 dispatch op=15 pc=00000350 tag=8 raw_iq_imm=00000008 rs1=2
[F] cyc=429 fetch raw=0000d0b7 pc_d=00000354 fetch_pc=00000358 mem_direct=0000d0b7
[D] cyc=430 dispatch op=22 pc=00000354 tag=9 raw_iq_imm=0000d000 rs1=0
[F] cyc=430 fetch raw=ccc08093 pc_d=00000358 fetch_pc=0000035c mem_direct=ccc08093
[C] cyc=430 CDB tag=6 val=00012000
[D] cyc=431 dispatch op=8 pc=00000358 tag=10 raw_iq_imm=fffffccc rs1=1
[F] cyc=431 fetch raw=80000437 pc_d=0000035c fetch_pc=00000360 mem_direct=80000437
[D] cyc=432 dispatch op=22 pc=0000035c tag=11 raw_iq_imm=80000000 rs1=0
[F] cyc=432 fetch raw=fff40413 pc_d=00000360 fetch_pc=00000364 mem_direct=fff40413
[C] cyc=432 CDB tag=1 val=0000cccc
[D] cyc=433 dispatch op=8 pc=00000360 tag=12 raw_iq_imm=ffffffff rs1=8
[F] cyc=433 fetch raw=00100c93 pc_d=00000364 fetch_pc=00000368 mem_direct=00100c93
[R] cyc=433 COMMIT op=8 pc=00000334
[D] cyc=434 dispatch op=8 pc=00000364 tag=13 raw_iq_imm=00000001 rs1=0
[F] cyc=434 fetch raw=01940663 pc_d=00000368 fetch_pc=0000036c mem_direct=01940663
[C] cyc=434 CDB tag=9 val=0000d000
[R] cyc=434 COMMIT op=22 pc=00000338
[D] cyc=435 dispatch op=16 pc=00000368 tag=14 raw_iq_imm=0000000c rs1=8
[F] cyc=435 fetch raw=000120b7 pc_d=0000036c fetch_pc=00000370 mem_direct=000120b7
[D] cyc=436 dispatch op=22 pc=0000036c tag=15 raw_iq_imm=00012000 rs1=0
[F] cyc=436 fetch raw=3ab08093 pc_d=00000370 fetch_pc=00000374 mem_direct=3ab08093
[C] cyc=436 CDB tag=3 val=07654321
[D] cyc=437 dispatch op=8 pc=00000370 tag=0 raw_iq_imm=000003ab rs1=1
[F] cyc=437 fetch raw=00112623 pc_d=00000374 fetch_pc=00000378 mem_direct=00112623
[R] cyc=437 COMMIT op=8 pc=0000033c
[D] cyc=438 dispatch op=15 pc=00000374 tag=1 raw_iq_imm=0000000c rs1=2
[F] cyc=438 fetch raw=0000d0b7 pc_d=00000378 fetch_pc=0000037c mem_direct=0000d0b7
[C] cyc=438 CDB tag=10 val=0000cccc
[R] cyc=438 COMMIT op=8 pc=00000340
[D] cyc=439 dispatch op=22 pc=00000378 tag=2 raw_iq_imm=0000d000 rs1=0
[F] cyc=439 fetch raw=ccc08093 pc_d=0000037c fetch_pc=00000380 mem_direct=ccc08093
[C] cyc=439 CDB tag=5 val=00000348
[R] cyc=439 COMMIT op=16 pc=00000344
[F] cyc=440 fetch raw=00100393 pc_d=00000380 fetch_pc=00000384 mem_direct=00100393
[C] cyc=440 CDB tag=15 val=00012000
[R] cyc=440 COMMIT op=22 pc=00000348
[D] cyc=441 dispatch op=8 pc=0000037c tag=3 raw_iq_imm=fffffccc rs1=1
[F] cyc=441 fetch raw=80000c37 pc_d=00000384 fetch_pc=00000388 mem_direct=80000c37
[F] cyc=442 fetch raw=fffc0c13 pc_d=00000388 fetch_pc=0000038c mem_direct=fffc0c13
[C] cyc=442 CDB tag=2 val=0000d000
[D] cyc=443 dispatch op=8 pc=00000380 tag=4 raw_iq_imm=00000001 rs1=0
[F] cyc=443 fetch raw=01838663 pc_d=0000038c fetch_pc=00000390 mem_direct=01838663
[F] cyc=444 fetch raw=000120b7 pc_d=00000390 fetch_pc=00000394 mem_direct=000120b7
[C] cyc=444 CDB tag=0 val=000123ab
[D] cyc=445 dispatch op=22 pc=00000384 tag=5 raw_iq_imm=80000000 rs1=0
[F] cyc=445 fetch raw=3ab08093 pc_d=00000394 fetch_pc=00000398 mem_direct=3ab08093
[C] cyc=445 CDB tag=1 val=00000000
[F] cyc=446 fetch raw=00112823 pc_d=00000398 fetch_pc=0000039c mem_direct=00112823
[C] cyc=446 CDB tag=4 val=00000001
[D] cyc=447 dispatch op=8 pc=00000388 tag=6 raw_iq_imm=ffffffff rs1=24
[F] cyc=447 fetch raw=50400393 pc_d=0000039c fetch_pc=000003a0 mem_direct=50400393
[F] cyc=448 fetch raw=0000d0b7 pc_d=000003a0 fetch_pc=000003a4 mem_direct=0000d0b7
[C] cyc=448 CDB tag=5 val=80000000
[F] cyc=449 fetch raw=ccc08093 pc_d=000003a4 fetch_pc=000003a8 mem_direct=ccc08093
[F] cyc=450 fetch raw=fff00313 pc_d=000003a8 fetch_pc=000003ac mem_direct=fff00313
[C] cyc=450 CDB tag=3 val=0000cccc
[C] cyc=452 CDB tag=6 val=7fffffff
[C] cyc=454 CDB tag=7 val=000123ab
[C] cyc=455 CDB tag=8 val=00000000
[R] cyc=455 COMMIT op=8 pc=0000034c
[D] cyc=456 dispatch op=16 pc=0000038c tag=7 raw_iq_imm=0000000c rs1=7
[C] cyc=456 CDB tag=11 val=80000000
[R] cyc=456 COMMIT op=15 pc=00000350
[D] cyc=457 dispatch op=22 pc=00000390 tag=8 raw_iq_imm=00012000 rs1=0
[F] cyc=457 fetch raw=07654bb7 pc_d=000003ac fetch_pc=000003b0 mem_direct=07654bb7
[R] cyc=457 COMMIT op=22 pc=00000354
[D] cyc=458 dispatch op=8 pc=00000394 tag=9 raw_iq_imm=000003ab rs1=1
[F] cyc=458 fetch raw=321b8b93 pc_d=000003b0 fetch_pc=000003b4 mem_direct=321b8b93
[C] cyc=458 CDB tag=13 val=00000001
[R] cyc=458 COMMIT op=8 pc=00000358
[D] cyc=459 dispatch op=15 pc=00000398 tag=10 raw_iq_imm=00000010 rs1=2
[F] cyc=459 fetch raw=01730663 pc_d=000003b4 fetch_pc=000003b8 mem_direct=01730663
[C] cyc=459 CDB tag=7 val=00000390
[R] cyc=459 COMMIT op=22 pc=0000035c
[D] cyc=460 dispatch op=8 pc=0000039c tag=11 raw_iq_imm=00000504 rs1=0
[F] cyc=460 fetch raw=000120b7 pc_d=000003b8 fetch_pc=000003bc mem_direct=000120b7
[C] cyc=460 CDB tag=12 val=7fffffff
[F] cyc=461 fetch raw=3ab08093 pc_d=000003bc fetch_pc=000003c0 mem_direct=3ab08093
[R] cyc=461 COMMIT op=8 pc=00000360
[D] cyc=462 dispatch op=22 pc=000003a0 tag=12 raw_iq_imm=0000d000 rs1=0
[C] cyc=462 CDB tag=8 val=00012000
[R] cyc=462 COMMIT op=8 pc=00000364
[D] cyc=463 dispatch op=8 pc=000003a4 tag=13 raw_iq_imm=fffffccc rs1=1
[F] cyc=463 fetch raw=0013a023 pc_d=000003c0 fetch_pc=000003c4 mem_direct=0013a023
[C] cyc=463 CDB tag=14 val=0000036c
[R] cyc=463 COMMIT op=16 pc=00000368
[D] cyc=464 dispatch op=8 pc=000003a8 tag=14 raw_iq_imm=ffffffff rs1=0
[F] cyc=464 fetch raw=0000d0b7 pc_d=000003c4 fetch_pc=000003c8 mem_direct=0000d0b7
[C] cyc=464 CDB tag=11 val=00000504
[R] cyc=464 COMMIT op=22 pc=0000036c
[D] cyc=465 dispatch op=22 pc=000003ac tag=15 raw_iq_imm=07654000 rs1=0
[F] cyc=465 fetch raw=ccc08093 pc_d=000003c8 fetch_pc=000003cc mem_direct=ccc08093
[R] cyc=465 COMMIT op=8 pc=00000370
[D] cyc=466 dispatch op=8 pc=000003b0 tag=0 raw_iq_imm=00000321 rs1=23
[F] cyc=466 fetch raw=000012b7 pc_d=000003cc fetch_pc=000003d0 mem_direct=000012b7
[C] cyc=466 CDB tag=12 val=0000d000
[R] cyc=466 COMMIT op=15 pc=00000374
[D] cyc=467 dispatch op=16 pc=000003b4 tag=1 raw_iq_imm=0000000c rs1=6
[F] cyc=467 fetch raw=23428293 pc_d=000003d0 fetch_pc=000003d4 mem_direct=23428293
[R] cyc=467 COMMIT op=22 pc=00000378
[D] cyc=468 dispatch op=22 pc=000003b8 tag=2 raw_iq_imm=00012000 rs1=0
[F] cyc=468 fetch raw=00001b37 pc_d=000003d4 fetch_pc=000003d8 mem_direct=00001b37
[C] cyc=468 CDB tag=15 val=07654000
[R] cyc=468 COMMIT op=8 pc=0000037c
[D] cyc=469 dispatch op=8 pc=000003bc tag=3 raw_iq_imm=000003ab rs1=1
[F] cyc=469 fetch raw=800b0b13 pc_d=000003d8 fetch_pc=000003dc mem_direct=800b0b13
[R] cyc=469 COMMIT op=8 pc=00000380
[D] cyc=470 dispatch op=15 pc=000003c0 tag=4 raw_iq_imm=00000000 rs1=7
[F] cyc=470 fetch raw=01628663 pc_d=000003dc fetch_pc=000003e0 mem_direct=01628663
[C] cyc=470 CDB tag=13 val=0000cccc
[R] cyc=470 COMMIT op=22 pc=00000384
[D] cyc=471 dispatch op=22 pc=000003c4 tag=5 raw_iq_imm=0000d000 rs1=0
[F] cyc=471 fetch raw=000120b7 pc_d=000003e0 fetch_pc=000003e4 mem_direct=000120b7
[R] cyc=471 COMMIT op=8 pc=00000388
[D] cyc=472 dispatch op=8 pc=000003c8 tag=6 raw_iq_imm=fffffccc rs1=1
[F] cyc=472 fetch raw=3ab08093 pc_d=000003e4 fetch_pc=000003e8 mem_direct=3ab08093
[C] cyc=472 CDB tag=2 val=00012000
[R] cyc=472 COMMIT op=16 pc=0000038c
[D] cyc=473 dispatch op=22 pc=000003cc tag=7 raw_iq_imm=00001000 rs1=0
[F] cyc=473 fetch raw=0013a223 pc_d=000003e8 fetch_pc=000003ec mem_direct=0013a223
[R] cyc=473 COMMIT op=22 pc=00000390
[F] cyc=474 fetch raw=0080006f pc_d=000003ec fetch_pc=000003f0 mem_direct=0080006f
[C] cyc=474 CDB tag=5 val=0000d000
[D] cyc=475 dispatch op=8 pc=000003d0 tag=8 raw_iq_imm=00000234 rs1=5
[F] cyc=476 fetch raw=0200006f pc_d=000003f0 fetch_pc=000003f4 mem_direct=0200006f
[C] cyc=476 CDB tag=3 val=000123ab
[C] cyc=477 CDB tag=4 val=00000000
[C] cyc=478 CDB tag=7 val=00001000
[C] cyc=480 CDB tag=9 val=000123ab
[C] cyc=481 CDB tag=10 val=00000000
[R] cyc=481 COMMIT op=8 pc=00000394
[D] cyc=482 dispatch op=22 pc=000003d4 tag=9 raw_iq_imm=00001000 rs1=0
[C] cyc=482 CDB tag=8 val=00001234
[R] cyc=482 COMMIT op=15 pc=00000398
[D] cyc=483 dispatch op=8 pc=000003d8 tag=10 raw_iq_imm=fffff800 rs1=22
[F] cyc=483 fetch raw=0000d0b7 pc_d=000003f4 fetch_pc=000003f8 mem_direct=0000d0b7
[R] cyc=483 COMMIT op=8 pc=0000039c
[D] cyc=484 dispatch op=16 pc=000003dc tag=11 raw_iq_imm=0000000c rs1=5
[F] cyc=484 fetch raw=ccc08093 pc_d=000003f8 fetch_pc=000003fc mem_direct=ccc08093
[C] cyc=484 CDB tag=14 val=ffffffff
[R] cyc=484 COMMIT op=22 pc=000003a0
[D] cyc=485 dispatch op=22 pc=000003e0 tag=12 raw_iq_imm=00012000 rs1=0
[F] cyc=485 fetch raw=80000237 pc_d=000003fc fetch_pc=00000400 mem_direct=80000237
[R] cyc=485 COMMIT op=8 pc=000003a4
[D] cyc=486 dispatch op=8 pc=000003e4 tag=13 raw_iq_imm=000003ab rs1=1
[F] cyc=486 fetch raw=00000a93 pc_d=00000400 fetch_pc=00000404 mem_direct=00000a93
[C] cyc=486 CDB tag=9 val=00001000
[R] cyc=486 COMMIT op=8 pc=000003a8
[D] cyc=487 dispatch op=15 pc=000003e8 tag=14 raw_iq_imm=00000004 rs1=7
[F] cyc=487 fetch raw=ff5206e3 pc_d=00000404 fetch_pc=00000408 mem_direct=ff5206e3
[R] cyc=487 COMMIT op=22 pc=000003ac
[F] cyc=488 fetch raw=000120b7 pc_d=00000408 fetch_pc=0000040c mem_direct=000120b7
[C] cyc=488 CDB tag=12 val=00012000
[C] cyc=490 CDB tag=10 val=00000800
[D] cyc=492 dispatch op=20 pc=000003ec tag=15 raw_iq_imm=00000008 rs1=0
[C] cyc=492 CDB tag=13 val=000123ab
[F] cyc=493 fetch raw=3ab08093 pc_d=0000040c fetch_pc=00000410 mem_direct=3ab08093
[C] cyc=493 CDB tag=11 val=000003e0
[C] cyc=494 CDB tag=14 val=00000000
[C] cyc=495 CDB tag=0 val=07654321
[C] cyc=496 CDB tag=15 val=000003f0
[R] cyc=496 COMMIT op=8 pc=000003b0
[D] cyc=497 dispatch op=20 pc=000003f0 tag=0 raw_iq_imm=00000020 rs1=0
[C] cyc=497 CDB tag=6 val=0000cccc
[F] cyc=498 fetch raw=0013a423 pc_d=00000410 fetch_pc=00000414 mem_direct=0013a423
[C] cyc=498 CDB tag=1 val=000003b8
[R] cyc=498 COMMIT op=16 pc=000003b4
[D] cyc=499 dispatch op=22 pc=000003f4 tag=1 raw_iq_imm=0000d000 rs1=0
[R] cyc=499 COMMIT op=22 pc=000003b8
[D] cyc=500 dispatch op=8 pc=000003f8 tag=2 raw_iq_imm=fffffccc rs1=1
[F] cyc=500 fetch raw=0000d0b7 pc_d=00000414 fetch_pc=00000418 mem_direct=0000d0b7
[C] cyc=500 CDB tag=0 val=000003f4
[R] cyc=500 COMMIT op=8 pc=000003bc
[D] cyc=501 dispatch op=22 pc=000003fc tag=3 raw_iq_imm=80000000 rs1=0
[F] cyc=501 fetch raw=ccc08093 pc_d=00000418 fetch_pc=0000041c mem_direct=ccc08093
[R] cyc=501 COMMIT op=15 pc=000003c0
[D] cyc=502 dispatch op=8 pc=00000400 tag=4 raw_iq_imm=00000000 rs1=0
[F] cyc=502 fetch raw=fffff1b7 pc_d=0000041c fetch_pc=00000420 mem_direct=fffff1b7
[C] cyc=502 CDB tag=1 val=0000d000
[R] cyc=502 COMMIT op=22 pc=000003c4
[D] cyc=503 dispatch op=16 pc=00000404 tag=5 raw_iq_imm=ffffffec rs1=4
[F] cyc=503 fetch raw=dcc18193 pc_d=00000420 fetch_pc=00000424 mem_direct=dcc18193
[R] cyc=503 COMMIT op=8 pc=000003c8
[D] cyc=504 dispatch op=22 pc=00000408 tag=6 raw_iq_imm=00012000 rs1=0
[F] cyc=504 fetch raw=7ff00a13 pc_d=00000424 fetch_pc=00000428 mem_direct=7ff00a13
[C] cyc=504 CDB tag=3 val=80000000
[R] cyc=504 COMMIT op=22 pc=000003cc
[D] cyc=505 dispatch op=8 pc=0000040c tag=7 raw_iq_imm=000003ab rs1=1
[F] cyc=505 fetch raw=01418663 pc_d=00000428 fetch_pc=0000042c mem_direct=01418663
[R] cyc=505 COMMIT op=8 pc=000003d0
[D] cyc=506 dispatch op=15 pc=00000410 tag=8 raw_iq_imm=00000008 rs1=7
[F] cyc=506 fetch raw=000120b7 pc_d=0000042c fetch_pc=00000430 mem_direct=000120b7
[C] cyc=506 CDB tag=2 val=0000cccc
[R] cyc=506 COMMIT op=22 pc=000003d4
[D] cyc=507 dispatch op=22 pc=00000414 tag=9 raw_iq_imm=0000d000 rs1=0
[F] cyc=507 fetch raw=3ab08093 pc_d=00000430 fetch_pc=00000434 mem_direct=3ab08093
[R] cyc=507 COMMIT op=8 pc=000003d8
[D] cyc=508 dispatch op=8 pc=00000418 tag=10 raw_iq_imm=fffffccc rs1=1
[F] cyc=508 fetch raw=0013a623 pc_d=00000434 fetch_pc=00000438 mem_direct=0013a623
[C] cyc=508 CDB tag=6 val=00012000
[R] cyc=508 COMMIT op=16 pc=000003dc
[D] cyc=509 dispatch op=22 pc=0000041c tag=11 raw_iq_imm=fffff000 rs1=0
[F] cyc=509 fetch raw=0000d0b7 pc_d=00000438 fetch_pc=0000043c mem_direct=0000d0b7
[R] cyc=509 COMMIT op=22 pc=000003e0
[D] cyc=510 dispatch op=8 pc=00000420 tag=12 raw_iq_imm=fffffdcc rs1=3
[F] cyc=510 fetch raw=ccc08093 pc_d=0000043c fetch_pc=00000440 mem_direct=ccc08093
[C] cyc=510 CDB tag=9 val=0000d000
[R] cyc=510 COMMIT op=8 pc=000003e4
[D] cyc=511 dispatch op=8 pc=00000424 tag=13 raw_iq_imm=000007ff rs1=0
[F] cyc=511 fetch raw=fff00113 pc_d=00000440 fetch_pc=00000444 mem_direct=fff00113
[R] cyc=511 COMMIT op=15 pc=000003e8
[D] cyc=512 dispatch op=16 pc=00000428 tag=14 raw_iq_imm=0000000c rs1=3
[F] cyc=512 fetch raw=fff00993 pc_d=00000444 fetch_pc=00000448 mem_direct=fff00993
[C] cyc=512 CDB tag=11 val=fffff000
[R] cyc=512 COMMIT op=20 pc=000003ec
[F] cyc=514 fetch raw=0000d0b7 pc_d=000003f4 fetch_pc=000003f8 mem_direct=0000d0b7
[C] cyc=514 CDB tag=13 val=000007ff
[D] cyc=515 dispatch op=22 pc=000003f4 tag=0 raw_iq_imm=0000d000 rs1=0
[F] cyc=515 fetch raw=ccc08093 pc_d=000003f8 fetch_pc=000003fc mem_direct=ccc08093
[D] cyc=516 dispatch op=8 pc=000003f8 tag=1 raw_iq_imm=fffffccc rs1=1
[F] cyc=516 fetch raw=80000237 pc_d=000003fc fetch_pc=00000400 mem_direct=80000237
[D] cyc=517 dispatch op=22 pc=000003fc tag=2 raw_iq_imm=80000000 rs1=0
[F] cyc=517 fetch raw=00000a93 pc_d=00000400 fetch_pc=00000404 mem_direct=00000a93
[D] cyc=518 dispatch op=8 pc=00000400 tag=3 raw_iq_imm=00000000 rs1=0
[F] cyc=518 fetch raw=ff5206e3 pc_d=00000404 fetch_pc=00000408 mem_direct=ff5206e3
[C] cyc=518 CDB tag=0 val=0000d000
[D] cyc=519 dispatch op=16 pc=00000404 tag=4 raw_iq_imm=ffffffec rs1=4
[F] cyc=519 fetch raw=000120b7 pc_d=00000408 fetch_pc=0000040c mem_direct=000120b7
[R] cyc=519 COMMIT op=22 pc=000003f4
[D] cyc=520 dispatch op=22 pc=00000408 tag=5 raw_iq_imm=00012000 rs1=0
[F] cyc=520 fetch raw=3ab08093 pc_d=0000040c fetch_pc=00000410 mem_direct=3ab08093
[C] cyc=520 CDB tag=2 val=80000000
[D] cyc=521 dispatch op=8 pc=0000040c tag=6 raw_iq_imm=000003ab rs1=1
[F] cyc=521 fetch raw=0013a423 pc_d=00000410 fetch_pc=00000414 mem_direct=0013a423
[D] cyc=522 dispatch op=15 pc=00000410 tag=7 raw_iq_imm=00000008 rs1=7
[F] cyc=522 fetch raw=0000d0b7 pc_d=00000414 fetch_pc=00000418 mem_direct=0000d0b7
[C] cyc=522 CDB tag=1 val=0000cccc
[D] cyc=523 dispatch op=22 pc=00000414 tag=8 raw_iq_imm=0000d000 rs1=0
[F] cyc=523 fetch raw=ccc08093 pc_d=00000418 fetch_pc=0000041c mem_direct=ccc08093
[R] cyc=523 COMMIT op=8 pc=000003f8
[D] cyc=524 dispatch op=8 pc=00000418 tag=9 raw_iq_imm=fffffccc rs1=1
[F] cyc=524 fetch raw=fffff1b7 pc_d=0000041c fetch_pc=00000420 mem_direct=fffff1b7
[C] cyc=524 CDB tag=5 val=00012000
[R] cyc=524 COMMIT op=22 pc=000003fc
[D] cyc=525 dispatch op=22 pc=0000041c tag=10 raw_iq_imm=fffff000 rs1=0
[F] cyc=525 fetch raw=dcc18193 pc_d=00000420 fetch_pc=00000424 mem_direct=dcc18193
[D] cyc=526 dispatch op=8 pc=00000420 tag=11 raw_iq_imm=fffffdcc rs1=3
[F] cyc=526 fetch raw=7ff00a13 pc_d=00000424 fetch_pc=00000428 mem_direct=7ff00a13
[C] cyc=526 CDB tag=8 val=0000d000
[D] cyc=527 dispatch op=8 pc=00000424 tag=12 raw_iq_imm=000007ff rs1=0
[F] cyc=527 fetch raw=01418663 pc_d=00000428 fetch_pc=0000042c mem_direct=01418663
[D] cyc=528 dispatch op=16 pc=00000428 tag=13 raw_iq_imm=0000000c rs1=3
[F] cyc=528 fetch raw=000120b7 pc_d=0000042c fetch_pc=00000430 mem_direct=000120b7
[C] cyc=528 CDB tag=10 val=fffff000
[D] cyc=529 dispatch op=22 pc=0000042c tag=14 raw_iq_imm=00012000 rs1=0
[F] cyc=529 fetch raw=3ab08093 pc_d=00000430 fetch_pc=00000434 mem_direct=3ab08093
[D] cyc=530 dispatch op=8 pc=00000430 tag=15 raw_iq_imm=000003ab rs1=1
[F] cyc=530 fetch raw=0013a623 pc_d=00000434 fetch_pc=00000438 mem_direct=0013a623
[C] cyc=530 CDB tag=12 val=000007ff
[D] cyc=531 dispatch op=15 pc=00000434 tag=0 raw_iq_imm=0000000c rs1=7
[F] cyc=531 fetch raw=0000d0b7 pc_d=00000438 fetch_pc=0000043c mem_direct=0000d0b7
[D] cyc=532 dispatch op=22 pc=00000438 tag=1 raw_iq_imm=0000d000 rs1=0
[F] cyc=532 fetch raw=ccc08093 pc_d=0000043c fetch_pc=00000440 mem_direct=ccc08093
[C] cyc=532 CDB tag=14 val=00012000
[D] cyc=533 dispatch op=8 pc=0000043c tag=2 raw_iq_imm=fffffccc rs1=1
[F] cyc=533 fetch raw=fff00113 pc_d=00000440 fetch_pc=00000444 mem_direct=fff00113
[F] cyc=534 fetch raw=fff00993 pc_d=00000444 fetch_pc=00000448 mem_direct=fff00993
[C] cyc=534 CDB tag=6 val=000123ab
[F] cyc=535 fetch raw=01310663 pc_d=00000448 fetch_pc=0000044c mem_direct=01310663
[C] cyc=535 CDB tag=7 val=00000000
[F] cyc=536 fetch raw=000120b7 pc_d=0000044c fetch_pc=00000450 mem_direct=000120b7
[C] cyc=536 CDB tag=1 val=0000d000
[F] cyc=537 fetch raw=3ab08093 pc_d=00000450 fetch_pc=00000454 mem_direct=3ab08093
[F] cyc=538 fetch raw=0013a823 pc_d=00000454 fetch_pc=00000458 mem_direct=0013a823
[C] cyc=538 CDB tag=3 val=00000000
[F] cyc=539 fetch raw=51800193 pc_d=00000458 fetch_pc=0000045c mem_direct=51800193
[R] cyc=539 COMMIT op=8 pc=00000400
[D] cyc=540 dispatch op=8 pc=00000440 tag=3 raw_iq_imm=ffffffff rs1=0
[F] cyc=540 fetch raw=0000d137 pc_d=0000045c fetch_pc=00000460 mem_direct=0000d137
[C] cyc=540 CDB tag=2 val=0000cccc
[F] cyc=541 fetch raw=ccc10113 pc_d=00000460 fetch_pc=00000464 mem_direct=ccc10113
[C] cyc=541 CDB tag=4 val=00000408
[R] cyc=541 COMMIT op=16 pc=00000404
[D] cyc=542 dispatch op=8 pc=00000444 tag=4 raw_iq_imm=ffffffff rs1=0
[C] cyc=542 CDB tag=9 val=0000cccc
[R] cyc=542 COMMIT op=22 pc=00000408
[D] cyc=543 dispatch op=16 pc=00000448 tag=5 raw_iq_imm=0000000c rs1=2
[F] cyc=543 fetch raw=80100093 pc_d=00000464 fetch_pc=00000468 mem_direct=80100093
[R] cyc=543 COMMIT op=8 pc=0000040c
[D] cyc=544 dispatch op=22 pc=0000044c tag=6 raw_iq_imm=00012000 rs1=0
[F] cyc=544 fetch raw=00100913 pc_d=00000468 fetch_pc=0000046c mem_direct=00100913
[C] cyc=544 CDB tag=3 val=ffffffff
[R] cyc=544 COMMIT op=15 pc=00000410
[D] cyc=545 dispatch op=8 pc=00000450 tag=7 raw_iq_imm=000003ab rs1=1
[F] cyc=545 fetch raw=01208663 pc_d=0000046c fetch_pc=00000470 mem_direct=01208663
[R] cyc=545 COMMIT op=22 pc=00000414
[D] cyc=546 dispatch op=15 pc=00000454 tag=8 raw_iq_imm=00000010 rs1=7
[F] cyc=546 fetch raw=00012137 pc_d=00000470 fetch_pc=00000474 mem_direct=00012137
[C] cyc=546 CDB tag=4 val=ffffffff
[R] cyc=546 COMMIT op=8 pc=00000418
[D] cyc=547 dispatch op=8 pc=00000458 tag=9 raw_iq_imm=00000518 rs1=0
[F] cyc=547 fetch raw=3ab10113 pc_d=00000474 fetch_pc=00000478 mem_direct=3ab10113
[R] cyc=547 COMMIT op=22 pc=0000041c
[D] cyc=548 dispatch op=22 pc=0000045c tag=10 raw_iq_imm=0000d000 rs1=0
[F] cyc=548 fetch raw=0021a023 pc_d=00000478 fetch_pc=0000047c mem_direct=0021a023
[C] cyc=548 CDB tag=6 val=00012000
[F] cyc=549 fetch raw=0000d0b7 pc_d=0000047c fetch_pc=00000480 mem_direct=0000d0b7
[C] cyc=549 CDB tag=5 val=00000454
[C] cyc=550 CDB tag=9 val=00000518
[C] cyc=552 CDB tag=7 val=000123ab
[C] cyc=553 CDB tag=8 val=00000000
[C] cyc=554 CDB tag=10 val=0000d000
[C] cyc=556 CDB tag=11 val=ffffedcc
[R] cyc=557 COMMIT op=8 pc=00000420
[D] cyc=558 dispatch op=8 pc=00000460 tag=11 raw_iq_imm=fffffccc rs1=2
[C] cyc=558 CDB tag=15 val=000123ab
[R] cyc=558 COMMIT op=8 pc=00000424
[D] cyc=559 dispatch op=8 pc=00000464 tag=12 raw_iq_imm=fffff801 rs1=0
[F] cyc=559 fetch raw=ccc08093 pc_d=00000480 fetch_pc=00000484 mem_direct=ccc08093
[C] cyc=559 CDB tag=13 val=0000042c
[R] cyc=559 COMMIT op=16 pc=00000428
[D] cyc=560 dispatch op=8 pc=00000468 tag=13 raw_iq_imm=00000001 rs1=0
[F] cyc=560 fetch raw=00000013 pc_d=00000484 fetch_pc=00000488 mem_direct=00000013
[C] cyc=560 CDB tag=0 val=00000000
[R] cyc=560 COMMIT op=22 pc=0000042c
[D] cyc=561 dispatch op=16 pc=0000046c tag=14 raw_iq_imm=0000000c rs1=1
[F] cyc=561 fetch raw=00000893 pc_d=00000488 fetch_pc=0000048c mem_direct=00000893
[C] cyc=561 CDB tag=11 val=0000cccc
[R] cyc=561 COMMIT op=8 pc=00000430
[D] cyc=562 dispatch op=22 pc=00000470 tag=15 raw_iq_imm=00012000 rs1=0
[F] cyc=562 fetch raw=01100663 pc_d=0000048c fetch_pc=00000490 mem_direct=01100663
[R] cyc=562 COMMIT op=15 pc=00000434
[D] cyc=563 dispatch op=8 pc=00000474 tag=0 raw_iq_imm=000003ab rs1=2
[F] cyc=563 fetch raw=000120b7 pc_d=00000490 fetch_pc=00000494 mem_direct=000120b7
[C] cyc=563 CDB tag=13 val=00000001
[R] cyc=563 COMMIT op=22 pc=00000438
[D] cyc=564 dispatch op=15 pc=00000478 tag=1 raw_iq_imm=00000000 rs1=3
[F] cyc=564 fetch raw=3ab08093 pc_d=00000494 fetch_pc=00000498 mem_direct=3ab08093
[R] cyc=564 COMMIT op=8 pc=0000043c
[D] cyc=565 dispatch op=22 pc=0000047c tag=2 raw_iq_imm=0000d000 rs1=0
[F] cyc=565 fetch raw=0011a223 pc_d=00000498 fetch_pc=0000049c mem_direct=0011a223
[C] cyc=565 CDB tag=15 val=00012000
[R] cyc=565 COMMIT op=8 pc=00000440
[D] cyc=566 dispatch op=8 pc=00000480 tag=3 raw_iq_imm=fffffccc rs1=1
[F] cyc=566 fetch raw=00000073 pc_d=0000049c fetch_pc=000004a0 mem_direct=00000073
[R] cyc=566 COMMIT op=8 pc=00000444
[D] cyc=567 dispatch op=8 pc=00000484 tag=4 raw_iq_imm=00000000 rs1=0
[F] cyc=567 fetch raw=ffffffff pc_d=000004a0 fetch_pc=000004a4 mem_direct=ffffffff
[C] cyc=567 CDB tag=12 val=fffff801
[R] cyc=567 COMMIT op=16 pc=00000448
[F] cyc=569 fetch raw=0013a823 pc_d=00000454 fetch_pc=00000458 mem_direct=0013a823
[C] cyc=569 CDB tag=2 val=0000d000
[D] cyc=570 dispatch op=15 pc=00000454 tag=0 raw_iq_imm=00000010 rs1=7
[F] cyc=570 fetch raw=51800193 pc_d=00000458 fetch_pc=0000045c mem_direct=51800193
[D] cyc=571 dispatch op=8 pc=00000458 tag=1 raw_iq_imm=00000518 rs1=0
[F] cyc=571 fetch raw=0000d137 pc_d=0000045c fetch_pc=00000460 mem_direct=0000d137
[C] cyc=571 CDB tag=0 val=00000000
[D] cyc=572 dispatch op=22 pc=0000045c tag=2 raw_iq_imm=0000d000 rs1=0
[F] cyc=572 fetch raw=ccc10113 pc_d=00000460 fetch_pc=00000464 mem_direct=ccc10113
[R] cyc=572 COMMIT op=15 pc=00000454
[D] cyc=573 dispatch op=8 pc=00000460 tag=3 raw_iq_imm=fffffccc rs1=2
[F] cyc=573 fetch raw=80100093 pc_d=00000464 fetch_pc=00000468 mem_direct=80100093
[D] cyc=574 dispatch op=8 pc=00000464 tag=4 raw_iq_imm=fffff801 rs1=0
[F] cyc=574 fetch raw=00100913 pc_d=00000468 fetch_pc=0000046c mem_direct=00100913
[C] cyc=574 CDB tag=1 val=00000518
[D] cyc=575 dispatch op=8 pc=00000468 tag=5 raw_iq_imm=00000001 rs1=0
[F] cyc=575 fetch raw=01208663 pc_d=0000046c fetch_pc=00000470 mem_direct=01208663
[R] cyc=575 COMMIT op=8 pc=00000458
[D] cyc=576 dispatch op=16 pc=0000046c tag=6 raw_iq_imm=0000000c rs1=1
[F] cyc=576 fetch raw=00012137 pc_d=00000470 fetch_pc=00000474 mem_direct=00012137
[C] cyc=576 CDB tag=2 val=0000d000
[D] cyc=577 dispatch op=22 pc=00000470 tag=7 raw_iq_imm=00012000 rs1=0
[F] cyc=577 fetch raw=3ab10113 pc_d=00000474 fetch_pc=00000478 mem_direct=3ab10113
[R] cyc=577 COMMIT op=22 pc=0000045c
[D] cyc=578 dispatch op=8 pc=00000474 tag=8 raw_iq_imm=000003ab rs1=2
[F] cyc=578 fetch raw=0021a023 pc_d=00000478 fetch_pc=0000047c mem_direct=0021a023
[C] cyc=578 CDB tag=5 val=00000001
[D] cyc=579 dispatch op=15 pc=00000478 tag=9 raw_iq_imm=00000000 rs1=3
[F] cyc=579 fetch raw=0000d0b7 pc_d=0000047c fetch_pc=00000480 mem_direct=0000d0b7
[D] cyc=580 dispatch op=22 pc=0000047c tag=10 raw_iq_imm=0000d000 rs1=0
[F] cyc=580 fetch raw=ccc08093 pc_d=00000480 fetch_pc=00000484 mem_direct=ccc08093
[C] cyc=580 CDB tag=3 val=0000cccc
[D] cyc=581 dispatch op=8 pc=00000480 tag=11 raw_iq_imm=fffffccc rs1=1
[F] cyc=581 fetch raw=00000013 pc_d=00000484 fetch_pc=00000488 mem_direct=00000013
[R] cyc=581 COMMIT op=8 pc=00000460
[D] cyc=582 dispatch op=8 pc=00000484 tag=12 raw_iq_imm=00000000 rs1=0
[F] cyc=582 fetch raw=00000893 pc_d=00000488 fetch_pc=0000048c mem_direct=00000893
[C] cyc=582 CDB tag=7 val=00012000
[D] cyc=583 dispatch op=8 pc=00000488 tag=13 raw_iq_imm=00000000 rs1=0
[F] cyc=583 fetch raw=01100663 pc_d=0000048c fetch_pc=00000490 mem_direct=01100663
[D] cyc=584 dispatch op=16 pc=0000048c tag=14 raw_iq_imm=0000000c rs1=0
[F] cyc=584 fetch raw=000120b7 pc_d=00000490 fetch_pc=00000494 mem_direct=000120b7
[C] cyc=584 CDB tag=10 val=0000d000
[D] cyc=585 dispatch op=22 pc=00000490 tag=15 raw_iq_imm=00012000 rs1=0
[F] cyc=585 fetch raw=3ab08093 pc_d=00000494 fetch_pc=00000498 mem_direct=3ab08093
[D] cyc=586 dispatch op=8 pc=00000494 tag=0 raw_iq_imm=000003ab rs1=1
[F] cyc=586 fetch raw=0011a223 pc_d=00000498 fetch_pc=0000049c mem_direct=0011a223
[C] cyc=586 CDB tag=13 val=00000000
[D] cyc=587 dispatch op=15 pc=00000498 tag=1 raw_iq_imm=00000004 rs1=3
[F] cyc=587 fetch raw=00000073 pc_d=0000049c fetch_pc=000004a0 mem_direct=00000073
[D] cyc=588 dispatch op=63 pc=0000049c tag=2 raw_iq_imm=00000000 rs1=0
[F] cyc=588 fetch raw=ffffffff pc_d=000004a0 fetch_pc=000004a4 mem_direct=ffffffff
[C] cyc=588 CDB tag=15 val=00012000
[D] cyc=589 dispatch op=62 pc=000004a0 tag=3 raw_iq_imm=00000000 rs1=0
[F] cyc=589 fetch raw=ffffffff pc_d=000004a4 fetch_pc=000004a8 mem_direct=ffffffff
[C] cyc=589 CDB tag=14 val=00000498
[F] cyc=590 fetch raw=ffffffff pc_d=000004a8 fetch_pc=000004ac mem_direct=ffffffff
[C] cyc=590 CDB tag=11 val=0000cccc
[F] cyc=591 fetch raw=ffffffff pc_d=000004ac fetch_pc=000004b0 mem_direct=ffffffff
[F] cyc=592 fetch raw=ffffffff pc_d=000004b0 fetch_pc=000004b4 mem_direct=ffffffff
[C] cyc=592 CDB tag=2 val=00000000
[F] cyc=593 fetch raw=ffffffff pc_d=000004b4 fetch_pc=000004b8 mem_direct=ffffffff
[F] cyc=594 fetch raw=ffffffff pc_d=000004b8 fetch_pc=000004bc mem_direct=ffffffff
[C] cyc=594 CDB tag=3 val=00000000
[F] cyc=595 fetch raw=ffffffff pc_d=000004bc fetch_pc=000004c0 mem_direct=ffffffff
[F] cyc=596 fetch raw=ffffffff pc_d=000004c0 fetch_pc=000004c4 mem_direct=ffffffff
[C] cyc=596 CDB tag=4 val=fffff801
[R] cyc=597 COMMIT op=8 pc=00000464
[D] cyc=598 dispatch op=62 pc=000004a4 tag=4 raw_iq_imm=00000000 rs1=0
[C] cyc=598 CDB tag=8 val=000123ab
[R] cyc=598 COMMIT op=8 pc=00000468
[D] cyc=599 dispatch op=62 pc=000004a8 tag=5 raw_iq_imm=00000000 rs1=0
[F] cyc=599 fetch raw=ffffffff pc_d=000004c4 fetch_pc=000004c8 mem_direct=ffffffff
[C] cyc=599 CDB tag=6 val=00000470
[R] cyc=599 COMMIT op=16 pc=0000046c
[D] cyc=600 dispatch op=62 pc=000004ac tag=6 raw_iq_imm=00000000 rs1=0
[F] cyc=600 fetch raw=ffffffff pc_d=000004c8 fetch_pc=000004cc mem_direct=ffffffff
[C] cyc=600 CDB tag=9 val=00000000
[R] cyc=600 COMMIT op=22 pc=00000470
[D] cyc=601 dispatch op=62 pc=000004b0 tag=7 raw_iq_imm=00000000 rs1=0
[F] cyc=601 fetch raw=ffffffff pc_d=000004cc fetch_pc=000004d0 mem_direct=ffffffff
[C] cyc=601 CDB tag=12 val=00000000
[R] cyc=601 COMMIT op=8 pc=00000474
[D] cyc=602 dispatch op=62 pc=000004b4 tag=8 raw_iq_imm=00000000 rs1=0
[F] cyc=602 fetch raw=ffffffff pc_d=000004d0 fetch_pc=000004d4 mem_direct=ffffffff
[R] cyc=602 COMMIT op=15 pc=00000478
[D] cyc=603 dispatch op=62 pc=000004b8 tag=9 raw_iq_imm=00000000 rs1=0
[F] cyc=603 fetch raw=ffffffff pc_d=000004d4 fetch_pc=000004d8 mem_direct=ffffffff
[C] cyc=603 CDB tag=4 val=00000000
[R] cyc=603 COMMIT op=22 pc=0000047c
[D] cyc=604 dispatch op=62 pc=000004bc tag=10 raw_iq_imm=00000000 rs1=0
[F] cyc=604 fetch raw=ffffffff pc_d=000004d8 fetch_pc=000004dc mem_direct=ffffffff
[R] cyc=604 COMMIT op=8 pc=00000480
[F] cyc=605 fetch raw=ffffffff pc_d=000004dc fetch_pc=000004e0 mem_direct=ffffffff
[C] cyc=605 CDB tag=8 val=00000000
[R] cyc=605 COMMIT op=8 pc=00000484
[D] cyc=606 dispatch op=62 pc=000004c0 tag=11 raw_iq_imm=00000000 rs1=0
[R] cyc=606 COMMIT op=8 pc=00000488
[F] cyc=607 fetch raw=ffffffff pc_d=000004e0 fetch_pc=000004e4 mem_direct=ffffffff
[C] cyc=607 CDB tag=10 val=00000000
[R] cyc=607 COMMIT op=16 pc=0000048c
[F] cyc=609 fetch raw=0011a223 pc_d=00000498 fetch_pc=0000049c mem_direct=0011a223
[C] cyc=609 CDB tag=11 val=00000000
[D] cyc=610 dispatch op=15 pc=00000498 tag=0 raw_iq_imm=00000004 rs1=3
[F] cyc=610 fetch raw=00000073 pc_d=0000049c fetch_pc=000004a0 mem_direct=00000073
[D] cyc=611 dispatch op=63 pc=0000049c tag=1 raw_iq_imm=00000000 rs1=0
[F] cyc=611 fetch raw=ffffffff pc_d=000004a0 fetch_pc=000004a4 mem_direct=ffffffff
[C] cyc=611 CDB tag=0 val=00000000
[D] cyc=612 dispatch op=62 pc=000004a0 tag=2 raw_iq_imm=00000000 rs1=0
[F] cyc=612 fetch raw=ffffffff pc_d=000004a4 fetch_pc=000004a8 mem_direct=ffffffff
[R] cyc=612 COMMIT op=15 pc=00000498
[D] cyc=613 dispatch op=62 pc=000004a4 tag=3 raw_iq_imm=00000000 rs1=0
[F] cyc=613 fetch raw=ffffffff pc_d=000004a8 fetch_pc=000004ac mem_direct=ffffffff
[D] cyc=614 dispatch op=62 pc=000004a8 tag=4 raw_iq_imm=00000000 rs1=0
[F] cyc=614 fetch raw=ffffffff pc_d=000004ac fetch_pc=000004b0 mem_direct=ffffffff
[C] cyc=614 CDB tag=1 val=00000000
[D] cyc=615 dispatch op=62 pc=000004ac tag=5 raw_iq_imm=00000000 rs1=0
[F] cyc=615 fetch raw=ffffffff pc_d=000004b0 fetch_pc=000004b4 mem_direct=ffffffff
[R] cyc=615 COMMIT op=63 pc=0000049c
[D] cyc=616 dispatch op=62 pc=000004b0 tag=6 raw_iq_imm=00000000 rs1=0
[F] cyc=616 fetch raw=ffffffff pc_d=000004b4 fetch_pc=000004b8 mem_direct=ffffffff
[C] cyc=616 CDB tag=3 val=00000000
sim_compliance.sv:159: $finish called at 6395 (1s)
