../../../hardware/execute/fp_ops/fp_round.sv:47: sorry: constant selects in always_* processes are not fully supported (the process will be sensitive to all bits in 'mant_i[22:0]').
../../../hardware/execute/fp_ops/fp_round.sv:65: sorry: constant selects in always_* processes are not fully supported (the process will be sensitive to all bits in 'mant_inc[23:0]').
../../../hardware/execute/fp_ops/fp_round.sv:70: sorry: constant selects in always_* processes are not fully supported (the process will be sensitive to all bits in 'exp_out[8:0]').
../../../hardware/execute/fp_ops/fp_round.sv:75: sorry: constant selects in always_* processes are not fully supported (the process will be sensitive to all bits in 'exp_out[8:0]').
../../../hardware/execute/fp_ops/fp_round.sv:75: sorry: constant selects in always_* processes are not fully supported (the process will be sensitive to all bits in 'mant_inc[23:0]').
:0: sorry: constant selects in always_* processes are not fully supported (the process will be sensitive to all bits in 'head_entry_w[112:0]').
:0: sorry: constant selects in always_* processes are not fully supported (the process will be sensitive to all bits in 'lookup1_entry_w[112:0]').
:0: sorry: constant selects in always_* processes are not fully supported (the process will be sensitive to all bits in 'lookup1_entry_w[112:0]').
:0: sorry: constant selects in always_* processes are not fully supported (the process will be sensitive to all bits in 'lookup2_entry_w[112:0]').
:0: sorry: constant selects in always_* processes are not fully supported (the process will be sensitive to all bits in 'lookup2_entry_w[112:0]').
:0: sorry: constant selects in always_* processes are not fully supported (the process will be sensitive to all bits in 'iq_instr_i[88:0]').
:0: sorry: constant selects in always_* processes are not fully supported (the process will be sensitive to all bits in 'iq_instr_i[88:0]').
:0: sorry: constant selects in always_* processes are not fully supported (the process will be sensitive to all bits in 'iq_instr_i[88:0]').
:0: sorry: constant selects in always_* processes are not fully supported (the process will be sensitive to all bits in 'iq_instr_i[88:0]').
:0: sorry: constant selects in always_* processes are not fully supported (the process will be sensitive to all bits in 'iq_instr_i[88:0]').
:0: sorry: constant selects in always_* processes are not fully supported (the process will be sensitive to all bits in 'cdb_i[36:0]').
:0: sorry: constant selects in always_* processes are not fully supported (the process will be sensitive to all bits in 'cdb_i[36:0]').
:0: sorry: constant selects in always_* processes are not fully supported (the process will be sensitive to all bits in 'cdb_i[36:0]').
:0: sorry: constant selects in always_* processes are not fully supported (the process will be sensitive to all bits in 'cdb_i[36:0]').
:0: sorry: constant selects in always_* processes are not fully supported (the process will be sensitive to all bits in 'cdb_i[36:0]').
:0: sorry: constant selects in always_* processes are not fully supported (the process will be sensitive to all bits in 'cdb_i[36:0]').
:0: sorry: constant selects in always_* processes are not fully supported (the process will be sensitive to all bits in 'iq_instr_i[88:0]').
:0: sorry: constant selects in always_* processes are not fully supported (the process will be sensitive to all bits in 'cdb_i[36:0]').
:0: sorry: constant selects in always_* processes are not fully supported (the process will be sensitive to all bits in 'cdb_i[36:0]').
:0: sorry: constant selects in always_* processes are not fully supported (the process will be sensitive to all bits in 'cdb_i[36:0]').
:0: sorry: constant selects in always_* processes are not fully supported (the process will be sensitive to all bits in 'cdb_i[36:0]').
:0: sorry: constant selects in always_* processes are not fully supported (the process will be sensitive to all bits in 'cdb_i[36:0]').
:0: sorry: constant selects in always_* processes are not fully supported (the process will be sensitive to all bits in 'cdb_i[36:0]').
:0: sorry: constant selects in always_* processes are not fully supported (the process will be sensitive to all bits in 'iq_instr_i[88:0]').
:0: sorry: constant selects in always_* processes are not fully supported (the process will be sensitive to all bits in 'iq_instr_i[88:0]').
:0: sorry: constant selects in always_* processes are not fully supported (the process will be sensitive to all bits in 'iq_instr_i[88:0]').
:0: sorry: constant selects in always_* processes are not fully supported (the process will be sensitive to all bits in 'iq_instr_i[88:0]').
:0: sorry: constant selects in always_* processes are not fully supported (the process will be sensitive to all bits in 'iq_instr_i[88:0]').
:0: sorry: constant selects in always_* processes are not fully supported (the process will be sensitive to all bits in 'iq_instr_i[88:0]').
:0: sorry: constant selects in always_* processes are not fully supported (the process will be sensitive to all bits in 'iq_instr_i[88:0]').
:0: sorry: constant selects in always_* processes are not fully supported (the process will be sensitive to all bits in 'iq_instr_i[88:0]').
../../../hardware/execute/int_ops/alu_unit.sv:50: sorry: constant selects in always_* processes are not fully supported (the process will be sensitive to all bits in 'rs2_i[31:0]').
../../../hardware/execute/int_ops/alu_unit.sv:51: sorry: constant selects in always_* processes are not fully supported (the process will be sensitive to all bits in 'rs2_i[31:0]').
../../../hardware/execute/int_ops/alu_unit.sv:52: sorry: constant selects in always_* processes are not fully supported (the process will be sensitive to all bits in 'rs2_i[31:0]').
../../../hardware/execute/int_ops/alu_unit.sv:60: sorry: constant selects in always_* processes are not fully supported (the process will be sensitive to all bits in 'imm_i[31:0]').
../../../hardware/execute/int_ops/alu_unit.sv:61: sorry: constant selects in always_* processes are not fully supported (the process will be sensitive to all bits in 'imm_i[31:0]').
../../../hardware/execute/int_ops/alu_unit.sv:62: sorry: constant selects in always_* processes are not fully supported (the process will be sensitive to all bits in 'imm_i[31:0]').
../../../hardware/execute/fp_ops/fp_add.sv:60: sorry: constant selects in always_* processes are not fully supported (the process will be sensitive to all bits in 'a[31:0]').
../../../hardware/execute/fp_ops/fp_add.sv:60: sorry: constant selects in always_* processes are not fully supported (the process will be sensitive to all bits in 'a[31:0]').
../../../hardware/execute/fp_ops/fp_add.sv:60: sorry: constant selects in always_* processes are not fully supported (the process will be sensitive to all bits in 'a[31:0]').
../../../hardware/execute/fp_ops/fp_add.sv:61: sorry: constant selects in always_* processes are not fully supported (the process will be sensitive to all bits in 'b[31:0]').
../../../hardware/execute/fp_ops/fp_add.sv:62: sorry: constant selects in always_* processes are not fully supported (the process will be sensitive to all bits in 'b[31:0]').
../../../hardware/execute/fp_ops/fp_add.sv:62: sorry: constant selects in always_* processes are not fully supported (the process will be sensitive to all bits in 'b[31:0]').
../../../hardware/execute/fp_ops/fp_add.sv:67: sorry: constant selects in always_* processes are not fully supported (the process will be sensitive to all bits in 'b[31:0]').
../../../hardware/execute/fp_ops/fp_add.sv:80: sorry: constant selects in always_* processes are not fully supported (the process will be sensitive to all bits in 'ediff[7:0]').
../../../hardware/execute/fp_ops/fp_add.sv:97: sorry: constant selects in always_* processes are not fully supported (the process will be sensitive to all bits in 's[26:0]').
../../../hardware/execute/fp_ops/fp_add.sv:100: sorry: constant selects in always_* processes are not fully supported (the process will be sensitive to all bits in 's[26:0]').
../../../hardware/execute/fp_ops/fp_add.sv:108: sorry: constant selects in always_* processes are not fully supported (the process will be sensitive to all bits in 's[26:0]').
../../../hardware/execute/fp_ops/fp_add.sv:108: sorry: constant selects in always_* processes are not fully supported (the process will be sensitive to all bits in 'sh[7:0]').
../../../hardware/execute/fp_ops/fp_add.sv:112: sorry: constant selects in always_* processes are not fully supported (the process will be sensitive to all bits in 'norm[25:0]').
../../../hardware/execute/fp_ops/fp_mul.sv:74: sorry: constant selects in always_* processes are not fully supported (the process will be sensitive to all bits in 'rs1_i[31:0]').
../../../hardware/execute/fp_ops/fp_mul.sv:74: sorry: constant selects in always_* processes are not fully supported (the process will be sensitive to all bits in 'rs1_i[31:0]').
../../../hardware/execute/fp_ops/fp_mul.sv:75: sorry: constant selects in always_* processes are not fully supported (the process will be sensitive to all bits in 'rs2_i[31:0]').
../../../hardware/execute/fp_ops/fp_mul.sv:75: sorry: constant selects in always_* processes are not fully supported (the process will be sensitive to all bits in 'rs2_i[31:0]').
../../../hardware/execute/fp_ops/fp_mul.sv:77: sorry: constant selects in always_* processes are not fully supported (the process will be sensitive to all bits in 'rs1_i[31:0]').
../../../hardware/execute/fp_ops/fp_mul.sv:77: sorry: constant selects in always_* processes are not fully supported (the process will be sensitive to all bits in 'rs2_i[31:0]').
../../../hardware/execute/fp_ops/fp_mul.sv:82: sorry: constant selects in always_* processes are not fully supported (the process will be sensitive to all bits in 'ma[23:0]').
../../../hardware/execute/fp_ops/fp_mul.sv:82: sorry: constant selects in always_* processes are not fully supported (the process will be sensitive to all bits in 'mb[23:0]').
../../../hardware/execute/fp_ops/fp_mul.sv:83: sorry: constant selects in always_* processes are not fully supported (the process will be sensitive to all bits in 'ma[23:0]').
../../../hardware/execute/fp_ops/fp_mul.sv:83: sorry: constant selects in always_* processes are not fully supported (the process will be sensitive to all bits in 'mb[23:0]').
../../../hardware/execute/fp_ops/fp_mul.sv:84: sorry: constant selects in always_* processes are not fully supported (the process will be sensitive to all bits in 'ma[23:0]').
../../../hardware/execute/fp_ops/fp_mul.sv:84: sorry: constant selects in always_* processes are not fully supported (the process will be sensitive to all bits in 'mb[23:0]').
../../../hardware/execute/fp_ops/fp_mul.sv:85: sorry: constant selects in always_* processes are not fully supported (the process will be sensitive to all bits in 'ma[23:0]').
../../../hardware/execute/fp_ops/fp_mul.sv:85: sorry: constant selects in always_* processes are not fully supported (the process will be sensitive to all bits in 'mb[23:0]').
../../../hardware/execute/fp_ops/fp_mul.sv:112: sorry: constant selects in always_* processes are not fully supported (the process will be sensitive to all bits in 's2_product[47:0]').
../../../hardware/execute/fp_ops/fp_mul.sv:114: sorry: constant selects in always_* processes are not fully supported (the process will be sensitive to all bits in 's2_product[47:0]').
../../../hardware/execute/fp_ops/fp_mul.sv:116: sorry: constant selects in always_* processes are not fully supported (the process will be sensitive to all bits in 's2_product[47:0]').
../../../hardware/execute/fp_ops/fp_mul.sv:118: sorry: constant selects in always_* processes are not fully supported (the process will be sensitive to all bits in 'er[9:0]').
../../../hardware/execute/fp_ops/fp_mul.sv:120: sorry: constant selects in always_* processes are not fully supported (the process will be sensitive to all bits in 'er[9:0]').
../../../hardware/execute/fp_ops/fp_div.sv:138: sorry: constant selects in always_* processes are not fully supported (the process will be sensitive to all bits in 's_exp[9:0]').
../../../hardware/execute/fp_ops/fp_div.sv:142: sorry: constant selects in always_* processes are not fully supported (the process will be sensitive to all bits in 's_qreg[23:0]').
../../../hardware/execute/fp_ops/fp_div.sv:143: sorry: constant selects in always_* processes are not fully supported (the process will be sensitive to all bits in 's_exp[9:0]').
../../../hardware/execute/fp_ops/fp_div.sv:143: sorry: constant selects in always_* processes are not fully supported (the process will be sensitive to all bits in 's_qreg[23:0]').
../../../hardware/execute/fp_ops/fp_div.sv:147: sorry: constant selects in always_* processes are not fully supported (the process will be sensitive to all bits in 's_exp[9:0]').
../../../hardware/execute/fp_ops/fp_div.sv:147: sorry: constant selects in always_* processes are not fully supported (the process will be sensitive to all bits in 's_qreg[23:0]').
../../../hardware/execute/fp_ops/fp_div.sv:165: sorry: constant selects in always_* processes are not fully supported (the process will be sensitive to all bits in 'rs1_i[31:0]').
../../../hardware/execute/fp_ops/fp_div.sv:165: sorry: constant selects in always_* processes are not fully supported (the process will be sensitive to all bits in 'rs1_i[31:0]').
../../../hardware/execute/fp_ops/fp_div.sv:166: sorry: constant selects in always_* processes are not fully supported (the process will be sensitive to all bits in 'rs2_i[31:0]').
../../../hardware/execute/fp_ops/fp_div.sv:166: sorry: constant selects in always_* processes are not fully supported (the process will be sensitive to all bits in 'rs2_i[31:0]').
../../../hardware/execute/fp_ops/fp_div.sv:167: sorry: constant selects in always_* processes are not fully supported (the process will be sensitive to all bits in 'rs1_i[31:0]').
../../../hardware/execute/fp_ops/fp_div.sv:167: sorry: constant selects in always_* processes are not fully supported (the process will be sensitive to all bits in 'rs2_i[31:0]').
:0: sorry: constant selects in always_* processes are not fully supported (the process will be sensitive to all bits in 'head_entry_w[147:0]').
../../../hardware/execute/lsb/load_store_buffer.sv:121: sorry: constant selects in always_* processes are not fully supported (the process will be sensitive to all bits in 'head_addr[31:0]').
../../../hardware/execute/lsb/load_store_buffer.sv:122: sorry: constant selects in always_* processes are not fully supported (the process will be sensitive to all bits in 'head_addr[31:0]').
:0: sorry: constant selects in always_* processes are not fully supported (the process will be sensitive to all bits in 'head_entry_w[147:0]').
../../../hardware/execute/lsb/load_store_buffer.sv:131: sorry: constant selects in always_* processes are not fully supported (the process will be sensitive to all bits in 'head_entry_w[147:0]').
../../../hardware/execute/lsb/load_store_buffer.sv:132: sorry: constant selects in always_* processes are not fully supported (the process will be sensitive to all bits in 'head_entry_w[147:0]').
:0: sorry: constant selects in always_* processes are not fully supported (the process will be sensitive to all bits in 'head_entry_w[147:0]').
../../../hardware/execute/lsb/load_store_buffer.sv:143: sorry: constant selects in always_* processes are not fully supported (the process will be sensitive to all bits in 'mem_rd_data_i[31:0]').
../../../hardware/execute/lsb/load_store_buffer.sv:143: sorry: constant selects in always_* processes are not fully supported (the process will be sensitive to all bits in 'mem_rd_data_i[31:0]').
../../../hardware/execute/lsb/load_store_buffer.sv:144: sorry: constant selects in always_* processes are not fully supported (the process will be sensitive to all bits in 'mem_rd_data_i[31:0]').
../../../hardware/execute/lsb/load_store_buffer.sv:144: sorry: constant selects in always_* processes are not fully supported (the process will be sensitive to all bits in 'mem_rd_data_i[31:0]').
../../../hardware/execute/lsb/load_store_buffer.sv:145: sorry: constant selects in always_* processes are not fully supported (the process will be sensitive to all bits in 'mem_rd_data_i[31:0]').
../../../hardware/execute/lsb/load_store_buffer.sv:145: sorry: constant selects in always_* processes are not fully supported (the process will be sensitive to all bits in 'mem_rd_data_i[31:0]').
../../../hardware/execute/lsb/load_store_buffer.sv:146: sorry: constant selects in always_* processes are not fully supported (the process will be sensitive to all bits in 'mem_rd_data_i[31:0]').
../../../hardware/execute/lsb/load_store_buffer.sv:146: sorry: constant selects in always_* processes are not fully supported (the process will be sensitive to all bits in 'mem_rd_data_i[31:0]').
../../../hardware/execute/lsb/load_store_buffer.sv:151: sorry: constant selects in always_* processes are not fully supported (the process will be sensitive to all bits in 'mem_rd_data_i[31:0]').
../../../hardware/execute/lsb/load_store_buffer.sv:152: sorry: constant selects in always_* processes are not fully supported (the process will be sensitive to all bits in 'mem_rd_data_i[31:0]').
../../../hardware/execute/lsb/load_store_buffer.sv:153: sorry: constant selects in always_* processes are not fully supported (the process will be sensitive to all bits in 'mem_rd_data_i[31:0]').
../../../hardware/execute/lsb/load_store_buffer.sv:154: sorry: constant selects in always_* processes are not fully supported (the process will be sensitive to all bits in 'mem_rd_data_i[31:0]').
../../../hardware/execute/lsb/load_store_buffer.sv:157: sorry: constant selects in always_* processes are not fully supported (the process will be sensitive to all bits in 'load_pending_byte_sel[1:0]').
../../../hardware/execute/lsb/load_store_buffer.sv:158: sorry: constant selects in always_* processes are not fully supported (the process will be sensitive to all bits in 'mem_rd_data_i[31:0]').
../../../hardware/execute/lsb/load_store_buffer.sv:158: sorry: constant selects in always_* processes are not fully supported (the process will be sensitive to all bits in 'mem_rd_data_i[31:0]').
../../../hardware/execute/lsb/load_store_buffer.sv:159: sorry: constant selects in always_* processes are not fully supported (the process will be sensitive to all bits in 'mem_rd_data_i[31:0]').
../../../hardware/execute/lsb/load_store_buffer.sv:159: sorry: constant selects in always_* processes are not fully supported (the process will be sensitive to all bits in 'mem_rd_data_i[31:0]').
../../../hardware/execute/lsb/load_store_buffer.sv:160: sorry: constant selects in always_* processes are not fully supported (the process will be sensitive to all bits in 'load_pending_byte_sel[1:0]').
../../../hardware/execute/lsb/load_store_buffer.sv:161: sorry: constant selects in always_* processes are not fully supported (the process will be sensitive to all bits in 'mem_rd_data_i[31:0]').
../../../hardware/execute/lsb/load_store_buffer.sv:162: sorry: constant selects in always_* processes are not fully supported (the process will be sensitive to all bits in 'mem_rd_data_i[31:0]').
../../../hardware/execute/fp_ops/fp_cvt.sv:56: sorry: constant selects in always_* processes are not fully supported (the process will be sensitive to all bits in 'f[31:0]').
../../../hardware/execute/fp_ops/fp_cvt.sv:57: sorry: constant selects in always_* processes are not fully supported (the process will be sensitive to all bits in 'f[31:0]').
../../../hardware/execute/fp_ops/fp_cvt.sv:58: sorry: constant selects in always_* processes are not fully supported (the process will be sensitive to all bits in 'f[31:0]').
../../../hardware/execute/fp_ops/fp_cvt.sv:98: sorry: constant selects in always_* processes are not fully supported (the process will be sensitive to all bits in 'x[31:0]').
../../../hardware/execute/fp_ops/fp_cvt.sv:109: sorry: constant selects in always_* processes are not fully supported (the process will be sensitive to all bits in 'norm[31:0]').
:0: sorry: constant selects in always_* processes are not fully supported (the process will be sensitive to all bits in 'commit_entry_i[112:0]').
:0: sorry: constant selects in always_* processes are not fully supported (the process will be sensitive to all bits in 'commit_entry_i[112:0]').
:0: sorry: constant selects in always_* processes are not fully supported (the process will be sensitive to all bits in 'commit_entry_i[112:0]').
:0: sorry: constant selects in always_* processes are not fully supported (the process will be sensitive to all bits in 'commit_entry_i[112:0]').
:0: sorry: constant selects in always_* processes are not fully supported (the process will be sensitive to all bits in 'commit_entry_i[112:0]').
:0: sorry: constant selects in always_* processes are not fully supported (the process will be sensitive to all bits in 'commit_entry_i[112:0]').
:0: sorry: constant selects in always_* processes are not fully supported (the process will be sensitive to all bits in 'commit_entry_i[112:0]').
:0: sorry: constant selects in always_* processes are not fully supported (the process will be sensitive to all bits in 'commit_entry_i[112:0]').
:0: sorry: constant selects in always_* processes are not fully supported (the process will be sensitive to all bits in 'commit_entry_i[112:0]').
:0: sorry: constant selects in always_* processes are not fully supported (the process will be sensitive to all bits in 'commit_entry_i[112:0]').
:0: sorry: constant selects in always_* processes are not fully supported (the process will be sensitive to all bits in 'commit_entry_i[112:0]').
:0: sorry: constant selects in always_* processes are not fully supported (the process will be sensitive to all bits in 'commit_entry_i[112:0]').
:0: sorry: constant selects in always_* processes are not fully supported (the process will be sensitive to all bits in 'commit_entry_i[112:0]').
:0: sorry: constant selects in always_* processes are not fully supported (the process will be sensitive to all bits in 'commit_entry_i[112:0]').
../../../hardware/core/tomasulo_core.sv:54: sorry: constant selects in always_* processes are not fully supported (the process will be sensitive to all bits in 'raw[31:0]').
../../../hardware/core/tomasulo_core.sv:54: sorry: constant selects in always_* processes are not fully supported (the process will be sensitive to all bits in 'raw[31:0]').
../../../hardware/core/tomasulo_core.sv:54: sorry: constant selects in always_* processes are not fully supported (the process will be sensitive to all bits in 'raw[31:0]').
../../../hardware/core/tomasulo_core.sv:55: sorry: constant selects in always_* processes are not fully supported (the process will be sensitive to all bits in 'raw[31:0]').
../../../hardware/core/tomasulo_core.sv:55: sorry: constant selects in always_* processes are not fully supported (the process will be sensitive to all bits in 'raw[31:0]').
../../../hardware/core/tomasulo_core.sv:55: sorry: constant selects in always_* processes are not fully supported (the process will be sensitive to all bits in 'raw[31:0]').
../../../hardware/core/tomasulo_core.sv:71: sorry: constant selects in always_* processes are not fully supported (the process will be sensitive to all bits in 'funct7[6:0]').
../../../hardware/core/tomasulo_core.sv:82: sorry: constant selects in always_* processes are not fully supported (the process will be sensitive to all bits in 'raw[31:0]').
../../../hardware/core/tomasulo_core.sv:82: sorry: constant selects in always_* processes are not fully supported (the process will be sensitive to all bits in 'raw[31:0]').
../../../hardware/core/tomasulo_core.sv:88: sorry: constant selects in always_* processes are not fully supported (the process will be sensitive to all bits in 'funct7[6:0]').
../../../hardware/core/tomasulo_core.sv:94: sorry: constant selects in always_* processes are not fully supported (the process will be sensitive to all bits in 'raw[31:0]').
../../../hardware/core/tomasulo_core.sv:94: sorry: constant selects in always_* processes are not fully supported (the process will be sensitive to all bits in 'raw[31:0]').
../../../hardware/core/tomasulo_core.sv:104: sorry: constant selects in always_* processes are not fully supported (the process will be sensitive to all bits in 'raw[31:0]').
../../../hardware/core/tomasulo_core.sv:104: sorry: constant selects in always_* processes are not fully supported (the process will be sensitive to all bits in 'raw[31:0]').
../../../hardware/core/tomasulo_core.sv:104: sorry: constant selects in always_* processes are not fully supported (the process will be sensitive to all bits in 'raw[31:0]').
../../../hardware/core/tomasulo_core.sv:114: sorry: constant selects in always_* processes are not fully supported (the process will be sensitive to all bits in 'raw[31:0]').
../../../hardware/core/tomasulo_core.sv:114: sorry: constant selects in always_* processes are not fully supported (the process will be sensitive to all bits in 'raw[31:0]').
../../../hardware/core/tomasulo_core.sv:114: sorry: constant selects in always_* processes are not fully supported (the process will be sensitive to all bits in 'raw[31:0]').
../../../hardware/core/tomasulo_core.sv:114: sorry: constant selects in always_* processes are not fully supported (the process will be sensitive to all bits in 'raw[31:0]').
../../../hardware/core/tomasulo_core.sv:114: sorry: constant selects in always_* processes are not fully supported (the process will be sensitive to all bits in 'raw[31:0]').
../../../hardware/core/tomasulo_core.sv:124: sorry: constant selects in always_* processes are not fully supported (the process will be sensitive to all bits in 'raw[31:0]').
../../../hardware/core/tomasulo_core.sv:124: sorry: constant selects in always_* processes are not fully supported (the process will be sensitive to all bits in 'raw[31:0]').
../../../hardware/core/tomasulo_core.sv:124: sorry: constant selects in always_* processes are not fully supported (the process will be sensitive to all bits in 'raw[31:0]').
../../../hardware/core/tomasulo_core.sv:124: sorry: constant selects in always_* processes are not fully supported (the process will be sensitive to all bits in 'raw[31:0]').
../../../hardware/core/tomasulo_core.sv:124: sorry: constant selects in always_* processes are not fully supported (the process will be sensitive to all bits in 'raw[31:0]').
../../../hardware/core/tomasulo_core.sv:129: sorry: constant selects in always_* processes are not fully supported (the process will be sensitive to all bits in 'raw[31:0]').
../../../hardware/core/tomasulo_core.sv:129: sorry: constant selects in always_* processes are not fully supported (the process will be sensitive to all bits in 'raw[31:0]').
../../../hardware/core/tomasulo_core.sv:134: sorry: constant selects in always_* processes are not fully supported (the process will be sensitive to all bits in 'raw[31:0]').
../../../hardware/core/tomasulo_core.sv:138: sorry: constant selects in always_* processes are not fully supported (the process will be sensitive to all bits in 'raw[31:0]').
../../../hardware/core/tomasulo_core.sv:144: sorry: constant selects in always_* processes are not fully supported (the process will be sensitive to all bits in 'raw[31:0]').
../../../hardware/core/tomasulo_core.sv:144: sorry: constant selects in always_* processes are not fully supported (the process will be sensitive to all bits in 'raw[31:0]').
../../../hardware/core/tomasulo_core.sv:150: sorry: constant selects in always_* processes are not fully supported (the process will be sensitive to all bits in 'raw[31:0]').
../../../hardware/core/tomasulo_core.sv:150: sorry: constant selects in always_* processes are not fully supported (the process will be sensitive to all bits in 'raw[31:0]').
../../../hardware/core/tomasulo_core.sv:150: sorry: constant selects in always_* processes are not fully supported (the process will be sensitive to all bits in 'raw[31:0]').
[tb] loading hex: build/I-JAL-01.hex
[tb] hex loaded, entering reset
[tb] rst_n=0, waiting for 4 clk edges...
[tb] reset done, rst_n=1
[F] cyc=1 fetch raw=35000293 pc_d=00000000 fetch_pc=00000004 mem_direct=35000293
[D] cyc=2 dispatch op=8 pc=00000000 tag=0 raw_iq_imm=00000350 rs1=0
[F] cyc=2 fetch raw=0000d037 pc_d=00000004 fetch_pc=00000008 mem_direct=0000d037
[D] cyc=3 dispatch op=22 pc=00000004 tag=1 raw_iq_imm=0000d000 rs1=0
[F] cyc=3 fetch raw=ccc00013 pc_d=00000008 fetch_pc=0000000c mem_direct=ccc00013
[D] cyc=4 dispatch op=8 pc=00000008 tag=2 raw_iq_imm=fffffccc rs1=0
[F] cyc=4 fetch raw=00c00fef pc_d=0000000c fetch_pc=00000010 mem_direct=00c00fef
[D] cyc=5 dispatch op=20 pc=0000000c tag=3 raw_iq_imm=0000000c rs1=0
[F] cyc=5 fetch raw=00012037 pc_d=00000010 fetch_pc=00000014 mem_direct=00012037
[C] cyc=5 CDB tag=0 val=00000350
[D] cyc=6 dispatch op=22 pc=00000010 tag=4 raw_iq_imm=00012000 rs1=0
[F] cyc=6 fetch raw=3ab00013 pc_d=00000014 fetch_pc=00000018 mem_direct=3ab00013
[R] cyc=6 COMMIT op=8 pc=00000000
[D] cyc=7 dispatch op=8 pc=00000014 tag=5 raw_iq_imm=000003ab rs1=0
[F] cyc=7 fetch raw=0002a023 pc_d=00000018 fetch_pc=0000001c mem_direct=0002a023
[C] cyc=7 CDB tag=2 val=fffffccc
[D] cyc=8 dispatch op=15 pc=00000018 tag=6 raw_iq_imm=00000000 rs1=5
[F] cyc=8 fetch raw=0000d0b7 pc_d=0000001c fetch_pc=00000020 mem_direct=0000d0b7
[C] cyc=8 CDB tag=3 val=00000010
[D] cyc=9 dispatch op=22 pc=0000001c tag=7 raw_iq_imm=0000d000 rs1=0
[F] cyc=9 fetch raw=ccc08093 pc_d=00000020 fetch_pc=00000024 mem_direct=ccc08093
[C] cyc=9 CDB tag=6 val=00000000
[D] cyc=10 dispatch op=8 pc=00000020 tag=8 raw_iq_imm=fffffccc rs1=1
[F] cyc=10 fetch raw=00c00f6f pc_d=00000024 fetch_pc=00000028 mem_direct=00c00f6f
[C] cyc=10 CDB tag=4 val=00012000
[D] cyc=11 dispatch op=20 pc=00000024 tag=9 raw_iq_imm=0000000c rs1=0
[F] cyc=11 fetch raw=000120b7 pc_d=00000028 fetch_pc=0000002c mem_direct=000120b7
[D] cyc=12 dispatch op=22 pc=00000028 tag=10 raw_iq_imm=00012000 rs1=0
[F] cyc=12 fetch raw=3ab08093 pc_d=0000002c fetch_pc=00000030 mem_direct=3ab08093
[C] cyc=12 CDB tag=7 val=0000d000
[D] cyc=13 dispatch op=8 pc=0000002c tag=11 raw_iq_imm=000003ab rs1=1
[F] cyc=13 fetch raw=0012a223 pc_d=00000030 fetch_pc=00000034 mem_direct=0012a223
[D] cyc=14 dispatch op=15 pc=00000030 tag=12 raw_iq_imm=00000004 rs1=5
[F] cyc=14 fetch raw=0080006f pc_d=00000034 fetch_pc=00000038 mem_direct=0080006f
[C] cyc=14 CDB tag=9 val=00000028
[D] cyc=15 dispatch op=20 pc=00000034 tag=13 raw_iq_imm=00000008 rs1=0
[F] cyc=15 fetch raw=0180006f pc_d=00000038 fetch_pc=0000003c mem_direct=0180006f
[C] cyc=15 CDB tag=1 val=0000d000
[D] cyc=16 dispatch op=20 pc=00000038 tag=14 raw_iq_imm=00000018 rs1=0
[F] cyc=16 fetch raw=0000d137 pc_d=0000003c fetch_pc=00000040 mem_direct=0000d137
[R] cyc=16 COMMIT op=22 pc=00000004
[D] cyc=17 dispatch op=22 pc=0000003c tag=15 raw_iq_imm=0000d000 rs1=0
[F] cyc=17 fetch raw=ccc10113 pc_d=00000040 fetch_pc=00000044 mem_direct=ccc10113
[C] cyc=17 CDB tag=10 val=00012000
[R] cyc=17 COMMIT op=8 pc=00000008
[D] cyc=18 dispatch op=8 pc=00000040 tag=0 raw_iq_imm=fffffccc rs1=2
[F] cyc=18 fetch raw=ff5ffeef pc_d=00000044 fetch_pc=00000048 mem_direct=ff5ffeef
[C] cyc=18 CDB tag=13 val=00000038
[R] cyc=18 COMMIT op=20 pc=0000000c
[F] cyc=20 fetch raw=0002a023 pc_d=00000018 fetch_pc=0000001c mem_direct=0002a023
[C] cyc=20 CDB tag=14 val=0000003c
[D] cyc=21 dispatch op=15 pc=00000018 tag=0 raw_iq_imm=00000000 rs1=5
[F] cyc=21 fetch raw=0000d0b7 pc_d=0000001c fetch_pc=00000020 mem_direct=0000d0b7
[D] cyc=22 dispatch op=22 pc=0000001c tag=1 raw_iq_imm=0000d000 rs1=0
[F] cyc=22 fetch raw=ccc08093 pc_d=00000020 fetch_pc=00000024 mem_direct=ccc08093
[C] cyc=22 CDB tag=0 val=00000000
[D] cyc=23 dispatch op=8 pc=00000020 tag=2 raw_iq_imm=fffffccc rs1=1
[F] cyc=23 fetch raw=00c00f6f pc_d=00000024 fetch_pc=00000028 mem_direct=00c00f6f
[R] cyc=23 COMMIT op=15 pc=00000018
[D] cyc=24 dispatch op=20 pc=00000024 tag=3 raw_iq_imm=0000000c rs1=0
[F] cyc=24 fetch raw=000120b7 pc_d=00000028 fetch_pc=0000002c mem_direct=000120b7
[D] cyc=25 dispatch op=22 pc=00000028 tag=4 raw_iq_imm=00012000 rs1=0
[F] cyc=25 fetch raw=3ab08093 pc_d=0000002c fetch_pc=00000030 mem_direct=3ab08093
[C] cyc=25 CDB tag=1 val=0000d000
[D] cyc=26 dispatch op=8 pc=0000002c tag=5 raw_iq_imm=000003ab rs1=1
[F] cyc=26 fetch raw=0012a223 pc_d=00000030 fetch_pc=00000034 mem_direct=0012a223
[R] cyc=26 COMMIT op=22 pc=0000001c
[D] cyc=27 dispatch op=15 pc=00000030 tag=6 raw_iq_imm=00000004 rs1=5
[F] cyc=27 fetch raw=0080006f pc_d=00000034 fetch_pc=00000038 mem_direct=0080006f
[C] cyc=27 CDB tag=3 val=00000028
[D] cyc=28 dispatch op=20 pc=00000034 tag=7 raw_iq_imm=00000008 rs1=0
[F] cyc=28 fetch raw=0180006f pc_d=00000038 fetch_pc=0000003c mem_direct=0180006f
[C] cyc=28 CDB tag=4 val=00012000
[D] cyc=29 dispatch op=20 pc=00000038 tag=8 raw_iq_imm=00000018 rs1=0
[F] cyc=29 fetch raw=0000d137 pc_d=0000003c fetch_pc=00000040 mem_direct=0000d137
[D] cyc=30 dispatch op=22 pc=0000003c tag=9 raw_iq_imm=0000d000 rs1=0
[F] cyc=30 fetch raw=ccc10113 pc_d=00000040 fetch_pc=00000044 mem_direct=ccc10113
[C] cyc=30 CDB tag=2 val=0000cccc
[D] cyc=31 dispatch op=8 pc=00000040 tag=10 raw_iq_imm=fffffccc rs1=2
[F] cyc=31 fetch raw=ff5ffeef pc_d=00000044 fetch_pc=00000048 mem_direct=ff5ffeef
[C] cyc=31 CDB tag=7 val=00000038
[R] cyc=31 COMMIT op=8 pc=00000020
[D] cyc=32 dispatch op=20 pc=00000044 tag=11 raw_iq_imm=fffffff4 rs1=0
[F] cyc=32 fetch raw=00012137 pc_d=00000048 fetch_pc=0000004c mem_direct=00012137
[C] cyc=32 CDB tag=5 val=000123ab
[R] cyc=32 COMMIT op=20 pc=00000024
[F] cyc=34 fetch raw=0012a223 pc_d=00000030 fetch_pc=00000034 mem_direct=0012a223
[C] cyc=34 CDB tag=9 val=0000d000
[D] cyc=35 dispatch op=15 pc=00000030 tag=0 raw_iq_imm=00000004 rs1=5
[F] cyc=35 fetch raw=0080006f pc_d=00000034 fetch_pc=00000038 mem_direct=0080006f
[D] cyc=36 dispatch op=20 pc=00000034 tag=1 raw_iq_imm=00000008 rs1=0
[F] cyc=36 fetch raw=0180006f pc_d=00000038 fetch_pc=0000003c mem_direct=0180006f
[C] cyc=36 CDB tag=0 val=00000000
[D] cyc=37 dispatch op=20 pc=00000038 tag=2 raw_iq_imm=00000018 rs1=0
[F] cyc=37 fetch raw=0000d137 pc_d=0000003c fetch_pc=00000040 mem_direct=0000d137
[R] cyc=37 COMMIT op=15 pc=00000030
[D] cyc=38 dispatch op=22 pc=0000003c tag=3 raw_iq_imm=0000d000 rs1=0
[F] cyc=38 fetch raw=ccc10113 pc_d=00000040 fetch_pc=00000044 mem_direct=ccc10113
[D] cyc=39 dispatch op=8 pc=00000040 tag=4 raw_iq_imm=fffffccc rs1=2
[F] cyc=39 fetch raw=ff5ffeef pc_d=00000044 fetch_pc=00000048 mem_direct=ff5ffeef
[C] cyc=39 CDB tag=1 val=00000038
[R] cyc=39 COMMIT op=20 pc=00000034
[F] cyc=41 fetch raw=0000d137 pc_d=0000003c fetch_pc=00000040 mem_direct=0000d137
[C] cyc=41 CDB tag=3 val=0000d000
[D] cyc=42 dispatch op=22 pc=0000003c tag=0 raw_iq_imm=0000d000 rs1=0
[F] cyc=42 fetch raw=ccc10113 pc_d=00000040 fetch_pc=00000044 mem_direct=ccc10113
[C] cyc=42 CDB tag=2 val=0000003c
[D] cyc=43 dispatch op=8 pc=00000040 tag=1 raw_iq_imm=fffffccc rs1=2
[F] cyc=43 fetch raw=ff5ffeef pc_d=00000044 fetch_pc=00000048 mem_direct=ff5ffeef
[D] cyc=44 dispatch op=20 pc=00000044 tag=2 raw_iq_imm=fffffff4 rs1=0
[F] cyc=44 fetch raw=00012137 pc_d=00000048 fetch_pc=0000004c mem_direct=00012137
[D] cyc=45 dispatch op=22 pc=00000048 tag=3 raw_iq_imm=00012000 rs1=0
[F] cyc=45 fetch raw=3ab10113 pc_d=0000004c fetch_pc=00000050 mem_direct=3ab10113
[C] cyc=45 CDB tag=0 val=0000d000
[D] cyc=46 dispatch op=8 pc=0000004c tag=4 raw_iq_imm=000003ab rs1=2
[F] cyc=46 fetch raw=0022a423 pc_d=00000050 fetch_pc=00000054 mem_direct=0022a423
[R] cyc=46 COMMIT op=22 pc=0000003c
[D] cyc=47 dispatch op=15 pc=00000050 tag=5 raw_iq_imm=00000008 rs1=5
[F] cyc=47 fetch raw=0000d1b7 pc_d=00000054 fetch_pc=00000058 mem_direct=0000d1b7
[C] cyc=47 CDB tag=2 val=00000048
[D] cyc=48 dispatch op=22 pc=00000054 tag=6 raw_iq_imm=0000d000 rs1=0
[F] cyc=48 fetch raw=ccc18193 pc_d=00000058 fetch_pc=0000005c mem_direct=ccc18193
[C] cyc=48 CDB tag=3 val=00012000
[D] cyc=49 dispatch op=8 pc=00000058 tag=7 raw_iq_imm=fffffccc rs1=3
[F] cyc=49 fetch raw=00c00e6f pc_d=0000005c fetch_pc=00000060 mem_direct=00c00e6f
[D] cyc=50 dispatch op=20 pc=0000005c tag=8 raw_iq_imm=0000000c rs1=0
[F] cyc=50 fetch raw=000121b7 pc_d=00000060 fetch_pc=00000064 mem_direct=000121b7
[C] cyc=50 CDB tag=1 val=0000cccc
[D] cyc=51 dispatch op=22 pc=00000060 tag=9 raw_iq_imm=00012000 rs1=0
[F] cyc=51 fetch raw=3ab18193 pc_d=00000064 fetch_pc=00000068 mem_direct=3ab18193
[R] cyc=51 COMMIT op=8 pc=00000040
[D] cyc=52 dispatch op=8 pc=00000064 tag=10 raw_iq_imm=000003ab rs1=3
[F] cyc=52 fetch raw=0032a623 pc_d=00000068 fetch_pc=0000006c mem_direct=0032a623
[C] cyc=52 CDB tag=6 val=0000d000
[R] cyc=52 COMMIT op=20 pc=00000044
[F] cyc=54 fetch raw=0180006f pc_d=00000038 fetch_pc=0000003c mem_direct=0180006f
[C] cyc=54 CDB tag=9 val=00012000
[D] cyc=55 dispatch op=20 pc=00000038 tag=0 raw_iq_imm=00000018 rs1=0
[F] cyc=55 fetch raw=0000d137 pc_d=0000003c fetch_pc=00000040 mem_direct=0000d137
[D] cyc=56 dispatch op=22 pc=0000003c tag=1 raw_iq_imm=0000d000 rs1=0
[F] cyc=56 fetch raw=ccc10113 pc_d=00000040 fetch_pc=00000044 mem_direct=ccc10113
[D] cyc=57 dispatch op=8 pc=00000040 tag=2 raw_iq_imm=fffffccc rs1=2
[F] cyc=57 fetch raw=ff5ffeef pc_d=00000044 fetch_pc=00000048 mem_direct=ff5ffeef
[D] cyc=58 dispatch op=20 pc=00000044 tag=3 raw_iq_imm=fffffff4 rs1=0
[F] cyc=58 fetch raw=00012137 pc_d=00000048 fetch_pc=0000004c mem_direct=00012137
[C] cyc=58 CDB tag=0 val=0000003c
[R] cyc=58 COMMIT op=20 pc=00000038
[F] cyc=60 fetch raw=0022a423 pc_d=00000050 fetch_pc=00000054 mem_direct=0022a423
[D] cyc=61 dispatch op=15 pc=00000050 tag=0 raw_iq_imm=00000008 rs1=5
[F] cyc=61 fetch raw=0000d1b7 pc_d=00000054 fetch_pc=00000058 mem_direct=0000d1b7
[D] cyc=62 dispatch op=22 pc=00000054 tag=1 raw_iq_imm=0000d000 rs1=0
[F] cyc=62 fetch raw=ccc18193 pc_d=00000058 fetch_pc=0000005c mem_direct=ccc18193
[C] cyc=62 CDB tag=0 val=00000000
[D] cyc=63 dispatch op=8 pc=00000058 tag=2 raw_iq_imm=fffffccc rs1=3
[F] cyc=63 fetch raw=00c00e6f pc_d=0000005c fetch_pc=00000060 mem_direct=00c00e6f
[R] cyc=63 COMMIT op=15 pc=00000050
[D] cyc=64 dispatch op=20 pc=0000005c tag=3 raw_iq_imm=0000000c rs1=0
[F] cyc=64 fetch raw=000121b7 pc_d=00000060 fetch_pc=00000064 mem_direct=000121b7
[D] cyc=65 dispatch op=22 pc=00000060 tag=4 raw_iq_imm=00012000 rs1=0
[F] cyc=65 fetch raw=3ab18193 pc_d=00000064 fetch_pc=00000068 mem_direct=3ab18193
[C] cyc=65 CDB tag=1 val=0000d000
[D] cyc=66 dispatch op=8 pc=00000064 tag=5 raw_iq_imm=000003ab rs1=3
[F] cyc=66 fetch raw=0032a623 pc_d=00000068 fetch_pc=0000006c mem_direct=0032a623
[R] cyc=66 COMMIT op=22 pc=00000054
[D] cyc=67 dispatch op=15 pc=00000068 tag=6 raw_iq_imm=0000000c rs1=5
[F] cyc=67 fetch raw=0000d237 pc_d=0000006c fetch_pc=00000070 mem_direct=0000d237
[C] cyc=67 CDB tag=3 val=00000060
[D] cyc=68 dispatch op=22 pc=0000006c tag=7 raw_iq_imm=0000d000 rs1=0
[F] cyc=68 fetch raw=ccc20213 pc_d=00000070 fetch_pc=00000074 mem_direct=ccc20213
[C] cyc=68 CDB tag=4 val=00012000
[D] cyc=69 dispatch op=8 pc=00000070 tag=8 raw_iq_imm=fffffccc rs1=4
[F] cyc=69 fetch raw=00c00def pc_d=00000074 fetch_pc=00000078 mem_direct=00c00def
[D] cyc=70 dispatch op=20 pc=00000074 tag=9 raw_iq_imm=0000000c rs1=0
[F] cyc=70 fetch raw=00012237 pc_d=00000078 fetch_pc=0000007c mem_direct=00012237
[C] cyc=70 CDB tag=2 val=0000cccc
[D] cyc=71 dispatch op=22 pc=00000078 tag=10 raw_iq_imm=00012000 rs1=0
[F] cyc=71 fetch raw=3ab20213 pc_d=0000007c fetch_pc=00000080 mem_direct=3ab20213
[R] cyc=71 COMMIT op=8 pc=00000058
[D] cyc=72 dispatch op=8 pc=0000007c tag=11 raw_iq_imm=000003ab rs1=4
[F] cyc=72 fetch raw=0042a823 pc_d=00000080 fetch_pc=00000084 mem_direct=0042a823
[C] cyc=72 CDB tag=7 val=0000d000
[R] cyc=72 COMMIT op=20 pc=0000005c
[F] cyc=74 fetch raw=0032a623 pc_d=00000068 fetch_pc=0000006c mem_direct=0032a623
[C] cyc=74 CDB tag=10 val=00012000
[D] cyc=75 dispatch op=15 pc=00000068 tag=0 raw_iq_imm=0000000c rs1=5
[F] cyc=75 fetch raw=0000d237 pc_d=0000006c fetch_pc=00000070 mem_direct=0000d237
[D] cyc=76 dispatch op=22 pc=0000006c tag=1 raw_iq_imm=0000d000 rs1=0
[F] cyc=76 fetch raw=ccc20213 pc_d=00000070 fetch_pc=00000074 mem_direct=ccc20213
[C] cyc=76 CDB tag=0 val=00000000
[D] cyc=77 dispatch op=8 pc=00000070 tag=2 raw_iq_imm=fffffccc rs1=4
[F] cyc=77 fetch raw=00c00def pc_d=00000074 fetch_pc=00000078 mem_direct=00c00def
[R] cyc=77 COMMIT op=15 pc=00000068
[D] cyc=78 dispatch op=20 pc=00000074 tag=3 raw_iq_imm=0000000c rs1=0
[F] cyc=78 fetch raw=00012237 pc_d=00000078 fetch_pc=0000007c mem_direct=00012237
[D] cyc=79 dispatch op=22 pc=00000078 tag=4 raw_iq_imm=00012000 rs1=0
[F] cyc=79 fetch raw=3ab20213 pc_d=0000007c fetch_pc=00000080 mem_direct=3ab20213
[C] cyc=79 CDB tag=1 val=0000d000
[D] cyc=80 dispatch op=8 pc=0000007c tag=5 raw_iq_imm=000003ab rs1=4
[F] cyc=80 fetch raw=0042a823 pc_d=00000080 fetch_pc=00000084 mem_direct=0042a823
[R] cyc=80 COMMIT op=22 pc=0000006c
[D] cyc=81 dispatch op=15 pc=00000080 tag=6 raw_iq_imm=00000010 rs1=5
[F] cyc=81 fetch raw=36400093 pc_d=00000084 fetch_pc=00000088 mem_direct=36400093
[C] cyc=81 CDB tag=3 val=00000078
[D] cyc=82 dispatch op=8 pc=00000084 tag=7 raw_iq_imm=00000364 rs1=0
[F] cyc=82 fetch raw=0000d2b7 pc_d=00000088 fetch_pc=0000008c mem_direct=0000d2b7
[C] cyc=82 CDB tag=4 val=00012000
[D] cyc=83 dispatch op=22 pc=00000088 tag=8 raw_iq_imm=0000d000 rs1=0
[F] cyc=83 fetch raw=ccc28293 pc_d=0000008c fetch_pc=00000090 mem_direct=ccc28293
[D] cyc=84 dispatch op=8 pc=0000008c tag=9 raw_iq_imm=fffffccc rs1=5
[F] cyc=84 fetch raw=00c00d6f pc_d=00000090 fetch_pc=00000094 mem_direct=00c00d6f
[C] cyc=84 CDB tag=2 val=0000cccc
[D] cyc=85 dispatch op=20 pc=00000090 tag=10 raw_iq_imm=0000000c rs1=0
[F] cyc=85 fetch raw=000122b7 pc_d=00000094 fetch_pc=00000098 mem_direct=000122b7
[R] cyc=85 COMMIT op=8 pc=00000070
[D] cyc=86 dispatch op=22 pc=00000094 tag=11 raw_iq_imm=00012000 rs1=0
[F] cyc=86 fetch raw=3ab28293 pc_d=00000098 fetch_pc=0000009c mem_direct=3ab28293
[C] cyc=86 CDB tag=7 val=00000364
[R] cyc=86 COMMIT op=20 pc=00000074
[F] cyc=88 fetch raw=0042a823 pc_d=00000080 fetch_pc=00000084 mem_direct=0042a823
[C] cyc=88 CDB tag=10 val=00000094
[D] cyc=89 dispatch op=15 pc=00000080 tag=0 raw_iq_imm=00000010 rs1=5
[F] cyc=89 fetch raw=36400093 pc_d=00000084 fetch_pc=00000088 mem_direct=36400093
[C] cyc=89 CDB tag=8 val=0000d000
[D] cyc=90 dispatch op=8 pc=00000084 tag=1 raw_iq_imm=00000364 rs1=0
[F] cyc=90 fetch raw=0000d2b7 pc_d=00000088 fetch_pc=0000008c mem_direct=0000d2b7
[C] cyc=90 CDB tag=0 val=00000000
[D] cyc=91 dispatch op=22 pc=00000088 tag=2 raw_iq_imm=0000d000 rs1=0
[F] cyc=91 fetch raw=ccc28293 pc_d=0000008c fetch_pc=00000090 mem_direct=ccc28293
[R] cyc=91 COMMIT op=15 pc=00000080
[D] cyc=92 dispatch op=8 pc=0000008c tag=3 raw_iq_imm=fffffccc rs1=5
[F] cyc=92 fetch raw=00c00d6f pc_d=00000090 fetch_pc=00000094 mem_direct=00c00d6f
[D] cyc=93 dispatch op=20 pc=00000090 tag=4 raw_iq_imm=0000000c rs1=0
[F] cyc=93 fetch raw=000122b7 pc_d=00000094 fetch_pc=00000098 mem_direct=000122b7
[C] cyc=93 CDB tag=1 val=00000364
[D] cyc=94 dispatch op=22 pc=00000094 tag=5 raw_iq_imm=00012000 rs1=0
[F] cyc=94 fetch raw=3ab28293 pc_d=00000098 fetch_pc=0000009c mem_direct=3ab28293
[R] cyc=94 COMMIT op=8 pc=00000084
[D] cyc=95 dispatch op=8 pc=00000098 tag=6 raw_iq_imm=000003ab rs1=5
[F] cyc=95 fetch raw=0050a023 pc_d=0000009c fetch_pc=000000a0 mem_direct=0050a023
[C] cyc=95 CDB tag=2 val=0000d000
[D] cyc=96 dispatch op=15 pc=0000009c tag=7 raw_iq_imm=00000000 rs1=1
[F] cyc=96 fetch raw=0000d337 pc_d=000000a0 fetch_pc=000000a4 mem_direct=0000d337
[C] cyc=96 CDB tag=4 val=00000094
[R] cyc=96 COMMIT op=22 pc=00000088
[D] cyc=97 dispatch op=22 pc=000000a0 tag=8 raw_iq_imm=0000d000 rs1=0
[F] cyc=97 fetch raw=ccc30313 pc_d=000000a4 fetch_pc=000000a8 mem_direct=ccc30313
[C] cyc=97 CDB tag=5 val=00012000
[D] cyc=98 dispatch op=8 pc=000000a4 tag=9 raw_iq_imm=fffffccc rs1=6
[F] cyc=98 fetch raw=00c00cef pc_d=000000a8 fetch_pc=000000ac mem_direct=00c00cef
[D] cyc=99 dispatch op=20 pc=000000a8 tag=10 raw_iq_imm=0000000c rs1=0
[F] cyc=99 fetch raw=00012337 pc_d=000000ac fetch_pc=000000b0 mem_direct=00012337
[C] cyc=99 CDB tag=3 val=0000cccc
[D] cyc=100 dispatch op=22 pc=000000ac tag=11 raw_iq_imm=00012000 rs1=0
[F] cyc=100 fetch raw=3ab30313 pc_d=000000b0 fetch_pc=000000b4 mem_direct=3ab30313
[R] cyc=100 COMMIT op=8 pc=0000008c
[D] cyc=101 dispatch op=8 pc=000000b0 tag=12 raw_iq_imm=000003ab rs1=6
[F] cyc=101 fetch raw=0060a223 pc_d=000000b4 fetch_pc=000000b8 mem_direct=0060a223
[C] cyc=101 CDB tag=8 val=0000d000
[R] cyc=101 COMMIT op=20 pc=00000090
[F] cyc=103 fetch raw=0050a023 pc_d=0000009c fetch_pc=000000a0 mem_direct=0050a023
[C] cyc=103 CDB tag=11 val=00012000
[D] cyc=104 dispatch op=15 pc=0000009c tag=0 raw_iq_imm=00000000 rs1=1
[F] cyc=104 fetch raw=0000d337 pc_d=000000a0 fetch_pc=000000a4 mem_direct=0000d337
[D] cyc=105 dispatch op=22 pc=000000a0 tag=1 raw_iq_imm=0000d000 rs1=0
[F] cyc=105 fetch raw=ccc30313 pc_d=000000a4 fetch_pc=000000a8 mem_direct=ccc30313
[C] cyc=105 CDB tag=0 val=00000000
[D] cyc=106 dispatch op=8 pc=000000a4 tag=2 raw_iq_imm=fffffccc rs1=6
[F] cyc=106 fetch raw=00c00cef pc_d=000000a8 fetch_pc=000000ac mem_direct=00c00cef
[R] cyc=106 COMMIT op=15 pc=0000009c
[D] cyc=107 dispatch op=20 pc=000000a8 tag=3 raw_iq_imm=0000000c rs1=0
[F] cyc=107 fetch raw=00012337 pc_d=000000ac fetch_pc=000000b0 mem_direct=00012337
[D] cyc=108 dispatch op=22 pc=000000ac tag=4 raw_iq_imm=00012000 rs1=0
[F] cyc=108 fetch raw=3ab30313 pc_d=000000b0 fetch_pc=000000b4 mem_direct=3ab30313
[C] cyc=108 CDB tag=1 val=0000d000
[D] cyc=109 dispatch op=8 pc=000000b0 tag=5 raw_iq_imm=000003ab rs1=6
[F] cyc=109 fetch raw=0060a223 pc_d=000000b4 fetch_pc=000000b8 mem_direct=0060a223
[R] cyc=109 COMMIT op=22 pc=000000a0
[D] cyc=110 dispatch op=15 pc=000000b4 tag=6 raw_iq_imm=00000004 rs1=1
[F] cyc=110 fetch raw=0080006f pc_d=000000b8 fetch_pc=000000bc mem_direct=0080006f
[C] cyc=110 CDB tag=3 val=000000ac
[D] cyc=111 dispatch op=20 pc=000000b8 tag=7 raw_iq_imm=00000008 rs1=0
[F] cyc=111 fetch raw=0180006f pc_d=000000bc fetch_pc=000000c0 mem_direct=0180006f
[C] cyc=111 CDB tag=4 val=00012000
[D] cyc=112 dispatch op=20 pc=000000bc tag=8 raw_iq_imm=00000018 rs1=0
[F] cyc=112 fetch raw=0000d3b7 pc_d=000000c0 fetch_pc=000000c4 mem_direct=0000d3b7
[D] cyc=113 dispatch op=22 pc=000000c0 tag=9 raw_iq_imm=0000d000 rs1=0
[F] cyc=113 fetch raw=ccc38393 pc_d=000000c4 fetch_pc=000000c8 mem_direct=ccc38393
[C] cyc=113 CDB tag=2 val=0000cccc
[D] cyc=114 dispatch op=8 pc=000000c4 tag=10 raw_iq_imm=fffffccc rs1=7
[F] cyc=114 fetch raw=ff5ffc6f pc_d=000000c8 fetch_pc=000000cc mem_direct=ff5ffc6f
[C] cyc=114 CDB tag=7 val=000000bc
[R] cyc=114 COMMIT op=8 pc=000000a4
[D] cyc=115 dispatch op=20 pc=000000c8 tag=11 raw_iq_imm=fffffff4 rs1=0
[F] cyc=115 fetch raw=000123b7 pc_d=000000cc fetch_pc=000000d0 mem_direct=000123b7
[C] cyc=115 CDB tag=5 val=000123ab
[R] cyc=115 COMMIT op=20 pc=000000a8
[F] cyc=117 fetch raw=0060a223 pc_d=000000b4 fetch_pc=000000b8 mem_direct=0060a223
[C] cyc=117 CDB tag=9 val=0000d000
[D] cyc=118 dispatch op=15 pc=000000b4 tag=0 raw_iq_imm=00000004 rs1=1
[F] cyc=118 fetch raw=0080006f pc_d=000000b8 fetch_pc=000000bc mem_direct=0080006f
[D] cyc=119 dispatch op=20 pc=000000b8 tag=1 raw_iq_imm=00000008 rs1=0
[F] cyc=119 fetch raw=0180006f pc_d=000000bc fetch_pc=000000c0 mem_direct=0180006f
[C] cyc=119 CDB tag=0 val=00000000
[D] cyc=120 dispatch op=20 pc=000000bc tag=2 raw_iq_imm=00000018 rs1=0
[F] cyc=120 fetch raw=0000d3b7 pc_d=000000c0 fetch_pc=000000c4 mem_direct=0000d3b7
[R] cyc=120 COMMIT op=15 pc=000000b4
[D] cyc=121 dispatch op=22 pc=000000c0 tag=3 raw_iq_imm=0000d000 rs1=0
[F] cyc=121 fetch raw=ccc38393 pc_d=000000c4 fetch_pc=000000c8 mem_direct=ccc38393
[D] cyc=122 dispatch op=8 pc=000000c4 tag=4 raw_iq_imm=fffffccc rs1=7
[F] cyc=122 fetch raw=ff5ffc6f pc_d=000000c8 fetch_pc=000000cc mem_direct=ff5ffc6f
[C] cyc=122 CDB tag=1 val=000000bc
[R] cyc=122 COMMIT op=20 pc=000000b8
[F] cyc=124 fetch raw=0000d3b7 pc_d=000000c0 fetch_pc=000000c4 mem_direct=0000d3b7
[C] cyc=124 CDB tag=3 val=0000d000
[D] cyc=125 dispatch op=22 pc=000000c0 tag=0 raw_iq_imm=0000d000 rs1=0
[F] cyc=125 fetch raw=ccc38393 pc_d=000000c4 fetch_pc=000000c8 mem_direct=ccc38393
[C] cyc=125 CDB tag=2 val=000000c0
[D] cyc=126 dispatch op=8 pc=000000c4 tag=1 raw_iq_imm=fffffccc rs1=7
[F] cyc=126 fetch raw=ff5ffc6f pc_d=000000c8 fetch_pc=000000cc mem_direct=ff5ffc6f
[D] cyc=127 dispatch op=20 pc=000000c8 tag=2 raw_iq_imm=fffffff4 rs1=0
[F] cyc=127 fetch raw=000123b7 pc_d=000000cc fetch_pc=000000d0 mem_direct=000123b7
[D] cyc=128 dispatch op=22 pc=000000cc tag=3 raw_iq_imm=00012000 rs1=0
[F] cyc=128 fetch raw=3ab38393 pc_d=000000d0 fetch_pc=000000d4 mem_direct=3ab38393
[C] cyc=128 CDB tag=0 val=0000d000
[D] cyc=129 dispatch op=8 pc=000000d0 tag=4 raw_iq_imm=000003ab rs1=7
[F] cyc=129 fetch raw=0070a423 pc_d=000000d4 fetch_pc=000000d8 mem_direct=0070a423
[R] cyc=129 COMMIT op=22 pc=000000c0
[D] cyc=130 dispatch op=15 pc=000000d4 tag=5 raw_iq_imm=00000008 rs1=1
[F] cyc=130 fetch raw=0000d437 pc_d=000000d8 fetch_pc=000000dc mem_direct=0000d437
[C] cyc=130 CDB tag=2 val=000000cc
[D] cyc=131 dispatch op=22 pc=000000d8 tag=6 raw_iq_imm=0000d000 rs1=0
[F] cyc=131 fetch raw=ccc40413 pc_d=000000dc fetch_pc=000000e0 mem_direct=ccc40413
[C] cyc=131 CDB tag=3 val=00012000
[D] cyc=132 dispatch op=8 pc=000000dc tag=7 raw_iq_imm=fffffccc rs1=8
[F] cyc=132 fetch raw=00c00bef pc_d=000000e0 fetch_pc=000000e4 mem_direct=00c00bef
[D] cyc=133 dispatch op=20 pc=000000e0 tag=8 raw_iq_imm=0000000c rs1=0
[F] cyc=133 fetch raw=00012437 pc_d=000000e4 fetch_pc=000000e8 mem_direct=00012437
[C] cyc=133 CDB tag=1 val=0000cccc
[D] cyc=134 dispatch op=22 pc=000000e4 tag=9 raw_iq_imm=00012000 rs1=0
[F] cyc=134 fetch raw=3ab40413 pc_d=000000e8 fetch_pc=000000ec mem_direct=3ab40413
[R] cyc=134 COMMIT op=8 pc=000000c4
[D] cyc=135 dispatch op=8 pc=000000e8 tag=10 raw_iq_imm=000003ab rs1=8
[F] cyc=135 fetch raw=0080a623 pc_d=000000ec fetch_pc=000000f0 mem_direct=0080a623
[C] cyc=135 CDB tag=6 val=0000d000
[R] cyc=135 COMMIT op=20 pc=000000c8
[F] cyc=137 fetch raw=0180006f pc_d=000000bc fetch_pc=000000c0 mem_direct=0180006f
[C] cyc=137 CDB tag=9 val=00012000
[D] cyc=138 dispatch op=20 pc=000000bc tag=0 raw_iq_imm=00000018 rs1=0
[F] cyc=138 fetch raw=0000d3b7 pc_d=000000c0 fetch_pc=000000c4 mem_direct=0000d3b7
[D] cyc=139 dispatch op=22 pc=000000c0 tag=1 raw_iq_imm=0000d000 rs1=0
[F] cyc=139 fetch raw=ccc38393 pc_d=000000c4 fetch_pc=000000c8 mem_direct=ccc38393
[D] cyc=140 dispatch op=8 pc=000000c4 tag=2 raw_iq_imm=fffffccc rs1=7
[F] cyc=140 fetch raw=ff5ffc6f pc_d=000000c8 fetch_pc=000000cc mem_direct=ff5ffc6f
[D] cyc=141 dispatch op=20 pc=000000c8 tag=3 raw_iq_imm=fffffff4 rs1=0
[F] cyc=141 fetch raw=000123b7 pc_d=000000cc fetch_pc=000000d0 mem_direct=000123b7
[C] cyc=141 CDB tag=0 val=000000c0
[R] cyc=141 COMMIT op=20 pc=000000bc
[F] cyc=143 fetch raw=0070a423 pc_d=000000d4 fetch_pc=000000d8 mem_direct=0070a423
[D] cyc=144 dispatch op=15 pc=000000d4 tag=0 raw_iq_imm=00000008 rs1=1
[F] cyc=144 fetch raw=0000d437 pc_d=000000d8 fetch_pc=000000dc mem_direct=0000d437
[D] cyc=145 dispatch op=22 pc=000000d8 tag=1 raw_iq_imm=0000d000 rs1=0
[F] cyc=145 fetch raw=ccc40413 pc_d=000000dc fetch_pc=000000e0 mem_direct=ccc40413
[C] cyc=145 CDB tag=0 val=00000000
[D] cyc=146 dispatch op=8 pc=000000dc tag=2 raw_iq_imm=fffffccc rs1=8
[F] cyc=146 fetch raw=00c00bef pc_d=000000e0 fetch_pc=000000e4 mem_direct=00c00bef
[R] cyc=146 COMMIT op=15 pc=000000d4
[D] cyc=147 dispatch op=20 pc=000000e0 tag=3 raw_iq_imm=0000000c rs1=0
[F] cyc=147 fetch raw=00012437 pc_d=000000e4 fetch_pc=000000e8 mem_direct=00012437
[D] cyc=148 dispatch op=22 pc=000000e4 tag=4 raw_iq_imm=00012000 rs1=0
[F] cyc=148 fetch raw=3ab40413 pc_d=000000e8 fetch_pc=000000ec mem_direct=3ab40413
[C] cyc=148 CDB tag=1 val=0000d000
[D] cyc=149 dispatch op=8 pc=000000e8 tag=5 raw_iq_imm=000003ab rs1=8
[F] cyc=149 fetch raw=0080a623 pc_d=000000ec fetch_pc=000000f0 mem_direct=0080a623
[R] cyc=149 COMMIT op=22 pc=000000d8
[D] cyc=150 dispatch op=15 pc=000000ec tag=6 raw_iq_imm=0000000c rs1=1
[F] cyc=150 fetch raw=0000d4b7 pc_d=000000f0 fetch_pc=000000f4 mem_direct=0000d4b7
[C] cyc=150 CDB tag=3 val=000000e4
[D] cyc=151 dispatch op=22 pc=000000f0 tag=7 raw_iq_imm=0000d000 rs1=0
[F] cyc=151 fetch raw=ccc48493 pc_d=000000f4 fetch_pc=000000f8 mem_direct=ccc48493
[C] cyc=151 CDB tag=4 val=00012000
[D] cyc=152 dispatch op=8 pc=000000f4 tag=8 raw_iq_imm=fffffccc rs1=9
[F] cyc=152 fetch raw=00c00b6f pc_d=000000f8 fetch_pc=000000fc mem_direct=00c00b6f
[D] cyc=153 dispatch op=20 pc=000000f8 tag=9 raw_iq_imm=0000000c rs1=0
[F] cyc=153 fetch raw=000124b7 pc_d=000000fc fetch_pc=00000100 mem_direct=000124b7
[C] cyc=153 CDB tag=2 val=0000cccc
[D] cyc=154 dispatch op=22 pc=000000fc tag=10 raw_iq_imm=00012000 rs1=0
[F] cyc=154 fetch raw=3ab48493 pc_d=00000100 fetch_pc=00000104 mem_direct=3ab48493
[R] cyc=154 COMMIT op=8 pc=000000dc
[D] cyc=155 dispatch op=8 pc=00000100 tag=11 raw_iq_imm=000003ab rs1=9
[F] cyc=155 fetch raw=0090a823 pc_d=00000104 fetch_pc=00000108 mem_direct=0090a823
[C] cyc=155 CDB tag=7 val=0000d000
[R] cyc=155 COMMIT op=20 pc=000000e0
[F] cyc=157 fetch raw=0080a623 pc_d=000000ec fetch_pc=000000f0 mem_direct=0080a623
[C] cyc=157 CDB tag=10 val=00012000
[D] cyc=158 dispatch op=15 pc=000000ec tag=0 raw_iq_imm=0000000c rs1=1
[F] cyc=158 fetch raw=0000d4b7 pc_d=000000f0 fetch_pc=000000f4 mem_direct=0000d4b7
[D] cyc=159 dispatch op=22 pc=000000f0 tag=1 raw_iq_imm=0000d000 rs1=0
[F] cyc=159 fetch raw=ccc48493 pc_d=000000f4 fetch_pc=000000f8 mem_direct=ccc48493
[C] cyc=159 CDB tag=0 val=00000000
[D] cyc=160 dispatch op=8 pc=000000f4 tag=2 raw_iq_imm=fffffccc rs1=9
[F] cyc=160 fetch raw=00c00b6f pc_d=000000f8 fetch_pc=000000fc mem_direct=00c00b6f
[R] cyc=160 COMMIT op=15 pc=000000ec
[D] cyc=161 dispatch op=20 pc=000000f8 tag=3 raw_iq_imm=0000000c rs1=0
[F] cyc=161 fetch raw=000124b7 pc_d=000000fc fetch_pc=00000100 mem_direct=000124b7
[D] cyc=162 dispatch op=22 pc=000000fc tag=4 raw_iq_imm=00012000 rs1=0
[F] cyc=162 fetch raw=3ab48493 pc_d=00000100 fetch_pc=00000104 mem_direct=3ab48493
[C] cyc=162 CDB tag=1 val=0000d000
[D] cyc=163 dispatch op=8 pc=00000100 tag=5 raw_iq_imm=000003ab rs1=9
[F] cyc=163 fetch raw=0090a823 pc_d=00000104 fetch_pc=00000108 mem_direct=0090a823
[R] cyc=163 COMMIT op=22 pc=000000f0
[D] cyc=164 dispatch op=15 pc=00000104 tag=6 raw_iq_imm=00000010 rs1=1
[F] cyc=164 fetch raw=37800093 pc_d=00000108 fetch_pc=0000010c mem_direct=37800093
[C] cyc=164 CDB tag=3 val=000000fc
[D] cyc=165 dispatch op=8 pc=00000108 tag=7 raw_iq_imm=00000378 rs1=0
[F] cyc=165 fetch raw=0000d537 pc_d=0000010c fetch_pc=00000110 mem_direct=0000d537
[C] cyc=165 CDB tag=4 val=00012000
[D] cyc=166 dispatch op=22 pc=0000010c tag=8 raw_iq_imm=0000d000 rs1=0
[F] cyc=166 fetch raw=ccc50513 pc_d=00000110 fetch_pc=00000114 mem_direct=ccc50513
[D] cyc=167 dispatch op=8 pc=00000110 tag=9 raw_iq_imm=fffffccc rs1=10
[F] cyc=167 fetch raw=00c00aef pc_d=00000114 fetch_pc=00000118 mem_direct=00c00aef
[C] cyc=167 CDB tag=2 val=0000cccc
[D] cyc=168 dispatch op=20 pc=00000114 tag=10 raw_iq_imm=0000000c rs1=0
[F] cyc=168 fetch raw=00012537 pc_d=00000118 fetch_pc=0000011c mem_direct=00012537
[R] cyc=168 COMMIT op=8 pc=000000f4
[D] cyc=169 dispatch op=22 pc=00000118 tag=11 raw_iq_imm=00012000 rs1=0
[F] cyc=169 fetch raw=3ab50513 pc_d=0000011c fetch_pc=00000120 mem_direct=3ab50513
[C] cyc=169 CDB tag=7 val=00000378
[R] cyc=169 COMMIT op=20 pc=000000f8
[F] cyc=171 fetch raw=0090a823 pc_d=00000104 fetch_pc=00000108 mem_direct=0090a823
[C] cyc=171 CDB tag=10 val=00000118
[D] cyc=172 dispatch op=15 pc=00000104 tag=0 raw_iq_imm=00000010 rs1=1
[F] cyc=172 fetch raw=37800093 pc_d=00000108 fetch_pc=0000010c mem_direct=37800093
[C] cyc=172 CDB tag=8 val=0000d000
[D] cyc=173 dispatch op=8 pc=00000108 tag=1 raw_iq_imm=00000378 rs1=0
[F] cyc=173 fetch raw=0000d537 pc_d=0000010c fetch_pc=00000110 mem_direct=0000d537
[C] cyc=173 CDB tag=0 val=00000000
[D] cyc=174 dispatch op=22 pc=0000010c tag=2 raw_iq_imm=0000d000 rs1=0
[F] cyc=174 fetch raw=ccc50513 pc_d=00000110 fetch_pc=00000114 mem_direct=ccc50513
[R] cyc=174 COMMIT op=15 pc=00000104
[D] cyc=175 dispatch op=8 pc=00000110 tag=3 raw_iq_imm=fffffccc rs1=10
[F] cyc=175 fetch raw=00c00aef pc_d=00000114 fetch_pc=00000118 mem_direct=00c00aef
[D] cyc=176 dispatch op=20 pc=00000114 tag=4 raw_iq_imm=0000000c rs1=0
[F] cyc=176 fetch raw=00012537 pc_d=00000118 fetch_pc=0000011c mem_direct=00012537
[C] cyc=176 CDB tag=1 val=00000378
[D] cyc=177 dispatch op=22 pc=00000118 tag=5 raw_iq_imm=00012000 rs1=0
[F] cyc=177 fetch raw=3ab50513 pc_d=0000011c fetch_pc=00000120 mem_direct=3ab50513
[R] cyc=177 COMMIT op=8 pc=00000108
[D] cyc=178 dispatch op=8 pc=0000011c tag=6 raw_iq_imm=000003ab rs1=10
[F] cyc=178 fetch raw=00a0a023 pc_d=00000120 fetch_pc=00000124 mem_direct=00a0a023
[C] cyc=178 CDB tag=2 val=0000d000
[D] cyc=179 dispatch op=15 pc=00000120 tag=7 raw_iq_imm=00000000 rs1=1
[F] cyc=179 fetch raw=0000d5b7 pc_d=00000124 fetch_pc=00000128 mem_direct=0000d5b7
[C] cyc=179 CDB tag=4 val=00000118
[R] cyc=179 COMMIT op=22 pc=0000010c
[D] cyc=180 dispatch op=22 pc=00000124 tag=8 raw_iq_imm=0000d000 rs1=0
[F] cyc=180 fetch raw=ccc58593 pc_d=00000128 fetch_pc=0000012c mem_direct=ccc58593
[C] cyc=180 CDB tag=5 val=00012000
[D] cyc=181 dispatch op=8 pc=00000128 tag=9 raw_iq_imm=fffffccc rs1=11
[F] cyc=181 fetch raw=00c00a6f pc_d=0000012c fetch_pc=00000130 mem_direct=00c00a6f
[D] cyc=182 dispatch op=20 pc=0000012c tag=10 raw_iq_imm=0000000c rs1=0
[F] cyc=182 fetch raw=000125b7 pc_d=00000130 fetch_pc=00000134 mem_direct=000125b7
[C] cyc=182 CDB tag=3 val=0000cccc
[D] cyc=183 dispatch op=22 pc=00000130 tag=11 raw_iq_imm=00012000 rs1=0
[F] cyc=183 fetch raw=3ab58593 pc_d=00000134 fetch_pc=00000138 mem_direct=3ab58593
[R] cyc=183 COMMIT op=8 pc=00000110
[D] cyc=184 dispatch op=8 pc=00000134 tag=12 raw_iq_imm=000003ab rs1=11
[F] cyc=184 fetch raw=00b0a223 pc_d=00000138 fetch_pc=0000013c mem_direct=00b0a223
[C] cyc=184 CDB tag=8 val=0000d000
[R] cyc=184 COMMIT op=20 pc=00000114
[F] cyc=186 fetch raw=00a0a023 pc_d=00000120 fetch_pc=00000124 mem_direct=00a0a023
[C] cyc=186 CDB tag=11 val=00012000
[D] cyc=187 dispatch op=15 pc=00000120 tag=0 raw_iq_imm=00000000 rs1=1
[F] cyc=187 fetch raw=0000d5b7 pc_d=00000124 fetch_pc=00000128 mem_direct=0000d5b7
[D] cyc=188 dispatch op=22 pc=00000124 tag=1 raw_iq_imm=0000d000 rs1=0
[F] cyc=188 fetch raw=ccc58593 pc_d=00000128 fetch_pc=0000012c mem_direct=ccc58593
[C] cyc=188 CDB tag=0 val=00000000
[D] cyc=189 dispatch op=8 pc=00000128 tag=2 raw_iq_imm=fffffccc rs1=11
[F] cyc=189 fetch raw=00c00a6f pc_d=0000012c fetch_pc=00000130 mem_direct=00c00a6f
[R] cyc=189 COMMIT op=15 pc=00000120
[D] cyc=190 dispatch op=20 pc=0000012c tag=3 raw_iq_imm=0000000c rs1=0
[F] cyc=190 fetch raw=000125b7 pc_d=00000130 fetch_pc=00000134 mem_direct=000125b7
[D] cyc=191 dispatch op=22 pc=00000130 tag=4 raw_iq_imm=00012000 rs1=0
[F] cyc=191 fetch raw=3ab58593 pc_d=00000134 fetch_pc=00000138 mem_direct=3ab58593
[C] cyc=191 CDB tag=1 val=0000d000
[D] cyc=192 dispatch op=8 pc=00000134 tag=5 raw_iq_imm=000003ab rs1=11
[F] cyc=192 fetch raw=00b0a223 pc_d=00000138 fetch_pc=0000013c mem_direct=00b0a223
[R] cyc=192 COMMIT op=22 pc=00000124
[D] cyc=193 dispatch op=15 pc=00000138 tag=6 raw_iq_imm=00000004 rs1=1
[F] cyc=193 fetch raw=0080006f pc_d=0000013c fetch_pc=00000140 mem_direct=0080006f
[C] cyc=193 CDB tag=3 val=00000130
[D] cyc=194 dispatch op=20 pc=0000013c tag=7 raw_iq_imm=00000008 rs1=0
[F] cyc=194 fetch raw=0180006f pc_d=00000140 fetch_pc=00000144 mem_direct=0180006f
[C] cyc=194 CDB tag=4 val=00012000
[D] cyc=195 dispatch op=20 pc=00000140 tag=8 raw_iq_imm=00000018 rs1=0
[F] cyc=195 fetch raw=0000d637 pc_d=00000144 fetch_pc=00000148 mem_direct=0000d637
[D] cyc=196 dispatch op=22 pc=00000144 tag=9 raw_iq_imm=0000d000 rs1=0
[F] cyc=196 fetch raw=ccc60613 pc_d=00000148 fetch_pc=0000014c mem_direct=ccc60613
[C] cyc=196 CDB tag=2 val=0000cccc
[D] cyc=197 dispatch op=8 pc=00000148 tag=10 raw_iq_imm=fffffccc rs1=12
[F] cyc=197 fetch raw=ff5ff9ef pc_d=0000014c fetch_pc=00000150 mem_direct=ff5ff9ef
[C] cyc=197 CDB tag=7 val=00000140
[R] cyc=197 COMMIT op=8 pc=00000128
[D] cyc=198 dispatch op=20 pc=0000014c tag=11 raw_iq_imm=fffffff4 rs1=0
[F] cyc=198 fetch raw=00012637 pc_d=00000150 fetch_pc=00000154 mem_direct=00012637
[C] cyc=198 CDB tag=5 val=000123ab
[R] cyc=198 COMMIT op=20 pc=0000012c
[F] cyc=200 fetch raw=00b0a223 pc_d=00000138 fetch_pc=0000013c mem_direct=00b0a223
[C] cyc=200 CDB tag=9 val=0000d000
[D] cyc=201 dispatch op=15 pc=00000138 tag=0 raw_iq_imm=00000004 rs1=1
[F] cyc=201 fetch raw=0080006f pc_d=0000013c fetch_pc=00000140 mem_direct=0080006f
[D] cyc=202 dispatch op=20 pc=0000013c tag=1 raw_iq_imm=00000008 rs1=0
[F] cyc=202 fetch raw=0180006f pc_d=00000140 fetch_pc=00000144 mem_direct=0180006f
[C] cyc=202 CDB tag=0 val=00000000
[D] cyc=203 dispatch op=20 pc=00000140 tag=2 raw_iq_imm=00000018 rs1=0
[F] cyc=203 fetch raw=0000d637 pc_d=00000144 fetch_pc=00000148 mem_direct=0000d637
[R] cyc=203 COMMIT op=15 pc=00000138
[D] cyc=204 dispatch op=22 pc=00000144 tag=3 raw_iq_imm=0000d000 rs1=0
[F] cyc=204 fetch raw=ccc60613 pc_d=00000148 fetch_pc=0000014c mem_direct=ccc60613
[D] cyc=205 dispatch op=8 pc=00000148 tag=4 raw_iq_imm=fffffccc rs1=12
[F] cyc=205 fetch raw=ff5ff9ef pc_d=0000014c fetch_pc=00000150 mem_direct=ff5ff9ef
[C] cyc=205 CDB tag=1 val=00000140
[R] cyc=205 COMMIT op=20 pc=0000013c
[F] cyc=207 fetch raw=0000d637 pc_d=00000144 fetch_pc=00000148 mem_direct=0000d637
[C] cyc=207 CDB tag=3 val=0000d000
[D] cyc=208 dispatch op=22 pc=00000144 tag=0 raw_iq_imm=0000d000 rs1=0
[F] cyc=208 fetch raw=ccc60613 pc_d=00000148 fetch_pc=0000014c mem_direct=ccc60613
[C] cyc=208 CDB tag=2 val=00000144
[D] cyc=209 dispatch op=8 pc=00000148 tag=1 raw_iq_imm=fffffccc rs1=12
[F] cyc=209 fetch raw=ff5ff9ef pc_d=0000014c fetch_pc=00000150 mem_direct=ff5ff9ef
[D] cyc=210 dispatch op=20 pc=0000014c tag=2 raw_iq_imm=fffffff4 rs1=0
[F] cyc=210 fetch raw=00012637 pc_d=00000150 fetch_pc=00000154 mem_direct=00012637
[D] cyc=211 dispatch op=22 pc=00000150 tag=3 raw_iq_imm=00012000 rs1=0
[F] cyc=211 fetch raw=3ab60613 pc_d=00000154 fetch_pc=00000158 mem_direct=3ab60613
[C] cyc=211 CDB tag=0 val=0000d000
[D] cyc=212 dispatch op=8 pc=00000154 tag=4 raw_iq_imm=000003ab rs1=12
[F] cyc=212 fetch raw=00c0a423 pc_d=00000158 fetch_pc=0000015c mem_direct=00c0a423
[R] cyc=212 COMMIT op=22 pc=00000144
[D] cyc=213 dispatch op=15 pc=00000158 tag=5 raw_iq_imm=00000008 rs1=1
[F] cyc=213 fetch raw=0000d6b7 pc_d=0000015c fetch_pc=00000160 mem_direct=0000d6b7
[C] cyc=213 CDB tag=2 val=00000150
[D] cyc=214 dispatch op=22 pc=0000015c tag=6 raw_iq_imm=0000d000 rs1=0
[F] cyc=214 fetch raw=ccc68693 pc_d=00000160 fetch_pc=00000164 mem_direct=ccc68693
[C] cyc=214 CDB tag=3 val=00012000
[D] cyc=215 dispatch op=8 pc=00000160 tag=7 raw_iq_imm=fffffccc rs1=13
[F] cyc=215 fetch raw=00c0096f pc_d=00000164 fetch_pc=00000168 mem_direct=00c0096f
[D] cyc=216 dispatch op=20 pc=00000164 tag=8 raw_iq_imm=0000000c rs1=0
[F] cyc=216 fetch raw=000126b7 pc_d=00000168 fetch_pc=0000016c mem_direct=000126b7
[C] cyc=216 CDB tag=1 val=0000cccc
[D] cyc=217 dispatch op=22 pc=00000168 tag=9 raw_iq_imm=00012000 rs1=0
[F] cyc=217 fetch raw=3ab68693 pc_d=0000016c fetch_pc=00000170 mem_direct=3ab68693
[R] cyc=217 COMMIT op=8 pc=00000148
[D] cyc=218 dispatch op=8 pc=0000016c tag=10 raw_iq_imm=000003ab rs1=13
[F] cyc=218 fetch raw=00d0a623 pc_d=00000170 fetch_pc=00000174 mem_direct=00d0a623
[C] cyc=218 CDB tag=6 val=0000d000
[R] cyc=218 COMMIT op=20 pc=0000014c
[F] cyc=220 fetch raw=0180006f pc_d=00000140 fetch_pc=00000144 mem_direct=0180006f
[C] cyc=220 CDB tag=9 val=00012000
[D] cyc=221 dispatch op=20 pc=00000140 tag=0 raw_iq_imm=00000018 rs1=0
[F] cyc=221 fetch raw=0000d637 pc_d=00000144 fetch_pc=00000148 mem_direct=0000d637
[D] cyc=222 dispatch op=22 pc=00000144 tag=1 raw_iq_imm=0000d000 rs1=0
[F] cyc=222 fetch raw=ccc60613 pc_d=00000148 fetch_pc=0000014c mem_direct=ccc60613
[D] cyc=223 dispatch op=8 pc=00000148 tag=2 raw_iq_imm=fffffccc rs1=12
[F] cyc=223 fetch raw=ff5ff9ef pc_d=0000014c fetch_pc=00000150 mem_direct=ff5ff9ef
[D] cyc=224 dispatch op=20 pc=0000014c tag=3 raw_iq_imm=fffffff4 rs1=0
[F] cyc=224 fetch raw=00012637 pc_d=00000150 fetch_pc=00000154 mem_direct=00012637
[C] cyc=224 CDB tag=0 val=00000144
[R] cyc=224 COMMIT op=20 pc=00000140
[F] cyc=226 fetch raw=00c0a423 pc_d=00000158 fetch_pc=0000015c mem_direct=00c0a423
[D] cyc=227 dispatch op=15 pc=00000158 tag=0 raw_iq_imm=00000008 rs1=1
[F] cyc=227 fetch raw=0000d6b7 pc_d=0000015c fetch_pc=00000160 mem_direct=0000d6b7
[D] cyc=228 dispatch op=22 pc=0000015c tag=1 raw_iq_imm=0000d000 rs1=0
[F] cyc=228 fetch raw=ccc68693 pc_d=00000160 fetch_pc=00000164 mem_direct=ccc68693
[C] cyc=228 CDB tag=0 val=00000000
[D] cyc=229 dispatch op=8 pc=00000160 tag=2 raw_iq_imm=fffffccc rs1=13
[F] cyc=229 fetch raw=00c0096f pc_d=00000164 fetch_pc=00000168 mem_direct=00c0096f
[R] cyc=229 COMMIT op=15 pc=00000158
[D] cyc=230 dispatch op=20 pc=00000164 tag=3 raw_iq_imm=0000000c rs1=0
[F] cyc=230 fetch raw=000126b7 pc_d=00000168 fetch_pc=0000016c mem_direct=000126b7
[D] cyc=231 dispatch op=22 pc=00000168 tag=4 raw_iq_imm=00012000 rs1=0
[F] cyc=231 fetch raw=3ab68693 pc_d=0000016c fetch_pc=00000170 mem_direct=3ab68693
[C] cyc=231 CDB tag=1 val=0000d000
[D] cyc=232 dispatch op=8 pc=0000016c tag=5 raw_iq_imm=000003ab rs1=13
[F] cyc=232 fetch raw=00d0a623 pc_d=00000170 fetch_pc=00000174 mem_direct=00d0a623
[R] cyc=232 COMMIT op=22 pc=0000015c
[D] cyc=233 dispatch op=15 pc=00000170 tag=6 raw_iq_imm=0000000c rs1=1
[F] cyc=233 fetch raw=0000d737 pc_d=00000174 fetch_pc=00000178 mem_direct=0000d737
[C] cyc=233 CDB tag=3 val=00000168
[D] cyc=234 dispatch op=22 pc=00000174 tag=7 raw_iq_imm=0000d000 rs1=0
[F] cyc=234 fetch raw=ccc70713 pc_d=00000178 fetch_pc=0000017c mem_direct=ccc70713
[C] cyc=234 CDB tag=4 val=00012000
[D] cyc=235 dispatch op=8 pc=00000178 tag=8 raw_iq_imm=fffffccc rs1=14
[F] cyc=235 fetch raw=00c008ef pc_d=0000017c fetch_pc=00000180 mem_direct=00c008ef
[D] cyc=236 dispatch op=20 pc=0000017c tag=9 raw_iq_imm=0000000c rs1=0
[F] cyc=236 fetch raw=00012737 pc_d=00000180 fetch_pc=00000184 mem_direct=00012737
[C] cyc=236 CDB tag=2 val=0000cccc
[D] cyc=237 dispatch op=22 pc=00000180 tag=10 raw_iq_imm=00012000 rs1=0
[F] cyc=237 fetch raw=3ab70713 pc_d=00000184 fetch_pc=00000188 mem_direct=3ab70713
[R] cyc=237 COMMIT op=8 pc=00000160
[D] cyc=238 dispatch op=8 pc=00000184 tag=11 raw_iq_imm=000003ab rs1=14
[F] cyc=238 fetch raw=00e0a823 pc_d=00000188 fetch_pc=0000018c mem_direct=00e0a823
[C] cyc=238 CDB tag=7 val=0000d000
[R] cyc=238 COMMIT op=20 pc=00000164
[F] cyc=240 fetch raw=00d0a623 pc_d=00000170 fetch_pc=00000174 mem_direct=00d0a623
[C] cyc=240 CDB tag=10 val=00012000
[D] cyc=241 dispatch op=15 pc=00000170 tag=0 raw_iq_imm=0000000c rs1=1
[F] cyc=241 fetch raw=0000d737 pc_d=00000174 fetch_pc=00000178 mem_direct=0000d737
[D] cyc=242 dispatch op=22 pc=00000174 tag=1 raw_iq_imm=0000d000 rs1=0
[F] cyc=242 fetch raw=ccc70713 pc_d=00000178 fetch_pc=0000017c mem_direct=ccc70713
[C] cyc=242 CDB tag=0 val=00000000
[D] cyc=243 dispatch op=8 pc=00000178 tag=2 raw_iq_imm=fffffccc rs1=14
[F] cyc=243 fetch raw=00c008ef pc_d=0000017c fetch_pc=00000180 mem_direct=00c008ef
[R] cyc=243 COMMIT op=15 pc=00000170
[D] cyc=244 dispatch op=20 pc=0000017c tag=3 raw_iq_imm=0000000c rs1=0
[F] cyc=244 fetch raw=00012737 pc_d=00000180 fetch_pc=00000184 mem_direct=00012737
[D] cyc=245 dispatch op=22 pc=00000180 tag=4 raw_iq_imm=00012000 rs1=0
[F] cyc=245 fetch raw=3ab70713 pc_d=00000184 fetch_pc=00000188 mem_direct=3ab70713
[C] cyc=245 CDB tag=1 val=0000d000
[D] cyc=246 dispatch op=8 pc=00000184 tag=5 raw_iq_imm=000003ab rs1=14
[F] cyc=246 fetch raw=00e0a823 pc_d=00000188 fetch_pc=0000018c mem_direct=00e0a823
[R] cyc=246 COMMIT op=22 pc=00000174
[D] cyc=247 dispatch op=15 pc=00000188 tag=6 raw_iq_imm=00000010 rs1=1
[F] cyc=247 fetch raw=38c00113 pc_d=0000018c fetch_pc=00000190 mem_direct=38c00113
[C] cyc=247 CDB tag=3 val=00000180
[D] cyc=248 dispatch op=8 pc=0000018c tag=7 raw_iq_imm=0000038c rs1=0
[F] cyc=248 fetch raw=0000d7b7 pc_d=00000190 fetch_pc=00000194 mem_direct=0000d7b7
[C] cyc=248 CDB tag=4 val=00012000
[D] cyc=249 dispatch op=22 pc=00000190 tag=8 raw_iq_imm=0000d000 rs1=0
[F] cyc=249 fetch raw=ccc78793 pc_d=00000194 fetch_pc=00000198 mem_direct=ccc78793
[D] cyc=250 dispatch op=8 pc=00000194 tag=9 raw_iq_imm=fffffccc rs1=15
[F] cyc=250 fetch raw=00c0086f pc_d=00000198 fetch_pc=0000019c mem_direct=00c0086f
[C] cyc=250 CDB tag=2 val=0000cccc
[D] cyc=251 dispatch op=20 pc=00000198 tag=10 raw_iq_imm=0000000c rs1=0
[F] cyc=251 fetch raw=000127b7 pc_d=0000019c fetch_pc=000001a0 mem_direct=000127b7
[R] cyc=251 COMMIT op=8 pc=00000178
[D] cyc=252 dispatch op=22 pc=0000019c tag=11 raw_iq_imm=00012000 rs1=0
[F] cyc=252 fetch raw=3ab78793 pc_d=000001a0 fetch_pc=000001a4 mem_direct=3ab78793
[C] cyc=252 CDB tag=7 val=0000038c
[R] cyc=252 COMMIT op=20 pc=0000017c
[F] cyc=254 fetch raw=00e0a823 pc_d=00000188 fetch_pc=0000018c mem_direct=00e0a823
[C] cyc=254 CDB tag=10 val=0000019c
[D] cyc=255 dispatch op=15 pc=00000188 tag=0 raw_iq_imm=00000010 rs1=1
[F] cyc=255 fetch raw=38c00113 pc_d=0000018c fetch_pc=00000190 mem_direct=38c00113
[C] cyc=255 CDB tag=8 val=0000d000
[D] cyc=256 dispatch op=8 pc=0000018c tag=1 raw_iq_imm=0000038c rs1=0
[F] cyc=256 fetch raw=0000d7b7 pc_d=00000190 fetch_pc=00000194 mem_direct=0000d7b7
[C] cyc=256 CDB tag=0 val=00000000
[D] cyc=257 dispatch op=22 pc=00000190 tag=2 raw_iq_imm=0000d000 rs1=0
[F] cyc=257 fetch raw=ccc78793 pc_d=00000194 fetch_pc=00000198 mem_direct=ccc78793
[R] cyc=257 COMMIT op=15 pc=00000188
[D] cyc=258 dispatch op=8 pc=00000194 tag=3 raw_iq_imm=fffffccc rs1=15
[F] cyc=258 fetch raw=00c0086f pc_d=00000198 fetch_pc=0000019c mem_direct=00c0086f
[D] cyc=259 dispatch op=20 pc=00000198 tag=4 raw_iq_imm=0000000c rs1=0
[F] cyc=259 fetch raw=000127b7 pc_d=0000019c fetch_pc=000001a0 mem_direct=000127b7
[C] cyc=259 CDB tag=1 val=0000038c
[D] cyc=260 dispatch op=22 pc=0000019c tag=5 raw_iq_imm=00012000 rs1=0
[F] cyc=260 fetch raw=3ab78793 pc_d=000001a0 fetch_pc=000001a4 mem_direct=3ab78793
[R] cyc=260 COMMIT op=8 pc=0000018c
[D] cyc=261 dispatch op=8 pc=000001a0 tag=6 raw_iq_imm=000003ab rs1=15
[F] cyc=261 fetch raw=00f12023 pc_d=000001a4 fetch_pc=000001a8 mem_direct=00f12023
[C] cyc=261 CDB tag=2 val=0000d000
[D] cyc=262 dispatch op=15 pc=000001a4 tag=7 raw_iq_imm=00000000 rs1=2
[F] cyc=262 fetch raw=0000d837 pc_d=000001a8 fetch_pc=000001ac mem_direct=0000d837
[C] cyc=262 CDB tag=4 val=0000019c
[R] cyc=262 COMMIT op=22 pc=00000190
[D] cyc=263 dispatch op=22 pc=000001a8 tag=8 raw_iq_imm=0000d000 rs1=0
[F] cyc=263 fetch raw=ccc80813 pc_d=000001ac fetch_pc=000001b0 mem_direct=ccc80813
[C] cyc=263 CDB tag=5 val=00012000
[D] cyc=264 dispatch op=8 pc=000001ac tag=9 raw_iq_imm=fffffccc rs1=16
[F] cyc=264 fetch raw=00c007ef pc_d=000001b0 fetch_pc=000001b4 mem_direct=00c007ef
[D] cyc=265 dispatch op=20 pc=000001b0 tag=10 raw_iq_imm=0000000c rs1=0
[F] cyc=265 fetch raw=00012837 pc_d=000001b4 fetch_pc=000001b8 mem_direct=00012837
[C] cyc=265 CDB tag=3 val=0000cccc
[D] cyc=266 dispatch op=22 pc=000001b4 tag=11 raw_iq_imm=00012000 rs1=0
[F] cyc=266 fetch raw=3ab80813 pc_d=000001b8 fetch_pc=000001bc mem_direct=3ab80813
[R] cyc=266 COMMIT op=8 pc=00000194
[D] cyc=267 dispatch op=8 pc=000001b8 tag=12 raw_iq_imm=000003ab rs1=16
[F] cyc=267 fetch raw=01012223 pc_d=000001bc fetch_pc=000001c0 mem_direct=01012223
[C] cyc=267 CDB tag=8 val=0000d000
[R] cyc=267 COMMIT op=20 pc=00000198
[F] cyc=269 fetch raw=00f12023 pc_d=000001a4 fetch_pc=000001a8 mem_direct=00f12023
[C] cyc=269 CDB tag=11 val=00012000
[D] cyc=270 dispatch op=15 pc=000001a4 tag=0 raw_iq_imm=00000000 rs1=2
[F] cyc=270 fetch raw=0000d837 pc_d=000001a8 fetch_pc=000001ac mem_direct=0000d837
[D] cyc=271 dispatch op=22 pc=000001a8 tag=1 raw_iq_imm=0000d000 rs1=0
[F] cyc=271 fetch raw=ccc80813 pc_d=000001ac fetch_pc=000001b0 mem_direct=ccc80813
[C] cyc=271 CDB tag=0 val=00000000
[D] cyc=272 dispatch op=8 pc=000001ac tag=2 raw_iq_imm=fffffccc rs1=16
[F] cyc=272 fetch raw=00c007ef pc_d=000001b0 fetch_pc=000001b4 mem_direct=00c007ef
[R] cyc=272 COMMIT op=15 pc=000001a4
[D] cyc=273 dispatch op=20 pc=000001b0 tag=3 raw_iq_imm=0000000c rs1=0
[F] cyc=273 fetch raw=00012837 pc_d=000001b4 fetch_pc=000001b8 mem_direct=00012837
[D] cyc=274 dispatch op=22 pc=000001b4 tag=4 raw_iq_imm=00012000 rs1=0
[F] cyc=274 fetch raw=3ab80813 pc_d=000001b8 fetch_pc=000001bc mem_direct=3ab80813
[C] cyc=274 CDB tag=1 val=0000d000
[D] cyc=275 dispatch op=8 pc=000001b8 tag=5 raw_iq_imm=000003ab rs1=16
[F] cyc=275 fetch raw=01012223 pc_d=000001bc fetch_pc=000001c0 mem_direct=01012223
[R] cyc=275 COMMIT op=22 pc=000001a8
[D] cyc=276 dispatch op=15 pc=000001bc tag=6 raw_iq_imm=00000004 rs1=2
[F] cyc=276 fetch raw=0080006f pc_d=000001c0 fetch_pc=000001c4 mem_direct=0080006f
[C] cyc=276 CDB tag=3 val=000001b4
[D] cyc=277 dispatch op=20 pc=000001c0 tag=7 raw_iq_imm=00000008 rs1=0
[F] cyc=277 fetch raw=0180006f pc_d=000001c4 fetch_pc=000001c8 mem_direct=0180006f
[C] cyc=277 CDB tag=4 val=00012000
[D] cyc=278 dispatch op=20 pc=000001c4 tag=8 raw_iq_imm=00000018 rs1=0
[F] cyc=278 fetch raw=0000d8b7 pc_d=000001c8 fetch_pc=000001cc mem_direct=0000d8b7
[D] cyc=279 dispatch op=22 pc=000001c8 tag=9 raw_iq_imm=0000d000 rs1=0
[F] cyc=279 fetch raw=ccc88893 pc_d=000001cc fetch_pc=000001d0 mem_direct=ccc88893
[C] cyc=279 CDB tag=2 val=0000cccc
[D] cyc=280 dispatch op=8 pc=000001cc tag=10 raw_iq_imm=fffffccc rs1=17
[F] cyc=280 fetch raw=ff5ff76f pc_d=000001d0 fetch_pc=000001d4 mem_direct=ff5ff76f
[C] cyc=280 CDB tag=7 val=000001c4
[R] cyc=280 COMMIT op=8 pc=000001ac
[D] cyc=281 dispatch op=20 pc=000001d0 tag=11 raw_iq_imm=fffffff4 rs1=0
[F] cyc=281 fetch raw=000128b7 pc_d=000001d4 fetch_pc=000001d8 mem_direct=000128b7
[C] cyc=281 CDB tag=5 val=000123ab
[R] cyc=281 COMMIT op=20 pc=000001b0
[F] cyc=283 fetch raw=01012223 pc_d=000001bc fetch_pc=000001c0 mem_direct=01012223
[C] cyc=283 CDB tag=9 val=0000d000
[D] cyc=284 dispatch op=15 pc=000001bc tag=0 raw_iq_imm=00000004 rs1=2
[F] cyc=284 fetch raw=0080006f pc_d=000001c0 fetch_pc=000001c4 mem_direct=0080006f
[D] cyc=285 dispatch op=20 pc=000001c0 tag=1 raw_iq_imm=00000008 rs1=0
[F] cyc=285 fetch raw=0180006f pc_d=000001c4 fetch_pc=000001c8 mem_direct=0180006f
[C] cyc=285 CDB tag=0 val=00000000
[D] cyc=286 dispatch op=20 pc=000001c4 tag=2 raw_iq_imm=00000018 rs1=0
[F] cyc=286 fetch raw=0000d8b7 pc_d=000001c8 fetch_pc=000001cc mem_direct=0000d8b7
[R] cyc=286 COMMIT op=15 pc=000001bc
[D] cyc=287 dispatch op=22 pc=000001c8 tag=3 raw_iq_imm=0000d000 rs1=0
[F] cyc=287 fetch raw=ccc88893 pc_d=000001cc fetch_pc=000001d0 mem_direct=ccc88893
[D] cyc=288 dispatch op=8 pc=000001cc tag=4 raw_iq_imm=fffffccc rs1=17
[F] cyc=288 fetch raw=ff5ff76f pc_d=000001d0 fetch_pc=000001d4 mem_direct=ff5ff76f
[C] cyc=288 CDB tag=1 val=000001c4
[R] cyc=288 COMMIT op=20 pc=000001c0
[F] cyc=290 fetch raw=0000d8b7 pc_d=000001c8 fetch_pc=000001cc mem_direct=0000d8b7
[C] cyc=290 CDB tag=3 val=0000d000
[D] cyc=291 dispatch op=22 pc=000001c8 tag=0 raw_iq_imm=0000d000 rs1=0
[F] cyc=291 fetch raw=ccc88893 pc_d=000001cc fetch_pc=000001d0 mem_direct=ccc88893
[C] cyc=291 CDB tag=2 val=000001c8
[D] cyc=292 dispatch op=8 pc=000001cc tag=1 raw_iq_imm=fffffccc rs1=17
[F] cyc=292 fetch raw=ff5ff76f pc_d=000001d0 fetch_pc=000001d4 mem_direct=ff5ff76f
[D] cyc=293 dispatch op=20 pc=000001d0 tag=2 raw_iq_imm=fffffff4 rs1=0
[F] cyc=293 fetch raw=000128b7 pc_d=000001d4 fetch_pc=000001d8 mem_direct=000128b7
[D] cyc=294 dispatch op=22 pc=000001d4 tag=3 raw_iq_imm=00012000 rs1=0
[F] cyc=294 fetch raw=3ab88893 pc_d=000001d8 fetch_pc=000001dc mem_direct=3ab88893
[C] cyc=294 CDB tag=0 val=0000d000
[D] cyc=295 dispatch op=8 pc=000001d8 tag=4 raw_iq_imm=000003ab rs1=17
[F] cyc=295 fetch raw=01112423 pc_d=000001dc fetch_pc=000001e0 mem_direct=01112423
[R] cyc=295 COMMIT op=22 pc=000001c8
[D] cyc=296 dispatch op=15 pc=000001dc tag=5 raw_iq_imm=00000008 rs1=2
[F] cyc=296 fetch raw=0000d937 pc_d=000001e0 fetch_pc=000001e4 mem_direct=0000d937
[C] cyc=296 CDB tag=2 val=000001d4
[D] cyc=297 dispatch op=22 pc=000001e0 tag=6 raw_iq_imm=0000d000 rs1=0
[F] cyc=297 fetch raw=ccc90913 pc_d=000001e4 fetch_pc=000001e8 mem_direct=ccc90913
[C] cyc=297 CDB tag=3 val=00012000
[D] cyc=298 dispatch op=8 pc=000001e4 tag=7 raw_iq_imm=fffffccc rs1=18
[F] cyc=298 fetch raw=00c006ef pc_d=000001e8 fetch_pc=000001ec mem_direct=00c006ef
[D] cyc=299 dispatch op=20 pc=000001e8 tag=8 raw_iq_imm=0000000c rs1=0
[F] cyc=299 fetch raw=00012937 pc_d=000001ec fetch_pc=000001f0 mem_direct=00012937
[C] cyc=299 CDB tag=1 val=0000cccc
[D] cyc=300 dispatch op=22 pc=000001ec tag=9 raw_iq_imm=00012000 rs1=0
[F] cyc=300 fetch raw=3ab90913 pc_d=000001f0 fetch_pc=000001f4 mem_direct=3ab90913
[R] cyc=300 COMMIT op=8 pc=000001cc
[D] cyc=301 dispatch op=8 pc=000001f0 tag=10 raw_iq_imm=000003ab rs1=18
[F] cyc=301 fetch raw=01212623 pc_d=000001f4 fetch_pc=000001f8 mem_direct=01212623
[C] cyc=301 CDB tag=6 val=0000d000
[R] cyc=301 COMMIT op=20 pc=000001d0
[F] cyc=303 fetch raw=0180006f pc_d=000001c4 fetch_pc=000001c8 mem_direct=0180006f
[C] cyc=303 CDB tag=9 val=00012000
[D] cyc=304 dispatch op=20 pc=000001c4 tag=0 raw_iq_imm=00000018 rs1=0
[F] cyc=304 fetch raw=0000d8b7 pc_d=000001c8 fetch_pc=000001cc mem_direct=0000d8b7
[D] cyc=305 dispatch op=22 pc=000001c8 tag=1 raw_iq_imm=0000d000 rs1=0
[F] cyc=305 fetch raw=ccc88893 pc_d=000001cc fetch_pc=000001d0 mem_direct=ccc88893
[D] cyc=306 dispatch op=8 pc=000001cc tag=2 raw_iq_imm=fffffccc rs1=17
[F] cyc=306 fetch raw=ff5ff76f pc_d=000001d0 fetch_pc=000001d4 mem_direct=ff5ff76f
[D] cyc=307 dispatch op=20 pc=000001d0 tag=3 raw_iq_imm=fffffff4 rs1=0
[F] cyc=307 fetch raw=000128b7 pc_d=000001d4 fetch_pc=000001d8 mem_direct=000128b7
[C] cyc=307 CDB tag=0 val=000001c8
[R] cyc=307 COMMIT op=20 pc=000001c4
[F] cyc=309 fetch raw=01112423 pc_d=000001dc fetch_pc=000001e0 mem_direct=01112423
[D] cyc=310 dispatch op=15 pc=000001dc tag=0 raw_iq_imm=00000008 rs1=2
[F] cyc=310 fetch raw=0000d937 pc_d=000001e0 fetch_pc=000001e4 mem_direct=0000d937
[D] cyc=311 dispatch op=22 pc=000001e0 tag=1 raw_iq_imm=0000d000 rs1=0
[F] cyc=311 fetch raw=ccc90913 pc_d=000001e4 fetch_pc=000001e8 mem_direct=ccc90913
[C] cyc=311 CDB tag=0 val=00000000
[D] cyc=312 dispatch op=8 pc=000001e4 tag=2 raw_iq_imm=fffffccc rs1=18
[F] cyc=312 fetch raw=00c006ef pc_d=000001e8 fetch_pc=000001ec mem_direct=00c006ef
[R] cyc=312 COMMIT op=15 pc=000001dc
[D] cyc=313 dispatch op=20 pc=000001e8 tag=3 raw_iq_imm=0000000c rs1=0
[F] cyc=313 fetch raw=00012937 pc_d=000001ec fetch_pc=000001f0 mem_direct=00012937
[D] cyc=314 dispatch op=22 pc=000001ec tag=4 raw_iq_imm=00012000 rs1=0
[F] cyc=314 fetch raw=3ab90913 pc_d=000001f0 fetch_pc=000001f4 mem_direct=3ab90913
[C] cyc=314 CDB tag=1 val=0000d000
[D] cyc=315 dispatch op=8 pc=000001f0 tag=5 raw_iq_imm=000003ab rs1=18
[F] cyc=315 fetch raw=01212623 pc_d=000001f4 fetch_pc=000001f8 mem_direct=01212623
[R] cyc=315 COMMIT op=22 pc=000001e0
[D] cyc=316 dispatch op=15 pc=000001f4 tag=6 raw_iq_imm=0000000c rs1=2
[F] cyc=316 fetch raw=0000d9b7 pc_d=000001f8 fetch_pc=000001fc mem_direct=0000d9b7
[C] cyc=316 CDB tag=3 val=000001ec
[D] cyc=317 dispatch op=22 pc=000001f8 tag=7 raw_iq_imm=0000d000 rs1=0
[F] cyc=317 fetch raw=ccc98993 pc_d=000001fc fetch_pc=00000200 mem_direct=ccc98993
[C] cyc=317 CDB tag=4 val=00012000
[D] cyc=318 dispatch op=8 pc=000001fc tag=8 raw_iq_imm=fffffccc rs1=19
[F] cyc=318 fetch raw=00c0066f pc_d=00000200 fetch_pc=00000204 mem_direct=00c0066f
[D] cyc=319 dispatch op=20 pc=00000200 tag=9 raw_iq_imm=0000000c rs1=0
[F] cyc=319 fetch raw=000129b7 pc_d=00000204 fetch_pc=00000208 mem_direct=000129b7
[C] cyc=319 CDB tag=2 val=0000cccc
[D] cyc=320 dispatch op=22 pc=00000204 tag=10 raw_iq_imm=00012000 rs1=0
[F] cyc=320 fetch raw=3ab98993 pc_d=00000208 fetch_pc=0000020c mem_direct=3ab98993
[R] cyc=320 COMMIT op=8 pc=000001e4
[D] cyc=321 dispatch op=8 pc=00000208 tag=11 raw_iq_imm=000003ab rs1=19
[F] cyc=321 fetch raw=01312823 pc_d=0000020c fetch_pc=00000210 mem_direct=01312823
[C] cyc=321 CDB tag=7 val=0000d000
[R] cyc=321 COMMIT op=20 pc=000001e8
[F] cyc=323 fetch raw=01212623 pc_d=000001f4 fetch_pc=000001f8 mem_direct=01212623
[C] cyc=323 CDB tag=10 val=00012000
[D] cyc=324 dispatch op=15 pc=000001f4 tag=0 raw_iq_imm=0000000c rs1=2
[F] cyc=324 fetch raw=0000d9b7 pc_d=000001f8 fetch_pc=000001fc mem_direct=0000d9b7
[D] cyc=325 dispatch op=22 pc=000001f8 tag=1 raw_iq_imm=0000d000 rs1=0
[F] cyc=325 fetch raw=ccc98993 pc_d=000001fc fetch_pc=00000200 mem_direct=ccc98993
[C] cyc=325 CDB tag=0 val=00000000
[D] cyc=326 dispatch op=8 pc=000001fc tag=2 raw_iq_imm=fffffccc rs1=19
[F] cyc=326 fetch raw=00c0066f pc_d=00000200 fetch_pc=00000204 mem_direct=00c0066f
[R] cyc=326 COMMIT op=15 pc=000001f4
[D] cyc=327 dispatch op=20 pc=00000200 tag=3 raw_iq_imm=0000000c rs1=0
[F] cyc=327 fetch raw=000129b7 pc_d=00000204 fetch_pc=00000208 mem_direct=000129b7
[D] cyc=328 dispatch op=22 pc=00000204 tag=4 raw_iq_imm=00012000 rs1=0
[F] cyc=328 fetch raw=3ab98993 pc_d=00000208 fetch_pc=0000020c mem_direct=3ab98993
[C] cyc=328 CDB tag=1 val=0000d000
[D] cyc=329 dispatch op=8 pc=00000208 tag=5 raw_iq_imm=000003ab rs1=19
[F] cyc=329 fetch raw=01312823 pc_d=0000020c fetch_pc=00000210 mem_direct=01312823
[R] cyc=329 COMMIT op=22 pc=000001f8
[D] cyc=330 dispatch op=15 pc=0000020c tag=6 raw_iq_imm=00000010 rs1=2
[F] cyc=330 fetch raw=3a000093 pc_d=00000210 fetch_pc=00000214 mem_direct=3a000093
[C] cyc=330 CDB tag=3 val=00000204
[D] cyc=331 dispatch op=8 pc=00000210 tag=7 raw_iq_imm=000003a0 rs1=0
[F] cyc=331 fetch raw=0000da37 pc_d=00000214 fetch_pc=00000218 mem_direct=0000da37
[C] cyc=331 CDB tag=4 val=00012000
[D] cyc=332 dispatch op=22 pc=00000214 tag=8 raw_iq_imm=0000d000 rs1=0
[F] cyc=332 fetch raw=ccca0a13 pc_d=00000218 fetch_pc=0000021c mem_direct=ccca0a13
[D] cyc=333 dispatch op=8 pc=00000218 tag=9 raw_iq_imm=fffffccc rs1=20
[F] cyc=333 fetch raw=00c005ef pc_d=0000021c fetch_pc=00000220 mem_direct=00c005ef
[C] cyc=333 CDB tag=2 val=0000cccc
[D] cyc=334 dispatch op=20 pc=0000021c tag=10 raw_iq_imm=0000000c rs1=0
[F] cyc=334 fetch raw=00012a37 pc_d=00000220 fetch_pc=00000224 mem_direct=00012a37
[R] cyc=334 COMMIT op=8 pc=000001fc
[D] cyc=335 dispatch op=22 pc=00000220 tag=11 raw_iq_imm=00012000 rs1=0
[F] cyc=335 fetch raw=3aba0a13 pc_d=00000224 fetch_pc=00000228 mem_direct=3aba0a13
[C] cyc=335 CDB tag=7 val=000003a0
[R] cyc=335 COMMIT op=20 pc=00000200
[F] cyc=337 fetch raw=01312823 pc_d=0000020c fetch_pc=00000210 mem_direct=01312823
[C] cyc=337 CDB tag=10 val=00000220
[D] cyc=338 dispatch op=15 pc=0000020c tag=0 raw_iq_imm=00000010 rs1=2
[F] cyc=338 fetch raw=3a000093 pc_d=00000210 fetch_pc=00000214 mem_direct=3a000093
[C] cyc=338 CDB tag=8 val=0000d000
[D] cyc=339 dispatch op=8 pc=00000210 tag=1 raw_iq_imm=000003a0 rs1=0
[F] cyc=339 fetch raw=0000da37 pc_d=00000214 fetch_pc=00000218 mem_direct=0000da37
[C] cyc=339 CDB tag=0 val=00000000
[D] cyc=340 dispatch op=22 pc=00000214 tag=2 raw_iq_imm=0000d000 rs1=0
[F] cyc=340 fetch raw=ccca0a13 pc_d=00000218 fetch_pc=0000021c mem_direct=ccca0a13
[R] cyc=340 COMMIT op=15 pc=0000020c
[D] cyc=341 dispatch op=8 pc=00000218 tag=3 raw_iq_imm=fffffccc rs1=20
[F] cyc=341 fetch raw=00c005ef pc_d=0000021c fetch_pc=00000220 mem_direct=00c005ef
[D] cyc=342 dispatch op=20 pc=0000021c tag=4 raw_iq_imm=0000000c rs1=0
[F] cyc=342 fetch raw=00012a37 pc_d=00000220 fetch_pc=00000224 mem_direct=00012a37
[C] cyc=342 CDB tag=1 val=000003a0
[D] cyc=343 dispatch op=22 pc=00000220 tag=5 raw_iq_imm=00012000 rs1=0
[F] cyc=343 fetch raw=3aba0a13 pc_d=00000224 fetch_pc=00000228 mem_direct=3aba0a13
[R] cyc=343 COMMIT op=8 pc=00000210
[D] cyc=344 dispatch op=8 pc=00000224 tag=6 raw_iq_imm=000003ab rs1=20
[F] cyc=344 fetch raw=0140a023 pc_d=00000228 fetch_pc=0000022c mem_direct=0140a023
[C] cyc=344 CDB tag=2 val=0000d000
[D] cyc=345 dispatch op=15 pc=00000228 tag=7 raw_iq_imm=00000000 rs1=1
[F] cyc=345 fetch raw=0000dab7 pc_d=0000022c fetch_pc=00000230 mem_direct=0000dab7
[C] cyc=345 CDB tag=4 val=00000220
[R] cyc=345 COMMIT op=22 pc=00000214
[D] cyc=346 dispatch op=22 pc=0000022c tag=8 raw_iq_imm=0000d000 rs1=0
[F] cyc=346 fetch raw=ccca8a93 pc_d=00000230 fetch_pc=00000234 mem_direct=ccca8a93
[C] cyc=346 CDB tag=5 val=00012000
[D] cyc=347 dispatch op=8 pc=00000230 tag=9 raw_iq_imm=fffffccc rs1=21
[F] cyc=347 fetch raw=00c0056f pc_d=00000234 fetch_pc=00000238 mem_direct=00c0056f
[D] cyc=348 dispatch op=20 pc=00000234 tag=10 raw_iq_imm=0000000c rs1=0
[F] cyc=348 fetch raw=00012ab7 pc_d=00000238 fetch_pc=0000023c mem_direct=00012ab7
[C] cyc=348 CDB tag=3 val=0000cccc
[D] cyc=349 dispatch op=22 pc=00000238 tag=11 raw_iq_imm=00012000 rs1=0
[F] cyc=349 fetch raw=3aba8a93 pc_d=0000023c fetch_pc=00000240 mem_direct=3aba8a93
[R] cyc=349 COMMIT op=8 pc=00000218
[D] cyc=350 dispatch op=8 pc=0000023c tag=12 raw_iq_imm=000003ab rs1=21
[F] cyc=350 fetch raw=0150a223 pc_d=00000240 fetch_pc=00000244 mem_direct=0150a223
[C] cyc=350 CDB tag=8 val=0000d000
[R] cyc=350 COMMIT op=20 pc=0000021c
[F] cyc=352 fetch raw=0140a023 pc_d=00000228 fetch_pc=0000022c mem_direct=0140a023
[C] cyc=352 CDB tag=11 val=00012000
[D] cyc=353 dispatch op=15 pc=00000228 tag=0 raw_iq_imm=00000000 rs1=1
[F] cyc=353 fetch raw=0000dab7 pc_d=0000022c fetch_pc=00000230 mem_direct=0000dab7
[D] cyc=354 dispatch op=22 pc=0000022c tag=1 raw_iq_imm=0000d000 rs1=0
[F] cyc=354 fetch raw=ccca8a93 pc_d=00000230 fetch_pc=00000234 mem_direct=ccca8a93
[C] cyc=354 CDB tag=0 val=00000000
[D] cyc=355 dispatch op=8 pc=00000230 tag=2 raw_iq_imm=fffffccc rs1=21
[F] cyc=355 fetch raw=00c0056f pc_d=00000234 fetch_pc=00000238 mem_direct=00c0056f
[R] cyc=355 COMMIT op=15 pc=00000228
[D] cyc=356 dispatch op=20 pc=00000234 tag=3 raw_iq_imm=0000000c rs1=0
[F] cyc=356 fetch raw=00012ab7 pc_d=00000238 fetch_pc=0000023c mem_direct=00012ab7
[D] cyc=357 dispatch op=22 pc=00000238 tag=4 raw_iq_imm=00012000 rs1=0
[F] cyc=357 fetch raw=3aba8a93 pc_d=0000023c fetch_pc=00000240 mem_direct=3aba8a93
[C] cyc=357 CDB tag=1 val=0000d000
[D] cyc=358 dispatch op=8 pc=0000023c tag=5 raw_iq_imm=000003ab rs1=21
[F] cyc=358 fetch raw=0150a223 pc_d=00000240 fetch_pc=00000244 mem_direct=0150a223
[R] cyc=358 COMMIT op=22 pc=0000022c
[D] cyc=359 dispatch op=15 pc=00000240 tag=6 raw_iq_imm=00000004 rs1=1
[F] cyc=359 fetch raw=0080006f pc_d=00000244 fetch_pc=00000248 mem_direct=0080006f
[C] cyc=359 CDB tag=3 val=00000238
[D] cyc=360 dispatch op=20 pc=00000244 tag=7 raw_iq_imm=00000008 rs1=0
[F] cyc=360 fetch raw=0180006f pc_d=00000248 fetch_pc=0000024c mem_direct=0180006f
[C] cyc=360 CDB tag=4 val=00012000
[D] cyc=361 dispatch op=20 pc=00000248 tag=8 raw_iq_imm=00000018 rs1=0
[F] cyc=361 fetch raw=0000db37 pc_d=0000024c fetch_pc=00000250 mem_direct=0000db37
[D] cyc=362 dispatch op=22 pc=0000024c tag=9 raw_iq_imm=0000d000 rs1=0
[F] cyc=362 fetch raw=cccb0b13 pc_d=00000250 fetch_pc=00000254 mem_direct=cccb0b13
[C] cyc=362 CDB tag=2 val=0000cccc
[D] cyc=363 dispatch op=8 pc=00000250 tag=10 raw_iq_imm=fffffccc rs1=22
[F] cyc=363 fetch raw=ff5ff4ef pc_d=00000254 fetch_pc=00000258 mem_direct=ff5ff4ef
[C] cyc=363 CDB tag=7 val=00000248
[R] cyc=363 COMMIT op=8 pc=00000230
[D] cyc=364 dispatch op=20 pc=00000254 tag=11 raw_iq_imm=fffffff4 rs1=0
[F] cyc=364 fetch raw=00012b37 pc_d=00000258 fetch_pc=0000025c mem_direct=00012b37
[C] cyc=364 CDB tag=5 val=000123ab
[R] cyc=364 COMMIT op=20 pc=00000234
[F] cyc=366 fetch raw=0150a223 pc_d=00000240 fetch_pc=00000244 mem_direct=0150a223
[C] cyc=366 CDB tag=9 val=0000d000
[D] cyc=367 dispatch op=15 pc=00000240 tag=0 raw_iq_imm=00000004 rs1=1
[F] cyc=367 fetch raw=0080006f pc_d=00000244 fetch_pc=00000248 mem_direct=0080006f
[D] cyc=368 dispatch op=20 pc=00000244 tag=1 raw_iq_imm=00000008 rs1=0
[F] cyc=368 fetch raw=0180006f pc_d=00000248 fetch_pc=0000024c mem_direct=0180006f
[C] cyc=368 CDB tag=0 val=00000000
[D] cyc=369 dispatch op=20 pc=00000248 tag=2 raw_iq_imm=00000018 rs1=0
[F] cyc=369 fetch raw=0000db37 pc_d=0000024c fetch_pc=00000250 mem_direct=0000db37
[R] cyc=369 COMMIT op=15 pc=00000240
[D] cyc=370 dispatch op=22 pc=0000024c tag=3 raw_iq_imm=0000d000 rs1=0
[F] cyc=370 fetch raw=cccb0b13 pc_d=00000250 fetch_pc=00000254 mem_direct=cccb0b13
[D] cyc=371 dispatch op=8 pc=00000250 tag=4 raw_iq_imm=fffffccc rs1=22
[F] cyc=371 fetch raw=ff5ff4ef pc_d=00000254 fetch_pc=00000258 mem_direct=ff5ff4ef
[C] cyc=371 CDB tag=1 val=00000248
[R] cyc=371 COMMIT op=20 pc=00000244
[F] cyc=373 fetch raw=0000db37 pc_d=0000024c fetch_pc=00000250 mem_direct=0000db37
[C] cyc=373 CDB tag=3 val=0000d000
[D] cyc=374 dispatch op=22 pc=0000024c tag=0 raw_iq_imm=0000d000 rs1=0
[F] cyc=374 fetch raw=cccb0b13 pc_d=00000250 fetch_pc=00000254 mem_direct=cccb0b13
[C] cyc=374 CDB tag=2 val=0000024c
[D] cyc=375 dispatch op=8 pc=00000250 tag=1 raw_iq_imm=fffffccc rs1=22
[F] cyc=375 fetch raw=ff5ff4ef pc_d=00000254 fetch_pc=00000258 mem_direct=ff5ff4ef
[D] cyc=376 dispatch op=20 pc=00000254 tag=2 raw_iq_imm=fffffff4 rs1=0
[F] cyc=376 fetch raw=00012b37 pc_d=00000258 fetch_pc=0000025c mem_direct=00012b37
[D] cyc=377 dispatch op=22 pc=00000258 tag=3 raw_iq_imm=00012000 rs1=0
[F] cyc=377 fetch raw=3abb0b13 pc_d=0000025c fetch_pc=00000260 mem_direct=3abb0b13
[C] cyc=377 CDB tag=0 val=0000d000
[D] cyc=378 dispatch op=8 pc=0000025c tag=4 raw_iq_imm=000003ab rs1=22
[F] cyc=378 fetch raw=0160a423 pc_d=00000260 fetch_pc=00000264 mem_direct=0160a423
[R] cyc=378 COMMIT op=22 pc=0000024c
[D] cyc=379 dispatch op=15 pc=00000260 tag=5 raw_iq_imm=00000008 rs1=1
[F] cyc=379 fetch raw=0000dbb7 pc_d=00000264 fetch_pc=00000268 mem_direct=0000dbb7
[C] cyc=379 CDB tag=2 val=00000258
[D] cyc=380 dispatch op=22 pc=00000264 tag=6 raw_iq_imm=0000d000 rs1=0
[F] cyc=380 fetch raw=cccb8b93 pc_d=00000268 fetch_pc=0000026c mem_direct=cccb8b93
[C] cyc=380 CDB tag=3 val=00012000
[D] cyc=381 dispatch op=8 pc=00000268 tag=7 raw_iq_imm=fffffccc rs1=23
[F] cyc=381 fetch raw=00c0046f pc_d=0000026c fetch_pc=00000270 mem_direct=00c0046f
[D] cyc=382 dispatch op=20 pc=0000026c tag=8 raw_iq_imm=0000000c rs1=0
[F] cyc=382 fetch raw=00012bb7 pc_d=00000270 fetch_pc=00000274 mem_direct=00012bb7
[C] cyc=382 CDB tag=1 val=0000cccc
[D] cyc=383 dispatch op=22 pc=00000270 tag=9 raw_iq_imm=00012000 rs1=0
[F] cyc=383 fetch raw=3abb8b93 pc_d=00000274 fetch_pc=00000278 mem_direct=3abb8b93
[R] cyc=383 COMMIT op=8 pc=00000250
[D] cyc=384 dispatch op=8 pc=00000274 tag=10 raw_iq_imm=000003ab rs1=23
[F] cyc=384 fetch raw=0170a623 pc_d=00000278 fetch_pc=0000027c mem_direct=0170a623
[C] cyc=384 CDB tag=6 val=0000d000
[R] cyc=384 COMMIT op=20 pc=00000254
[F] cyc=386 fetch raw=0180006f pc_d=00000248 fetch_pc=0000024c mem_direct=0180006f
[C] cyc=386 CDB tag=9 val=00012000
[D] cyc=387 dispatch op=20 pc=00000248 tag=0 raw_iq_imm=00000018 rs1=0
[F] cyc=387 fetch raw=0000db37 pc_d=0000024c fetch_pc=00000250 mem_direct=0000db37
[D] cyc=388 dispatch op=22 pc=0000024c tag=1 raw_iq_imm=0000d000 rs1=0
[F] cyc=388 fetch raw=cccb0b13 pc_d=00000250 fetch_pc=00000254 mem_direct=cccb0b13
[D] cyc=389 dispatch op=8 pc=00000250 tag=2 raw_iq_imm=fffffccc rs1=22
[F] cyc=389 fetch raw=ff5ff4ef pc_d=00000254 fetch_pc=00000258 mem_direct=ff5ff4ef
[D] cyc=390 dispatch op=20 pc=00000254 tag=3 raw_iq_imm=fffffff4 rs1=0
[F] cyc=390 fetch raw=00012b37 pc_d=00000258 fetch_pc=0000025c mem_direct=00012b37
[C] cyc=390 CDB tag=0 val=0000024c
[R] cyc=390 COMMIT op=20 pc=00000248
[F] cyc=392 fetch raw=0160a423 pc_d=00000260 fetch_pc=00000264 mem_direct=0160a423
[D] cyc=393 dispatch op=15 pc=00000260 tag=0 raw_iq_imm=00000008 rs1=1
[F] cyc=393 fetch raw=0000dbb7 pc_d=00000264 fetch_pc=00000268 mem_direct=0000dbb7
[D] cyc=394 dispatch op=22 pc=00000264 tag=1 raw_iq_imm=0000d000 rs1=0
[F] cyc=394 fetch raw=cccb8b93 pc_d=00000268 fetch_pc=0000026c mem_direct=cccb8b93
[C] cyc=394 CDB tag=0 val=00000000
[D] cyc=395 dispatch op=8 pc=00000268 tag=2 raw_iq_imm=fffffccc rs1=23
[F] cyc=395 fetch raw=00c0046f pc_d=0000026c fetch_pc=00000270 mem_direct=00c0046f
[R] cyc=395 COMMIT op=15 pc=00000260
[D] cyc=396 dispatch op=20 pc=0000026c tag=3 raw_iq_imm=0000000c rs1=0
[F] cyc=396 fetch raw=00012bb7 pc_d=00000270 fetch_pc=00000274 mem_direct=00012bb7
[D] cyc=397 dispatch op=22 pc=00000270 tag=4 raw_iq_imm=00012000 rs1=0
[F] cyc=397 fetch raw=3abb8b93 pc_d=00000274 fetch_pc=00000278 mem_direct=3abb8b93
[C] cyc=397 CDB tag=1 val=0000d000
[D] cyc=398 dispatch op=8 pc=00000274 tag=5 raw_iq_imm=000003ab rs1=23
[F] cyc=398 fetch raw=0170a623 pc_d=00000278 fetch_pc=0000027c mem_direct=0170a623
[R] cyc=398 COMMIT op=22 pc=00000264
[D] cyc=399 dispatch op=15 pc=00000278 tag=6 raw_iq_imm=0000000c rs1=1
[F] cyc=399 fetch raw=0000dc37 pc_d=0000027c fetch_pc=00000280 mem_direct=0000dc37
[C] cyc=399 CDB tag=3 val=00000270
[D] cyc=400 dispatch op=22 pc=0000027c tag=7 raw_iq_imm=0000d000 rs1=0
[F] cyc=400 fetch raw=cccc0c13 pc_d=00000280 fetch_pc=00000284 mem_direct=cccc0c13
[C] cyc=400 CDB tag=4 val=00012000
[D] cyc=401 dispatch op=8 pc=00000280 tag=8 raw_iq_imm=fffffccc rs1=24
[F] cyc=401 fetch raw=00c003ef pc_d=00000284 fetch_pc=00000288 mem_direct=00c003ef
[D] cyc=402 dispatch op=20 pc=00000284 tag=9 raw_iq_imm=0000000c rs1=0
[F] cyc=402 fetch raw=00012c37 pc_d=00000288 fetch_pc=0000028c mem_direct=00012c37
[C] cyc=402 CDB tag=2 val=0000cccc
[D] cyc=403 dispatch op=22 pc=00000288 tag=10 raw_iq_imm=00012000 rs1=0
[F] cyc=403 fetch raw=3abc0c13 pc_d=0000028c fetch_pc=00000290 mem_direct=3abc0c13
[R] cyc=403 COMMIT op=8 pc=00000268
[D] cyc=404 dispatch op=8 pc=0000028c tag=11 raw_iq_imm=000003ab rs1=24
[F] cyc=404 fetch raw=0180a823 pc_d=00000290 fetch_pc=00000294 mem_direct=0180a823
[C] cyc=404 CDB tag=7 val=0000d000
[R] cyc=404 COMMIT op=20 pc=0000026c
[F] cyc=406 fetch raw=0170a623 pc_d=00000278 fetch_pc=0000027c mem_direct=0170a623
[C] cyc=406 CDB tag=10 val=00012000
[D] cyc=407 dispatch op=15 pc=00000278 tag=0 raw_iq_imm=0000000c rs1=1
[F] cyc=407 fetch raw=0000dc37 pc_d=0000027c fetch_pc=00000280 mem_direct=0000dc37
[D] cyc=408 dispatch op=22 pc=0000027c tag=1 raw_iq_imm=0000d000 rs1=0
[F] cyc=408 fetch raw=cccc0c13 pc_d=00000280 fetch_pc=00000284 mem_direct=cccc0c13
[C] cyc=408 CDB tag=0 val=00000000
[D] cyc=409 dispatch op=8 pc=00000280 tag=2 raw_iq_imm=fffffccc rs1=24
[F] cyc=409 fetch raw=00c003ef pc_d=00000284 fetch_pc=00000288 mem_direct=00c003ef
[R] cyc=409 COMMIT op=15 pc=00000278
[D] cyc=410 dispatch op=20 pc=00000284 tag=3 raw_iq_imm=0000000c rs1=0
[F] cyc=410 fetch raw=00012c37 pc_d=00000288 fetch_pc=0000028c mem_direct=00012c37
[D] cyc=411 dispatch op=22 pc=00000288 tag=4 raw_iq_imm=00012000 rs1=0
[F] cyc=411 fetch raw=3abc0c13 pc_d=0000028c fetch_pc=00000290 mem_direct=3abc0c13
[C] cyc=411 CDB tag=1 val=0000d000
[D] cyc=412 dispatch op=8 pc=0000028c tag=5 raw_iq_imm=000003ab rs1=24
[F] cyc=412 fetch raw=0180a823 pc_d=00000290 fetch_pc=00000294 mem_direct=0180a823
[R] cyc=412 COMMIT op=22 pc=0000027c
[D] cyc=413 dispatch op=15 pc=00000290 tag=6 raw_iq_imm=00000010 rs1=1
[F] cyc=413 fetch raw=3b400093 pc_d=00000294 fetch_pc=00000298 mem_direct=3b400093
[C] cyc=413 CDB tag=3 val=00000288
[D] cyc=414 dispatch op=8 pc=00000294 tag=7 raw_iq_imm=000003b4 rs1=0
[F] cyc=414 fetch raw=0000dcb7 pc_d=00000298 fetch_pc=0000029c mem_direct=0000dcb7
[C] cyc=414 CDB tag=4 val=00012000
[D] cyc=415 dispatch op=22 pc=00000298 tag=8 raw_iq_imm=0000d000 rs1=0
[F] cyc=415 fetch raw=cccc8c93 pc_d=0000029c fetch_pc=000002a0 mem_direct=cccc8c93
[D] cyc=416 dispatch op=8 pc=0000029c tag=9 raw_iq_imm=fffffccc rs1=25
[F] cyc=416 fetch raw=00c0036f pc_d=000002a0 fetch_pc=000002a4 mem_direct=00c0036f
[C] cyc=416 CDB tag=2 val=0000cccc
[D] cyc=417 dispatch op=20 pc=000002a0 tag=10 raw_iq_imm=0000000c rs1=0
[F] cyc=417 fetch raw=00012cb7 pc_d=000002a4 fetch_pc=000002a8 mem_direct=00012cb7
[R] cyc=417 COMMIT op=8 pc=00000280
[D] cyc=418 dispatch op=22 pc=000002a4 tag=11 raw_iq_imm=00012000 rs1=0
[F] cyc=418 fetch raw=3abc8c93 pc_d=000002a8 fetch_pc=000002ac mem_direct=3abc8c93
[C] cyc=418 CDB tag=7 val=000003b4
[R] cyc=418 COMMIT op=20 pc=00000284
[F] cyc=420 fetch raw=0180a823 pc_d=00000290 fetch_pc=00000294 mem_direct=0180a823
[C] cyc=420 CDB tag=10 val=000002a4
[D] cyc=421 dispatch op=15 pc=00000290 tag=0 raw_iq_imm=00000010 rs1=1
[F] cyc=421 fetch raw=3b400093 pc_d=00000294 fetch_pc=00000298 mem_direct=3b400093
[C] cyc=421 CDB tag=8 val=0000d000
[D] cyc=422 dispatch op=8 pc=00000294 tag=1 raw_iq_imm=000003b4 rs1=0
[F] cyc=422 fetch raw=0000dcb7 pc_d=00000298 fetch_pc=0000029c mem_direct=0000dcb7
[C] cyc=422 CDB tag=0 val=00000000
[D] cyc=423 dispatch op=22 pc=00000298 tag=2 raw_iq_imm=0000d000 rs1=0
[F] cyc=423 fetch raw=cccc8c93 pc_d=0000029c fetch_pc=000002a0 mem_direct=cccc8c93
[R] cyc=423 COMMIT op=15 pc=00000290
[D] cyc=424 dispatch op=8 pc=0000029c tag=3 raw_iq_imm=fffffccc rs1=25
[F] cyc=424 fetch raw=00c0036f pc_d=000002a0 fetch_pc=000002a4 mem_direct=00c0036f
[D] cyc=425 dispatch op=20 pc=000002a0 tag=4 raw_iq_imm=0000000c rs1=0
[F] cyc=425 fetch raw=00012cb7 pc_d=000002a4 fetch_pc=000002a8 mem_direct=00012cb7
[C] cyc=425 CDB tag=1 val=000003b4
[D] cyc=426 dispatch op=22 pc=000002a4 tag=5 raw_iq_imm=00012000 rs1=0
[F] cyc=426 fetch raw=3abc8c93 pc_d=000002a8 fetch_pc=000002ac mem_direct=3abc8c93
[R] cyc=426 COMMIT op=8 pc=00000294
[D] cyc=427 dispatch op=8 pc=000002a8 tag=6 raw_iq_imm=000003ab rs1=25
[F] cyc=427 fetch raw=0190a023 pc_d=000002ac fetch_pc=000002b0 mem_direct=0190a023
[C] cyc=427 CDB tag=2 val=0000d000
[D] cyc=428 dispatch op=15 pc=000002ac tag=7 raw_iq_imm=00000000 rs1=1
[F] cyc=428 fetch raw=0000dd37 pc_d=000002b0 fetch_pc=000002b4 mem_direct=0000dd37
[C] cyc=428 CDB tag=4 val=000002a4
[R] cyc=428 COMMIT op=22 pc=00000298
[D] cyc=429 dispatch op=22 pc=000002b0 tag=8 raw_iq_imm=0000d000 rs1=0
[F] cyc=429 fetch raw=cccd0d13 pc_d=000002b4 fetch_pc=000002b8 mem_direct=cccd0d13
[C] cyc=429 CDB tag=5 val=00012000
[D] cyc=430 dispatch op=8 pc=000002b4 tag=9 raw_iq_imm=fffffccc rs1=26
[F] cyc=430 fetch raw=00c002ef pc_d=000002b8 fetch_pc=000002bc mem_direct=00c002ef
[D] cyc=431 dispatch op=20 pc=000002b8 tag=10 raw_iq_imm=0000000c rs1=0
[F] cyc=431 fetch raw=00012d37 pc_d=000002bc fetch_pc=000002c0 mem_direct=00012d37
[C] cyc=431 CDB tag=3 val=0000cccc
[D] cyc=432 dispatch op=22 pc=000002bc tag=11 raw_iq_imm=00012000 rs1=0
[F] cyc=432 fetch raw=3abd0d13 pc_d=000002c0 fetch_pc=000002c4 mem_direct=3abd0d13
[R] cyc=432 COMMIT op=8 pc=0000029c
[D] cyc=433 dispatch op=8 pc=000002c0 tag=12 raw_iq_imm=000003ab rs1=26
[F] cyc=433 fetch raw=01a0a223 pc_d=000002c4 fetch_pc=000002c8 mem_direct=01a0a223
[C] cyc=433 CDB tag=8 val=0000d000
[R] cyc=433 COMMIT op=20 pc=000002a0
[F] cyc=435 fetch raw=0190a023 pc_d=000002ac fetch_pc=000002b0 mem_direct=0190a023
[C] cyc=435 CDB tag=11 val=00012000
[D] cyc=436 dispatch op=15 pc=000002ac tag=0 raw_iq_imm=00000000 rs1=1
[F] cyc=436 fetch raw=0000dd37 pc_d=000002b0 fetch_pc=000002b4 mem_direct=0000dd37
[D] cyc=437 dispatch op=22 pc=000002b0 tag=1 raw_iq_imm=0000d000 rs1=0
[F] cyc=437 fetch raw=cccd0d13 pc_d=000002b4 fetch_pc=000002b8 mem_direct=cccd0d13
[C] cyc=437 CDB tag=0 val=00000000
[D] cyc=438 dispatch op=8 pc=000002b4 tag=2 raw_iq_imm=fffffccc rs1=26
[F] cyc=438 fetch raw=00c002ef pc_d=000002b8 fetch_pc=000002bc mem_direct=00c002ef
[R] cyc=438 COMMIT op=15 pc=000002ac
[D] cyc=439 dispatch op=20 pc=000002b8 tag=3 raw_iq_imm=0000000c rs1=0
[F] cyc=439 fetch raw=00012d37 pc_d=000002bc fetch_pc=000002c0 mem_direct=00012d37
[D] cyc=440 dispatch op=22 pc=000002bc tag=4 raw_iq_imm=00012000 rs1=0
[F] cyc=440 fetch raw=3abd0d13 pc_d=000002c0 fetch_pc=000002c4 mem_direct=3abd0d13
[C] cyc=440 CDB tag=1 val=0000d000
[D] cyc=441 dispatch op=8 pc=000002c0 tag=5 raw_iq_imm=000003ab rs1=26
[F] cyc=441 fetch raw=01a0a223 pc_d=000002c4 fetch_pc=000002c8 mem_direct=01a0a223
[R] cyc=441 COMMIT op=22 pc=000002b0
[D] cyc=442 dispatch op=15 pc=000002c4 tag=6 raw_iq_imm=00000004 rs1=1
[F] cyc=442 fetch raw=0080006f pc_d=000002c8 fetch_pc=000002cc mem_direct=0080006f
[C] cyc=442 CDB tag=3 val=000002bc
[D] cyc=443 dispatch op=20 pc=000002c8 tag=7 raw_iq_imm=00000008 rs1=0
[F] cyc=443 fetch raw=0180006f pc_d=000002cc fetch_pc=000002d0 mem_direct=0180006f
[C] cyc=443 CDB tag=4 val=00012000
[D] cyc=444 dispatch op=20 pc=000002cc tag=8 raw_iq_imm=00000018 rs1=0
[F] cyc=444 fetch raw=0000ddb7 pc_d=000002d0 fetch_pc=000002d4 mem_direct=0000ddb7
[D] cyc=445 dispatch op=22 pc=000002d0 tag=9 raw_iq_imm=0000d000 rs1=0
[F] cyc=445 fetch raw=cccd8d93 pc_d=000002d4 fetch_pc=000002d8 mem_direct=cccd8d93
[C] cyc=445 CDB tag=2 val=0000cccc
[D] cyc=446 dispatch op=8 pc=000002d4 tag=10 raw_iq_imm=fffffccc rs1=27
[F] cyc=446 fetch raw=ff5ff26f pc_d=000002d8 fetch_pc=000002dc mem_direct=ff5ff26f
[C] cyc=446 CDB tag=7 val=000002cc
[R] cyc=446 COMMIT op=8 pc=000002b4
[D] cyc=447 dispatch op=20 pc=000002d8 tag=11 raw_iq_imm=fffffff4 rs1=0
[F] cyc=447 fetch raw=00012db7 pc_d=000002dc fetch_pc=000002e0 mem_direct=00012db7
[C] cyc=447 CDB tag=5 val=000123ab
[R] cyc=447 COMMIT op=20 pc=000002b8
[F] cyc=449 fetch raw=01a0a223 pc_d=000002c4 fetch_pc=000002c8 mem_direct=01a0a223
[C] cyc=449 CDB tag=9 val=0000d000
[D] cyc=450 dispatch op=15 pc=000002c4 tag=0 raw_iq_imm=00000004 rs1=1
[F] cyc=450 fetch raw=0080006f pc_d=000002c8 fetch_pc=000002cc mem_direct=0080006f
[D] cyc=451 dispatch op=20 pc=000002c8 tag=1 raw_iq_imm=00000008 rs1=0
[F] cyc=451 fetch raw=0180006f pc_d=000002cc fetch_pc=000002d0 mem_direct=0180006f
[C] cyc=451 CDB tag=0 val=00000000
[D] cyc=452 dispatch op=20 pc=000002cc tag=2 raw_iq_imm=00000018 rs1=0
[F] cyc=452 fetch raw=0000ddb7 pc_d=000002d0 fetch_pc=000002d4 mem_direct=0000ddb7
[R] cyc=452 COMMIT op=15 pc=000002c4
[D] cyc=453 dispatch op=22 pc=000002d0 tag=3 raw_iq_imm=0000d000 rs1=0
[F] cyc=453 fetch raw=cccd8d93 pc_d=000002d4 fetch_pc=000002d8 mem_direct=cccd8d93
[D] cyc=454 dispatch op=8 pc=000002d4 tag=4 raw_iq_imm=fffffccc rs1=27
[F] cyc=454 fetch raw=ff5ff26f pc_d=000002d8 fetch_pc=000002dc mem_direct=ff5ff26f
[C] cyc=454 CDB tag=1 val=000002cc
[R] cyc=454 COMMIT op=20 pc=000002c8
[F] cyc=456 fetch raw=0000ddb7 pc_d=000002d0 fetch_pc=000002d4 mem_direct=0000ddb7
[C] cyc=456 CDB tag=3 val=0000d000
[D] cyc=457 dispatch op=22 pc=000002d0 tag=0 raw_iq_imm=0000d000 rs1=0
[F] cyc=457 fetch raw=cccd8d93 pc_d=000002d4 fetch_pc=000002d8 mem_direct=cccd8d93
[C] cyc=457 CDB tag=2 val=000002d0
[D] cyc=458 dispatch op=8 pc=000002d4 tag=1 raw_iq_imm=fffffccc rs1=27
[F] cyc=458 fetch raw=ff5ff26f pc_d=000002d8 fetch_pc=000002dc mem_direct=ff5ff26f
[D] cyc=459 dispatch op=20 pc=000002d8 tag=2 raw_iq_imm=fffffff4 rs1=0
[F] cyc=459 fetch raw=00012db7 pc_d=000002dc fetch_pc=000002e0 mem_direct=00012db7
[D] cyc=460 dispatch op=22 pc=000002dc tag=3 raw_iq_imm=00012000 rs1=0
[F] cyc=460 fetch raw=3abd8d93 pc_d=000002e0 fetch_pc=000002e4 mem_direct=3abd8d93
[C] cyc=460 CDB tag=0 val=0000d000
[D] cyc=461 dispatch op=8 pc=000002e0 tag=4 raw_iq_imm=000003ab rs1=27
[F] cyc=461 fetch raw=01b0a423 pc_d=000002e4 fetch_pc=000002e8 mem_direct=01b0a423
[R] cyc=461 COMMIT op=22 pc=000002d0
[D] cyc=462 dispatch op=15 pc=000002e4 tag=5 raw_iq_imm=00000008 rs1=1
[F] cyc=462 fetch raw=0000de37 pc_d=000002e8 fetch_pc=000002ec mem_direct=0000de37
[C] cyc=462 CDB tag=2 val=000002dc
[D] cyc=463 dispatch op=22 pc=000002e8 tag=6 raw_iq_imm=0000d000 rs1=0
[F] cyc=463 fetch raw=ccce0e13 pc_d=000002ec fetch_pc=000002f0 mem_direct=ccce0e13
[C] cyc=463 CDB tag=3 val=00012000
[D] cyc=464 dispatch op=8 pc=000002ec tag=7 raw_iq_imm=fffffccc rs1=28
[F] cyc=464 fetch raw=00c001ef pc_d=000002f0 fetch_pc=000002f4 mem_direct=00c001ef
[D] cyc=465 dispatch op=20 pc=000002f0 tag=8 raw_iq_imm=0000000c rs1=0
[F] cyc=465 fetch raw=00012e37 pc_d=000002f4 fetch_pc=000002f8 mem_direct=00012e37
[C] cyc=465 CDB tag=1 val=0000cccc
[D] cyc=466 dispatch op=22 pc=000002f4 tag=9 raw_iq_imm=00012000 rs1=0
[F] cyc=466 fetch raw=3abe0e13 pc_d=000002f8 fetch_pc=000002fc mem_direct=3abe0e13
[R] cyc=466 COMMIT op=8 pc=000002d4
[D] cyc=467 dispatch op=8 pc=000002f8 tag=10 raw_iq_imm=000003ab rs1=28
[F] cyc=467 fetch raw=01c0a623 pc_d=000002fc fetch_pc=00000300 mem_direct=01c0a623
[C] cyc=467 CDB tag=6 val=0000d000
[R] cyc=467 COMMIT op=20 pc=000002d8
[F] cyc=469 fetch raw=0180006f pc_d=000002cc fetch_pc=000002d0 mem_direct=0180006f
[C] cyc=469 CDB tag=9 val=00012000
[D] cyc=470 dispatch op=20 pc=000002cc tag=0 raw_iq_imm=00000018 rs1=0
[F] cyc=470 fetch raw=0000ddb7 pc_d=000002d0 fetch_pc=000002d4 mem_direct=0000ddb7
[D] cyc=471 dispatch op=22 pc=000002d0 tag=1 raw_iq_imm=0000d000 rs1=0
[F] cyc=471 fetch raw=cccd8d93 pc_d=000002d4 fetch_pc=000002d8 mem_direct=cccd8d93
[D] cyc=472 dispatch op=8 pc=000002d4 tag=2 raw_iq_imm=fffffccc rs1=27
[F] cyc=472 fetch raw=ff5ff26f pc_d=000002d8 fetch_pc=000002dc mem_direct=ff5ff26f
[D] cyc=473 dispatch op=20 pc=000002d8 tag=3 raw_iq_imm=fffffff4 rs1=0
[F] cyc=473 fetch raw=00012db7 pc_d=000002dc fetch_pc=000002e0 mem_direct=00012db7
[C] cyc=473 CDB tag=0 val=000002d0
[R] cyc=473 COMMIT op=20 pc=000002cc
[F] cyc=475 fetch raw=01b0a423 pc_d=000002e4 fetch_pc=000002e8 mem_direct=01b0a423
[D] cyc=476 dispatch op=15 pc=000002e4 tag=0 raw_iq_imm=00000008 rs1=1
[F] cyc=476 fetch raw=0000de37 pc_d=000002e8 fetch_pc=000002ec mem_direct=0000de37
[D] cyc=477 dispatch op=22 pc=000002e8 tag=1 raw_iq_imm=0000d000 rs1=0
[F] cyc=477 fetch raw=ccce0e13 pc_d=000002ec fetch_pc=000002f0 mem_direct=ccce0e13
[C] cyc=477 CDB tag=0 val=00000000
[D] cyc=478 dispatch op=8 pc=000002ec tag=2 raw_iq_imm=fffffccc rs1=28
[F] cyc=478 fetch raw=00c001ef pc_d=000002f0 fetch_pc=000002f4 mem_direct=00c001ef
[R] cyc=478 COMMIT op=15 pc=000002e4
[D] cyc=479 dispatch op=20 pc=000002f0 tag=3 raw_iq_imm=0000000c rs1=0
[F] cyc=479 fetch raw=00012e37 pc_d=000002f4 fetch_pc=000002f8 mem_direct=00012e37
[D] cyc=480 dispatch op=22 pc=000002f4 tag=4 raw_iq_imm=00012000 rs1=0
[F] cyc=480 fetch raw=3abe0e13 pc_d=000002f8 fetch_pc=000002fc mem_direct=3abe0e13
[C] cyc=480 CDB tag=1 val=0000d000
[D] cyc=481 dispatch op=8 pc=000002f8 tag=5 raw_iq_imm=000003ab rs1=28
[F] cyc=481 fetch raw=01c0a623 pc_d=000002fc fetch_pc=00000300 mem_direct=01c0a623
[R] cyc=481 COMMIT op=22 pc=000002e8
[D] cyc=482 dispatch op=15 pc=000002fc tag=6 raw_iq_imm=0000000c rs1=1
[F] cyc=482 fetch raw=0000deb7 pc_d=00000300 fetch_pc=00000304 mem_direct=0000deb7
[C] cyc=482 CDB tag=3 val=000002f4
[D] cyc=483 dispatch op=22 pc=00000300 tag=7 raw_iq_imm=0000d000 rs1=0
[F] cyc=483 fetch raw=ccce8e93 pc_d=00000304 fetch_pc=00000308 mem_direct=ccce8e93
[C] cyc=483 CDB tag=4 val=00012000
[D] cyc=484 dispatch op=8 pc=00000304 tag=8 raw_iq_imm=fffffccc rs1=29
[F] cyc=484 fetch raw=00c0016f pc_d=00000308 fetch_pc=0000030c mem_direct=00c0016f
[D] cyc=485 dispatch op=20 pc=00000308 tag=9 raw_iq_imm=0000000c rs1=0
[F] cyc=485 fetch raw=00012eb7 pc_d=0000030c fetch_pc=00000310 mem_direct=00012eb7
[C] cyc=485 CDB tag=2 val=0000cccc
[D] cyc=486 dispatch op=22 pc=0000030c tag=10 raw_iq_imm=00012000 rs1=0
[F] cyc=486 fetch raw=3abe8e93 pc_d=00000310 fetch_pc=00000314 mem_direct=3abe8e93
[R] cyc=486 COMMIT op=8 pc=000002ec
[D] cyc=487 dispatch op=8 pc=00000310 tag=11 raw_iq_imm=000003ab rs1=29
[F] cyc=487 fetch raw=01d0a823 pc_d=00000314 fetch_pc=00000318 mem_direct=01d0a823
[C] cyc=487 CDB tag=7 val=0000d000
[R] cyc=487 COMMIT op=20 pc=000002f0
[F] cyc=489 fetch raw=01c0a623 pc_d=000002fc fetch_pc=00000300 mem_direct=01c0a623
[C] cyc=489 CDB tag=10 val=00012000
[D] cyc=490 dispatch op=15 pc=000002fc tag=0 raw_iq_imm=0000000c rs1=1
[F] cyc=490 fetch raw=0000deb7 pc_d=00000300 fetch_pc=00000304 mem_direct=0000deb7
[D] cyc=491 dispatch op=22 pc=00000300 tag=1 raw_iq_imm=0000d000 rs1=0
[F] cyc=491 fetch raw=ccce8e93 pc_d=00000304 fetch_pc=00000308 mem_direct=ccce8e93
[C] cyc=491 CDB tag=0 val=00000000
[D] cyc=492 dispatch op=8 pc=00000304 tag=2 raw_iq_imm=fffffccc rs1=29
[F] cyc=492 fetch raw=00c0016f pc_d=00000308 fetch_pc=0000030c mem_direct=00c0016f
[R] cyc=492 COMMIT op=15 pc=000002fc
[D] cyc=493 dispatch op=20 pc=00000308 tag=3 raw_iq_imm=0000000c rs1=0
[F] cyc=493 fetch raw=00012eb7 pc_d=0000030c fetch_pc=00000310 mem_direct=00012eb7
[D] cyc=494 dispatch op=22 pc=0000030c tag=4 raw_iq_imm=00012000 rs1=0
[F] cyc=494 fetch raw=3abe8e93 pc_d=00000310 fetch_pc=00000314 mem_direct=3abe8e93
[C] cyc=494 CDB tag=1 val=0000d000
[D] cyc=495 dispatch op=8 pc=00000310 tag=5 raw_iq_imm=000003ab rs1=29
[F] cyc=495 fetch raw=01d0a823 pc_d=00000314 fetch_pc=00000318 mem_direct=01d0a823
[R] cyc=495 COMMIT op=22 pc=00000300
[D] cyc=496 dispatch op=15 pc=00000314 tag=6 raw_iq_imm=00000010 rs1=1
[F] cyc=496 fetch raw=3c800113 pc_d=00000318 fetch_pc=0000031c mem_direct=3c800113
[C] cyc=496 CDB tag=3 val=0000030c
[D] cyc=497 dispatch op=8 pc=00000318 tag=7 raw_iq_imm=000003c8 rs1=0
[F] cyc=497 fetch raw=0000df37 pc_d=0000031c fetch_pc=00000320 mem_direct=0000df37
[C] cyc=497 CDB tag=4 val=00012000
[D] cyc=498 dispatch op=22 pc=0000031c tag=8 raw_iq_imm=0000d000 rs1=0
[F] cyc=498 fetch raw=cccf0f13 pc_d=00000320 fetch_pc=00000324 mem_direct=cccf0f13
[D] cyc=499 dispatch op=8 pc=00000320 tag=9 raw_iq_imm=fffffccc rs1=30
[F] cyc=499 fetch raw=00c000ef pc_d=00000324 fetch_pc=00000328 mem_direct=00c000ef
[C] cyc=499 CDB tag=2 val=0000cccc
[D] cyc=500 dispatch op=20 pc=00000324 tag=10 raw_iq_imm=0000000c rs1=0
[F] cyc=500 fetch raw=00012f37 pc_d=00000328 fetch_pc=0000032c mem_direct=00012f37
[R] cyc=500 COMMIT op=8 pc=00000304
[D] cyc=501 dispatch op=22 pc=00000328 tag=11 raw_iq_imm=00012000 rs1=0
[F] cyc=501 fetch raw=3abf0f13 pc_d=0000032c fetch_pc=00000330 mem_direct=3abf0f13
[C] cyc=501 CDB tag=7 val=000003c8
[R] cyc=501 COMMIT op=20 pc=00000308
[F] cyc=503 fetch raw=01d0a823 pc_d=00000314 fetch_pc=00000318 mem_direct=01d0a823
[C] cyc=503 CDB tag=10 val=00000328
[D] cyc=504 dispatch op=15 pc=00000314 tag=0 raw_iq_imm=00000010 rs1=1
[F] cyc=504 fetch raw=3c800113 pc_d=00000318 fetch_pc=0000031c mem_direct=3c800113
[C] cyc=504 CDB tag=8 val=0000d000
[D] cyc=505 dispatch op=8 pc=00000318 tag=1 raw_iq_imm=000003c8 rs1=0
[F] cyc=505 fetch raw=0000df37 pc_d=0000031c fetch_pc=00000320 mem_direct=0000df37
[C] cyc=505 CDB tag=0 val=00000000
[D] cyc=506 dispatch op=22 pc=0000031c tag=2 raw_iq_imm=0000d000 rs1=0
[F] cyc=506 fetch raw=cccf0f13 pc_d=00000320 fetch_pc=00000324 mem_direct=cccf0f13
[R] cyc=506 COMMIT op=15 pc=00000314
[D] cyc=507 dispatch op=8 pc=00000320 tag=3 raw_iq_imm=fffffccc rs1=30
[F] cyc=507 fetch raw=00c000ef pc_d=00000324 fetch_pc=00000328 mem_direct=00c000ef
[D] cyc=508 dispatch op=20 pc=00000324 tag=4 raw_iq_imm=0000000c rs1=0
[F] cyc=508 fetch raw=00012f37 pc_d=00000328 fetch_pc=0000032c mem_direct=00012f37
[C] cyc=508 CDB tag=1 val=000003c8
[D] cyc=509 dispatch op=22 pc=00000328 tag=5 raw_iq_imm=00012000 rs1=0
[F] cyc=509 fetch raw=3abf0f13 pc_d=0000032c fetch_pc=00000330 mem_direct=3abf0f13
[R] cyc=509 COMMIT op=8 pc=00000318
[D] cyc=510 dispatch op=8 pc=0000032c tag=6 raw_iq_imm=000003ab rs1=30
[F] cyc=510 fetch raw=01e12023 pc_d=00000330 fetch_pc=00000334 mem_direct=01e12023
[C] cyc=510 CDB tag=2 val=0000d000
[D] cyc=511 dispatch op=15 pc=00000330 tag=7 raw_iq_imm=00000000 rs1=2
[F] cyc=511 fetch raw=0000dfb7 pc_d=00000334 fetch_pc=00000338 mem_direct=0000dfb7
[C] cyc=511 CDB tag=4 val=00000328
[R] cyc=511 COMMIT op=22 pc=0000031c
[D] cyc=512 dispatch op=22 pc=00000334 tag=8 raw_iq_imm=0000d000 rs1=0
[F] cyc=512 fetch raw=cccf8f93 pc_d=00000338 fetch_pc=0000033c mem_direct=cccf8f93
[C] cyc=512 CDB tag=5 val=00012000
[D] cyc=513 dispatch op=8 pc=00000338 tag=9 raw_iq_imm=fffffccc rs1=31
[F] cyc=513 fetch raw=00c0006f pc_d=0000033c fetch_pc=00000340 mem_direct=00c0006f
[D] cyc=514 dispatch op=20 pc=0000033c tag=10 raw_iq_imm=0000000c rs1=0
[F] cyc=514 fetch raw=00012fb7 pc_d=00000340 fetch_pc=00000344 mem_direct=00012fb7
[C] cyc=514 CDB tag=3 val=0000cccc
[D] cyc=515 dispatch op=22 pc=00000340 tag=11 raw_iq_imm=00012000 rs1=0
[F] cyc=515 fetch raw=3abf8f93 pc_d=00000344 fetch_pc=00000348 mem_direct=3abf8f93
[R] cyc=515 COMMIT op=8 pc=00000320
[D] cyc=516 dispatch op=8 pc=00000344 tag=12 raw_iq_imm=000003ab rs1=31
[F] cyc=516 fetch raw=01f12223 pc_d=00000348 fetch_pc=0000034c mem_direct=01f12223
[C] cyc=516 CDB tag=8 val=0000d000
[R] cyc=516 COMMIT op=20 pc=00000324
[F] cyc=518 fetch raw=01e12023 pc_d=00000330 fetch_pc=00000334 mem_direct=01e12023
[C] cyc=518 CDB tag=11 val=00012000
[D] cyc=519 dispatch op=15 pc=00000330 tag=0 raw_iq_imm=00000000 rs1=2
[F] cyc=519 fetch raw=0000dfb7 pc_d=00000334 fetch_pc=00000338 mem_direct=0000dfb7
[D] cyc=520 dispatch op=22 pc=00000334 tag=1 raw_iq_imm=0000d000 rs1=0
[F] cyc=520 fetch raw=cccf8f93 pc_d=00000338 fetch_pc=0000033c mem_direct=cccf8f93
[C] cyc=520 CDB tag=0 val=00000000
[D] cyc=521 dispatch op=8 pc=00000338 tag=2 raw_iq_imm=fffffccc rs1=31
[F] cyc=521 fetch raw=00c0006f pc_d=0000033c fetch_pc=00000340 mem_direct=00c0006f
[R] cyc=521 COMMIT op=15 pc=00000330
[D] cyc=522 dispatch op=20 pc=0000033c tag=3 raw_iq_imm=0000000c rs1=0
[F] cyc=522 fetch raw=00012fb7 pc_d=00000340 fetch_pc=00000344 mem_direct=00012fb7
[D] cyc=523 dispatch op=22 pc=00000340 tag=4 raw_iq_imm=00012000 rs1=0
[F] cyc=523 fetch raw=3abf8f93 pc_d=00000344 fetch_pc=00000348 mem_direct=3abf8f93
[C] cyc=523 CDB tag=1 val=0000d000
[D] cyc=524 dispatch op=8 pc=00000344 tag=5 raw_iq_imm=000003ab rs1=31
[F] cyc=524 fetch raw=01f12223 pc_d=00000348 fetch_pc=0000034c mem_direct=01f12223
[R] cyc=524 COMMIT op=22 pc=00000334
[D] cyc=525 dispatch op=15 pc=00000348 tag=6 raw_iq_imm=00000004 rs1=2
[F] cyc=525 fetch raw=00000073 pc_d=0000034c fetch_pc=00000350 mem_direct=00000073
[C] cyc=525 CDB tag=3 val=00000340
[D] cyc=526 dispatch op=63 pc=0000034c tag=7 raw_iq_imm=00000000 rs1=0
[F] cyc=526 fetch raw=ffffffff pc_d=00000350 fetch_pc=00000354 mem_direct=ffffffff
[C] cyc=526 CDB tag=4 val=00012000
[D] cyc=527 dispatch op=62 pc=00000350 tag=8 raw_iq_imm=00000000 rs1=0
[F] cyc=527 fetch raw=ffffffff pc_d=00000354 fetch_pc=00000358 mem_direct=ffffffff
[D] cyc=528 dispatch op=62 pc=00000354 tag=9 raw_iq_imm=00000000 rs1=0
[F] cyc=528 fetch raw=ffffffff pc_d=00000358 fetch_pc=0000035c mem_direct=ffffffff
[C] cyc=528 CDB tag=2 val=0000cccc
[D] cyc=529 dispatch op=62 pc=00000358 tag=10 raw_iq_imm=00000000 rs1=0
[F] cyc=529 fetch raw=ffffffff pc_d=0000035c fetch_pc=00000360 mem_direct=ffffffff
[R] cyc=529 COMMIT op=8 pc=00000338
[D] cyc=530 dispatch op=62 pc=0000035c tag=11 raw_iq_imm=00000000 rs1=0
[F] cyc=530 fetch raw=ffffffff pc_d=00000360 fetch_pc=00000364 mem_direct=ffffffff
[C] cyc=530 CDB tag=7 val=00000000
[R] cyc=530 COMMIT op=20 pc=0000033c
[F] cyc=532 fetch raw=01f12223 pc_d=00000348 fetch_pc=0000034c mem_direct=01f12223
[C] cyc=532 CDB tag=10 val=00000000
[D] cyc=533 dispatch op=15 pc=00000348 tag=0 raw_iq_imm=00000004 rs1=2
[F] cyc=533 fetch raw=00000073 pc_d=0000034c fetch_pc=00000350 mem_direct=00000073
[D] cyc=534 dispatch op=63 pc=0000034c tag=1 raw_iq_imm=00000000 rs1=0
[F] cyc=534 fetch raw=ffffffff pc_d=00000350 fetch_pc=00000354 mem_direct=ffffffff
[C] cyc=534 CDB tag=0 val=00000000
[D] cyc=535 dispatch op=62 pc=00000350 tag=2 raw_iq_imm=00000000 rs1=0
[F] cyc=535 fetch raw=ffffffff pc_d=00000354 fetch_pc=00000358 mem_direct=ffffffff
[R] cyc=535 COMMIT op=15 pc=00000348
[D] cyc=536 dispatch op=62 pc=00000354 tag=3 raw_iq_imm=00000000 rs1=0
[F] cyc=536 fetch raw=ffffffff pc_d=00000358 fetch_pc=0000035c mem_direct=ffffffff
[D] cyc=537 dispatch op=62 pc=00000358 tag=4 raw_iq_imm=00000000 rs1=0
[F] cyc=537 fetch raw=ffffffff pc_d=0000035c fetch_pc=00000360 mem_direct=ffffffff
[C] cyc=537 CDB tag=1 val=00000000
[D] cyc=538 dispatch op=62 pc=0000035c tag=5 raw_iq_imm=00000000 rs1=0
[F] cyc=538 fetch raw=ffffffff pc_d=00000360 fetch_pc=00000364 mem_direct=ffffffff
[R] cyc=538 COMMIT op=63 pc=0000034c
[D] cyc=539 dispatch op=62 pc=00000360 tag=6 raw_iq_imm=00000000 rs1=0
[F] cyc=539 fetch raw=ffffffff pc_d=00000364 fetch_pc=00000368 mem_direct=ffffffff
[C] cyc=539 CDB tag=3 val=00000000
sim_compliance.sv:159: $finish called at 5625 (1s)
