Analysis & Synthesis report for cpu
Sat May 09 20:37:44 2026
Quartus Prime Version 18.1.0 Build 625 09/12/2018 SJ Lite Edition


---------------------
; Table of Contents ;
---------------------
  1. Legal Notice
  2. Analysis & Synthesis Summary
  3. Analysis & Synthesis Settings
  4. Parallel Compilation
  5. Analysis & Synthesis Source Files Read
  6. Analysis & Synthesis Resource Usage Summary
  7. Analysis & Synthesis Resource Utilization by Entity
  8. Analysis & Synthesis RAM Summary
  9. Analysis & Synthesis DSP Block Usage Summary
 10. State Machine - |cpu|tomasulo_core:u_core|fp_div:u_fp_div|state
 11. Registers Removed During Synthesis
 12. Removed Registers Triggering Further Register Optimizations
 13. General Register Statistics
 14. Inverted Register Statistics
 15. Registers Added for RAM Pass-Through Logic
 16. Registers Packed Into Inferred Megafunctions
 17. Multiplexer Restructuring Statistics (Restructuring Performed)
 18. Source assignments for tomasulo_core:u_core|instr_queue:u_iq|altsyncram:entries_rtl_0|altsyncram_0hi1:auto_generated
 19. Source assignments for instr_mem:u_imem|altsyncram:mem_rtl_0|altsyncram_ior1:auto_generated
 20. Parameter Settings for User Entity Instance: instr_mem:u_imem
 21. Parameter Settings for User Entity Instance: data_mem:u_dmem
 22. Parameter Settings for User Entity Instance: tomasulo_core:u_core|reservation_station:u_rs_alu
 23. Parameter Settings for User Entity Instance: tomasulo_core:u_core|reservation_station:u_rs_br
 24. Parameter Settings for User Entity Instance: tomasulo_core:u_core|reservation_station:u_rs_fp_add
 25. Parameter Settings for User Entity Instance: tomasulo_core:u_core|reservation_station:u_rs_fp_mul
 26. Parameter Settings for User Entity Instance: tomasulo_core:u_core|reservation_station:u_rs_fp_div
 27. Parameter Settings for User Entity Instance: tomasulo_core:u_core|reservation_station:u_rs_fp_cvt
 28. Parameter Settings for User Entity Instance: tomasulo_core:u_core|cdb:u_cdb|arbiter:u_arb
 29. Parameter Settings for Inferred Entity Instance: tomasulo_core:u_core|instr_queue:u_iq|altsyncram:entries_rtl_0
 30. Parameter Settings for Inferred Entity Instance: instr_mem:u_imem|altsyncram:mem_rtl_0
 31. altsyncram Parameter Settings by Entity Instance
 32. Port Connectivity Checks: "tomasulo_core:u_core|reservation_station:u_rs_fp_cvt"
 33. Port Connectivity Checks: "tomasulo_core:u_core|reservation_station:u_rs_fp_div"
 34. Port Connectivity Checks: "tomasulo_core:u_core|reservation_station:u_rs_fp_mul"
 35. Port Connectivity Checks: "tomasulo_core:u_core|reservation_station:u_rs_fp_add"
 36. Port Connectivity Checks: "tomasulo_core:u_core|reservation_station:u_rs_br"
 37. Port Connectivity Checks: "tomasulo_core:u_core|reservation_station:u_rs_alu"
 38. Post-Synthesis Netlist Statistics for Top Partition
 39. Elapsed Time Per Partition
 40. Analysis & Synthesis Messages
 41. Analysis & Synthesis Suppressed Messages



----------------
; Legal Notice ;
----------------
Copyright (C) 2018  Intel Corporation. All rights reserved.
Your use of Intel Corporation's design tools, logic functions 
and other software and tools, and its AMPP partner logic 
functions, and any output files from any of the foregoing 
(including device programming or simulation files), and any 
associated documentation or information are expressly subject 
to the terms and conditions of the Intel Program License 
Subscription Agreement, the Intel Quartus Prime License Agreement,
the Intel FPGA IP License Agreement, or other applicable license
agreement, including, without limitation, that your use is for
the sole purpose of programming logic devices manufactured by
Intel and sold by Intel or its authorized distributors.  Please
refer to the applicable agreement for further details.



+-------------------------------------------------------------------------------+
; Analysis & Synthesis Summary                                                  ;
+---------------------------------+---------------------------------------------+
; Analysis & Synthesis Status     ; Successful - Sat May 09 20:37:43 2026       ;
; Quartus Prime Version           ; 18.1.0 Build 625 09/12/2018 SJ Lite Edition ;
; Revision Name                   ; cpu                                         ;
; Top-level Entity Name           ; cpu                                         ;
; Family                          ; Cyclone V                                   ;
; Logic utilization (in ALMs)     ; N/A                                         ;
; Total registers                 ; 40101                                       ;
; Total pins                      ; 67                                          ;
; Total virtual pins              ; 0                                           ;
; Total block memory bits         ; 33,480                                      ;
; Total DSP Blocks                ; 4                                           ;
; Total HSSI RX PCSs              ; 0                                           ;
; Total HSSI PMA RX Deserializers ; 0                                           ;
; Total HSSI TX PCSs              ; 0                                           ;
; Total HSSI PMA TX Serializers   ; 0                                           ;
; Total PLLs                      ; 0                                           ;
; Total DLLs                      ; 0                                           ;
+---------------------------------+---------------------------------------------+


+---------------------------------------------------------------------------------------------------------------------------+
; Analysis & Synthesis Settings                                                                                             ;
+---------------------------------------------------------------------------------+--------------------+--------------------+
; Option                                                                          ; Setting            ; Default Value      ;
+---------------------------------------------------------------------------------+--------------------+--------------------+
; Device                                                                          ; 5CSEMA5F31C6       ;                    ;
; Top-level entity name                                                           ; cpu                ; cpu                ;
; Family name                                                                     ; Cyclone V          ; Cyclone V          ;
; Maximum processors allowed for parallel compilation                             ; 10                 ;                    ;
; Use smart compilation                                                           ; Off                ; Off                ;
; Enable parallel Assembler and Timing Analyzer during compilation                ; On                 ; On                 ;
; Enable compact report table                                                     ; Off                ; Off                ;
; Restructure Multiplexers                                                        ; Auto               ; Auto               ;
; MLAB Add Timing Constraints For Mixed-Port Feed-Through Mode Setting Don't Care ; Off                ; Off                ;
; Create Debugging Nodes for IP Cores                                             ; Off                ; Off                ;
; Preserve fewer node names                                                       ; On                 ; On                 ;
; Intel FPGA IP Evaluation Mode                                                   ; Enable             ; Enable             ;
; Verilog Version                                                                 ; Verilog_2001       ; Verilog_2001       ;
; VHDL Version                                                                    ; VHDL_1993          ; VHDL_1993          ;
; State Machine Processing                                                        ; Auto               ; Auto               ;
; Safe State Machine                                                              ; Off                ; Off                ;
; Extract Verilog State Machines                                                  ; On                 ; On                 ;
; Extract VHDL State Machines                                                     ; On                 ; On                 ;
; Ignore Verilog initial constructs                                               ; Off                ; Off                ;
; Iteration limit for constant Verilog loops                                      ; 5000               ; 5000               ;
; Iteration limit for non-constant Verilog loops                                  ; 250                ; 250                ;
; Add Pass-Through Logic to Inferred RAMs                                         ; On                 ; On                 ;
; Infer RAMs from Raw Logic                                                       ; On                 ; On                 ;
; Parallel Synthesis                                                              ; On                 ; On                 ;
; DSP Block Balancing                                                             ; Auto               ; Auto               ;
; NOT Gate Push-Back                                                              ; On                 ; On                 ;
; Power-Up Don't Care                                                             ; On                 ; On                 ;
; Remove Redundant Logic Cells                                                    ; Off                ; Off                ;
; Remove Duplicate Registers                                                      ; On                 ; On                 ;
; Ignore CARRY Buffers                                                            ; Off                ; Off                ;
; Ignore CASCADE Buffers                                                          ; Off                ; Off                ;
; Ignore GLOBAL Buffers                                                           ; Off                ; Off                ;
; Ignore ROW GLOBAL Buffers                                                       ; Off                ; Off                ;
; Ignore LCELL Buffers                                                            ; Off                ; Off                ;
; Ignore SOFT Buffers                                                             ; On                 ; On                 ;
; Limit AHDL Integers to 32 Bits                                                  ; Off                ; Off                ;
; Optimization Technique                                                          ; Balanced           ; Balanced           ;
; Carry Chain Length                                                              ; 70                 ; 70                 ;
; Auto Carry Chains                                                               ; On                 ; On                 ;
; Auto Open-Drain Pins                                                            ; On                 ; On                 ;
; Perform WYSIWYG Primitive Resynthesis                                           ; Off                ; Off                ;
; Auto ROM Replacement                                                            ; On                 ; On                 ;
; Auto RAM Replacement                                                            ; On                 ; On                 ;
; Auto DSP Block Replacement                                                      ; On                 ; On                 ;
; Auto Shift Register Replacement                                                 ; Auto               ; Auto               ;
; Allow Shift Register Merging across Hierarchies                                 ; Auto               ; Auto               ;
; Auto Clock Enable Replacement                                                   ; On                 ; On                 ;
; Strict RAM Replacement                                                          ; Off                ; Off                ;
; Allow Synchronous Control Signals                                               ; On                 ; On                 ;
; Force Use of Synchronous Clear Signals                                          ; Off                ; Off                ;
; Auto Resource Sharing                                                           ; Off                ; Off                ;
; Allow Any RAM Size For Recognition                                              ; Off                ; Off                ;
; Allow Any ROM Size For Recognition                                              ; Off                ; Off                ;
; Allow Any Shift Register Size For Recognition                                   ; Off                ; Off                ;
; Use LogicLock Constraints during Resource Balancing                             ; On                 ; On                 ;
; Ignore translate_off and synthesis_off directives                               ; Off                ; Off                ;
; Timing-Driven Synthesis                                                         ; On                 ; On                 ;
; Report Parameter Settings                                                       ; On                 ; On                 ;
; Report Source Assignments                                                       ; On                 ; On                 ;
; Report Connectivity Checks                                                      ; On                 ; On                 ;
; Ignore Maximum Fan-Out Assignments                                              ; Off                ; Off                ;
; Synchronization Register Chain Length                                           ; 3                  ; 3                  ;
; Power Optimization During Synthesis                                             ; Normal compilation ; Normal compilation ;
; HDL message level                                                               ; Level2             ; Level2             ;
; Suppress Register Optimization Related Messages                                 ; Off                ; Off                ;
; Number of Removed Registers Reported in Synthesis Report                        ; 5000               ; 5000               ;
; Number of Swept Nodes Reported in Synthesis Report                              ; 5000               ; 5000               ;
; Number of Inverted Registers Reported in Synthesis Report                       ; 100                ; 100                ;
; Clock MUX Protection                                                            ; On                 ; On                 ;
; Auto Gated Clock Conversion                                                     ; Off                ; Off                ;
; Block Design Naming                                                             ; Auto               ; Auto               ;
; SDC constraint protection                                                       ; Off                ; Off                ;
; Synthesis Effort                                                                ; Auto               ; Auto               ;
; Shift Register Replacement - Allow Asynchronous Clear Signal                    ; On                 ; On                 ;
; Pre-Mapping Resynthesis Optimization                                            ; Off                ; Off                ;
; Analysis & Synthesis Message Level                                              ; Medium             ; Medium             ;
; Disable Register Merging Across Hierarchies                                     ; Auto               ; Auto               ;
; Resource Aware Inference For Block RAM                                          ; On                 ; On                 ;
; Automatic Parallel Synthesis                                                    ; On                 ; On                 ;
; Partial Reconfiguration Bitstream ID                                            ; Off                ; Off                ;
+---------------------------------------------------------------------------------+--------------------+--------------------+


+------------------------------------------+
; Parallel Compilation                     ;
+----------------------------+-------------+
; Processors                 ; Number      ;
+----------------------------+-------------+
; Number detected on machine ; 12          ;
; Maximum allowed            ; 10          ;
;                            ;             ;
; Average used               ; 3.98        ;
; Maximum used               ; 10          ;
;                            ;             ;
; Usage by Processor         ; % Time Used ;
;     Processor 1            ; 100.0%      ;
;     Processor 2            ;  55.4%      ;
;     Processor 3            ;  55.4%      ;
;     Processor 4            ;  55.4%      ;
;     Processor 5            ;  55.4%      ;
;     Processor 6            ;  47.1%      ;
;     Processor 7            ;   8.6%      ;
;     Processor 8            ;   8.6%      ;
;     Processor 9            ;   8.5%      ;
;     Processor 10           ;   3.8%      ;
+----------------------------+-------------+


+--------------------------------------------------------------------------------------------------------------------------------------------------------------------------------------------------------------------------------+
; Analysis & Synthesis Source Files Read                                                                                                                                                                                         ;
+----------------------------------------+-----------------+-------------------------------------------------------+---------------------------------------------------------------------------------------------------+---------+
; File Name with User-Entered Path       ; Used in Netlist ; File Type                                             ; File Name with Absolute Path                                                                      ; Library ;
+----------------------------------------+-----------------+-------------------------------------------------------+---------------------------------------------------------------------------------------------------+---------+
; ../cpu.sv                              ; yes             ; User SystemVerilog HDL File                           ; C:/Users/a_abe/Downloads/Tomasulo-project/hardware/cpu.sv                                         ;         ;
; ../program_lib_rom.sv                  ; yes             ; User SystemVerilog HDL File                           ; C:/Users/a_abe/Downloads/Tomasulo-project/hardware/program_lib_rom.sv                             ;         ;
; ../execute/lsb/load_store_buffer.sv    ; yes             ; User SystemVerilog HDL File                           ; C:/Users/a_abe/Downloads/Tomasulo-project/hardware/execute/lsb/load_store_buffer.sv               ;         ;
; ../execute/lsb/data_mem.sv             ; yes             ; User SystemVerilog HDL File                           ; C:/Users/a_abe/Downloads/Tomasulo-project/hardware/execute/lsb/data_mem.sv                        ;         ;
; ../execute/int_ops/branch_unit.sv      ; yes             ; User SystemVerilog HDL File                           ; C:/Users/a_abe/Downloads/Tomasulo-project/hardware/execute/int_ops/branch_unit.sv                 ;         ;
; ../execute/int_ops/alu_unit.sv         ; yes             ; User SystemVerilog HDL File                           ; C:/Users/a_abe/Downloads/Tomasulo-project/hardware/execute/int_ops/alu_unit.sv                    ;         ;
; ../execute/fp_ops/fp_mul.sv            ; yes             ; User SystemVerilog HDL File                           ; C:/Users/a_abe/Downloads/Tomasulo-project/hardware/execute/fp_ops/fp_mul.sv                       ;         ;
; ../execute/fp_ops/fp_div.sv            ; yes             ; User SystemVerilog HDL File                           ; C:/Users/a_abe/Downloads/Tomasulo-project/hardware/execute/fp_ops/fp_div.sv                       ;         ;
; ../execute/fp_ops/fp_cvt.sv            ; yes             ; User SystemVerilog HDL File                           ; C:/Users/a_abe/Downloads/Tomasulo-project/hardware/execute/fp_ops/fp_cvt.sv                       ;         ;
; ../execute/fp_ops/fp_add.sv            ; yes             ; User SystemVerilog HDL File                           ; C:/Users/a_abe/Downloads/Tomasulo-project/hardware/execute/fp_ops/fp_add.sv                       ;         ;
; ../execute/reservation_station.sv      ; yes             ; User SystemVerilog HDL File                           ; C:/Users/a_abe/Downloads/Tomasulo-project/hardware/execute/reservation_station.sv                 ;         ;
; ../fetch/instr_queue.sv                ; yes             ; User SystemVerilog HDL File                           ; C:/Users/a_abe/Downloads/Tomasulo-project/hardware/fetch/instr_queue.sv                           ;         ;
; ../fetch/instr_mem.sv                  ; yes             ; User SystemVerilog HDL File                           ; C:/Users/a_abe/Downloads/Tomasulo-project/hardware/fetch/instr_mem.sv                             ;         ;
; ../pkg/rv32if_pkg.sv                   ; yes             ; User SystemVerilog HDL File                           ; C:/Users/a_abe/Downloads/Tomasulo-project/hardware/pkg/rv32if_pkg.sv                              ;         ;
; ../core/tomasulo_core.sv               ; yes             ; User SystemVerilog HDL File                           ; C:/Users/a_abe/Downloads/Tomasulo-project/hardware/core/tomasulo_core.sv                          ;         ;
; ../core/rob.sv                         ; yes             ; User SystemVerilog HDL File                           ; C:/Users/a_abe/Downloads/Tomasulo-project/hardware/core/rob.sv                                    ;         ;
; ../core/regfile.sv                     ; yes             ; User SystemVerilog HDL File                           ; C:/Users/a_abe/Downloads/Tomasulo-project/hardware/core/regfile.sv                                ;         ;
; ../core/rat.sv                         ; yes             ; User SystemVerilog HDL File                           ; C:/Users/a_abe/Downloads/Tomasulo-project/hardware/core/rat.sv                                    ;         ;
; ../core/dispatch.sv                    ; yes             ; User SystemVerilog HDL File                           ; C:/Users/a_abe/Downloads/Tomasulo-project/hardware/core/dispatch.sv                               ;         ;
; ../core/commit_unit.sv                 ; yes             ; User SystemVerilog HDL File                           ; C:/Users/a_abe/Downloads/Tomasulo-project/hardware/core/commit_unit.sv                            ;         ;
; ../core/cdb.sv                         ; yes             ; User SystemVerilog HDL File                           ; C:/Users/a_abe/Downloads/Tomasulo-project/hardware/core/cdb.sv                                    ;         ;
; ../core/arbiter.sv                     ; yes             ; User SystemVerilog HDL File                           ; C:/Users/a_abe/Downloads/Tomasulo-project/hardware/core/arbiter.sv                                ;         ;
; altsyncram.tdf                         ; yes             ; Megafunction                                          ; c:/intelfpga_lite/18.1/quartus/libraries/megafunctions/altsyncram.tdf                             ;         ;
; stratix_ram_block.inc                  ; yes             ; Megafunction                                          ; c:/intelfpga_lite/18.1/quartus/libraries/megafunctions/stratix_ram_block.inc                      ;         ;
; lpm_mux.inc                            ; yes             ; Megafunction                                          ; c:/intelfpga_lite/18.1/quartus/libraries/megafunctions/lpm_mux.inc                                ;         ;
; lpm_decode.inc                         ; yes             ; Megafunction                                          ; c:/intelfpga_lite/18.1/quartus/libraries/megafunctions/lpm_decode.inc                             ;         ;
; aglobal181.inc                         ; yes             ; Megafunction                                          ; c:/intelfpga_lite/18.1/quartus/libraries/megafunctions/aglobal181.inc                             ;         ;
; a_rdenreg.inc                          ; yes             ; Megafunction                                          ; c:/intelfpga_lite/18.1/quartus/libraries/megafunctions/a_rdenreg.inc                              ;         ;
; altrom.inc                             ; yes             ; Megafunction                                          ; c:/intelfpga_lite/18.1/quartus/libraries/megafunctions/altrom.inc                                 ;         ;
; altram.inc                             ; yes             ; Megafunction                                          ; c:/intelfpga_lite/18.1/quartus/libraries/megafunctions/altram.inc                                 ;         ;
; altdpram.inc                           ; yes             ; Megafunction                                          ; c:/intelfpga_lite/18.1/quartus/libraries/megafunctions/altdpram.inc                               ;         ;
; db/altsyncram_0hi1.tdf                 ; yes             ; Auto-Generated Megafunction                           ; C:/Users/a_abe/Downloads/Tomasulo-project/hardware/quartus/db/altsyncram_0hi1.tdf                 ;         ;
; db/altsyncram_ior1.tdf                 ; yes             ; Auto-Generated Megafunction                           ; C:/Users/a_abe/Downloads/Tomasulo-project/hardware/quartus/db/altsyncram_ior1.tdf                 ;         ;
; db/cpu.ram0_instr_mem_9ce15679.hdl.mif ; yes             ; Auto-Generated Auto-Found Memory Initialization File  ; C:/Users/a_abe/Downloads/Tomasulo-project/hardware/quartus/db/cpu.ram0_instr_mem_9ce15679.hdl.mif ;         ;
+----------------------------------------+-----------------+-------------------------------------------------------+---------------------------------------------------------------------------------------------------+---------+


+--------------------------------------------------------------+
; Analysis & Synthesis Resource Usage Summary                  ;
+---------------------------------------------+----------------+
; Resource                                    ; Usage          ;
+---------------------------------------------+----------------+
; Estimate of Logic utilization (ALMs needed) ; 32566          ;
;                                             ;                ;
; Combinational ALUT usage for logic          ; 32194          ;
;     -- 7 input functions                    ; 963            ;
;     -- 6 input functions                    ; 19377          ;
;     -- 5 input functions                    ; 3319           ;
;     -- 4 input functions                    ; 1936           ;
;     -- <=3 input functions                  ; 6599           ;
;                                             ;                ;
; Dedicated logic registers                   ; 40101          ;
;                                             ;                ;
; I/O pins                                    ; 67             ;
; Total MLAB memory bits                      ; 0              ;
; Total block memory bits                     ; 33480          ;
;                                             ;                ;
; Total DSP Blocks                            ; 4              ;
;                                             ;                ;
; Maximum fan-out node                        ; CLOCK_50~input ;
; Maximum fan-out                             ; 40222          ;
; Total fan-out                               ; 299298         ;
; Average fan-out                             ; 4.13           ;
+---------------------------------------------+----------------+


+-------------------------------------------------------------------------------------------------------------------------------------------------------------------------------------------------------------------------------------------------------------------------------------------------+
; Analysis & Synthesis Resource Utilization by Entity                                                                                                                                                                                                                                             ;
+----------------------------------------------+---------------------+---------------------------+-------------------+------------+------+--------------+----------------------------------------------------------------------------------------------------+---------------------+--------------+
; Compilation Hierarchy Node                   ; Combinational ALUTs ; Dedicated Logic Registers ; Block Memory Bits ; DSP Blocks ; Pins ; Virtual Pins ; Full Hierarchy Name                                                                                ; Entity Name         ; Library Name ;
+----------------------------------------------+---------------------+---------------------------+-------------------+------------+------+--------------+----------------------------------------------------------------------------------------------------+---------------------+--------------+
; |cpu                                         ; 32194 (468)         ; 40101 (290)               ; 33480             ; 4          ; 67   ; 0            ; |cpu                                                                                               ; cpu                 ; work         ;
;    |data_mem:u_dmem|                         ; 15092 (15092)       ; 32800 (32800)             ; 0                 ; 0          ; 0    ; 0            ; |cpu|data_mem:u_dmem                                                                               ; data_mem            ; work         ;
;    |instr_mem:u_imem|                        ; 0 (0)               ; 0 (0)                     ; 32768             ; 0          ; 0    ; 0            ; |cpu|instr_mem:u_imem                                                                              ; instr_mem           ; work         ;
;       |altsyncram:mem_rtl_0|                 ; 0 (0)               ; 0 (0)                     ; 32768             ; 0          ; 0    ; 0            ; |cpu|instr_mem:u_imem|altsyncram:mem_rtl_0                                                         ; altsyncram          ; work         ;
;          |altsyncram_ior1:auto_generated|    ; 0 (0)               ; 0 (0)                     ; 32768             ; 0          ; 0    ; 0            ; |cpu|instr_mem:u_imem|altsyncram:mem_rtl_0|altsyncram_ior1:auto_generated                          ; altsyncram_ior1     ; work         ;
;    |program_lib_rom:u_prog_lib|              ; 6495 (6495)         ; 32 (32)                   ; 0                 ; 0          ; 0    ; 0            ; |cpu|program_lib_rom:u_prog_lib                                                                    ; program_lib_rom     ; work         ;
;    |tomasulo_core:u_core|                    ; 10139 (259)         ; 6979 (115)                ; 712               ; 4          ; 0    ; 0            ; |cpu|tomasulo_core:u_core                                                                          ; tomasulo_core       ; work         ;
;       |alu_int:u_alu|                        ; 871 (871)           ; 37 (37)                   ; 0                 ; 0          ; 0    ; 0            ; |cpu|tomasulo_core:u_core|alu_int:u_alu                                                            ; alu_int             ; work         ;
;       |branch_unit:u_br|                     ; 183 (183)           ; 38 (38)                   ; 0                 ; 0          ; 0    ; 0            ; |cpu|tomasulo_core:u_core|branch_unit:u_br                                                         ; branch_unit         ; work         ;
;       |cdb:u_cdb|                            ; 207 (186)           ; 7 (7)                     ; 0                 ; 0          ; 0    ; 0            ; |cpu|tomasulo_core:u_core|cdb:u_cdb                                                                ; cdb                 ; work         ;
;          |arbiter:u_arb|                     ; 21 (21)             ; 0 (0)                     ; 0                 ; 0          ; 0    ; 0            ; |cpu|tomasulo_core:u_core|cdb:u_cdb|arbiter:u_arb                                                  ; arbiter             ; work         ;
;       |commit_unit:u_commit|                 ; 111 (111)           ; 0 (0)                     ; 0                 ; 0          ; 0    ; 0            ; |cpu|tomasulo_core:u_core|commit_unit:u_commit                                                     ; commit_unit         ; work         ;
;       |dispatch:u_dispatch|                  ; 2439 (2439)         ; 0 (0)                     ; 0                 ; 0          ; 0    ; 0            ; |cpu|tomasulo_core:u_core|dispatch:u_dispatch                                                      ; dispatch            ; work         ;
;       |fp_add:u_fp_add|                      ; 606 (606)           ; 74 (74)                   ; 0                 ; 0          ; 0    ; 0            ; |cpu|tomasulo_core:u_core|fp_add:u_fp_add                                                          ; fp_add              ; work         ;
;       |fp_cvt:u_fp_cvt|                      ; 427 (427)           ; 74 (74)                   ; 0                 ; 0          ; 0    ; 0            ; |cpu|tomasulo_core:u_core|fp_cvt:u_fp_cvt                                                          ; fp_cvt              ; work         ;
;       |fp_div:u_fp_div|                      ; 365 (365)           ; 113 (113)                 ; 0                 ; 0          ; 0    ; 0            ; |cpu|tomasulo_core:u_core|fp_div:u_fp_div                                                          ; fp_div              ; work         ;
;       |fp_mul:u_fp_mul|                      ; 166 (166)           ; 252 (252)                 ; 0                 ; 4          ; 0    ; 0            ; |cpu|tomasulo_core:u_core|fp_mul:u_fp_mul                                                          ; fp_mul              ; work         ;
;       |instr_queue:u_iq|                     ; 64 (64)             ; 106 (106)                 ; 712               ; 0          ; 0    ; 0            ; |cpu|tomasulo_core:u_core|instr_queue:u_iq                                                         ; instr_queue         ; work         ;
;          |altsyncram:entries_rtl_0|          ; 0 (0)               ; 0 (0)                     ; 712               ; 0          ; 0    ; 0            ; |cpu|tomasulo_core:u_core|instr_queue:u_iq|altsyncram:entries_rtl_0                                ; altsyncram          ; work         ;
;             |altsyncram_0hi1:auto_generated| ; 0 (0)               ; 0 (0)                     ; 712               ; 0          ; 0    ; 0            ; |cpu|tomasulo_core:u_core|instr_queue:u_iq|altsyncram:entries_rtl_0|altsyncram_0hi1:auto_generated ; altsyncram_0hi1     ; work         ;
;       |load_store_buffer:u_lsb|              ; 370 (370)           ; 657 (657)                 ; 0                 ; 0          ; 0    ; 0            ; |cpu|tomasulo_core:u_core|load_store_buffer:u_lsb                                                  ; load_store_buffer   ; work         ;
;       |rat_table:u_rat|                      ; 822 (822)           ; 315 (315)                 ; 0                 ; 0          ; 0    ; 0            ; |cpu|tomasulo_core:u_core|rat_table:u_rat                                                          ; rat_table           ; work         ;
;       |regfile:u_rf|                         ; 98 (98)             ; 2016 (2016)               ; 0                 ; 0          ; 0    ; 0            ; |cpu|tomasulo_core:u_core|regfile:u_rf                                                             ; regfile             ; work         ;
;       |reservation_station:u_rs_alu|         ; 386 (386)           ; 894 (894)                 ; 0                 ; 0          ; 0    ; 0            ; |cpu|tomasulo_core:u_core|reservation_station:u_rs_alu                                             ; reservation_station ; work         ;
;       |reservation_station:u_rs_br|          ; 142 (142)           ; 298 (298)                 ; 0                 ; 0          ; 0    ; 0            ; |cpu|tomasulo_core:u_core|reservation_station:u_rs_br                                              ; reservation_station ; work         ;
;       |reservation_station:u_rs_fp_add|      ; 114 (114)           ; 252 (252)                 ; 0                 ; 0          ; 0    ; 0            ; |cpu|tomasulo_core:u_core|reservation_station:u_rs_fp_add                                          ; reservation_station ; work         ;
;       |reservation_station:u_rs_fp_cvt|      ; 58 (58)             ; 106 (106)                 ; 0                 ; 0          ; 0    ; 0            ; |cpu|tomasulo_core:u_core|reservation_station:u_rs_fp_cvt                                          ; reservation_station ; work         ;
;       |reservation_station:u_rs_fp_div|      ; 35 (35)             ; 158 (158)                 ; 0                 ; 0          ; 0    ; 0            ; |cpu|tomasulo_core:u_core|reservation_station:u_rs_fp_div                                          ; reservation_station ; work         ;
;       |reservation_station:u_rs_fp_mul|      ; 83 (83)             ; 158 (158)                 ; 0                 ; 0          ; 0    ; 0            ; |cpu|tomasulo_core:u_core|reservation_station:u_rs_fp_mul                                          ; reservation_station ; work         ;
;       |rob_unit:u_rob|                       ; 2333 (2333)         ; 1309 (1309)               ; 0                 ; 0          ; 0    ; 0            ; |cpu|tomasulo_core:u_core|rob_unit:u_rob                                                           ; rob_unit            ; work         ;
+----------------------------------------------+---------------------+---------------------------+-------------------+------------+------+--------------+----------------------------------------------------------------------------------------------------+---------------------+--------------+
Note: For table entries with two numbers listed, the numbers in parentheses indicate the number of resources of the given type used by the specific entity alone. The numbers listed outside of parentheses indicate the total resources of the given type used by the specific entity and all of its sub-entities in the hierarchy.


+-------------------------------------------------------------------------------------------------------------------------------------------------------------------------------------------------------------------------------------------------+
; Analysis & Synthesis RAM Summary                                                                                                                                                                                                                ;
+----------------------------------------------------------------------------------------------------------+------+------------------+--------------+--------------+--------------+--------------+-------+----------------------------------------+
; Name                                                                                                     ; Type ; Mode             ; Port A Depth ; Port A Width ; Port B Depth ; Port B Width ; Size  ; MIF                                    ;
+----------------------------------------------------------------------------------------------------------+------+------------------+--------------+--------------+--------------+--------------+-------+----------------------------------------+
; instr_mem:u_imem|altsyncram:mem_rtl_0|altsyncram_ior1:auto_generated|ALTSYNCRAM                          ; AUTO ; Simple Dual Port ; 1024         ; 32           ; 1024         ; 32           ; 32768 ; db/cpu.ram0_instr_mem_9ce15679.hdl.mif ;
; tomasulo_core:u_core|instr_queue:u_iq|altsyncram:entries_rtl_0|altsyncram_0hi1:auto_generated|ALTSYNCRAM ; AUTO ; Simple Dual Port ; 8            ; 89           ; 8            ; 89           ; 712   ; None                                   ;
+----------------------------------------------------------------------------------------------------------+------+------------------+--------------+--------------+--------------+--------------+-------+----------------------------------------+


+-----------------------------------------------+
; Analysis & Synthesis DSP Block Usage Summary  ;
+---------------------------------+-------------+
; Statistic                       ; Number Used ;
+---------------------------------+-------------+
; Two Independent 18x18           ; 4           ;
; Total number of DSP blocks      ; 4           ;
;                                 ;             ;
; Fixed Point Unsigned Multiplier ; 4           ;
+---------------------------------+-------------+


Encoding Type:  One-Hot
+-----------------------------------------------------------------+
; State Machine - |cpu|tomasulo_core:u_core|fp_div:u_fp_div|state ;
+--------------+------------+------------+------------------------+
; Name         ; state.IDLE ; state.DONE ; state.DIVIDE           ;
+--------------+------------+------------+------------------------+
; state.IDLE   ; 0          ; 0          ; 0                      ;
; state.DIVIDE ; 1          ; 0          ; 1                      ;
; state.DONE   ; 1          ; 1          ; 0                      ;
+--------------+------------+------------+------------------------+


+--------------------------------------------------------------------------------------------------------------------------------------+
; Registers Removed During Synthesis                                                                                                   ;
+-------------------------------------------------------------------------+------------------------------------------------------------+
; Register name                                                           ; Reason for Removal                                         ;
+-------------------------------------------------------------------------+------------------------------------------------------------+
; tomasulo_core:u_core|load_store_buffer:u_lsb|entries[4].rs1_val[12..17] ; Lost fanout                                                ;
; tomasulo_core:u_core|load_store_buffer:u_lsb|entries[4].imm[12..31]     ; Lost fanout                                                ;
; tomasulo_core:u_core|load_store_buffer:u_lsb|entries[5].rs1_val[12..31] ; Lost fanout                                                ;
; tomasulo_core:u_core|load_store_buffer:u_lsb|entries[5].imm[12..31]     ; Lost fanout                                                ;
; tomasulo_core:u_core|load_store_buffer:u_lsb|entries[6].rs1_val[12..31] ; Lost fanout                                                ;
; tomasulo_core:u_core|load_store_buffer:u_lsb|entries[6].imm[12..31]     ; Lost fanout                                                ;
; tomasulo_core:u_core|load_store_buffer:u_lsb|entries[7].rs1_val[12..31] ; Lost fanout                                                ;
; tomasulo_core:u_core|load_store_buffer:u_lsb|entries[7].imm[12..31]     ; Lost fanout                                                ;
; tomasulo_core:u_core|load_store_buffer:u_lsb|entries[4].rs1_val[18..31] ; Lost fanout                                                ;
; tomasulo_core:u_core|load_store_buffer:u_lsb|entries[3].imm[12..31]     ; Lost fanout                                                ;
; tomasulo_core:u_core|load_store_buffer:u_lsb|entries[3].rs1_val[12..31] ; Lost fanout                                                ;
; tomasulo_core:u_core|load_store_buffer:u_lsb|entries[2].imm[12..31]     ; Lost fanout                                                ;
; tomasulo_core:u_core|load_store_buffer:u_lsb|entries[2].rs1_val[12..31] ; Lost fanout                                                ;
; tomasulo_core:u_core|load_store_buffer:u_lsb|entries[1].imm[12..31]     ; Lost fanout                                                ;
; tomasulo_core:u_core|load_store_buffer:u_lsb|entries[1].rs1_val[12..31] ; Lost fanout                                                ;
; tomasulo_core:u_core|load_store_buffer:u_lsb|entries[0].imm[12..31]     ; Lost fanout                                                ;
; tomasulo_core:u_core|load_store_buffer:u_lsb|entries[0].rs1_val[12..31] ; Lost fanout                                                ;
; tomasulo_core:u_core|fp_div:u_fp_div|s_sreg[1,2]                        ; Merged with tomasulo_core:u_core|fp_div:u_fp_div|s_sreg[0] ;
; tomasulo_core:u_core|rat_table:u_rat|x_tags[0][3]                       ; Stuck at GND due to stuck port data_in                     ;
; tomasulo_core:u_core|rat_table:u_rat|x_tags[0][2]                       ; Stuck at GND due to stuck port data_in                     ;
; tomasulo_core:u_core|rat_table:u_rat|x_tags[0][1]                       ; Stuck at GND due to stuck port data_in                     ;
; tomasulo_core:u_core|rat_table:u_rat|x_tags[0][0]                       ; Stuck at GND due to stuck port data_in                     ;
; tomasulo_core:u_core|rat_table:u_rat|x_valid[0]                         ; Stuck at GND due to stuck port data_in                     ;
; tomasulo_core:u_core|fp_div:u_fp_div|s_sreg[0]                          ; Stuck at GND due to stuck port data_in                     ;
; cycle_count[24..31]                                                     ; Lost fanout                                                ;
; tomasulo_core:u_core|br_op_d[0]                                         ; Lost fanout                                                ;
; tomasulo_core:u_core|reservation_station:u_rs_fp_add|slots[2].op[5]     ; Stuck at GND due to stuck port data_in                     ;
; tomasulo_core:u_core|reservation_station:u_rs_fp_add|slots[1].op[5]     ; Stuck at GND due to stuck port data_in                     ;
; tomasulo_core:u_core|reservation_station:u_rs_fp_add|slots[0].op[5]     ; Stuck at GND due to stuck port data_in                     ;
; tomasulo_core:u_core|regfile:u_rf|int_regs[0][31]                       ; Stuck at GND due to stuck port clock_enable                ;
; tomasulo_core:u_core|regfile:u_rf|int_regs[0][29]                       ; Stuck at GND due to stuck port clock_enable                ;
; tomasulo_core:u_core|regfile:u_rf|int_regs[0][30]                       ; Stuck at GND due to stuck port clock_enable                ;
; tomasulo_core:u_core|regfile:u_rf|int_regs[0][26]                       ; Stuck at GND due to stuck port clock_enable                ;
; tomasulo_core:u_core|regfile:u_rf|int_regs[0][27]                       ; Stuck at GND due to stuck port clock_enable                ;
; tomasulo_core:u_core|regfile:u_rf|int_regs[0][28]                       ; Stuck at GND due to stuck port clock_enable                ;
; tomasulo_core:u_core|regfile:u_rf|int_regs[0][24]                       ; Stuck at GND due to stuck port clock_enable                ;
; tomasulo_core:u_core|regfile:u_rf|int_regs[0][25]                       ; Stuck at GND due to stuck port clock_enable                ;
; tomasulo_core:u_core|regfile:u_rf|int_regs[0][20]                       ; Stuck at GND due to stuck port clock_enable                ;
; tomasulo_core:u_core|regfile:u_rf|int_regs[0][4]                        ; Stuck at GND due to stuck port clock_enable                ;
; tomasulo_core:u_core|regfile:u_rf|int_regs[0][8]                        ; Stuck at GND due to stuck port clock_enable                ;
; tomasulo_core:u_core|regfile:u_rf|int_regs[0][9]                        ; Stuck at GND due to stuck port clock_enable                ;
; tomasulo_core:u_core|regfile:u_rf|int_regs[0][6]                        ; Stuck at GND due to stuck port clock_enable                ;
; tomasulo_core:u_core|regfile:u_rf|int_regs[0][7]                        ; Stuck at GND due to stuck port clock_enable                ;
; tomasulo_core:u_core|regfile:u_rf|int_regs[0][2]                        ; Stuck at GND due to stuck port clock_enable                ;
; tomasulo_core:u_core|regfile:u_rf|int_regs[0][3]                        ; Stuck at GND due to stuck port clock_enable                ;
; tomasulo_core:u_core|regfile:u_rf|int_regs[0][5]                        ; Stuck at GND due to stuck port clock_enable                ;
; tomasulo_core:u_core|regfile:u_rf|int_regs[0][10]                       ; Stuck at GND due to stuck port clock_enable                ;
; tomasulo_core:u_core|regfile:u_rf|int_regs[0][11]                       ; Stuck at GND due to stuck port clock_enable                ;
; tomasulo_core:u_core|regfile:u_rf|int_regs[0][21]                       ; Stuck at GND due to stuck port clock_enable                ;
; tomasulo_core:u_core|regfile:u_rf|int_regs[0][22]                       ; Stuck at GND due to stuck port clock_enable                ;
; tomasulo_core:u_core|regfile:u_rf|int_regs[0][23]                       ; Stuck at GND due to stuck port clock_enable                ;
; tomasulo_core:u_core|regfile:u_rf|int_regs[0][0]                        ; Stuck at GND due to stuck port clock_enable                ;
; tomasulo_core:u_core|regfile:u_rf|int_regs[0][1]                        ; Stuck at GND due to stuck port clock_enable                ;
; tomasulo_core:u_core|regfile:u_rf|int_regs[0][12]                       ; Stuck at GND due to stuck port clock_enable                ;
; tomasulo_core:u_core|regfile:u_rf|int_regs[0][13]                       ; Stuck at GND due to stuck port clock_enable                ;
; tomasulo_core:u_core|regfile:u_rf|int_regs[0][14]                       ; Stuck at GND due to stuck port clock_enable                ;
; tomasulo_core:u_core|regfile:u_rf|int_regs[0][15]                       ; Stuck at GND due to stuck port clock_enable                ;
; tomasulo_core:u_core|regfile:u_rf|int_regs[0][16]                       ; Stuck at GND due to stuck port clock_enable                ;
; tomasulo_core:u_core|regfile:u_rf|int_regs[0][17]                       ; Stuck at GND due to stuck port clock_enable                ;
; tomasulo_core:u_core|regfile:u_rf|int_regs[0][18]                       ; Stuck at GND due to stuck port clock_enable                ;
; tomasulo_core:u_core|regfile:u_rf|int_regs[0][19]                       ; Stuck at GND due to stuck port clock_enable                ;
; Total Number of Removed Registers = 372                                 ;                                                            ;
+-------------------------------------------------------------------------+------------------------------------------------------------+


+-----------------------------------------------------------------------------------------------------------------------------+
; Removed Registers Triggering Further Register Optimizations                                                                 ;
+-----------------+--------------------+--------------------------------------------------------------------------------------+
; Register name   ; Reason for Removal ; Registers Removed due to This Register                                               ;
+-----------------+--------------------+--------------------------------------------------------------------------------------+
; cycle_count[31] ; Lost Fanouts       ; cycle_count[30], cycle_count[29], cycle_count[28], cycle_count[27], cycle_count[26], ;
;                 ;                    ; cycle_count[25], cycle_count[24]                                                     ;
+-----------------+--------------------+--------------------------------------------------------------------------------------+


+------------------------------------------------------+
; General Register Statistics                          ;
+----------------------------------------------+-------+
; Statistic                                    ; Value ;
+----------------------------------------------+-------+
; Total registers                              ; 40101 ;
; Number of registers using Synchronous Clear  ; 4779  ;
; Number of registers using Synchronous Load   ; 1660  ;
; Number of registers using Asynchronous Clear ; 3409  ;
; Number of registers using Asynchronous Load  ; 0     ;
; Number of registers using Clock Enable       ; 39683 ;
; Number of registers using Preset             ; 0     ;
+----------------------------------------------+-------+


+--------------------------------------------------------+
; Inverted Register Statistics                           ;
+----------------------------------------------+---------+
; Inverted Register                            ; Fan out ;
+----------------------------------------------+---------+
; tomasulo_core:u_core|cdb:u_cdb|last_grant[0] ; 1       ;
; Total number of inverted registers = 1       ;         ;
+----------------------------------------------+---------+


+----------------------------------------------------------------------------------------------------------------------+
; Registers Added for RAM Pass-Through Logic                                                                           ;
+----------------------------------------------------------------+-----------------------------------------------------+
; Register Name                                                  ; RAM Name                                            ;
+----------------------------------------------------------------+-----------------------------------------------------+
; tomasulo_core:u_core|instr_queue:u_iq|entries_rtl_0_bypass[0]  ; tomasulo_core:u_core|instr_queue:u_iq|entries_rtl_0 ;
; tomasulo_core:u_core|instr_queue:u_iq|entries_rtl_0_bypass[1]  ; tomasulo_core:u_core|instr_queue:u_iq|entries_rtl_0 ;
; tomasulo_core:u_core|instr_queue:u_iq|entries_rtl_0_bypass[2]  ; tomasulo_core:u_core|instr_queue:u_iq|entries_rtl_0 ;
; tomasulo_core:u_core|instr_queue:u_iq|entries_rtl_0_bypass[3]  ; tomasulo_core:u_core|instr_queue:u_iq|entries_rtl_0 ;
; tomasulo_core:u_core|instr_queue:u_iq|entries_rtl_0_bypass[4]  ; tomasulo_core:u_core|instr_queue:u_iq|entries_rtl_0 ;
; tomasulo_core:u_core|instr_queue:u_iq|entries_rtl_0_bypass[5]  ; tomasulo_core:u_core|instr_queue:u_iq|entries_rtl_0 ;
; tomasulo_core:u_core|instr_queue:u_iq|entries_rtl_0_bypass[6]  ; tomasulo_core:u_core|instr_queue:u_iq|entries_rtl_0 ;
; tomasulo_core:u_core|instr_queue:u_iq|entries_rtl_0_bypass[7]  ; tomasulo_core:u_core|instr_queue:u_iq|entries_rtl_0 ;
; tomasulo_core:u_core|instr_queue:u_iq|entries_rtl_0_bypass[8]  ; tomasulo_core:u_core|instr_queue:u_iq|entries_rtl_0 ;
; tomasulo_core:u_core|instr_queue:u_iq|entries_rtl_0_bypass[9]  ; tomasulo_core:u_core|instr_queue:u_iq|entries_rtl_0 ;
; tomasulo_core:u_core|instr_queue:u_iq|entries_rtl_0_bypass[10] ; tomasulo_core:u_core|instr_queue:u_iq|entries_rtl_0 ;
; tomasulo_core:u_core|instr_queue:u_iq|entries_rtl_0_bypass[11] ; tomasulo_core:u_core|instr_queue:u_iq|entries_rtl_0 ;
; tomasulo_core:u_core|instr_queue:u_iq|entries_rtl_0_bypass[12] ; tomasulo_core:u_core|instr_queue:u_iq|entries_rtl_0 ;
; tomasulo_core:u_core|instr_queue:u_iq|entries_rtl_0_bypass[13] ; tomasulo_core:u_core|instr_queue:u_iq|entries_rtl_0 ;
; tomasulo_core:u_core|instr_queue:u_iq|entries_rtl_0_bypass[14] ; tomasulo_core:u_core|instr_queue:u_iq|entries_rtl_0 ;
; tomasulo_core:u_core|instr_queue:u_iq|entries_rtl_0_bypass[15] ; tomasulo_core:u_core|instr_queue:u_iq|entries_rtl_0 ;
; tomasulo_core:u_core|instr_queue:u_iq|entries_rtl_0_bypass[16] ; tomasulo_core:u_core|instr_queue:u_iq|entries_rtl_0 ;
; tomasulo_core:u_core|instr_queue:u_iq|entries_rtl_0_bypass[17] ; tomasulo_core:u_core|instr_queue:u_iq|entries_rtl_0 ;
; tomasulo_core:u_core|instr_queue:u_iq|entries_rtl_0_bypass[18] ; tomasulo_core:u_core|instr_queue:u_iq|entries_rtl_0 ;
; tomasulo_core:u_core|instr_queue:u_iq|entries_rtl_0_bypass[19] ; tomasulo_core:u_core|instr_queue:u_iq|entries_rtl_0 ;
; tomasulo_core:u_core|instr_queue:u_iq|entries_rtl_0_bypass[20] ; tomasulo_core:u_core|instr_queue:u_iq|entries_rtl_0 ;
; tomasulo_core:u_core|instr_queue:u_iq|entries_rtl_0_bypass[21] ; tomasulo_core:u_core|instr_queue:u_iq|entries_rtl_0 ;
; tomasulo_core:u_core|instr_queue:u_iq|entries_rtl_0_bypass[22] ; tomasulo_core:u_core|instr_queue:u_iq|entries_rtl_0 ;
; tomasulo_core:u_core|instr_queue:u_iq|entries_rtl_0_bypass[23] ; tomasulo_core:u_core|instr_queue:u_iq|entries_rtl_0 ;
; tomasulo_core:u_core|instr_queue:u_iq|entries_rtl_0_bypass[24] ; tomasulo_core:u_core|instr_queue:u_iq|entries_rtl_0 ;
; tomasulo_core:u_core|instr_queue:u_iq|entries_rtl_0_bypass[25] ; tomasulo_core:u_core|instr_queue:u_iq|entries_rtl_0 ;
; tomasulo_core:u_core|instr_queue:u_iq|entries_rtl_0_bypass[26] ; tomasulo_core:u_core|instr_queue:u_iq|entries_rtl_0 ;
; tomasulo_core:u_core|instr_queue:u_iq|entries_rtl_0_bypass[27] ; tomasulo_core:u_core|instr_queue:u_iq|entries_rtl_0 ;
; tomasulo_core:u_core|instr_queue:u_iq|entries_rtl_0_bypass[28] ; tomasulo_core:u_core|instr_queue:u_iq|entries_rtl_0 ;
; tomasulo_core:u_core|instr_queue:u_iq|entries_rtl_0_bypass[29] ; tomasulo_core:u_core|instr_queue:u_iq|entries_rtl_0 ;
; tomasulo_core:u_core|instr_queue:u_iq|entries_rtl_0_bypass[30] ; tomasulo_core:u_core|instr_queue:u_iq|entries_rtl_0 ;
; tomasulo_core:u_core|instr_queue:u_iq|entries_rtl_0_bypass[31] ; tomasulo_core:u_core|instr_queue:u_iq|entries_rtl_0 ;
; tomasulo_core:u_core|instr_queue:u_iq|entries_rtl_0_bypass[32] ; tomasulo_core:u_core|instr_queue:u_iq|entries_rtl_0 ;
; tomasulo_core:u_core|instr_queue:u_iq|entries_rtl_0_bypass[33] ; tomasulo_core:u_core|instr_queue:u_iq|entries_rtl_0 ;
; tomasulo_core:u_core|instr_queue:u_iq|entries_rtl_0_bypass[34] ; tomasulo_core:u_core|instr_queue:u_iq|entries_rtl_0 ;
; tomasulo_core:u_core|instr_queue:u_iq|entries_rtl_0_bypass[35] ; tomasulo_core:u_core|instr_queue:u_iq|entries_rtl_0 ;
; tomasulo_core:u_core|instr_queue:u_iq|entries_rtl_0_bypass[36] ; tomasulo_core:u_core|instr_queue:u_iq|entries_rtl_0 ;
; tomasulo_core:u_core|instr_queue:u_iq|entries_rtl_0_bypass[37] ; tomasulo_core:u_core|instr_queue:u_iq|entries_rtl_0 ;
; tomasulo_core:u_core|instr_queue:u_iq|entries_rtl_0_bypass[38] ; tomasulo_core:u_core|instr_queue:u_iq|entries_rtl_0 ;
; tomasulo_core:u_core|instr_queue:u_iq|entries_rtl_0_bypass[39] ; tomasulo_core:u_core|instr_queue:u_iq|entries_rtl_0 ;
; tomasulo_core:u_core|instr_queue:u_iq|entries_rtl_0_bypass[40] ; tomasulo_core:u_core|instr_queue:u_iq|entries_rtl_0 ;
; tomasulo_core:u_core|instr_queue:u_iq|entries_rtl_0_bypass[41] ; tomasulo_core:u_core|instr_queue:u_iq|entries_rtl_0 ;
; tomasulo_core:u_core|instr_queue:u_iq|entries_rtl_0_bypass[42] ; tomasulo_core:u_core|instr_queue:u_iq|entries_rtl_0 ;
; tomasulo_core:u_core|instr_queue:u_iq|entries_rtl_0_bypass[43] ; tomasulo_core:u_core|instr_queue:u_iq|entries_rtl_0 ;
; tomasulo_core:u_core|instr_queue:u_iq|entries_rtl_0_bypass[44] ; tomasulo_core:u_core|instr_queue:u_iq|entries_rtl_0 ;
; tomasulo_core:u_core|instr_queue:u_iq|entries_rtl_0_bypass[45] ; tomasulo_core:u_core|instr_queue:u_iq|entries_rtl_0 ;
; tomasulo_core:u_core|instr_queue:u_iq|entries_rtl_0_bypass[46] ; tomasulo_core:u_core|instr_queue:u_iq|entries_rtl_0 ;
; tomasulo_core:u_core|instr_queue:u_iq|entries_rtl_0_bypass[47] ; tomasulo_core:u_core|instr_queue:u_iq|entries_rtl_0 ;
; tomasulo_core:u_core|instr_queue:u_iq|entries_rtl_0_bypass[48] ; tomasulo_core:u_core|instr_queue:u_iq|entries_rtl_0 ;
; tomasulo_core:u_core|instr_queue:u_iq|entries_rtl_0_bypass[49] ; tomasulo_core:u_core|instr_queue:u_iq|entries_rtl_0 ;
; tomasulo_core:u_core|instr_queue:u_iq|entries_rtl_0_bypass[50] ; tomasulo_core:u_core|instr_queue:u_iq|entries_rtl_0 ;
; tomasulo_core:u_core|instr_queue:u_iq|entries_rtl_0_bypass[51] ; tomasulo_core:u_core|instr_queue:u_iq|entries_rtl_0 ;
; tomasulo_core:u_core|instr_queue:u_iq|entries_rtl_0_bypass[52] ; tomasulo_core:u_core|instr_queue:u_iq|entries_rtl_0 ;
; tomasulo_core:u_core|instr_queue:u_iq|entries_rtl_0_bypass[53] ; tomasulo_core:u_core|instr_queue:u_iq|entries_rtl_0 ;
; tomasulo_core:u_core|instr_queue:u_iq|entries_rtl_0_bypass[54] ; tomasulo_core:u_core|instr_queue:u_iq|entries_rtl_0 ;
; tomasulo_core:u_core|instr_queue:u_iq|entries_rtl_0_bypass[55] ; tomasulo_core:u_core|instr_queue:u_iq|entries_rtl_0 ;
; tomasulo_core:u_core|instr_queue:u_iq|entries_rtl_0_bypass[56] ; tomasulo_core:u_core|instr_queue:u_iq|entries_rtl_0 ;
; tomasulo_core:u_core|instr_queue:u_iq|entries_rtl_0_bypass[57] ; tomasulo_core:u_core|instr_queue:u_iq|entries_rtl_0 ;
; tomasulo_core:u_core|instr_queue:u_iq|entries_rtl_0_bypass[58] ; tomasulo_core:u_core|instr_queue:u_iq|entries_rtl_0 ;
; tomasulo_core:u_core|instr_queue:u_iq|entries_rtl_0_bypass[59] ; tomasulo_core:u_core|instr_queue:u_iq|entries_rtl_0 ;
; tomasulo_core:u_core|instr_queue:u_iq|entries_rtl_0_bypass[60] ; tomasulo_core:u_core|instr_queue:u_iq|entries_rtl_0 ;
; tomasulo_core:u_core|instr_queue:u_iq|entries_rtl_0_bypass[61] ; tomasulo_core:u_core|instr_queue:u_iq|entries_rtl_0 ;
; tomasulo_core:u_core|instr_queue:u_iq|entries_rtl_0_bypass[62] ; tomasulo_core:u_core|instr_queue:u_iq|entries_rtl_0 ;
; tomasulo_core:u_core|instr_queue:u_iq|entries_rtl_0_bypass[63] ; tomasulo_core:u_core|instr_queue:u_iq|entries_rtl_0 ;
; tomasulo_core:u_core|instr_queue:u_iq|entries_rtl_0_bypass[64] ; tomasulo_core:u_core|instr_queue:u_iq|entries_rtl_0 ;
; tomasulo_core:u_core|instr_queue:u_iq|entries_rtl_0_bypass[65] ; tomasulo_core:u_core|instr_queue:u_iq|entries_rtl_0 ;
; tomasulo_core:u_core|instr_queue:u_iq|entries_rtl_0_bypass[66] ; tomasulo_core:u_core|instr_queue:u_iq|entries_rtl_0 ;
; tomasulo_core:u_core|instr_queue:u_iq|entries_rtl_0_bypass[67] ; tomasulo_core:u_core|instr_queue:u_iq|entries_rtl_0 ;
; tomasulo_core:u_core|instr_queue:u_iq|entries_rtl_0_bypass[68] ; tomasulo_core:u_core|instr_queue:u_iq|entries_rtl_0 ;
; tomasulo_core:u_core|instr_queue:u_iq|entries_rtl_0_bypass[69] ; tomasulo_core:u_core|instr_queue:u_iq|entries_rtl_0 ;
; tomasulo_core:u_core|instr_queue:u_iq|entries_rtl_0_bypass[70] ; tomasulo_core:u_core|instr_queue:u_iq|entries_rtl_0 ;
; tomasulo_core:u_core|instr_queue:u_iq|entries_rtl_0_bypass[71] ; tomasulo_core:u_core|instr_queue:u_iq|entries_rtl_0 ;
; tomasulo_core:u_core|instr_queue:u_iq|entries_rtl_0_bypass[72] ; tomasulo_core:u_core|instr_queue:u_iq|entries_rtl_0 ;
; tomasulo_core:u_core|instr_queue:u_iq|entries_rtl_0_bypass[73] ; tomasulo_core:u_core|instr_queue:u_iq|entries_rtl_0 ;
; tomasulo_core:u_core|instr_queue:u_iq|entries_rtl_0_bypass[74] ; tomasulo_core:u_core|instr_queue:u_iq|entries_rtl_0 ;
; tomasulo_core:u_core|instr_queue:u_iq|entries_rtl_0_bypass[75] ; tomasulo_core:u_core|instr_queue:u_iq|entries_rtl_0 ;
; tomasulo_core:u_core|instr_queue:u_iq|entries_rtl_0_bypass[76] ; tomasulo_core:u_core|instr_queue:u_iq|entries_rtl_0 ;
; tomasulo_core:u_core|instr_queue:u_iq|entries_rtl_0_bypass[77] ; tomasulo_core:u_core|instr_queue:u_iq|entries_rtl_0 ;
; tomasulo_core:u_core|instr_queue:u_iq|entries_rtl_0_bypass[78] ; tomasulo_core:u_core|instr_queue:u_iq|entries_rtl_0 ;
; tomasulo_core:u_core|instr_queue:u_iq|entries_rtl_0_bypass[79] ; tomasulo_core:u_core|instr_queue:u_iq|entries_rtl_0 ;
; tomasulo_core:u_core|instr_queue:u_iq|entries_rtl_0_bypass[80] ; tomasulo_core:u_core|instr_queue:u_iq|entries_rtl_0 ;
; tomasulo_core:u_core|instr_queue:u_iq|entries_rtl_0_bypass[81] ; tomasulo_core:u_core|instr_queue:u_iq|entries_rtl_0 ;
; tomasulo_core:u_core|instr_queue:u_iq|entries_rtl_0_bypass[82] ; tomasulo_core:u_core|instr_queue:u_iq|entries_rtl_0 ;
; tomasulo_core:u_core|instr_queue:u_iq|entries_rtl_0_bypass[83] ; tomasulo_core:u_core|instr_queue:u_iq|entries_rtl_0 ;
; tomasulo_core:u_core|instr_queue:u_iq|entries_rtl_0_bypass[84] ; tomasulo_core:u_core|instr_queue:u_iq|entries_rtl_0 ;
; tomasulo_core:u_core|instr_queue:u_iq|entries_rtl_0_bypass[85] ; tomasulo_core:u_core|instr_queue:u_iq|entries_rtl_0 ;
; tomasulo_core:u_core|instr_queue:u_iq|entries_rtl_0_bypass[86] ; tomasulo_core:u_core|instr_queue:u_iq|entries_rtl_0 ;
; tomasulo_core:u_core|instr_queue:u_iq|entries_rtl_0_bypass[87] ; tomasulo_core:u_core|instr_queue:u_iq|entries_rtl_0 ;
; tomasulo_core:u_core|instr_queue:u_iq|entries_rtl_0_bypass[88] ; tomasulo_core:u_core|instr_queue:u_iq|entries_rtl_0 ;
; tomasulo_core:u_core|instr_queue:u_iq|entries_rtl_0_bypass[89] ; tomasulo_core:u_core|instr_queue:u_iq|entries_rtl_0 ;
; tomasulo_core:u_core|instr_queue:u_iq|entries_rtl_0_bypass[90] ; tomasulo_core:u_core|instr_queue:u_iq|entries_rtl_0 ;
; tomasulo_core:u_core|instr_queue:u_iq|entries_rtl_0_bypass[91] ; tomasulo_core:u_core|instr_queue:u_iq|entries_rtl_0 ;
; tomasulo_core:u_core|instr_queue:u_iq|entries_rtl_0_bypass[92] ; tomasulo_core:u_core|instr_queue:u_iq|entries_rtl_0 ;
; tomasulo_core:u_core|instr_queue:u_iq|entries_rtl_0_bypass[93] ; tomasulo_core:u_core|instr_queue:u_iq|entries_rtl_0 ;
; tomasulo_core:u_core|instr_queue:u_iq|entries_rtl_0_bypass[94] ; tomasulo_core:u_core|instr_queue:u_iq|entries_rtl_0 ;
; tomasulo_core:u_core|instr_queue:u_iq|entries_rtl_0_bypass[95] ; tomasulo_core:u_core|instr_queue:u_iq|entries_rtl_0 ;
+----------------------------------------------------------------+-----------------------------------------------------+


+---------------------------------------------------------------------+
; Registers Packed Into Inferred Megafunctions                        ;
+---------------------------------+----------------------------+------+
; Register Name                   ; Megafunction               ; Type ;
+---------------------------------+----------------------------+------+
; instr_mem:u_imem|instr_o[0..31] ; instr_mem:u_imem|mem_rtl_0 ; RAM  ;
+---------------------------------+----------------------------+------+


+----------------------------------------------------------------------------------------------------------------------------------------------------------------------------------------------+
; Multiplexer Restructuring Statistics (Restructuring Performed)                                                                                                                               ;
+--------------------+-----------+---------------+----------------------+------------------------+------------+--------------------------------------------------------------------------------+
; Multiplexer Inputs ; Bus Width ; Baseline Area ; Area if Restructured ; Saving if Restructured ; Registered ; Example Multiplexer Output                                                     ;
+--------------------+-----------+---------------+----------------------+------------------------+------------+--------------------------------------------------------------------------------+
; 3:1                ; 2 bits    ; 4 LEs         ; 2 LEs                ; 2 LEs                  ; Yes        ; |cpu|fetch_pc[1]                                                               ;
; 3:1                ; 9 bits    ; 18 LEs        ; 0 LEs                ; 18 LEs                 ; Yes        ; |cpu|tomasulo_core:u_core|instr_queue:u_iq|count[1]                            ;
; 3:1                ; 4 bits    ; 8 LEs         ; 4 LEs                ; 4 LEs                  ; Yes        ; |cpu|tomasulo_core:u_core|rob_unit:u_rob|head[2]                               ;
; 3:1                ; 2 bits    ; 4 LEs         ; 2 LEs                ; 2 LEs                  ; Yes        ; |cpu|review_marks[0][0]                                                        ;
; 3:1                ; 2 bits    ; 4 LEs         ; 2 LEs                ; 2 LEs                  ; Yes        ; |cpu|review_marks[1][0]                                                        ;
; 3:1                ; 2 bits    ; 4 LEs         ; 2 LEs                ; 2 LEs                  ; Yes        ; |cpu|review_marks[2][0]                                                        ;
; 3:1                ; 2 bits    ; 4 LEs         ; 2 LEs                ; 2 LEs                  ; Yes        ; |cpu|review_marks[3][0]                                                        ;
; 3:1                ; 2 bits    ; 4 LEs         ; 2 LEs                ; 2 LEs                  ; Yes        ; |cpu|review_marks[4][1]                                                        ;
; 3:1                ; 2 bits    ; 4 LEs         ; 2 LEs                ; 2 LEs                  ; Yes        ; |cpu|review_marks[5][0]                                                        ;
; 3:1                ; 2 bits    ; 4 LEs         ; 2 LEs                ; 2 LEs                  ; Yes        ; |cpu|review_marks[6][0]                                                        ;
; 3:1                ; 2 bits    ; 4 LEs         ; 2 LEs                ; 2 LEs                  ; Yes        ; |cpu|review_marks[7][0]                                                        ;
; 3:1                ; 2 bits    ; 4 LEs         ; 2 LEs                ; 2 LEs                  ; Yes        ; |cpu|review_marks[8][1]                                                        ;
; 3:1                ; 2 bits    ; 4 LEs         ; 2 LEs                ; 2 LEs                  ; Yes        ; |cpu|review_marks[9][1]                                                        ;
; 3:1                ; 2 bits    ; 4 LEs         ; 2 LEs                ; 2 LEs                  ; Yes        ; |cpu|review_marks[10][1]                                                       ;
; 3:1                ; 2 bits    ; 4 LEs         ; 2 LEs                ; 2 LEs                  ; Yes        ; |cpu|review_marks[11][1]                                                       ;
; 3:1                ; 2 bits    ; 4 LEs         ; 2 LEs                ; 2 LEs                  ; Yes        ; |cpu|review_marks[12][0]                                                       ;
; 3:1                ; 2 bits    ; 4 LEs         ; 2 LEs                ; 2 LEs                  ; Yes        ; |cpu|review_marks[13][0]                                                       ;
; 3:1                ; 2 bits    ; 4 LEs         ; 2 LEs                ; 2 LEs                  ; Yes        ; |cpu|review_marks[14][0]                                                       ;
; 3:1                ; 2 bits    ; 4 LEs         ; 2 LEs                ; 2 LEs                  ; Yes        ; |cpu|review_marks[15][0]                                                       ;
; 3:1                ; 2 bits    ; 4 LEs         ; 2 LEs                ; 2 LEs                  ; Yes        ; |cpu|review_marks[16][1]                                                       ;
; 3:1                ; 2 bits    ; 4 LEs         ; 2 LEs                ; 2 LEs                  ; Yes        ; |cpu|review_marks[17][1]                                                       ;
; 3:1                ; 2 bits    ; 4 LEs         ; 2 LEs                ; 2 LEs                  ; Yes        ; |cpu|review_marks[18][1]                                                       ;
; 3:1                ; 2 bits    ; 4 LEs         ; 2 LEs                ; 2 LEs                  ; Yes        ; |cpu|review_marks[19][1]                                                       ;
; 3:1                ; 2 bits    ; 4 LEs         ; 2 LEs                ; 2 LEs                  ; Yes        ; |cpu|review_marks[20][1]                                                       ;
; 3:1                ; 2 bits    ; 4 LEs         ; 2 LEs                ; 2 LEs                  ; Yes        ; |cpu|review_marks[21][1]                                                       ;
; 3:1                ; 2 bits    ; 4 LEs         ; 2 LEs                ; 2 LEs                  ; Yes        ; |cpu|review_marks[22][1]                                                       ;
; 3:1                ; 2 bits    ; 4 LEs         ; 2 LEs                ; 2 LEs                  ; Yes        ; |cpu|review_marks[23][1]                                                       ;
; 3:1                ; 2 bits    ; 4 LEs         ; 2 LEs                ; 2 LEs                  ; Yes        ; |cpu|review_marks[24][1]                                                       ;
; 3:1                ; 2 bits    ; 4 LEs         ; 2 LEs                ; 2 LEs                  ; Yes        ; |cpu|review_marks[25][1]                                                       ;
; 3:1                ; 2 bits    ; 4 LEs         ; 2 LEs                ; 2 LEs                  ; Yes        ; |cpu|review_marks[26][0]                                                       ;
; 3:1                ; 2 bits    ; 4 LEs         ; 2 LEs                ; 2 LEs                  ; Yes        ; |cpu|review_marks[27][0]                                                       ;
; 3:1                ; 2 bits    ; 4 LEs         ; 2 LEs                ; 2 LEs                  ; Yes        ; |cpu|review_marks[28][0]                                                       ;
; 3:1                ; 2 bits    ; 4 LEs         ; 2 LEs                ; 2 LEs                  ; Yes        ; |cpu|review_marks[29][1]                                                       ;
; 3:1                ; 2 bits    ; 4 LEs         ; 2 LEs                ; 2 LEs                  ; Yes        ; |cpu|review_marks[30][0]                                                       ;
; 3:1                ; 2 bits    ; 4 LEs         ; 2 LEs                ; 2 LEs                  ; Yes        ; |cpu|review_marks[31][0]                                                       ;
; 3:1                ; 2 bits    ; 4 LEs         ; 2 LEs                ; 2 LEs                  ; Yes        ; |cpu|review_marks[32][1]                                                       ;
; 3:1                ; 2 bits    ; 4 LEs         ; 2 LEs                ; 2 LEs                  ; Yes        ; |cpu|review_marks[33][1]                                                       ;
; 3:1                ; 2 bits    ; 4 LEs         ; 2 LEs                ; 2 LEs                  ; Yes        ; |cpu|review_marks[34][1]                                                       ;
; 3:1                ; 2 bits    ; 4 LEs         ; 2 LEs                ; 2 LEs                  ; Yes        ; |cpu|review_marks[35][1]                                                       ;
; 3:1                ; 2 bits    ; 4 LEs         ; 2 LEs                ; 2 LEs                  ; Yes        ; |cpu|review_marks[36][0]                                                       ;
; 3:1                ; 2 bits    ; 4 LEs         ; 2 LEs                ; 2 LEs                  ; Yes        ; |cpu|review_marks[37][0]                                                       ;
; 3:1                ; 2 bits    ; 4 LEs         ; 2 LEs                ; 2 LEs                  ; Yes        ; |cpu|review_marks[38][1]                                                       ;
; 3:1                ; 2 bits    ; 4 LEs         ; 2 LEs                ; 2 LEs                  ; Yes        ; |cpu|review_marks[39][1]                                                       ;
; 3:1                ; 2 bits    ; 4 LEs         ; 2 LEs                ; 2 LEs                  ; Yes        ; |cpu|review_marks[40][1]                                                       ;
; 3:1                ; 2 bits    ; 4 LEs         ; 2 LEs                ; 2 LEs                  ; Yes        ; |cpu|review_marks[41][1]                                                       ;
; 3:1                ; 2 bits    ; 4 LEs         ; 2 LEs                ; 2 LEs                  ; Yes        ; |cpu|review_marks[42][1]                                                       ;
; 3:1                ; 2 bits    ; 4 LEs         ; 2 LEs                ; 2 LEs                  ; Yes        ; |cpu|review_marks[43][1]                                                       ;
; 3:1                ; 2 bits    ; 4 LEs         ; 2 LEs                ; 2 LEs                  ; Yes        ; |cpu|review_marks[44][0]                                                       ;
; 3:1                ; 2 bits    ; 4 LEs         ; 2 LEs                ; 2 LEs                  ; Yes        ; |cpu|review_marks[45][1]                                                       ;
; 3:1                ; 2 bits    ; 4 LEs         ; 2 LEs                ; 2 LEs                  ; Yes        ; |cpu|review_marks[46][1]                                                       ;
; 3:1                ; 2 bits    ; 4 LEs         ; 2 LEs                ; 2 LEs                  ; Yes        ; |cpu|review_marks[47][1]                                                       ;
; 3:1                ; 2 bits    ; 4 LEs         ; 2 LEs                ; 2 LEs                  ; Yes        ; |cpu|review_marks[48][0]                                                       ;
; 3:1                ; 2 bits    ; 4 LEs         ; 2 LEs                ; 2 LEs                  ; Yes        ; |cpu|review_marks[49][1]                                                       ;
; 3:1                ; 2 bits    ; 4 LEs         ; 2 LEs                ; 2 LEs                  ; Yes        ; |cpu|review_marks[50][0]                                                       ;
; 3:1                ; 2 bits    ; 4 LEs         ; 2 LEs                ; 2 LEs                  ; Yes        ; |cpu|review_marks[51][1]                                                       ;
; 3:1                ; 2 bits    ; 4 LEs         ; 2 LEs                ; 2 LEs                  ; Yes        ; |cpu|review_marks[52][1]                                                       ;
; 3:1                ; 2 bits    ; 4 LEs         ; 2 LEs                ; 2 LEs                  ; Yes        ; |cpu|review_marks[53][1]                                                       ;
; 3:1                ; 2 bits    ; 4 LEs         ; 2 LEs                ; 2 LEs                  ; Yes        ; |cpu|review_marks[54][1]                                                       ;
; 3:1                ; 2 bits    ; 4 LEs         ; 2 LEs                ; 2 LEs                  ; Yes        ; |cpu|review_marks[55][1]                                                       ;
; 3:1                ; 2 bits    ; 4 LEs         ; 2 LEs                ; 2 LEs                  ; Yes        ; |cpu|review_marks[56][1]                                                       ;
; 3:1                ; 2 bits    ; 4 LEs         ; 2 LEs                ; 2 LEs                  ; Yes        ; |cpu|review_marks[57][0]                                                       ;
; 3:1                ; 2 bits    ; 4 LEs         ; 2 LEs                ; 2 LEs                  ; Yes        ; |cpu|review_marks[58][0]                                                       ;
; 3:1                ; 2 bits    ; 4 LEs         ; 2 LEs                ; 2 LEs                  ; Yes        ; |cpu|review_marks[59][0]                                                       ;
; 3:1                ; 2 bits    ; 4 LEs         ; 2 LEs                ; 2 LEs                  ; Yes        ; |cpu|review_marks[60][0]                                                       ;
; 3:1                ; 2 bits    ; 4 LEs         ; 2 LEs                ; 2 LEs                  ; Yes        ; |cpu|review_marks[61][1]                                                       ;
; 3:1                ; 2 bits    ; 4 LEs         ; 2 LEs                ; 2 LEs                  ; Yes        ; |cpu|review_marks[62][1]                                                       ;
; 3:1                ; 2 bits    ; 4 LEs         ; 2 LEs                ; 2 LEs                  ; Yes        ; |cpu|review_marks[63][1]                                                       ;
; 3:1                ; 4 bits    ; 8 LEs         ; 4 LEs                ; 4 LEs                  ; Yes        ; |cpu|tomasulo_core:u_core|rob_unit:u_rob|tail[2]                               ;
; 3:1                ; 4 bits    ; 8 LEs         ; 8 LEs                ; 0 LEs                  ; Yes        ; |cpu|tomasulo_core:u_core|branch_unit:u_br|tag_o[3]                            ;
; 3:1                ; 32 bits   ; 64 LEs        ; 0 LEs                ; 64 LEs                 ; Yes        ; |cpu|cycle_count[17]                                                           ;
; 4:1                ; 36 bits   ; 72 LEs        ; 0 LEs                ; 72 LEs                 ; Yes        ; |cpu|tomasulo_core:u_core|alu_cdb.value[25]                                    ;
; 4:1                ; 3 bits    ; 6 LEs         ; 6 LEs                ; 0 LEs                  ; Yes        ; |cpu|tomasulo_core:u_core|instr_queue:u_iq|tail[2]                             ;
; 4:1                ; 4 bits    ; 8 LEs         ; 8 LEs                ; 0 LEs                  ; Yes        ; |cpu|tomasulo_core:u_core|rob_head_reg[3]                                      ;
; 4:1                ; 4 bits    ; 8 LEs         ; 8 LEs                ; 0 LEs                  ; Yes        ; |cpu|tomasulo_core:u_core|br_cdb.tag[1]                                        ;
; 4:1                ; 38 bits   ; 76 LEs        ; 0 LEs                ; 76 LEs                 ; Yes        ; |cpu|tomasulo_core:u_core|fp_cvt:u_fp_cvt|s1_valid                             ;
; 4:1                ; 3 bits    ; 6 LEs         ; 6 LEs                ; 0 LEs                  ; Yes        ; |cpu|tomasulo_core:u_core|load_store_buffer:u_lsb|tail[1]                      ;
; 4:1                ; 30 bits   ; 60 LEs        ; 0 LEs                ; 60 LEs                 ; Yes        ; |cpu|tomasulo_core:u_core|load_store_buffer:u_lsb|entries[0].op[2]             ;
; 4:1                ; 30 bits   ; 60 LEs        ; 0 LEs                ; 60 LEs                 ; Yes        ; |cpu|tomasulo_core:u_core|load_store_buffer:u_lsb|entries[1].imm[1]            ;
; 4:1                ; 30 bits   ; 60 LEs        ; 0 LEs                ; 60 LEs                 ; Yes        ; |cpu|tomasulo_core:u_core|load_store_buffer:u_lsb|entries[2].op[3]             ;
; 4:1                ; 30 bits   ; 60 LEs        ; 0 LEs                ; 60 LEs                 ; Yes        ; |cpu|tomasulo_core:u_core|load_store_buffer:u_lsb|entries[3].rob_tag[1]        ;
; 4:1                ; 30 bits   ; 60 LEs        ; 0 LEs                ; 60 LEs                 ; Yes        ; |cpu|tomasulo_core:u_core|load_store_buffer:u_lsb|entries[4].imm[5]            ;
; 4:1                ; 30 bits   ; 60 LEs        ; 0 LEs                ; 60 LEs                 ; Yes        ; |cpu|tomasulo_core:u_core|load_store_buffer:u_lsb|entries[5].op[4]             ;
; 4:1                ; 30 bits   ; 60 LEs        ; 0 LEs                ; 60 LEs                 ; Yes        ; |cpu|tomasulo_core:u_core|load_store_buffer:u_lsb|entries[6].imm[0]            ;
; 4:1                ; 30 bits   ; 60 LEs        ; 0 LEs                ; 60 LEs                 ; Yes        ; |cpu|tomasulo_core:u_core|load_store_buffer:u_lsb|entries[7].rob_tag[1]        ;
; 4:1                ; 3 bits    ; 6 LEs         ; 6 LEs                ; 0 LEs                  ; Yes        ; |cpu|tomasulo_core:u_core|load_store_buffer:u_lsb|load_pending_op[3]           ;
; 4:1                ; 19 bits   ; 38 LEs        ; 0 LEs                ; 38 LEs                 ; Yes        ; |cpu|tomasulo_core:u_core|load_store_buffer:u_lsb|load_pending_tag[0]          ;
; 4:1                ; 3 bits    ; 6 LEs         ; 6 LEs                ; 0 LEs                  ; Yes        ; |cpu|tomasulo_core:u_core|load_store_buffer:u_lsb|head[1]                      ;
; 4:1                ; 11 bits   ; 22 LEs        ; 0 LEs                ; 22 LEs                 ; Yes        ; |cpu|tomasulo_core:u_core|fp_div:u_fp_div|s_exp[8]                             ;
; 4:1                ; 216 bits  ; 432 LEs       ; 0 LEs                ; 432 LEs                ; Yes        ; |cpu|tomasulo_core:u_core|fp_mul:u_fp_mul|s4_tag[1]                            ;
; 4:1                ; 38 bits   ; 76 LEs        ; 0 LEs                ; 76 LEs                 ; Yes        ; |cpu|tomasulo_core:u_core|fp_add:u_fp_add|s2_result[9]                         ;
; 4:1                ; 82 bits   ; 164 LEs       ; 0 LEs                ; 164 LEs                ; Yes        ; |cpu|tomasulo_core:u_core|reservation_station:u_rs_alu|slots[0].imm[31]        ;
; 4:1                ; 82 bits   ; 164 LEs       ; 0 LEs                ; 164 LEs                ; Yes        ; |cpu|tomasulo_core:u_core|reservation_station:u_rs_alu|slots[1].imm[24]        ;
; 4:1                ; 82 bits   ; 164 LEs       ; 0 LEs                ; 164 LEs                ; Yes        ; |cpu|tomasulo_core:u_core|reservation_station:u_rs_alu|slots[2].rs2_tag[1]     ;
; 4:1                ; 82 bits   ; 164 LEs       ; 0 LEs                ; 164 LEs                ; Yes        ; |cpu|tomasulo_core:u_core|reservation_station:u_rs_alu|slots[3].imm[31]        ;
; 4:1                ; 82 bits   ; 164 LEs       ; 0 LEs                ; 164 LEs                ; Yes        ; |cpu|tomasulo_core:u_core|reservation_station:u_rs_alu|slots[4].rs1_tag[3]     ;
; 4:1                ; 82 bits   ; 164 LEs       ; 0 LEs                ; 164 LEs                ; Yes        ; |cpu|tomasulo_core:u_core|reservation_station:u_rs_alu|slots[5].imm[31]        ;
; 4:1                ; 18 bits   ; 36 LEs        ; 0 LEs                ; 36 LEs                 ; Yes        ; |cpu|tomasulo_core:u_core|reservation_station:u_rs_fp_cvt|slots[1].rob_tag[1]  ;
; 4:1                ; 18 bits   ; 36 LEs        ; 0 LEs                ; 36 LEs                 ; Yes        ; |cpu|tomasulo_core:u_core|reservation_station:u_rs_fp_cvt|slots[0].rs2_tag[3]  ;
; 4:1                ; 18 bits   ; 36 LEs        ; 0 LEs                ; 36 LEs                 ; Yes        ; |cpu|tomasulo_core:u_core|reservation_station:u_rs_fp_add|slots[1].op[3]       ;
; 4:1                ; 18 bits   ; 36 LEs        ; 0 LEs                ; 36 LEs                 ; Yes        ; |cpu|tomasulo_core:u_core|reservation_station:u_rs_fp_add|slots[2].rob_tag[2]  ;
; 4:1                ; 18 bits   ; 36 LEs        ; 0 LEs                ; 36 LEs                 ; Yes        ; |cpu|tomasulo_core:u_core|reservation_station:u_rs_fp_add|slots[0].rob_tag[1]  ;
; 4:1                ; 82 bits   ; 164 LEs       ; 0 LEs                ; 164 LEs                ; Yes        ; |cpu|tomasulo_core:u_core|reservation_station:u_rs_br|slots[0].pc[29]          ;
; 4:1                ; 82 bits   ; 164 LEs       ; 0 LEs                ; 164 LEs                ; Yes        ; |cpu|tomasulo_core:u_core|reservation_station:u_rs_br|slots[1].pc[1]           ;
; 4:1                ; 12 bits   ; 24 LEs        ; 0 LEs                ; 24 LEs                 ; Yes        ; |cpu|tomasulo_core:u_core|reservation_station:u_rs_fp_div|slots[0].rob_tag[3]  ;
; 4:1                ; 12 bits   ; 24 LEs        ; 0 LEs                ; 24 LEs                 ; Yes        ; |cpu|tomasulo_core:u_core|reservation_station:u_rs_fp_div|slots[1].rob_tag[2]  ;
; 4:1                ; 12 bits   ; 24 LEs        ; 0 LEs                ; 24 LEs                 ; Yes        ; |cpu|tomasulo_core:u_core|reservation_station:u_rs_fp_mul|slots[0].rob_tag[1]  ;
; 4:1                ; 12 bits   ; 24 LEs        ; 0 LEs                ; 24 LEs                 ; Yes        ; |cpu|tomasulo_core:u_core|reservation_station:u_rs_fp_mul|slots[1].rob_tag[3]  ;
; 4:1                ; 62 bits   ; 124 LEs       ; 0 LEs                ; 124 LEs                ; Yes        ; |cpu|fetch_pc_d[30]                                                            ;
; 5:1                ; 7 bits    ; 21 LEs        ; 7 LEs                ; 14 LEs                 ; Yes        ; |cpu|review_correct_count[6]                                                   ;
; 5:1                ; 32 bits   ; 96 LEs        ; 0 LEs                ; 96 LEs                 ; Yes        ; |cpu|tomasulo_core:u_core|br_cdb.value[20]                                     ;
; 5:1                ; 32 bits   ; 96 LEs        ; 0 LEs                ; 96 LEs                 ; Yes        ; |cpu|tomasulo_core:u_core|load_store_buffer:u_lsb|entries[4].rs2_val[2]        ;
; 5:1                ; 32 bits   ; 96 LEs        ; 0 LEs                ; 96 LEs                 ; Yes        ; |cpu|tomasulo_core:u_core|load_store_buffer:u_lsb|entries[5].rs2_val[12]       ;
; 5:1                ; 32 bits   ; 96 LEs        ; 0 LEs                ; 96 LEs                 ; Yes        ; |cpu|tomasulo_core:u_core|load_store_buffer:u_lsb|entries[6].rs2_val[18]       ;
; 5:1                ; 32 bits   ; 96 LEs        ; 0 LEs                ; 96 LEs                 ; Yes        ; |cpu|tomasulo_core:u_core|load_store_buffer:u_lsb|entries[7].rs2_val[6]        ;
; 5:1                ; 32 bits   ; 96 LEs        ; 0 LEs                ; 96 LEs                 ; Yes        ; |cpu|tomasulo_core:u_core|load_store_buffer:u_lsb|entries[3].rs2_val[25]       ;
; 5:1                ; 32 bits   ; 96 LEs        ; 0 LEs                ; 96 LEs                 ; Yes        ; |cpu|tomasulo_core:u_core|load_store_buffer:u_lsb|entries[2].rs2_val[26]       ;
; 5:1                ; 32 bits   ; 96 LEs        ; 0 LEs                ; 96 LEs                 ; Yes        ; |cpu|tomasulo_core:u_core|load_store_buffer:u_lsb|entries[1].rs2_val[27]       ;
; 5:1                ; 32 bits   ; 96 LEs        ; 0 LEs                ; 96 LEs                 ; Yes        ; |cpu|tomasulo_core:u_core|load_store_buffer:u_lsb|entries[0].rs2_val[13]       ;
; 5:1                ; 12 bits   ; 36 LEs        ; 0 LEs                ; 36 LEs                 ; Yes        ; |cpu|tomasulo_core:u_core|load_store_buffer:u_lsb|entries[0].rs1_val[8]        ;
; 5:1                ; 12 bits   ; 36 LEs        ; 0 LEs                ; 36 LEs                 ; Yes        ; |cpu|tomasulo_core:u_core|load_store_buffer:u_lsb|entries[1].rs1_val[0]        ;
; 5:1                ; 12 bits   ; 36 LEs        ; 0 LEs                ; 36 LEs                 ; Yes        ; |cpu|tomasulo_core:u_core|load_store_buffer:u_lsb|entries[2].rs1_val[1]        ;
; 5:1                ; 12 bits   ; 36 LEs        ; 0 LEs                ; 36 LEs                 ; Yes        ; |cpu|tomasulo_core:u_core|load_store_buffer:u_lsb|entries[3].rs1_val[11]       ;
; 5:1                ; 12 bits   ; 36 LEs        ; 0 LEs                ; 36 LEs                 ; Yes        ; |cpu|tomasulo_core:u_core|load_store_buffer:u_lsb|entries[4].rs1_val[4]        ;
; 5:1                ; 12 bits   ; 36 LEs        ; 0 LEs                ; 36 LEs                 ; Yes        ; |cpu|tomasulo_core:u_core|load_store_buffer:u_lsb|entries[5].rs1_val[9]        ;
; 5:1                ; 12 bits   ; 36 LEs        ; 0 LEs                ; 36 LEs                 ; Yes        ; |cpu|tomasulo_core:u_core|load_store_buffer:u_lsb|entries[6].rs1_val[4]        ;
; 5:1                ; 12 bits   ; 36 LEs        ; 0 LEs                ; 36 LEs                 ; Yes        ; |cpu|tomasulo_core:u_core|load_store_buffer:u_lsb|entries[7].rs1_val[3]        ;
; 5:1                ; 32 bits   ; 96 LEs        ; 0 LEs                ; 96 LEs                 ; Yes        ; |cpu|tomasulo_core:u_core|reservation_station:u_rs_alu|slots[0].rs2_val[1]     ;
; 5:1                ; 32 bits   ; 96 LEs        ; 0 LEs                ; 96 LEs                 ; Yes        ; |cpu|tomasulo_core:u_core|reservation_station:u_rs_alu|slots[0].rs1_val[31]    ;
; 5:1                ; 32 bits   ; 96 LEs        ; 0 LEs                ; 96 LEs                 ; Yes        ; |cpu|tomasulo_core:u_core|reservation_station:u_rs_alu|slots[1].rs2_val[6]     ;
; 5:1                ; 32 bits   ; 96 LEs        ; 0 LEs                ; 96 LEs                 ; Yes        ; |cpu|tomasulo_core:u_core|reservation_station:u_rs_alu|slots[1].rs1_val[5]     ;
; 5:1                ; 32 bits   ; 96 LEs        ; 0 LEs                ; 96 LEs                 ; Yes        ; |cpu|tomasulo_core:u_core|reservation_station:u_rs_alu|slots[2].rs2_val[15]    ;
; 5:1                ; 32 bits   ; 96 LEs        ; 0 LEs                ; 96 LEs                 ; Yes        ; |cpu|tomasulo_core:u_core|reservation_station:u_rs_alu|slots[2].rs1_val[28]    ;
; 5:1                ; 32 bits   ; 96 LEs        ; 0 LEs                ; 96 LEs                 ; Yes        ; |cpu|tomasulo_core:u_core|reservation_station:u_rs_alu|slots[3].rs2_val[23]    ;
; 5:1                ; 32 bits   ; 96 LEs        ; 0 LEs                ; 96 LEs                 ; Yes        ; |cpu|tomasulo_core:u_core|reservation_station:u_rs_alu|slots[3].rs1_val[30]    ;
; 5:1                ; 32 bits   ; 96 LEs        ; 0 LEs                ; 96 LEs                 ; Yes        ; |cpu|tomasulo_core:u_core|reservation_station:u_rs_alu|slots[4].rs2_val[27]    ;
; 5:1                ; 32 bits   ; 96 LEs        ; 0 LEs                ; 96 LEs                 ; Yes        ; |cpu|tomasulo_core:u_core|reservation_station:u_rs_alu|slots[4].rs1_val[25]    ;
; 5:1                ; 32 bits   ; 96 LEs        ; 0 LEs                ; 96 LEs                 ; Yes        ; |cpu|tomasulo_core:u_core|reservation_station:u_rs_alu|slots[5].rs1_val[4]     ;
; 5:1                ; 32 bits   ; 96 LEs        ; 0 LEs                ; 96 LEs                 ; Yes        ; |cpu|tomasulo_core:u_core|reservation_station:u_rs_alu|slots[5].rs2_val[21]    ;
; 5:1                ; 32 bits   ; 96 LEs        ; 0 LEs                ; 96 LEs                 ; Yes        ; |cpu|tomasulo_core:u_core|reservation_station:u_rs_fp_cvt|slots[1].rs1_val[10] ;
; 5:1                ; 32 bits   ; 96 LEs        ; 0 LEs                ; 96 LEs                 ; Yes        ; |cpu|tomasulo_core:u_core|reservation_station:u_rs_fp_cvt|slots[0].rs1_val[19] ;
; 5:1                ; 32 bits   ; 96 LEs        ; 0 LEs                ; 96 LEs                 ; Yes        ; |cpu|tomasulo_core:u_core|reservation_station:u_rs_fp_add|slots[1].rs2_val[10] ;
; 5:1                ; 32 bits   ; 96 LEs        ; 0 LEs                ; 96 LEs                 ; Yes        ; |cpu|tomasulo_core:u_core|reservation_station:u_rs_fp_add|slots[2].rs1_val[4]  ;
; 5:1                ; 32 bits   ; 96 LEs        ; 0 LEs                ; 96 LEs                 ; Yes        ; |cpu|tomasulo_core:u_core|reservation_station:u_rs_fp_add|slots[2].rs2_val[23] ;
; 5:1                ; 32 bits   ; 96 LEs        ; 0 LEs                ; 96 LEs                 ; Yes        ; |cpu|tomasulo_core:u_core|reservation_station:u_rs_fp_add|slots[1].rs1_val[25] ;
; 5:1                ; 32 bits   ; 96 LEs        ; 0 LEs                ; 96 LEs                 ; Yes        ; |cpu|tomasulo_core:u_core|reservation_station:u_rs_fp_add|slots[0].rs2_val[1]  ;
; 5:1                ; 32 bits   ; 96 LEs        ; 0 LEs                ; 96 LEs                 ; Yes        ; |cpu|tomasulo_core:u_core|reservation_station:u_rs_fp_add|slots[0].rs1_val[14] ;
; 5:1                ; 32 bits   ; 96 LEs        ; 0 LEs                ; 96 LEs                 ; Yes        ; |cpu|tomasulo_core:u_core|reservation_station:u_rs_br|slots[0].rs2_val[8]      ;
; 5:1                ; 32 bits   ; 96 LEs        ; 0 LEs                ; 96 LEs                 ; Yes        ; |cpu|tomasulo_core:u_core|reservation_station:u_rs_br|slots[1].rs1_val[24]     ;
; 5:1                ; 32 bits   ; 96 LEs        ; 0 LEs                ; 96 LEs                 ; Yes        ; |cpu|tomasulo_core:u_core|reservation_station:u_rs_br|slots[1].rs2_val[29]     ;
; 5:1                ; 32 bits   ; 96 LEs        ; 0 LEs                ; 96 LEs                 ; Yes        ; |cpu|tomasulo_core:u_core|reservation_station:u_rs_br|slots[0].rs1_val[20]     ;
; 5:1                ; 32 bits   ; 96 LEs        ; 0 LEs                ; 96 LEs                 ; Yes        ; |cpu|tomasulo_core:u_core|reservation_station:u_rs_fp_div|slots[0].rs2_val[13] ;
; 5:1                ; 32 bits   ; 96 LEs        ; 0 LEs                ; 96 LEs                 ; Yes        ; |cpu|tomasulo_core:u_core|reservation_station:u_rs_fp_div|slots[0].rs1_val[29] ;
; 5:1                ; 32 bits   ; 96 LEs        ; 0 LEs                ; 96 LEs                 ; Yes        ; |cpu|tomasulo_core:u_core|reservation_station:u_rs_fp_div|slots[1].rs1_val[5]  ;
; 5:1                ; 32 bits   ; 96 LEs        ; 0 LEs                ; 96 LEs                 ; Yes        ; |cpu|tomasulo_core:u_core|reservation_station:u_rs_fp_div|slots[1].rs2_val[17] ;
; 5:1                ; 4 bits    ; 12 LEs        ; 8 LEs                ; 4 LEs                  ; Yes        ; |cpu|tomasulo_core:u_core|rat_table:u_rat|x_tags[1][0]                         ;
; 5:1                ; 4 bits    ; 12 LEs        ; 8 LEs                ; 4 LEs                  ; Yes        ; |cpu|tomasulo_core:u_core|rat_table:u_rat|x_tags[2][3]                         ;
; 5:1                ; 4 bits    ; 12 LEs        ; 8 LEs                ; 4 LEs                  ; Yes        ; |cpu|tomasulo_core:u_core|rat_table:u_rat|x_tags[3][3]                         ;
; 5:1                ; 4 bits    ; 12 LEs        ; 8 LEs                ; 4 LEs                  ; Yes        ; |cpu|tomasulo_core:u_core|rat_table:u_rat|x_tags[4][3]                         ;
; 5:1                ; 4 bits    ; 12 LEs        ; 8 LEs                ; 4 LEs                  ; Yes        ; |cpu|tomasulo_core:u_core|rat_table:u_rat|x_tags[5][1]                         ;
; 5:1                ; 4 bits    ; 12 LEs        ; 8 LEs                ; 4 LEs                  ; Yes        ; |cpu|tomasulo_core:u_core|rat_table:u_rat|x_tags[6][3]                         ;
; 5:1                ; 4 bits    ; 12 LEs        ; 8 LEs                ; 4 LEs                  ; Yes        ; |cpu|tomasulo_core:u_core|rat_table:u_rat|x_tags[7][2]                         ;
; 5:1                ; 4 bits    ; 12 LEs        ; 8 LEs                ; 4 LEs                  ; Yes        ; |cpu|tomasulo_core:u_core|rat_table:u_rat|x_tags[8][3]                         ;
; 5:1                ; 4 bits    ; 12 LEs        ; 8 LEs                ; 4 LEs                  ; Yes        ; |cpu|tomasulo_core:u_core|rat_table:u_rat|x_tags[9][1]                         ;
; 5:1                ; 4 bits    ; 12 LEs        ; 8 LEs                ; 4 LEs                  ; Yes        ; |cpu|tomasulo_core:u_core|rat_table:u_rat|x_tags[10][3]                        ;
; 5:1                ; 4 bits    ; 12 LEs        ; 8 LEs                ; 4 LEs                  ; Yes        ; |cpu|tomasulo_core:u_core|rat_table:u_rat|x_tags[11][3]                        ;
; 5:1                ; 4 bits    ; 12 LEs        ; 8 LEs                ; 4 LEs                  ; Yes        ; |cpu|tomasulo_core:u_core|rat_table:u_rat|x_tags[12][2]                        ;
; 5:1                ; 4 bits    ; 12 LEs        ; 8 LEs                ; 4 LEs                  ; Yes        ; |cpu|tomasulo_core:u_core|rat_table:u_rat|x_tags[13][3]                        ;
; 5:1                ; 4 bits    ; 12 LEs        ; 8 LEs                ; 4 LEs                  ; Yes        ; |cpu|tomasulo_core:u_core|rat_table:u_rat|x_tags[14][1]                        ;
; 5:1                ; 4 bits    ; 12 LEs        ; 8 LEs                ; 4 LEs                  ; Yes        ; |cpu|tomasulo_core:u_core|rat_table:u_rat|x_tags[15][3]                        ;
; 5:1                ; 4 bits    ; 12 LEs        ; 8 LEs                ; 4 LEs                  ; Yes        ; |cpu|tomasulo_core:u_core|rat_table:u_rat|x_tags[16][0]                        ;
; 5:1                ; 4 bits    ; 12 LEs        ; 8 LEs                ; 4 LEs                  ; Yes        ; |cpu|tomasulo_core:u_core|rat_table:u_rat|x_tags[17][0]                        ;
; 5:1                ; 4 bits    ; 12 LEs        ; 8 LEs                ; 4 LEs                  ; Yes        ; |cpu|tomasulo_core:u_core|rat_table:u_rat|x_tags[18][2]                        ;
; 5:1                ; 4 bits    ; 12 LEs        ; 8 LEs                ; 4 LEs                  ; Yes        ; |cpu|tomasulo_core:u_core|rat_table:u_rat|x_tags[19][0]                        ;
; 5:1                ; 4 bits    ; 12 LEs        ; 8 LEs                ; 4 LEs                  ; Yes        ; |cpu|tomasulo_core:u_core|rat_table:u_rat|x_tags[20][3]                        ;
; 5:1                ; 4 bits    ; 12 LEs        ; 8 LEs                ; 4 LEs                  ; Yes        ; |cpu|tomasulo_core:u_core|rat_table:u_rat|x_tags[21][1]                        ;
; 5:1                ; 4 bits    ; 12 LEs        ; 8 LEs                ; 4 LEs                  ; Yes        ; |cpu|tomasulo_core:u_core|rat_table:u_rat|x_tags[22][1]                        ;
; 5:1                ; 4 bits    ; 12 LEs        ; 8 LEs                ; 4 LEs                  ; Yes        ; |cpu|tomasulo_core:u_core|rat_table:u_rat|x_tags[23][1]                        ;
; 5:1                ; 4 bits    ; 12 LEs        ; 8 LEs                ; 4 LEs                  ; Yes        ; |cpu|tomasulo_core:u_core|rat_table:u_rat|x_tags[24][1]                        ;
; 5:1                ; 4 bits    ; 12 LEs        ; 8 LEs                ; 4 LEs                  ; Yes        ; |cpu|tomasulo_core:u_core|rat_table:u_rat|x_tags[25][3]                        ;
; 5:1                ; 4 bits    ; 12 LEs        ; 8 LEs                ; 4 LEs                  ; Yes        ; |cpu|tomasulo_core:u_core|rat_table:u_rat|x_tags[26][1]                        ;
; 5:1                ; 4 bits    ; 12 LEs        ; 8 LEs                ; 4 LEs                  ; Yes        ; |cpu|tomasulo_core:u_core|rat_table:u_rat|x_tags[27][2]                        ;
; 5:1                ; 4 bits    ; 12 LEs        ; 8 LEs                ; 4 LEs                  ; Yes        ; |cpu|tomasulo_core:u_core|rat_table:u_rat|x_tags[28][2]                        ;
; 5:1                ; 4 bits    ; 12 LEs        ; 8 LEs                ; 4 LEs                  ; Yes        ; |cpu|tomasulo_core:u_core|rat_table:u_rat|x_tags[29][2]                        ;
; 5:1                ; 4 bits    ; 12 LEs        ; 8 LEs                ; 4 LEs                  ; Yes        ; |cpu|tomasulo_core:u_core|rat_table:u_rat|x_tags[30][2]                        ;
; 5:1                ; 4 bits    ; 12 LEs        ; 8 LEs                ; 4 LEs                  ; Yes        ; |cpu|tomasulo_core:u_core|rat_table:u_rat|x_tags[31][2]                        ;
; 5:1                ; 4 bits    ; 12 LEs        ; 8 LEs                ; 4 LEs                  ; Yes        ; |cpu|tomasulo_core:u_core|rat_table:u_rat|f_tags[0][3]                         ;
; 5:1                ; 4 bits    ; 12 LEs        ; 8 LEs                ; 4 LEs                  ; Yes        ; |cpu|tomasulo_core:u_core|rat_table:u_rat|f_tags[1][1]                         ;
; 5:1                ; 4 bits    ; 12 LEs        ; 8 LEs                ; 4 LEs                  ; Yes        ; |cpu|tomasulo_core:u_core|rat_table:u_rat|f_tags[2][1]                         ;
; 5:1                ; 4 bits    ; 12 LEs        ; 8 LEs                ; 4 LEs                  ; Yes        ; |cpu|tomasulo_core:u_core|rat_table:u_rat|f_tags[3][3]                         ;
; 5:1                ; 4 bits    ; 12 LEs        ; 8 LEs                ; 4 LEs                  ; Yes        ; |cpu|tomasulo_core:u_core|rat_table:u_rat|f_tags[4][2]                         ;
; 5:1                ; 4 bits    ; 12 LEs        ; 8 LEs                ; 4 LEs                  ; Yes        ; |cpu|tomasulo_core:u_core|rat_table:u_rat|f_tags[5][0]                         ;
; 5:1                ; 4 bits    ; 12 LEs        ; 8 LEs                ; 4 LEs                  ; Yes        ; |cpu|tomasulo_core:u_core|rat_table:u_rat|f_tags[6][3]                         ;
; 5:1                ; 4 bits    ; 12 LEs        ; 8 LEs                ; 4 LEs                  ; Yes        ; |cpu|tomasulo_core:u_core|rat_table:u_rat|f_tags[7][0]                         ;
; 5:1                ; 4 bits    ; 12 LEs        ; 8 LEs                ; 4 LEs                  ; Yes        ; |cpu|tomasulo_core:u_core|rat_table:u_rat|f_tags[8][1]                         ;
; 5:1                ; 4 bits    ; 12 LEs        ; 8 LEs                ; 4 LEs                  ; Yes        ; |cpu|tomasulo_core:u_core|rat_table:u_rat|f_tags[9][3]                         ;
; 5:1                ; 4 bits    ; 12 LEs        ; 8 LEs                ; 4 LEs                  ; Yes        ; |cpu|tomasulo_core:u_core|rat_table:u_rat|f_tags[10][3]                        ;
; 5:1                ; 4 bits    ; 12 LEs        ; 8 LEs                ; 4 LEs                  ; Yes        ; |cpu|tomasulo_core:u_core|rat_table:u_rat|f_tags[11][3]                        ;
; 5:1                ; 4 bits    ; 12 LEs        ; 8 LEs                ; 4 LEs                  ; Yes        ; |cpu|tomasulo_core:u_core|rat_table:u_rat|f_tags[12][0]                        ;
; 5:1                ; 4 bits    ; 12 LEs        ; 8 LEs                ; 4 LEs                  ; Yes        ; |cpu|tomasulo_core:u_core|rat_table:u_rat|f_tags[13][0]                        ;
; 5:1                ; 4 bits    ; 12 LEs        ; 8 LEs                ; 4 LEs                  ; Yes        ; |cpu|tomasulo_core:u_core|rat_table:u_rat|f_tags[14][3]                        ;
; 5:1                ; 4 bits    ; 12 LEs        ; 8 LEs                ; 4 LEs                  ; Yes        ; |cpu|tomasulo_core:u_core|rat_table:u_rat|f_tags[15][2]                        ;
; 5:1                ; 4 bits    ; 12 LEs        ; 8 LEs                ; 4 LEs                  ; Yes        ; |cpu|tomasulo_core:u_core|rat_table:u_rat|f_tags[16][0]                        ;
; 5:1                ; 4 bits    ; 12 LEs        ; 8 LEs                ; 4 LEs                  ; Yes        ; |cpu|tomasulo_core:u_core|rat_table:u_rat|f_tags[17][0]                        ;
; 5:1                ; 4 bits    ; 12 LEs        ; 8 LEs                ; 4 LEs                  ; Yes        ; |cpu|tomasulo_core:u_core|rat_table:u_rat|f_tags[18][1]                        ;
; 5:1                ; 4 bits    ; 12 LEs        ; 8 LEs                ; 4 LEs                  ; Yes        ; |cpu|tomasulo_core:u_core|rat_table:u_rat|f_tags[19][3]                        ;
; 5:1                ; 4 bits    ; 12 LEs        ; 8 LEs                ; 4 LEs                  ; Yes        ; |cpu|tomasulo_core:u_core|rat_table:u_rat|f_tags[20][2]                        ;
; 5:1                ; 4 bits    ; 12 LEs        ; 8 LEs                ; 4 LEs                  ; Yes        ; |cpu|tomasulo_core:u_core|rat_table:u_rat|f_tags[21][2]                        ;
; 5:1                ; 4 bits    ; 12 LEs        ; 8 LEs                ; 4 LEs                  ; Yes        ; |cpu|tomasulo_core:u_core|rat_table:u_rat|f_tags[22][1]                        ;
; 5:1                ; 4 bits    ; 12 LEs        ; 8 LEs                ; 4 LEs                  ; Yes        ; |cpu|tomasulo_core:u_core|rat_table:u_rat|f_tags[23][3]                        ;
; 5:1                ; 4 bits    ; 12 LEs        ; 8 LEs                ; 4 LEs                  ; Yes        ; |cpu|tomasulo_core:u_core|rat_table:u_rat|f_tags[24][3]                        ;
; 5:1                ; 4 bits    ; 12 LEs        ; 8 LEs                ; 4 LEs                  ; Yes        ; |cpu|tomasulo_core:u_core|rat_table:u_rat|f_tags[25][1]                        ;
; 5:1                ; 4 bits    ; 12 LEs        ; 8 LEs                ; 4 LEs                  ; Yes        ; |cpu|tomasulo_core:u_core|rat_table:u_rat|f_tags[26][2]                        ;
; 5:1                ; 4 bits    ; 12 LEs        ; 8 LEs                ; 4 LEs                  ; Yes        ; |cpu|tomasulo_core:u_core|rat_table:u_rat|f_tags[27][2]                        ;
; 5:1                ; 4 bits    ; 12 LEs        ; 8 LEs                ; 4 LEs                  ; Yes        ; |cpu|tomasulo_core:u_core|rat_table:u_rat|f_tags[28][0]                        ;
; 5:1                ; 4 bits    ; 12 LEs        ; 8 LEs                ; 4 LEs                  ; Yes        ; |cpu|tomasulo_core:u_core|rat_table:u_rat|f_tags[29][1]                        ;
; 5:1                ; 4 bits    ; 12 LEs        ; 8 LEs                ; 4 LEs                  ; Yes        ; |cpu|tomasulo_core:u_core|rat_table:u_rat|f_tags[30][1]                        ;
; 5:1                ; 4 bits    ; 12 LEs        ; 8 LEs                ; 4 LEs                  ; Yes        ; |cpu|tomasulo_core:u_core|rat_table:u_rat|f_tags[31][0]                        ;
; 5:1                ; 32 bits   ; 96 LEs        ; 0 LEs                ; 96 LEs                 ; Yes        ; |cpu|tomasulo_core:u_core|reservation_station:u_rs_fp_mul|slots[0].rs2_val[4]  ;
; 5:1                ; 32 bits   ; 96 LEs        ; 0 LEs                ; 96 LEs                 ; Yes        ; |cpu|tomasulo_core:u_core|reservation_station:u_rs_fp_mul|slots[0].rs1_val[18] ;
; 5:1                ; 32 bits   ; 96 LEs        ; 0 LEs                ; 96 LEs                 ; Yes        ; |cpu|tomasulo_core:u_core|reservation_station:u_rs_fp_mul|slots[1].rs1_val[7]  ;
; 5:1                ; 32 bits   ; 96 LEs        ; 0 LEs                ; 96 LEs                 ; Yes        ; |cpu|tomasulo_core:u_core|reservation_station:u_rs_fp_mul|slots[1].rs2_val[8]  ;
; 5:1                ; 4 bits    ; 12 LEs        ; 8 LEs                ; 4 LEs                  ; Yes        ; |cpu|tomasulo_core:u_core|fp_cvt:u_fp_cvt|s1_tag[1]                            ;
; 5:1                ; 27 bits   ; 81 LEs        ; 0 LEs                ; 81 LEs                 ; Yes        ; |cpu|tomasulo_core:u_core|fp_div:u_fp_div|s_dv[15]                             ;
; 5:1                ; 4 bits    ; 12 LEs        ; 8 LEs                ; 4 LEs                  ; Yes        ; |cpu|tomasulo_core:u_core|fp_mul:u_fp_mul|s1_tag[0]                            ;
; 7:1                ; 4 bits    ; 16 LEs        ; 16 LEs               ; 0 LEs                  ; Yes        ; |cpu|tomasulo_core:u_core|fp_add:u_fp_add|s1_tag[1]                            ;
; 6:1                ; 2 bits    ; 8 LEs         ; 6 LEs                ; 2 LEs                  ; Yes        ; |cpu|tomasulo_core:u_core|rob_unit:u_rob|entries[0].state[0]                   ;
; 6:1                ; 65 bits   ; 260 LEs       ; 130 LEs              ; 130 LEs                ; Yes        ; |cpu|tomasulo_core:u_core|rob_unit:u_rob|entries[0].result[24]                 ;
; 6:1                ; 14 bits   ; 56 LEs        ; 28 LEs               ; 28 LEs                 ; Yes        ; |cpu|tomasulo_core:u_core|rob_unit:u_rob|entries[0].op[0]                      ;
; 6:1                ; 2 bits    ; 8 LEs         ; 6 LEs                ; 2 LEs                  ; Yes        ; |cpu|tomasulo_core:u_core|rob_unit:u_rob|entries[1].state[0]                   ;
; 6:1                ; 65 bits   ; 260 LEs       ; 130 LEs              ; 130 LEs                ; Yes        ; |cpu|tomasulo_core:u_core|rob_unit:u_rob|entries[1].result[27]                 ;
; 6:1                ; 14 bits   ; 56 LEs        ; 28 LEs               ; 28 LEs                 ; Yes        ; |cpu|tomasulo_core:u_core|rob_unit:u_rob|entries[1].rd[3]                      ;
; 6:1                ; 2 bits    ; 8 LEs         ; 6 LEs                ; 2 LEs                  ; Yes        ; |cpu|tomasulo_core:u_core|rob_unit:u_rob|entries[2].state[1]                   ;
; 6:1                ; 65 bits   ; 260 LEs       ; 130 LEs              ; 130 LEs                ; Yes        ; |cpu|tomasulo_core:u_core|rob_unit:u_rob|entries[2].result[9]                  ;
; 6:1                ; 14 bits   ; 56 LEs        ; 28 LEs               ; 28 LEs                 ; Yes        ; |cpu|tomasulo_core:u_core|rob_unit:u_rob|entries[2].op[0]                      ;
; 6:1                ; 2 bits    ; 8 LEs         ; 6 LEs                ; 2 LEs                  ; Yes        ; |cpu|tomasulo_core:u_core|rob_unit:u_rob|entries[3].state[1]                   ;
; 6:1                ; 65 bits   ; 260 LEs       ; 130 LEs              ; 130 LEs                ; Yes        ; |cpu|tomasulo_core:u_core|rob_unit:u_rob|entries[3].result[26]                 ;
; 6:1                ; 14 bits   ; 56 LEs        ; 28 LEs               ; 28 LEs                 ; Yes        ; |cpu|tomasulo_core:u_core|rob_unit:u_rob|entries[3].rd[0]                      ;
; 6:1                ; 2 bits    ; 8 LEs         ; 6 LEs                ; 2 LEs                  ; Yes        ; |cpu|tomasulo_core:u_core|rob_unit:u_rob|entries[4].state[0]                   ;
; 6:1                ; 65 bits   ; 260 LEs       ; 130 LEs              ; 130 LEs                ; Yes        ; |cpu|tomasulo_core:u_core|rob_unit:u_rob|entries[4].result[0]                  ;
; 6:1                ; 14 bits   ; 56 LEs        ; 28 LEs               ; 28 LEs                 ; Yes        ; |cpu|tomasulo_core:u_core|rob_unit:u_rob|entries[4].op[0]                      ;
; 6:1                ; 2 bits    ; 8 LEs         ; 6 LEs                ; 2 LEs                  ; Yes        ; |cpu|tomasulo_core:u_core|rob_unit:u_rob|entries[5].state[0]                   ;
; 6:1                ; 65 bits   ; 260 LEs       ; 130 LEs              ; 130 LEs                ; Yes        ; |cpu|tomasulo_core:u_core|rob_unit:u_rob|entries[5].result[20]                 ;
; 6:1                ; 14 bits   ; 56 LEs        ; 28 LEs               ; 28 LEs                 ; Yes        ; |cpu|tomasulo_core:u_core|rob_unit:u_rob|entries[5].rd[0]                      ;
; 6:1                ; 2 bits    ; 8 LEs         ; 6 LEs                ; 2 LEs                  ; Yes        ; |cpu|tomasulo_core:u_core|rob_unit:u_rob|entries[6].state[0]                   ;
; 6:1                ; 65 bits   ; 260 LEs       ; 130 LEs              ; 130 LEs                ; Yes        ; |cpu|tomasulo_core:u_core|rob_unit:u_rob|entries[6].branch_target[29]          ;
; 6:1                ; 14 bits   ; 56 LEs        ; 28 LEs               ; 28 LEs                 ; Yes        ; |cpu|tomasulo_core:u_core|rob_unit:u_rob|entries[6].rd[3]                      ;
; 6:1                ; 2 bits    ; 8 LEs         ; 6 LEs                ; 2 LEs                  ; Yes        ; |cpu|tomasulo_core:u_core|rob_unit:u_rob|entries[7].state[0]                   ;
; 6:1                ; 65 bits   ; 260 LEs       ; 130 LEs              ; 130 LEs                ; Yes        ; |cpu|tomasulo_core:u_core|rob_unit:u_rob|entries[7].result[15]                 ;
; 6:1                ; 14 bits   ; 56 LEs        ; 28 LEs               ; 28 LEs                 ; Yes        ; |cpu|tomasulo_core:u_core|rob_unit:u_rob|entries[7].rd_valid                   ;
; 6:1                ; 2 bits    ; 8 LEs         ; 6 LEs                ; 2 LEs                  ; Yes        ; |cpu|tomasulo_core:u_core|rob_unit:u_rob|entries[8].state[1]                   ;
; 6:1                ; 65 bits   ; 260 LEs       ; 130 LEs              ; 130 LEs                ; Yes        ; |cpu|tomasulo_core:u_core|rob_unit:u_rob|entries[8].result[6]                  ;
; 6:1                ; 14 bits   ; 56 LEs        ; 28 LEs               ; 28 LEs                 ; Yes        ; |cpu|tomasulo_core:u_core|rob_unit:u_rob|entries[8].rd[2]                      ;
; 6:1                ; 2 bits    ; 8 LEs         ; 6 LEs                ; 2 LEs                  ; Yes        ; |cpu|tomasulo_core:u_core|rob_unit:u_rob|entries[9].state[0]                   ;
; 6:1                ; 65 bits   ; 260 LEs       ; 130 LEs              ; 130 LEs                ; Yes        ; |cpu|tomasulo_core:u_core|rob_unit:u_rob|entries[9].branch_target[26]          ;
; 6:1                ; 14 bits   ; 56 LEs        ; 28 LEs               ; 28 LEs                 ; Yes        ; |cpu|tomasulo_core:u_core|rob_unit:u_rob|entries[9].op[5]                      ;
; 6:1                ; 2 bits    ; 8 LEs         ; 6 LEs                ; 2 LEs                  ; Yes        ; |cpu|tomasulo_core:u_core|rob_unit:u_rob|entries[10].state[0]                  ;
; 6:1                ; 65 bits   ; 260 LEs       ; 130 LEs              ; 130 LEs                ; Yes        ; |cpu|tomasulo_core:u_core|rob_unit:u_rob|entries[10].branch_target[26]         ;
; 6:1                ; 14 bits   ; 56 LEs        ; 28 LEs               ; 28 LEs                 ; Yes        ; |cpu|tomasulo_core:u_core|rob_unit:u_rob|entries[10].op[2]                     ;
; 6:1                ; 2 bits    ; 8 LEs         ; 6 LEs                ; 2 LEs                  ; Yes        ; |cpu|tomasulo_core:u_core|rob_unit:u_rob|entries[11].state[0]                  ;
; 6:1                ; 65 bits   ; 260 LEs       ; 130 LEs              ; 130 LEs                ; Yes        ; |cpu|tomasulo_core:u_core|rob_unit:u_rob|entries[11].branch_target[8]          ;
; 6:1                ; 14 bits   ; 56 LEs        ; 28 LEs               ; 28 LEs                 ; Yes        ; |cpu|tomasulo_core:u_core|rob_unit:u_rob|entries[11].op[4]                     ;
; 6:1                ; 2 bits    ; 8 LEs         ; 6 LEs                ; 2 LEs                  ; Yes        ; |cpu|tomasulo_core:u_core|rob_unit:u_rob|entries[12].state[0]                  ;
; 6:1                ; 65 bits   ; 260 LEs       ; 130 LEs              ; 130 LEs                ; Yes        ; |cpu|tomasulo_core:u_core|rob_unit:u_rob|entries[12].result[27]                ;
; 6:1                ; 14 bits   ; 56 LEs        ; 28 LEs               ; 28 LEs                 ; Yes        ; |cpu|tomasulo_core:u_core|rob_unit:u_rob|entries[12].is_branch                 ;
; 6:1                ; 2 bits    ; 8 LEs         ; 6 LEs                ; 2 LEs                  ; Yes        ; |cpu|tomasulo_core:u_core|rob_unit:u_rob|entries[13].state[0]                  ;
; 6:1                ; 65 bits   ; 260 LEs       ; 130 LEs              ; 130 LEs                ; Yes        ; |cpu|tomasulo_core:u_core|rob_unit:u_rob|entries[13].result[26]                ;
; 6:1                ; 14 bits   ; 56 LEs        ; 28 LEs               ; 28 LEs                 ; Yes        ; |cpu|tomasulo_core:u_core|rob_unit:u_rob|entries[13].rd_fp                     ;
; 6:1                ; 2 bits    ; 8 LEs         ; 6 LEs                ; 2 LEs                  ; Yes        ; |cpu|tomasulo_core:u_core|rob_unit:u_rob|entries[14].state[0]                  ;
; 6:1                ; 65 bits   ; 260 LEs       ; 130 LEs              ; 130 LEs                ; Yes        ; |cpu|tomasulo_core:u_core|rob_unit:u_rob|entries[14].result[11]                ;
; 6:1                ; 14 bits   ; 56 LEs        ; 28 LEs               ; 28 LEs                 ; Yes        ; |cpu|tomasulo_core:u_core|rob_unit:u_rob|entries[14].rd[1]                     ;
; 6:1                ; 2 bits    ; 8 LEs         ; 6 LEs                ; 2 LEs                  ; Yes        ; |cpu|tomasulo_core:u_core|rob_unit:u_rob|entries[15].state[1]                  ;
; 6:1                ; 65 bits   ; 260 LEs       ; 130 LEs              ; 130 LEs                ; Yes        ; |cpu|tomasulo_core:u_core|rob_unit:u_rob|entries[15].branch_target[0]          ;
; 6:1                ; 14 bits   ; 56 LEs        ; 28 LEs               ; 28 LEs                 ; Yes        ; |cpu|tomasulo_core:u_core|rob_unit:u_rob|entries[15].is_branch                 ;
; 6:1                ; 24 bits   ; 96 LEs        ; 0 LEs                ; 96 LEs                 ; Yes        ; |cpu|tomasulo_core:u_core|fp_div:u_fp_div|s_qreg[21]                           ;
; 7:1                ; 8 bits    ; 32 LEs        ; 8 LEs                ; 24 LEs                 ; Yes        ; |cpu|tomasulo_core:u_core|fp_mul:u_fp_mul|s3_result[24]                        ;
; 7:1                ; 3 bits    ; 12 LEs        ; 6 LEs                ; 6 LEs                  ; Yes        ; |cpu|tomasulo_core:u_core|fp_div:u_fp_div|s_cnt[2]                             ;
; 5:1                ; 10 bits   ; 30 LEs        ; 0 LEs                ; 30 LEs                 ; Yes        ; |cpu|review_index[6]                                                           ;
; 8:1                ; 23 bits   ; 115 LEs       ; 46 LEs               ; 69 LEs                 ; Yes        ; |cpu|tomasulo_core:u_core|fp_mul:u_fp_mul|s3_result[12]                        ;
; 7:1                ; 21 bits   ; 84 LEs        ; 42 LEs               ; 42 LEs                 ; Yes        ; |cpu|tomasulo_core:u_core|fp_div:u_fp_div|s_sreg[14]                           ;
; 7:1                ; 21 bits   ; 84 LEs        ; 42 LEs               ; 42 LEs                 ; Yes        ; |cpu|tomasulo_core:u_core|fp_div:u_fp_div|s_preg[17]                           ;
; 9:1                ; 2 bits    ; 12 LEs        ; 10 LEs               ; 2 LEs                  ; Yes        ; |cpu|tomasulo_core:u_core|fp_cvt:u_fp_cvt|s1_result[29]                        ;
; 8:1                ; 2 bits    ; 10 LEs        ; 8 LEs                ; 2 LEs                  ; Yes        ; |cpu|tomasulo_core:u_core|fp_div:u_fp_div|s_preg[1]                            ;
; 10:1               ; 6 bits    ; 36 LEs        ; 36 LEs               ; 0 LEs                  ; Yes        ; |cpu|tomasulo_core:u_core|fp_cvt:u_fp_cvt|s1_result[25]                        ;
; 11:1               ; 8 bits    ; 56 LEs        ; 16 LEs               ; 40 LEs                 ; Yes        ; |cpu|tomasulo_core:u_core|fp_add:u_fp_add|s1_result[30]                        ;
; 11:1               ; 7 bits    ; 49 LEs        ; 42 LEs               ; 7 LEs                  ; Yes        ; |cpu|tomasulo_core:u_core|fp_cvt:u_fp_cvt|s1_result[3]                         ;
; 12:1               ; 7 bits    ; 56 LEs        ; 49 LEs               ; 7 LEs                  ; Yes        ; |cpu|tomasulo_core:u_core|fp_add:u_fp_add|s1_result[3]                         ;
; 14:1               ; 3 bits    ; 27 LEs        ; 24 LEs               ; 3 LEs                  ; Yes        ; |cpu|tomasulo_core:u_core|fp_cvt:u_fp_cvt|s1_result[16]                        ;
; 15:1               ; 4 bits    ; 40 LEs        ; 36 LEs               ; 4 LEs                  ; Yes        ; |cpu|tomasulo_core:u_core|fp_cvt:u_fp_cvt|s1_result[8]                         ;
; 15:1               ; 3 bits    ; 30 LEs        ; 27 LEs               ; 3 LEs                  ; Yes        ; |cpu|tomasulo_core:u_core|fp_add:u_fp_add|s1_result[7]                         ;
; 15:1               ; 4 bits    ; 40 LEs        ; 36 LEs               ; 4 LEs                  ; Yes        ; |cpu|tomasulo_core:u_core|fp_add:u_fp_add|s1_result[11]                        ;
; 15:1               ; 3 bits    ; 30 LEs        ; 27 LEs               ; 3 LEs                  ; Yes        ; |cpu|tomasulo_core:u_core|fp_add:u_fp_add|s1_result[18]                        ;
; 17:1               ; 4 bits    ; 44 LEs        ; 40 LEs               ; 4 LEs                  ; Yes        ; |cpu|tomasulo_core:u_core|fp_cvt:u_fp_cvt|s1_result[15]                        ;
; 17:1               ; 4 bits    ; 44 LEs        ; 40 LEs               ; 4 LEs                  ; Yes        ; |cpu|tomasulo_core:u_core|fp_cvt:u_fp_cvt|s1_result[22]                        ;
; 16:1               ; 2 bits    ; 20 LEs        ; 20 LEs               ; 0 LEs                  ; Yes        ; |cpu|tomasulo_core:u_core|fp_add:u_fp_add|s1_result[14]                        ;
; 18:1               ; 4 bits    ; 48 LEs        ; 44 LEs               ; 4 LEs                  ; Yes        ; |cpu|tomasulo_core:u_core|fp_add:u_fp_add|s1_result[19]                        ;
; 3:1                ; 8 bits    ; 16 LEs        ; 16 LEs               ; 0 LEs                  ; No         ; |cpu|hex_display_value[16]                                                     ;
; 3:1                ; 16 bits   ; 32 LEs        ; 32 LEs               ; 0 LEs                  ; No         ; |cpu|hex_display_value[0]                                                      ;
; 3:1                ; 78 bits   ; 156 LEs       ; 156 LEs              ; 0 LEs                  ; No         ; |cpu|tomasulo_core:u_core|dispatch:u_dispatch|fp_div_entry_o.rs2_ready         ;
; 3:1                ; 78 bits   ; 156 LEs       ; 156 LEs              ; 0 LEs                  ; No         ; |cpu|tomasulo_core:u_core|dispatch:u_dispatch|fp_mul_entry_o.rs1_val[28]       ;
; 3:1                ; 41 bits   ; 82 LEs        ; 82 LEs               ; 0 LEs                  ; No         ; |cpu|tomasulo_core:u_core|commit_unit:u_commit|x_wr_val_o[5]                   ;
; 3:1                ; 41 bits   ; 82 LEs        ; 82 LEs               ; 0 LEs                  ; No         ; |cpu|tomasulo_core:u_core|commit_unit:u_commit|f_wr_val_o[5]                   ;
; 3:1                ; 32 bits   ; 64 LEs        ; 64 LEs               ; 0 LEs                  ; No         ; |cpu|tomasulo_core:u_core|commit_unit:u_commit|redirect_pc_o[14]               ;
; 4:1                ; 54 bits   ; 108 LEs       ; 108 LEs              ; 0 LEs                  ; No         ; |cpu|tomasulo_core:u_core|reservation_station:u_rs_fp_add|Mux77                ;
; 4:1                ; 20 bits   ; 40 LEs        ; 40 LEs               ; 0 LEs                  ; No         ; |cpu|tomasulo_core:u_core|fp_cvt:u_fp_cvt|ShiftLeft0                           ;
; 3:1                ; 76 bits   ; 152 LEs       ; 152 LEs              ; 0 LEs                  ; No         ; |cpu|tomasulo_core:u_core|dispatch:u_dispatch|lsb_entry_o.imm[11]              ;
; 3:1                ; 148 bits  ; 296 LEs       ; 296 LEs              ; 0 LEs                  ; No         ; |cpu|tomasulo_core:u_core|dispatch:u_dispatch|alu_entry_o.rs2_val[18]          ;
; 3:1                ; 52 bits   ; 104 LEs       ; 104 LEs              ; 0 LEs                  ; No         ; |cpu|tomasulo_core:u_core|dispatch:u_dispatch|fp_cvt_entry_o.rs1_val[29]       ;
; 3:1                ; 84 bits   ; 168 LEs       ; 168 LEs              ; 0 LEs                  ; No         ; |cpu|tomasulo_core:u_core|dispatch:u_dispatch|fp_add_entry_o.op[2]             ;
; 3:1                ; 148 bits  ; 296 LEs       ; 296 LEs              ; 0 LEs                  ; No         ; |cpu|tomasulo_core:u_core|dispatch:u_dispatch|br_entry_o.rs2_ready             ;
; 4:1                ; 16 bits   ; 32 LEs        ; 32 LEs               ; 0 LEs                  ; No         ; |cpu|tomasulo_core:u_core|fp_cvt:u_fp_cvt|ShiftRight0                          ;
; 4:1                ; 4 bits    ; 8 LEs         ; 8 LEs                ; 0 LEs                  ; No         ; |cpu|tomasulo_core:u_core|fp_cvt:u_fp_cvt|ShiftRight0                          ;
; 4:1                ; 4 bits    ; 8 LEs         ; 8 LEs                ; 0 LEs                  ; No         ; |cpu|tomasulo_core:u_core|fp_cvt:u_fp_cvt|ShiftLeft0                           ;
; 4:1                ; 4 bits    ; 8 LEs         ; 8 LEs                ; 0 LEs                  ; No         ; |cpu|tomasulo_core:u_core|fp_cvt:u_fp_cvt|ShiftLeft0                           ;
; 4:1                ; 4 bits    ; 8 LEs         ; 8 LEs                ; 0 LEs                  ; No         ; |cpu|tomasulo_core:u_core|fp_cvt:u_fp_cvt|ShiftLeft0                           ;
; 4:1                ; 4 bits    ; 8 LEs         ; 8 LEs                ; 0 LEs                  ; No         ; |cpu|tomasulo_core:u_core|fp_cvt:u_fp_cvt|ShiftLeft1                           ;
; 4:1                ; 3 bits    ; 6 LEs         ; 6 LEs                ; 0 LEs                  ; No         ; |cpu|tomasulo_core:u_core|fp_cvt:u_fp_cvt|ShiftLeft1                           ;
; 4:1                ; 24 bits   ; 48 LEs        ; 48 LEs               ; 0 LEs                  ; No         ; |cpu|tomasulo_core:u_core|fp_cvt:u_fp_cvt|ShiftLeft1                           ;
; 3:1                ; 9 bits    ; 18 LEs        ; 18 LEs               ; 0 LEs                  ; No         ; |cpu|tomasulo_core:u_core|dispatch:u_dispatch|x_map_addr_o[4]                  ;
; 4:1                ; 22 bits   ; 44 LEs        ; 44 LEs               ; 0 LEs                  ; No         ; |cpu|tomasulo_core:u_core|fp_add:u_fp_add|ShiftRight0                          ;
; 3:1                ; 10 bits   ; 20 LEs        ; 20 LEs               ; 0 LEs                  ; No         ; |cpu|tomasulo_core:u_core|fp_add:u_fp_add|xb                                   ;
; 4:1                ; 4 bits    ; 8 LEs         ; 8 LEs                ; 0 LEs                  ; No         ; |cpu|tomasulo_core:u_core|fp_add:u_fp_add|ShiftRight0                          ;
; 4:1                ; 2 bits    ; 4 LEs         ; 4 LEs                ; 0 LEs                  ; No         ; |cpu|tomasulo_core:u_core|fp_add:u_fp_add|ShiftRight0                          ;
; 4:1                ; 6 bits    ; 12 LEs        ; 12 LEs               ; 0 LEs                  ; No         ; |cpu|tomasulo_core:u_core|fp_add:u_fp_add|ShiftRight0                          ;
; 4:1                ; 18 bits   ; 36 LEs        ; 36 LEs               ; 0 LEs                  ; No         ; |cpu|tomasulo_core:u_core|fp_add:u_fp_add|ShiftLeft0                           ;
; 4:1                ; 4 bits    ; 8 LEs         ; 8 LEs                ; 0 LEs                  ; No         ; |cpu|tomasulo_core:u_core|fp_add:u_fp_add|ShiftLeft0                           ;
; 3:1                ; 25 bits   ; 50 LEs        ; 50 LEs               ; 0 LEs                  ; No         ; |cpu|tomasulo_core:u_core|fp_add:u_fp_add|s                                    ;
; 4:1                ; 10 bits   ; 20 LEs        ; 20 LEs               ; 0 LEs                  ; No         ; |cpu|mem_rd_addr_mux[2]                                                        ;
; 8:1                ; 31 bits   ; 155 LEs       ; 155 LEs              ; 0 LEs                  ; No         ; |cpu|tomasulo_core:u_core|load_store_buffer:u_lsb|Mux100                       ;
; 4:1                ; 2 bits    ; 4 LEs         ; 4 LEs                ; 0 LEs                  ; No         ; |cpu|tomasulo_core:u_core|reservation_station:u_rs_alu|issue_chain[0][2]       ;
; 4:1                ; 9 bits    ; 18 LEs        ; 18 LEs               ; 0 LEs                  ; No         ; |cpu|tomasulo_core:u_core|dispatch:u_dispatch|f_map_addr_o[4]                  ;
; 4:1                ; 2 bits    ; 4 LEs         ; 4 LEs                ; 0 LEs                  ; No         ; |cpu|tomasulo_core:u_core|fp_add:u_fp_add|xb                                   ;
; 4:1                ; 2 bits    ; 4 LEs         ; 4 LEs                ; 0 LEs                  ; No         ; |cpu|tomasulo_core:u_core|reservation_station:u_rs_alu|dispatch_chain[0][1]    ;
; 4:1                ; 3 bits    ; 6 LEs         ; 6 LEs                ; 0 LEs                  ; No         ; |cpu|tomasulo_core:u_core|instr_queue:u_iq|head                                ;
; 16:1               ; 2 bits    ; 20 LEs        ; 20 LEs               ; 0 LEs                  ; No         ; |cpu|tomasulo_core:u_core|rob_unit:u_rob|Mux1                                  ;
; 16:1               ; 2 bits    ; 20 LEs        ; 20 LEs               ; 0 LEs                  ; No         ; |cpu|tomasulo_core:u_core|rob_unit:u_rob|Mux181                                ;
; 16:1               ; 2 bits    ; 20 LEs        ; 20 LEs               ; 0 LEs                  ; No         ; |cpu|tomasulo_core:u_core|rob_unit:u_rob|Mux148                                ;
; 16:1               ; 2 bits    ; 20 LEs        ; 20 LEs               ; 0 LEs                  ; No         ; |cpu|tomasulo_core:u_core|rob_unit:u_rob|Mux113                                ;
; 6:1                ; 4 bits    ; 16 LEs        ; 16 LEs               ; 0 LEs                  ; No         ; |cpu|tomasulo_core:u_core|fp_cvt:u_fp_cvt|mag                                  ;
; 6:1                ; 3 bits    ; 12 LEs        ; 12 LEs               ; 0 LEs                  ; No         ; |cpu|tomasulo_core:u_core|fp_cvt:u_fp_cvt|mag                                  ;
; 5:1                ; 4 bits    ; 12 LEs        ; 12 LEs               ; 0 LEs                  ; No         ; |cpu|tomasulo_core:u_core|fp_add:u_fp_add|xb                                   ;
; 6:1                ; 2 bits    ; 8 LEs         ; 8 LEs                ; 0 LEs                  ; No         ; |cpu|tomasulo_core:u_core|fp_add:u_fp_add|xb                                   ;
; 6:1                ; 4 bits    ; 16 LEs        ; 16 LEs               ; 0 LEs                  ; No         ; |cpu|tomasulo_core:u_core|fp_add:u_fp_add|xb                                   ;
; 4:1                ; 4 bits    ; 8 LEs         ; 8 LEs                ; 0 LEs                  ; No         ; |cpu|dmem_wr_be[1]                                                             ;
; 32:1               ; 5 bits    ; 105 LEs       ; 105 LEs              ; 0 LEs                  ; No         ; |cpu|tomasulo_core:u_core|rat_table:u_rat|Mux24                                ;
; 32:1               ; 5 bits    ; 105 LEs       ; 105 LEs              ; 0 LEs                  ; No         ; |cpu|tomasulo_core:u_core|rat_table:u_rat|Mux28                                ;
; 32:1               ; 5 bits    ; 105 LEs       ; 105 LEs              ; 0 LEs                  ; No         ; |cpu|tomasulo_core:u_core|rat_table:u_rat|Mux9                                 ;
; 32:1               ; 5 bits    ; 105 LEs       ; 105 LEs              ; 0 LEs                  ; No         ; |cpu|tomasulo_core:u_core|rat_table:u_rat|Mux17                                ;
; 32:1               ; 5 bits    ; 105 LEs       ; 105 LEs              ; 0 LEs                  ; No         ; |cpu|tomasulo_core:u_core|rat_table:u_rat|Mux1                                 ;
; 32:1               ; 5 bits    ; 105 LEs       ; 105 LEs              ; 0 LEs                  ; No         ; |cpu|tomasulo_core:u_core|rat_table:u_rat|Mux12                                ;
; 7:1                ; 4 bits    ; 16 LEs        ; 16 LEs               ; 0 LEs                  ; No         ; |cpu|tomasulo_core:u_core|fp_cvt:u_fp_cvt|mag                                  ;
; 7:1                ; 4 bits    ; 16 LEs        ; 16 LEs               ; 0 LEs                  ; No         ; |cpu|tomasulo_core:u_core|fp_cvt:u_fp_cvt|mag                                  ;
; 7:1                ; 4 bits    ; 16 LEs        ; 16 LEs               ; 0 LEs                  ; No         ; |cpu|tomasulo_core:u_core|fp_cvt:u_fp_cvt|mag                                  ;
; 7:1                ; 2 bits    ; 8 LEs         ; 8 LEs                ; 0 LEs                  ; No         ; |cpu|tomasulo_core:u_core|fp_add:u_fp_add|xb                                   ;
; 7:1                ; 8 bits    ; 32 LEs        ; 32 LEs               ; 0 LEs                  ; No         ; |cpu|tomasulo_core:u_core|fp_cvt:u_fp_cvt|mag                                  ;
; 6:1                ; 5 bits    ; 20 LEs        ; 10 LEs               ; 10 LEs                 ; No         ; |cpu|tomasulo_core:u_core|Selector18                                           ;
; 6:1                ; 8 bits    ; 32 LEs        ; 32 LEs               ; 0 LEs                  ; No         ; |cpu|tomasulo_core:u_core|Selector40                                           ;
; 6:1                ; 11 bits   ; 44 LEs        ; 44 LEs               ; 0 LEs                  ; No         ; |cpu|tomasulo_core:u_core|Selector24                                           ;
; 64:1               ; 2 bits    ; 84 LEs        ; 84 LEs               ; 0 LEs                  ; No         ; |cpu|Mux0                                                                      ;
; 10:1               ; 4 bits    ; 24 LEs        ; 24 LEs               ; 0 LEs                  ; No         ; |cpu|tomasulo_core:u_core|fp_cvt:u_fp_cvt|mag                                  ;
; 8:1                ; 6 bits    ; 30 LEs        ; 12 LEs               ; 18 LEs                 ; No         ; |cpu|tomasulo_core:u_core|Selector43                                           ;
; 8:1                ; 5 bits    ; 25 LEs        ; 10 LEs               ; 15 LEs                 ; No         ; |cpu|tomasulo_core:u_core|Selector8                                            ;
; 8:1                ; 3 bits    ; 15 LEs        ; 12 LEs               ; 3 LEs                  ; No         ; |cpu|tomasulo_core:u_core|fp_div:u_fp_div|state                                ;
; 9:1                ; 4 bits    ; 24 LEs        ; 12 LEs               ; 12 LEs                 ; No         ; |cpu|tomasulo_core:u_core|Selector48                                           ;
; 10:1               ; 5 bits    ; 30 LEs        ; 10 LEs               ; 20 LEs                 ; No         ; |cpu|tomasulo_core:u_core|Selector15                                           ;
; 86:1               ; 32 bits   ; 1824 LEs      ; 1792 LEs             ; 32 LEs                 ; No         ; |cpu|tomasulo_core:u_core|dispatch:u_dispatch|entry.rs2_val[10]                ;
; 86:1               ; 32 bits   ; 1824 LEs      ; 1792 LEs             ; 32 LEs                 ; No         ; |cpu|tomasulo_core:u_core|dispatch:u_dispatch|entry.rs1_val[10]                ;
; 3:1                ; 10 bits   ; 20 LEs        ; 0 LEs                ; 20 LEs                 ; Yes        ; |cpu|sig_word_count[7]                                                         ;
; 3:1                ; 10 bits   ; 20 LEs        ; 0 LEs                ; 20 LEs                 ; Yes        ; |cpu|sig_begin_word[8]                                                         ;
; 8:1                ; 4 bits    ; 20 LEs        ; 16 LEs               ; 4 LEs                  ; Yes        ; |cpu|tomasulo_core:u_core|alu_int:u_alu|tag_o[1]                               ;
; 4:1                ; 10 bits   ; 20 LEs        ; 0 LEs                ; 20 LEs                 ; Yes        ; |cpu|load_write_idx[0]                                                         ;
; 5:1                ; 11 bits   ; 33 LEs        ; 11 LEs               ; 22 LEs                 ; Yes        ; |cpu|load_fetch_idx[7]                                                         ;
; 1024:1             ; 32 bits   ; 21824 LEs     ; 21824 LEs            ; 0 LEs                  ; Yes        ; |cpu|data_mem:u_dmem|rd_data_o[9]                                              ;
; 30:1               ; 8 bits    ; 160 LEs       ; 144 LEs              ; 16 LEs                 ; Yes        ; |cpu|tomasulo_core:u_core|alu_int:u_alu|result_o[20]                           ;
; 28:1               ; 5 bits    ; 90 LEs        ; 90 LEs               ; 0 LEs                  ; Yes        ; |cpu|tomasulo_core:u_core|alu_int:u_alu|result_o[5]                            ;
; 32:1               ; 2 bits    ; 42 LEs        ; 38 LEs               ; 4 LEs                  ; Yes        ; |cpu|tomasulo_core:u_core|alu_int:u_alu|result_o[10]                           ;
; 28:1               ; 3 bits    ; 54 LEs        ; 54 LEs               ; 0 LEs                  ; Yes        ; |cpu|tomasulo_core:u_core|alu_int:u_alu|result_o[14]                           ;
; 36:1               ; 3 bits    ; 72 LEs        ; 60 LEs               ; 12 LEs                 ; Yes        ; |cpu|tomasulo_core:u_core|alu_int:u_alu|result_o[30]                           ;
; 34:1               ; 2 bits    ; 44 LEs        ; 40 LEs               ; 4 LEs                  ; Yes        ; |cpu|tomasulo_core:u_core|alu_int:u_alu|result_o[25]                           ;
; 34:1               ; 3 bits    ; 66 LEs        ; 60 LEs               ; 6 LEs                  ; Yes        ; |cpu|tomasulo_core:u_core|alu_int:u_alu|result_o[3]                            ;
; 3:1                ; 8 bits    ; 16 LEs        ; 16 LEs               ; 0 LEs                  ; No         ; |cpu|dmem_wr_data[15]                                                          ;
; 4:1                ; 4 bits    ; 8 LEs         ; 8 LEs                ; 0 LEs                  ; No         ; |cpu|tomasulo_core:u_core|alu_int:u_alu|ShiftLeft0                             ;
; 4:1                ; 4 bits    ; 8 LEs         ; 8 LEs                ; 0 LEs                  ; No         ; |cpu|tomasulo_core:u_core|alu_int:u_alu|ShiftLeft0                             ;
; 4:1                ; 4 bits    ; 8 LEs         ; 8 LEs                ; 0 LEs                  ; No         ; |cpu|tomasulo_core:u_core|alu_int:u_alu|ShiftLeft0                             ;
; 4:1                ; 4 bits    ; 8 LEs         ; 8 LEs                ; 0 LEs                  ; No         ; |cpu|tomasulo_core:u_core|alu_int:u_alu|ShiftRight0                            ;
; 4:1                ; 4 bits    ; 8 LEs         ; 8 LEs                ; 0 LEs                  ; No         ; |cpu|tomasulo_core:u_core|alu_int:u_alu|ShiftRight1                            ;
; 4:1                ; 2 bits    ; 4 LEs         ; 4 LEs                ; 0 LEs                  ; No         ; |cpu|tomasulo_core:u_core|alu_int:u_alu|ShiftRight0                            ;
; 4:1                ; 49 bits   ; 98 LEs        ; 98 LEs               ; 0 LEs                  ; No         ; |cpu|tomasulo_core:u_core|alu_int:u_alu|ShiftRight1                            ;
; 4:1                ; 4 bits    ; 8 LEs         ; 8 LEs                ; 0 LEs                  ; No         ; |cpu|tomasulo_core:u_core|alu_int:u_alu|ShiftLeft1                             ;
; 4:1                ; 4 bits    ; 8 LEs         ; 8 LEs                ; 0 LEs                  ; No         ; |cpu|tomasulo_core:u_core|alu_int:u_alu|ShiftLeft1                             ;
; 4:1                ; 4 bits    ; 8 LEs         ; 8 LEs                ; 0 LEs                  ; No         ; |cpu|tomasulo_core:u_core|alu_int:u_alu|ShiftLeft1                             ;
; 4:1                ; 4 bits    ; 8 LEs         ; 8 LEs                ; 0 LEs                  ; No         ; |cpu|tomasulo_core:u_core|alu_int:u_alu|ShiftRight2                            ;
; 4:1                ; 4 bits    ; 8 LEs         ; 8 LEs                ; 0 LEs                  ; No         ; |cpu|tomasulo_core:u_core|alu_int:u_alu|ShiftRight3                            ;
; 4:1                ; 2 bits    ; 4 LEs         ; 4 LEs                ; 0 LEs                  ; No         ; |cpu|tomasulo_core:u_core|alu_int:u_alu|ShiftLeft1                             ;
; 4:1                ; 49 bits   ; 98 LEs        ; 98 LEs               ; 0 LEs                  ; No         ; |cpu|tomasulo_core:u_core|alu_int:u_alu|ShiftLeft1                             ;
; 8:1                ; 22 bits   ; 110 LEs       ; 110 LEs              ; 0 LEs                  ; No         ; |cpu|tomasulo_core:u_core|load_store_buffer:u_lsb|Mux1                         ;
; 8:1                ; 134 bits  ; 670 LEs       ; 536 LEs              ; 134 LEs                ; No         ; |cpu|tomasulo_core:u_core|reservation_station:u_rs_alu|Mux55                   ;
; 16:1               ; 47 bits   ; 470 LEs       ; 470 LEs              ; 0 LEs                  ; No         ; |cpu|tomasulo_core:u_core|rob_unit:u_rob|Mux256                                ;
; 16:1               ; 46 bits   ; 460 LEs       ; 460 LEs              ; 0 LEs                  ; No         ; |cpu|tomasulo_core:u_core|rob_unit:u_rob|Mux289                                ;
; 16:1               ; 79 bits   ; 790 LEs       ; 790 LEs              ; 0 LEs                  ; No         ; |cpu|tomasulo_core:u_core|rob_unit:u_rob|Mux111                                ;
; 10:1               ; 8 bits    ; 48 LEs        ; 48 LEs               ; 0 LEs                  ; No         ; |cpu|dmem_wr_data[23]                                                          ;
; 11:1               ; 8 bits    ; 56 LEs        ; 56 LEs               ; 0 LEs                  ; No         ; |cpu|dmem_wr_data[25]                                                          ;
; 17:1               ; 4 bits    ; 44 LEs        ; 44 LEs               ; 0 LEs                  ; No         ; |cpu|tomasulo_core:u_core|cdb:u_cdb|cdb_o.tag[1]                               ;
; 17:1               ; 15 bits   ; 165 LEs       ; 165 LEs              ; 0 LEs                  ; No         ; |cpu|tomasulo_core:u_core|cdb:u_cdb|cdb_o.value[16]                            ;
; 18:1               ; 8 bits    ; 96 LEs        ; 88 LEs               ; 8 LEs                  ; No         ; |cpu|tomasulo_core:u_core|cdb:u_cdb|cdb_o.value[11]                            ;
; 17:1               ; 6 bits    ; 66 LEs        ; 60 LEs               ; 6 LEs                  ; No         ; |cpu|tomasulo_core:u_core|cdb:u_cdb|cdb_o.value[6]                             ;
; 4:1                ; 16 bits   ; 32 LEs        ; 32 LEs               ; 0 LEs                  ; No         ; |cpu|tomasulo_core:u_core|reservation_station:u_rs_fp_add|Mux12                ;
+--------------------+-----------+---------------+----------------------+------------------------+------------+--------------------------------------------------------------------------------+


+----------------------------------------------------------------------------------------------------------------------+
; Source assignments for tomasulo_core:u_core|instr_queue:u_iq|altsyncram:entries_rtl_0|altsyncram_0hi1:auto_generated ;
+---------------------------------+--------------------+------+--------------------------------------------------------+
; Assignment                      ; Value              ; From ; To                                                     ;
+---------------------------------+--------------------+------+--------------------------------------------------------+
; OPTIMIZE_POWER_DURING_SYNTHESIS ; NORMAL_COMPILATION ; -    ; -                                                      ;
+---------------------------------+--------------------+------+--------------------------------------------------------+


+---------------------------------------------------------------------------------------------+
; Source assignments for instr_mem:u_imem|altsyncram:mem_rtl_0|altsyncram_ior1:auto_generated ;
+---------------------------------+--------------------+------+-------------------------------+
; Assignment                      ; Value              ; From ; To                            ;
+---------------------------------+--------------------+------+-------------------------------+
; OPTIMIZE_POWER_DURING_SYNTHESIS ; NORMAL_COMPILATION ; -    ; -                             ;
+---------------------------------+--------------------+------+-------------------------------+


+---------------------------------------------------------------+
; Parameter Settings for User Entity Instance: instr_mem:u_imem ;
+----------------+-------+--------------------------------------+
; Parameter Name ; Value ; Type                                 ;
+----------------+-------+--------------------------------------+
; FILENAME       ;       ; String                               ;
+----------------+-------+--------------------------------------+
Note: In order to hide this table in the UI and the text report file, please set the "Show Parameter Settings in Synthesis Report" option in "Analysis and Synthesis Settings -> More Settings" to "Off".


+--------------------------------------------------------------+
; Parameter Settings for User Entity Instance: data_mem:u_dmem ;
+----------------+-------+-------------------------------------+
; Parameter Name ; Value ; Type                                ;
+----------------+-------+-------------------------------------+
; FILENAME       ;       ; String                              ;
+----------------+-------+-------------------------------------+
Note: In order to hide this table in the UI and the text report file, please set the "Show Parameter Settings in Synthesis Report" option in "Analysis and Synthesis Settings -> More Settings" to "Off".


+------------------------------------------------------------------------------------------------+
; Parameter Settings for User Entity Instance: tomasulo_core:u_core|reservation_station:u_rs_alu ;
+----------------+-------+-----------------------------------------------------------------------+
; Parameter Name ; Value ; Type                                                                  ;
+----------------+-------+-----------------------------------------------------------------------+
; SIZE           ; 6     ; Signed Integer                                                        ;
+----------------+-------+-----------------------------------------------------------------------+
Note: In order to hide this table in the UI and the text report file, please set the "Show Parameter Settings in Synthesis Report" option in "Analysis and Synthesis Settings -> More Settings" to "Off".


+-----------------------------------------------------------------------------------------------+
; Parameter Settings for User Entity Instance: tomasulo_core:u_core|reservation_station:u_rs_br ;
+----------------+-------+----------------------------------------------------------------------+
; Parameter Name ; Value ; Type                                                                 ;
+----------------+-------+----------------------------------------------------------------------+
; SIZE           ; 2     ; Signed Integer                                                       ;
+----------------+-------+----------------------------------------------------------------------+
Note: In order to hide this table in the UI and the text report file, please set the "Show Parameter Settings in Synthesis Report" option in "Analysis and Synthesis Settings -> More Settings" to "Off".


+---------------------------------------------------------------------------------------------------+
; Parameter Settings for User Entity Instance: tomasulo_core:u_core|reservation_station:u_rs_fp_add ;
+----------------+-------+--------------------------------------------------------------------------+
; Parameter Name ; Value ; Type                                                                     ;
+----------------+-------+--------------------------------------------------------------------------+
; SIZE           ; 3     ; Signed Integer                                                           ;
+----------------+-------+--------------------------------------------------------------------------+
Note: In order to hide this table in the UI and the text report file, please set the "Show Parameter Settings in Synthesis Report" option in "Analysis and Synthesis Settings -> More Settings" to "Off".


+---------------------------------------------------------------------------------------------------+
; Parameter Settings for User Entity Instance: tomasulo_core:u_core|reservation_station:u_rs_fp_mul ;
+----------------+-------+--------------------------------------------------------------------------+
; Parameter Name ; Value ; Type                                                                     ;
+----------------+-------+--------------------------------------------------------------------------+
; SIZE           ; 2     ; Signed Integer                                                           ;
+----------------+-------+--------------------------------------------------------------------------+
Note: In order to hide this table in the UI and the text report file, please set the "Show Parameter Settings in Synthesis Report" option in "Analysis and Synthesis Settings -> More Settings" to "Off".


+---------------------------------------------------------------------------------------------------+
; Parameter Settings for User Entity Instance: tomasulo_core:u_core|reservation_station:u_rs_fp_div ;
+----------------+-------+--------------------------------------------------------------------------+
; Parameter Name ; Value ; Type                                                                     ;
+----------------+-------+--------------------------------------------------------------------------+
; SIZE           ; 2     ; Signed Integer                                                           ;
+----------------+-------+--------------------------------------------------------------------------+
Note: In order to hide this table in the UI and the text report file, please set the "Show Parameter Settings in Synthesis Report" option in "Analysis and Synthesis Settings -> More Settings" to "Off".


+---------------------------------------------------------------------------------------------------+
; Parameter Settings for User Entity Instance: tomasulo_core:u_core|reservation_station:u_rs_fp_cvt ;
+----------------+-------+--------------------------------------------------------------------------+
; Parameter Name ; Value ; Type                                                                     ;
+----------------+-------+--------------------------------------------------------------------------+
; SIZE           ; 2     ; Signed Integer                                                           ;
+----------------+-------+--------------------------------------------------------------------------+
Note: In order to hide this table in the UI and the text report file, please set the "Show Parameter Settings in Synthesis Report" option in "Analysis and Synthesis Settings -> More Settings" to "Off".


+-------------------------------------------------------------------------------------------+
; Parameter Settings for User Entity Instance: tomasulo_core:u_core|cdb:u_cdb|arbiter:u_arb ;
+----------------+-------+------------------------------------------------------------------+
; Parameter Name ; Value ; Type                                                             ;
+----------------+-------+------------------------------------------------------------------+
; WIDTH          ; 7     ; Signed Integer                                                   ;
+----------------+-------+------------------------------------------------------------------+
Note: In order to hide this table in the UI and the text report file, please set the "Show Parameter Settings in Synthesis Report" option in "Analysis and Synthesis Settings -> More Settings" to "Off".


+-----------------------------------------------------------------------------------------------------------------+
; Parameter Settings for Inferred Entity Instance: tomasulo_core:u_core|instr_queue:u_iq|altsyncram:entries_rtl_0 ;
+------------------------------------+----------------------+-----------------------------------------------------+
; Parameter Name                     ; Value                ; Type                                                ;
+------------------------------------+----------------------+-----------------------------------------------------+
; BYTE_SIZE_BLOCK                    ; 8                    ; Untyped                                             ;
; AUTO_CARRY_CHAINS                  ; ON                   ; AUTO_CARRY                                          ;
; IGNORE_CARRY_BUFFERS               ; OFF                  ; IGNORE_CARRY                                        ;
; AUTO_CASCADE_CHAINS                ; ON                   ; AUTO_CASCADE                                        ;
; IGNORE_CASCADE_BUFFERS             ; OFF                  ; IGNORE_CASCADE                                      ;
; WIDTH_BYTEENA                      ; 1                    ; Untyped                                             ;
; OPERATION_MODE                     ; DUAL_PORT            ; Untyped                                             ;
; WIDTH_A                            ; 89                   ; Untyped                                             ;
; WIDTHAD_A                          ; 3                    ; Untyped                                             ;
; NUMWORDS_A                         ; 8                    ; Untyped                                             ;
; OUTDATA_REG_A                      ; UNREGISTERED         ; Untyped                                             ;
; ADDRESS_ACLR_A                     ; NONE                 ; Untyped                                             ;
; OUTDATA_ACLR_A                     ; NONE                 ; Untyped                                             ;
; WRCONTROL_ACLR_A                   ; NONE                 ; Untyped                                             ;
; INDATA_ACLR_A                      ; NONE                 ; Untyped                                             ;
; BYTEENA_ACLR_A                     ; NONE                 ; Untyped                                             ;
; WIDTH_B                            ; 89                   ; Untyped                                             ;
; WIDTHAD_B                          ; 3                    ; Untyped                                             ;
; NUMWORDS_B                         ; 8                    ; Untyped                                             ;
; INDATA_REG_B                       ; CLOCK1               ; Untyped                                             ;
; WRCONTROL_WRADDRESS_REG_B          ; CLOCK1               ; Untyped                                             ;
; RDCONTROL_REG_B                    ; CLOCK1               ; Untyped                                             ;
; ADDRESS_REG_B                      ; CLOCK0               ; Untyped                                             ;
; OUTDATA_REG_B                      ; UNREGISTERED         ; Untyped                                             ;
; BYTEENA_REG_B                      ; CLOCK1               ; Untyped                                             ;
; INDATA_ACLR_B                      ; NONE                 ; Untyped                                             ;
; WRCONTROL_ACLR_B                   ; NONE                 ; Untyped                                             ;
; ADDRESS_ACLR_B                     ; NONE                 ; Untyped                                             ;
; OUTDATA_ACLR_B                     ; NONE                 ; Untyped                                             ;
; RDCONTROL_ACLR_B                   ; NONE                 ; Untyped                                             ;
; BYTEENA_ACLR_B                     ; NONE                 ; Untyped                                             ;
; WIDTH_BYTEENA_A                    ; 1                    ; Untyped                                             ;
; WIDTH_BYTEENA_B                    ; 1                    ; Untyped                                             ;
; RAM_BLOCK_TYPE                     ; AUTO                 ; Untyped                                             ;
; BYTE_SIZE                          ; 8                    ; Untyped                                             ;
; READ_DURING_WRITE_MODE_MIXED_PORTS ; DONT_CARE            ; Untyped                                             ;
; READ_DURING_WRITE_MODE_PORT_A      ; NEW_DATA_NO_NBE_READ ; Untyped                                             ;
; READ_DURING_WRITE_MODE_PORT_B      ; NEW_DATA_NO_NBE_READ ; Untyped                                             ;
; INIT_FILE                          ; UNUSED               ; Untyped                                             ;
; INIT_FILE_LAYOUT                   ; PORT_A               ; Untyped                                             ;
; MAXIMUM_DEPTH                      ; 0                    ; Untyped                                             ;
; CLOCK_ENABLE_INPUT_A               ; NORMAL               ; Untyped                                             ;
; CLOCK_ENABLE_INPUT_B               ; NORMAL               ; Untyped                                             ;
; CLOCK_ENABLE_OUTPUT_A              ; NORMAL               ; Untyped                                             ;
; CLOCK_ENABLE_OUTPUT_B              ; NORMAL               ; Untyped                                             ;
; CLOCK_ENABLE_CORE_A                ; USE_INPUT_CLKEN      ; Untyped                                             ;
; CLOCK_ENABLE_CORE_B                ; USE_INPUT_CLKEN      ; Untyped                                             ;
; ENABLE_ECC                         ; FALSE                ; Untyped                                             ;
; ECC_PIPELINE_STAGE_ENABLED         ; FALSE                ; Untyped                                             ;
; WIDTH_ECCSTATUS                    ; 3                    ; Untyped                                             ;
; DEVICE_FAMILY                      ; Cyclone V            ; Untyped                                             ;
; CBXI_PARAMETER                     ; altsyncram_0hi1      ; Untyped                                             ;
+------------------------------------+----------------------+-----------------------------------------------------+
Note: In order to hide this table in the UI and the text report file, please set the "Show Parameter Settings in Synthesis Report" option in "Analysis and Synthesis Settings -> More Settings" to "Off".


+----------------------------------------------------------------------------------------------+
; Parameter Settings for Inferred Entity Instance: instr_mem:u_imem|altsyncram:mem_rtl_0       ;
+------------------------------------+----------------------------------------+----------------+
; Parameter Name                     ; Value                                  ; Type           ;
+------------------------------------+----------------------------------------+----------------+
; BYTE_SIZE_BLOCK                    ; 8                                      ; Untyped        ;
; AUTO_CARRY_CHAINS                  ; ON                                     ; AUTO_CARRY     ;
; IGNORE_CARRY_BUFFERS               ; OFF                                    ; IGNORE_CARRY   ;
; AUTO_CASCADE_CHAINS                ; ON                                     ; AUTO_CASCADE   ;
; IGNORE_CASCADE_BUFFERS             ; OFF                                    ; IGNORE_CASCADE ;
; WIDTH_BYTEENA                      ; 1                                      ; Untyped        ;
; OPERATION_MODE                     ; DUAL_PORT                              ; Untyped        ;
; WIDTH_A                            ; 32                                     ; Untyped        ;
; WIDTHAD_A                          ; 10                                     ; Untyped        ;
; NUMWORDS_A                         ; 1024                                   ; Untyped        ;
; OUTDATA_REG_A                      ; UNREGISTERED                           ; Untyped        ;
; ADDRESS_ACLR_A                     ; NONE                                   ; Untyped        ;
; OUTDATA_ACLR_A                     ; NONE                                   ; Untyped        ;
; WRCONTROL_ACLR_A                   ; NONE                                   ; Untyped        ;
; INDATA_ACLR_A                      ; NONE                                   ; Untyped        ;
; BYTEENA_ACLR_A                     ; NONE                                   ; Untyped        ;
; WIDTH_B                            ; 32                                     ; Untyped        ;
; WIDTHAD_B                          ; 10                                     ; Untyped        ;
; NUMWORDS_B                         ; 1024                                   ; Untyped        ;
; INDATA_REG_B                       ; CLOCK1                                 ; Untyped        ;
; WRCONTROL_WRADDRESS_REG_B          ; CLOCK1                                 ; Untyped        ;
; RDCONTROL_REG_B                    ; CLOCK1                                 ; Untyped        ;
; ADDRESS_REG_B                      ; CLOCK0                                 ; Untyped        ;
; OUTDATA_REG_B                      ; UNREGISTERED                           ; Untyped        ;
; BYTEENA_REG_B                      ; CLOCK1                                 ; Untyped        ;
; INDATA_ACLR_B                      ; NONE                                   ; Untyped        ;
; WRCONTROL_ACLR_B                   ; NONE                                   ; Untyped        ;
; ADDRESS_ACLR_B                     ; NONE                                   ; Untyped        ;
; OUTDATA_ACLR_B                     ; NONE                                   ; Untyped        ;
; RDCONTROL_ACLR_B                   ; NONE                                   ; Untyped        ;
; BYTEENA_ACLR_B                     ; NONE                                   ; Untyped        ;
; WIDTH_BYTEENA_A                    ; 1                                      ; Untyped        ;
; WIDTH_BYTEENA_B                    ; 1                                      ; Untyped        ;
; RAM_BLOCK_TYPE                     ; AUTO                                   ; Untyped        ;
; BYTE_SIZE                          ; 8                                      ; Untyped        ;
; READ_DURING_WRITE_MODE_MIXED_PORTS ; OLD_DATA                               ; Untyped        ;
; READ_DURING_WRITE_MODE_PORT_A      ; NEW_DATA_NO_NBE_READ                   ; Untyped        ;
; READ_DURING_WRITE_MODE_PORT_B      ; NEW_DATA_NO_NBE_READ                   ; Untyped        ;
; INIT_FILE                          ; db/cpu.ram0_instr_mem_9ce15679.hdl.mif ; Untyped        ;
; INIT_FILE_LAYOUT                   ; PORT_A                                 ; Untyped        ;
; MAXIMUM_DEPTH                      ; 0                                      ; Untyped        ;
; CLOCK_ENABLE_INPUT_A               ; NORMAL                                 ; Untyped        ;
; CLOCK_ENABLE_INPUT_B               ; NORMAL                                 ; Untyped        ;
; CLOCK_ENABLE_OUTPUT_A              ; NORMAL                                 ; Untyped        ;
; CLOCK_ENABLE_OUTPUT_B              ; NORMAL                                 ; Untyped        ;
; CLOCK_ENABLE_CORE_A                ; USE_INPUT_CLKEN                        ; Untyped        ;
; CLOCK_ENABLE_CORE_B                ; USE_INPUT_CLKEN                        ; Untyped        ;
; ENABLE_ECC                         ; FALSE                                  ; Untyped        ;
; ECC_PIPELINE_STAGE_ENABLED         ; FALSE                                  ; Untyped        ;
; WIDTH_ECCSTATUS                    ; 3                                      ; Untyped        ;
; DEVICE_FAMILY                      ; Cyclone V                              ; Untyped        ;
; CBXI_PARAMETER                     ; altsyncram_ior1                        ; Untyped        ;
+------------------------------------+----------------------------------------+----------------+
Note: In order to hide this table in the UI and the text report file, please set the "Show Parameter Settings in Synthesis Report" option in "Analysis and Synthesis Settings -> More Settings" to "Off".


+------------------------------------------------------------------------------------------------------------+
; altsyncram Parameter Settings by Entity Instance                                                           ;
+-------------------------------------------+----------------------------------------------------------------+
; Name                                      ; Value                                                          ;
+-------------------------------------------+----------------------------------------------------------------+
; Number of entity instances                ; 2                                                              ;
; Entity Instance                           ; tomasulo_core:u_core|instr_queue:u_iq|altsyncram:entries_rtl_0 ;
;     -- OPERATION_MODE                     ; DUAL_PORT                                                      ;
;     -- WIDTH_A                            ; 89                                                             ;
;     -- NUMWORDS_A                         ; 8                                                              ;
;     -- OUTDATA_REG_A                      ; UNREGISTERED                                                   ;
;     -- WIDTH_B                            ; 89                                                             ;
;     -- NUMWORDS_B                         ; 8                                                              ;
;     -- ADDRESS_REG_B                      ; CLOCK0                                                         ;
;     -- OUTDATA_REG_B                      ; UNREGISTERED                                                   ;
;     -- RAM_BLOCK_TYPE                     ; AUTO                                                           ;
;     -- READ_DURING_WRITE_MODE_MIXED_PORTS ; DONT_CARE                                                      ;
; Entity Instance                           ; instr_mem:u_imem|altsyncram:mem_rtl_0                          ;
;     -- OPERATION_MODE                     ; DUAL_PORT                                                      ;
;     -- WIDTH_A                            ; 32                                                             ;
;     -- NUMWORDS_A                         ; 1024                                                           ;
;     -- OUTDATA_REG_A                      ; UNREGISTERED                                                   ;
;     -- WIDTH_B                            ; 32                                                             ;
;     -- NUMWORDS_B                         ; 1024                                                           ;
;     -- ADDRESS_REG_B                      ; CLOCK0                                                         ;
;     -- OUTDATA_REG_B                      ; UNREGISTERED                                                   ;
;     -- RAM_BLOCK_TYPE                     ; AUTO                                                           ;
;     -- READ_DURING_WRITE_MODE_MIXED_PORTS ; OLD_DATA                                                       ;
+-------------------------------------------+----------------------------------------------------------------+


+-----------------------------------------------------------------------------------------------------------------------------------+
; Port Connectivity Checks: "tomasulo_core:u_core|reservation_station:u_rs_fp_cvt"                                                  ;
+-------------------------+--------+----------+-------------------------------------------------------------------------------------+
; Port                    ; Type   ; Severity ; Details                                                                             ;
+-------------------------+--------+----------+-------------------------------------------------------------------------------------+
; issue_entry_o.rs1_ready ; Output ; Info     ; Connected to dangling logic. Logic that only feeds a dangling port will be removed. ;
; issue_entry_o.rs1_tag   ; Output ; Info     ; Connected to dangling logic. Logic that only feeds a dangling port will be removed. ;
; issue_entry_o.rs2_ready ; Output ; Info     ; Connected to dangling logic. Logic that only feeds a dangling port will be removed. ;
; issue_entry_o.rs2_val   ; Output ; Info     ; Connected to dangling logic. Logic that only feeds a dangling port will be removed. ;
; issue_entry_o.rs2_tag   ; Output ; Info     ; Connected to dangling logic. Logic that only feeds a dangling port will be removed. ;
; issue_entry_o.imm       ; Output ; Info     ; Connected to dangling logic. Logic that only feeds a dangling port will be removed. ;
; issue_entry_o.pc        ; Output ; Info     ; Connected to dangling logic. Logic that only feeds a dangling port will be removed. ;
+-------------------------+--------+----------+-------------------------------------------------------------------------------------+


+-----------------------------------------------------------------------------------------------------------------------------------+
; Port Connectivity Checks: "tomasulo_core:u_core|reservation_station:u_rs_fp_div"                                                  ;
+-------------------------+--------+----------+-------------------------------------------------------------------------------------+
; Port                    ; Type   ; Severity ; Details                                                                             ;
+-------------------------+--------+----------+-------------------------------------------------------------------------------------+
; issue_entry_o.op        ; Output ; Info     ; Connected to dangling logic. Logic that only feeds a dangling port will be removed. ;
; issue_entry_o.rs1_ready ; Output ; Info     ; Connected to dangling logic. Logic that only feeds a dangling port will be removed. ;
; issue_entry_o.rs1_tag   ; Output ; Info     ; Connected to dangling logic. Logic that only feeds a dangling port will be removed. ;
; issue_entry_o.rs2_ready ; Output ; Info     ; Connected to dangling logic. Logic that only feeds a dangling port will be removed. ;
; issue_entry_o.rs2_tag   ; Output ; Info     ; Connected to dangling logic. Logic that only feeds a dangling port will be removed. ;
; issue_entry_o.imm       ; Output ; Info     ; Connected to dangling logic. Logic that only feeds a dangling port will be removed. ;
; issue_entry_o.pc        ; Output ; Info     ; Connected to dangling logic. Logic that only feeds a dangling port will be removed. ;
+-------------------------+--------+----------+-------------------------------------------------------------------------------------+


+-----------------------------------------------------------------------------------------------------------------------------------+
; Port Connectivity Checks: "tomasulo_core:u_core|reservation_station:u_rs_fp_mul"                                                  ;
+-------------------------+--------+----------+-------------------------------------------------------------------------------------+
; Port                    ; Type   ; Severity ; Details                                                                             ;
+-------------------------+--------+----------+-------------------------------------------------------------------------------------+
; issue_entry_o.op        ; Output ; Info     ; Connected to dangling logic. Logic that only feeds a dangling port will be removed. ;
; issue_entry_o.rs1_ready ; Output ; Info     ; Connected to dangling logic. Logic that only feeds a dangling port will be removed. ;
; issue_entry_o.rs1_tag   ; Output ; Info     ; Connected to dangling logic. Logic that only feeds a dangling port will be removed. ;
; issue_entry_o.rs2_ready ; Output ; Info     ; Connected to dangling logic. Logic that only feeds a dangling port will be removed. ;
; issue_entry_o.rs2_tag   ; Output ; Info     ; Connected to dangling logic. Logic that only feeds a dangling port will be removed. ;
; issue_entry_o.imm       ; Output ; Info     ; Connected to dangling logic. Logic that only feeds a dangling port will be removed. ;
; issue_entry_o.pc        ; Output ; Info     ; Connected to dangling logic. Logic that only feeds a dangling port will be removed. ;
+-------------------------+--------+----------+-------------------------------------------------------------------------------------+


+-----------------------------------------------------------------------------------------------------------------------------------+
; Port Connectivity Checks: "tomasulo_core:u_core|reservation_station:u_rs_fp_add"                                                  ;
+-------------------------+--------+----------+-------------------------------------------------------------------------------------+
; Port                    ; Type   ; Severity ; Details                                                                             ;
+-------------------------+--------+----------+-------------------------------------------------------------------------------------+
; issue_entry_o.rs1_ready ; Output ; Info     ; Connected to dangling logic. Logic that only feeds a dangling port will be removed. ;
; issue_entry_o.rs1_tag   ; Output ; Info     ; Connected to dangling logic. Logic that only feeds a dangling port will be removed. ;
; issue_entry_o.rs2_ready ; Output ; Info     ; Connected to dangling logic. Logic that only feeds a dangling port will be removed. ;
; issue_entry_o.rs2_tag   ; Output ; Info     ; Connected to dangling logic. Logic that only feeds a dangling port will be removed. ;
; issue_entry_o.imm       ; Output ; Info     ; Connected to dangling logic. Logic that only feeds a dangling port will be removed. ;
; issue_entry_o.pc        ; Output ; Info     ; Connected to dangling logic. Logic that only feeds a dangling port will be removed. ;
+-------------------------+--------+----------+-------------------------------------------------------------------------------------+


+-----------------------------------------------------------------------------------------------------------------------------------+
; Port Connectivity Checks: "tomasulo_core:u_core|reservation_station:u_rs_br"                                                      ;
+-------------------------+--------+----------+-------------------------------------------------------------------------------------+
; Port                    ; Type   ; Severity ; Details                                                                             ;
+-------------------------+--------+----------+-------------------------------------------------------------------------------------+
; issue_entry_o.rs1_ready ; Output ; Info     ; Connected to dangling logic. Logic that only feeds a dangling port will be removed. ;
; issue_entry_o.rs1_tag   ; Output ; Info     ; Connected to dangling logic. Logic that only feeds a dangling port will be removed. ;
; issue_entry_o.rs2_ready ; Output ; Info     ; Connected to dangling logic. Logic that only feeds a dangling port will be removed. ;
; issue_entry_o.rs2_tag   ; Output ; Info     ; Connected to dangling logic. Logic that only feeds a dangling port will be removed. ;
+-------------------------+--------+----------+-------------------------------------------------------------------------------------+


+-----------------------------------------------------------------------------------------------------------------------------------+
; Port Connectivity Checks: "tomasulo_core:u_core|reservation_station:u_rs_alu"                                                     ;
+-------------------------+--------+----------+-------------------------------------------------------------------------------------+
; Port                    ; Type   ; Severity ; Details                                                                             ;
+-------------------------+--------+----------+-------------------------------------------------------------------------------------+
; issue_entry_o.rs1_ready ; Output ; Info     ; Connected to dangling logic. Logic that only feeds a dangling port will be removed. ;
; issue_entry_o.rs1_tag   ; Output ; Info     ; Connected to dangling logic. Logic that only feeds a dangling port will be removed. ;
; issue_entry_o.rs2_ready ; Output ; Info     ; Connected to dangling logic. Logic that only feeds a dangling port will be removed. ;
; issue_entry_o.rs2_tag   ; Output ; Info     ; Connected to dangling logic. Logic that only feeds a dangling port will be removed. ;
+-------------------------+--------+----------+-------------------------------------------------------------------------------------+


+-----------------------------------------------------+
; Post-Synthesis Netlist Statistics for Top Partition ;
+-----------------------+-----------------------------+
; Type                  ; Count                       ;
+-----------------------+-----------------------------+
; arriav_ff             ; 40101                       ;
;     CLR               ; 10                          ;
;     CLR SCLR          ; 36                          ;
;     ENA               ; 33115                       ;
;     ENA CLR           ; 2053                        ;
;     ENA CLR SCLR      ; 1310                        ;
;     ENA SCLR          ; 1698                        ;
;     ENA SCLR SLD      ; 1507                        ;
;     SCLR              ; 76                          ;
;     SCLR SLD          ; 152                         ;
;     SLD               ; 1                           ;
;     plain             ; 143                         ;
; arriav_lcell_comb     ; 32200                       ;
;     arith             ; 682                         ;
;         0 data inputs ; 13                          ;
;         1 data inputs ; 154                         ;
;         2 data inputs ; 211                         ;
;         3 data inputs ; 80                          ;
;         4 data inputs ; 118                         ;
;         5 data inputs ; 106                         ;
;     extend            ; 963                         ;
;         7 data inputs ; 963                         ;
;     normal            ; 30482                       ;
;         0 data inputs ; 1                           ;
;         1 data inputs ; 9                           ;
;         2 data inputs ; 1015                        ;
;         3 data inputs ; 5049                        ;
;         4 data inputs ; 1818                        ;
;         5 data inputs ; 3213                        ;
;         6 data inputs ; 19377                       ;
;     shared            ; 73                          ;
;         0 data inputs ; 12                          ;
;         1 data inputs ; 6                           ;
;         2 data inputs ; 54                          ;
;         3 data inputs ; 1                           ;
; arriav_mac            ; 4                           ;
; boundary_port         ; 67                          ;
; stratixv_ram_block    ; 121                         ;
;                       ;                             ;
; Max LUT depth         ; 21.40                       ;
; Average LUT depth     ; 6.88                        ;
+-----------------------+-----------------------------+


+-------------------------------+
; Elapsed Time Per Partition    ;
+----------------+--------------+
; Partition Name ; Elapsed Time ;
+----------------+--------------+
; Top            ; 00:02:55     ;
+----------------+--------------+


+-------------------------------+
; Analysis & Synthesis Messages ;
+-------------------------------+
Info: *******************************************************************
Info: Running Quartus Prime Analysis & Synthesis
    Info: Version 18.1.0 Build 625 09/12/2018 SJ Lite Edition
    Info: Processing started: Sat May 09 20:34:20 2026
Info: Command: quartus_map --read_settings_files=on --write_settings_files=off cpu -c cpu
Info (20032): Parallel compilation is enabled and will use up to 10 processors
Info (12021): Found 1 design units, including 1 entities, in source file /users/a_abe/downloads/tomasulo-project/hardware/cpu.sv
    Info (12023): Found entity 1: cpu File: C:/Users/a_abe/Downloads/Tomasulo-project/hardware/cpu.sv Line: 20
Info (12021): Found 1 design units, including 1 entities, in source file /users/a_abe/downloads/tomasulo-project/hardware/program_lib_rom.sv
    Info (12023): Found entity 1: program_lib_rom File: C:/Users/a_abe/Downloads/Tomasulo-project/hardware/program_lib_rom.sv Line: 8
Info (12021): Found 1 design units, including 1 entities, in source file /users/a_abe/downloads/tomasulo-project/hardware/execute/lsb/load_store_buffer.sv
    Info (12023): Found entity 1: load_store_buffer File: C:/Users/a_abe/Downloads/Tomasulo-project/hardware/execute/lsb/load_store_buffer.sv Line: 18
Info (12021): Found 1 design units, including 1 entities, in source file /users/a_abe/downloads/tomasulo-project/hardware/execute/lsb/data_mem.sv
    Info (12023): Found entity 1: data_mem File: C:/Users/a_abe/Downloads/Tomasulo-project/hardware/execute/lsb/data_mem.sv Line: 18
Info (12021): Found 1 design units, including 1 entities, in source file /users/a_abe/downloads/tomasulo-project/hardware/execute/int_ops/branch_unit.sv
    Info (12023): Found entity 1: branch_unit File: C:/Users/a_abe/Downloads/Tomasulo-project/hardware/execute/int_ops/branch_unit.sv Line: 21
Info (12021): Found 1 design units, including 1 entities, in source file /users/a_abe/downloads/tomasulo-project/hardware/execute/int_ops/alu_unit.sv
    Info (12023): Found entity 1: alu_int File: C:/Users/a_abe/Downloads/Tomasulo-project/hardware/execute/int_ops/alu_unit.sv Line: 20
Info (12021): Found 1 design units, including 1 entities, in source file /users/a_abe/downloads/tomasulo-project/hardware/execute/fp_ops/fp_round.sv
    Info (12023): Found entity 1: fp_round File: C:/Users/a_abe/Downloads/Tomasulo-project/hardware/execute/fp_ops/fp_round.sv Line: 28
Info (12021): Found 1 design units, including 1 entities, in source file /users/a_abe/downloads/tomasulo-project/hardware/execute/fp_ops/fp_mul.sv
    Info (12023): Found entity 1: fp_mul File: C:/Users/a_abe/Downloads/Tomasulo-project/hardware/execute/fp_ops/fp_mul.sv Line: 18
Info (12021): Found 1 design units, including 1 entities, in source file /users/a_abe/downloads/tomasulo-project/hardware/execute/fp_ops/fp_div.sv
    Info (12023): Found entity 1: fp_div File: C:/Users/a_abe/Downloads/Tomasulo-project/hardware/execute/fp_ops/fp_div.sv Line: 17
Info (12021): Found 1 design units, including 1 entities, in source file /users/a_abe/downloads/tomasulo-project/hardware/execute/fp_ops/fp_cvt.sv
    Info (12023): Found entity 1: fp_cvt File: C:/Users/a_abe/Downloads/Tomasulo-project/hardware/execute/fp_ops/fp_cvt.sv Line: 18
Info (12021): Found 1 design units, including 1 entities, in source file /users/a_abe/downloads/tomasulo-project/hardware/execute/fp_ops/fp_add.sv
    Info (12023): Found entity 1: fp_add File: C:/Users/a_abe/Downloads/Tomasulo-project/hardware/execute/fp_ops/fp_add.sv Line: 15
Info (12021): Found 1 design units, including 1 entities, in source file /users/a_abe/downloads/tomasulo-project/hardware/execute/reservation_station.sv
    Info (12023): Found entity 1: reservation_station File: C:/Users/a_abe/Downloads/Tomasulo-project/hardware/execute/reservation_station.sv Line: 23
Info (12021): Found 1 design units, including 1 entities, in source file /users/a_abe/downloads/tomasulo-project/hardware/fetch/instr_queue.sv
    Info (12023): Found entity 1: instr_queue File: C:/Users/a_abe/Downloads/Tomasulo-project/hardware/fetch/instr_queue.sv Line: 19
Info (12021): Found 1 design units, including 1 entities, in source file /users/a_abe/downloads/tomasulo-project/hardware/fetch/instr_mem.sv
    Info (12023): Found entity 1: instr_mem File: C:/Users/a_abe/Downloads/Tomasulo-project/hardware/fetch/instr_mem.sv Line: 17
Info (12021): Found 1 design units, including 0 entities, in source file /users/a_abe/downloads/tomasulo-project/hardware/pkg/rv32if_pkg.sv
    Info (12022): Found design unit 1: rv32if_pkg (SystemVerilog) File: C:/Users/a_abe/Downloads/Tomasulo-project/hardware/pkg/rv32if_pkg.sv Line: 9
Info (12021): Found 1 design units, including 1 entities, in source file /users/a_abe/downloads/tomasulo-project/hardware/core/tomasulo_core.sv
    Info (12023): Found entity 1: tomasulo_core File: C:/Users/a_abe/Downloads/Tomasulo-project/hardware/core/tomasulo_core.sv Line: 18
Info (12021): Found 1 design units, including 1 entities, in source file /users/a_abe/downloads/tomasulo-project/hardware/core/rob.sv
    Info (12023): Found entity 1: rob_unit File: C:/Users/a_abe/Downloads/Tomasulo-project/hardware/core/rob.sv Line: 22
Info (12021): Found 1 design units, including 1 entities, in source file /users/a_abe/downloads/tomasulo-project/hardware/core/regfile.sv
    Info (12023): Found entity 1: regfile File: C:/Users/a_abe/Downloads/Tomasulo-project/hardware/core/regfile.sv Line: 25
Info (12021): Found 1 design units, including 1 entities, in source file /users/a_abe/downloads/tomasulo-project/hardware/core/rat.sv
    Info (12023): Found entity 1: rat_table File: C:/Users/a_abe/Downloads/Tomasulo-project/hardware/core/rat.sv Line: 30
Info (12021): Found 1 design units, including 1 entities, in source file /users/a_abe/downloads/tomasulo-project/hardware/core/dispatch.sv
    Info (12023): Found entity 1: dispatch File: C:/Users/a_abe/Downloads/Tomasulo-project/hardware/core/dispatch.sv Line: 17
Info (12021): Found 1 design units, including 1 entities, in source file /users/a_abe/downloads/tomasulo-project/hardware/core/commit_unit.sv
    Info (12023): Found entity 1: commit_unit File: C:/Users/a_abe/Downloads/Tomasulo-project/hardware/core/commit_unit.sv Line: 20
Info (12021): Found 1 design units, including 1 entities, in source file /users/a_abe/downloads/tomasulo-project/hardware/core/cdb.sv
    Info (12023): Found entity 1: cdb File: C:/Users/a_abe/Downloads/Tomasulo-project/hardware/core/cdb.sv Line: 24
Info (12021): Found 1 design units, including 1 entities, in source file /users/a_abe/downloads/tomasulo-project/hardware/core/arbiter.sv
    Info (12023): Found entity 1: arbiter File: C:/Users/a_abe/Downloads/Tomasulo-project/hardware/core/arbiter.sv Line: 12
Info (12127): Elaborating entity "cpu" for the top level hierarchy
Warning (10036): Verilog HDL or VHDL warning at cpu.sv(75): object "sig_end_word" assigned a value but never read File: C:/Users/a_abe/Downloads/Tomasulo-project/hardware/cpu.sv Line: 75
Info (12128): Elaborating entity "program_lib_rom" for hierarchy "program_lib_rom:u_prog_lib" File: C:/Users/a_abe/Downloads/Tomasulo-project/hardware/cpu.sv Line: 163
Warning (10858): Verilog HDL warning at program_lib_rom.sv(23): object rom used but never assigned File: C:/Users/a_abe/Downloads/Tomasulo-project/hardware/program_lib_rom.sv Line: 23
Warning (10230): Verilog HDL assignment warning at program_lib_rom.sv(27): truncated value with size 32 to match size of target (16) File: C:/Users/a_abe/Downloads/Tomasulo-project/hardware/program_lib_rom.sv Line: 27
Info (12128): Elaborating entity "instr_mem" for hierarchy "instr_mem:u_imem" File: C:/Users/a_abe/Downloads/Tomasulo-project/hardware/cpu.sv Line: 174
Info (12128): Elaborating entity "data_mem" for hierarchy "data_mem:u_dmem" File: C:/Users/a_abe/Downloads/Tomasulo-project/hardware/cpu.sv Line: 184
Info (12128): Elaborating entity "tomasulo_core" for hierarchy "tomasulo_core:u_core" File: C:/Users/a_abe/Downloads/Tomasulo-project/hardware/cpu.sv Line: 254
Info (12128): Elaborating entity "instr_queue" for hierarchy "tomasulo_core:u_core|instr_queue:u_iq" File: C:/Users/a_abe/Downloads/Tomasulo-project/hardware/core/tomasulo_core.sv Line: 196
Info (12128): Elaborating entity "rob_unit" for hierarchy "tomasulo_core:u_core|rob_unit:u_rob" File: C:/Users/a_abe/Downloads/Tomasulo-project/hardware/core/tomasulo_core.sv Line: 238
Warning (10230): Verilog HDL assignment warning at rob.sv(150): truncated value with size 32 to match size of target (4) File: C:/Users/a_abe/Downloads/Tomasulo-project/hardware/core/rob.sv Line: 150
Warning (10230): Verilog HDL assignment warning at rob.sv(159): truncated value with size 32 to match size of target (4) File: C:/Users/a_abe/Downloads/Tomasulo-project/hardware/core/rob.sv Line: 159
Info (12128): Elaborating entity "rat_table" for hierarchy "tomasulo_core:u_core|rat_table:u_rat" File: C:/Users/a_abe/Downloads/Tomasulo-project/hardware/core/tomasulo_core.sv Line: 263
Info (12128): Elaborating entity "regfile" for hierarchy "tomasulo_core:u_core|regfile:u_rf" File: C:/Users/a_abe/Downloads/Tomasulo-project/hardware/core/tomasulo_core.sv Line: 281
Info (12128): Elaborating entity "dispatch" for hierarchy "tomasulo_core:u_core|dispatch:u_dispatch" File: C:/Users/a_abe/Downloads/Tomasulo-project/hardware/core/tomasulo_core.sv Line: 319
Info (12128): Elaborating entity "reservation_station" for hierarchy "tomasulo_core:u_core|reservation_station:u_rs_alu" File: C:/Users/a_abe/Downloads/Tomasulo-project/hardware/core/tomasulo_core.sv Line: 340
Info (12128): Elaborating entity "reservation_station" for hierarchy "tomasulo_core:u_core|reservation_station:u_rs_br" File: C:/Users/a_abe/Downloads/Tomasulo-project/hardware/core/tomasulo_core.sv Line: 348
Info (12128): Elaborating entity "reservation_station" for hierarchy "tomasulo_core:u_core|reservation_station:u_rs_fp_add" File: C:/Users/a_abe/Downloads/Tomasulo-project/hardware/core/tomasulo_core.sv Line: 356
Info (12128): Elaborating entity "alu_int" for hierarchy "tomasulo_core:u_core|alu_int:u_alu" File: C:/Users/a_abe/Downloads/Tomasulo-project/hardware/core/tomasulo_core.sv Line: 396
Info (12128): Elaborating entity "branch_unit" for hierarchy "tomasulo_core:u_core|branch_unit:u_br" File: C:/Users/a_abe/Downloads/Tomasulo-project/hardware/core/tomasulo_core.sv Line: 448
Info (12128): Elaborating entity "fp_add" for hierarchy "tomasulo_core:u_core|fp_add:u_fp_add" File: C:/Users/a_abe/Downloads/Tomasulo-project/hardware/core/tomasulo_core.sv Line: 496
Info (12128): Elaborating entity "fp_mul" for hierarchy "tomasulo_core:u_core|fp_mul:u_fp_mul" File: C:/Users/a_abe/Downloads/Tomasulo-project/hardware/core/tomasulo_core.sv Line: 513
Info (12128): Elaborating entity "fp_div" for hierarchy "tomasulo_core:u_core|fp_div:u_fp_div" File: C:/Users/a_abe/Downloads/Tomasulo-project/hardware/core/tomasulo_core.sv Line: 530
Info (12128): Elaborating entity "load_store_buffer" for hierarchy "tomasulo_core:u_core|load_store_buffer:u_lsb" File: C:/Users/a_abe/Downloads/Tomasulo-project/hardware/core/tomasulo_core.sv Line: 553
Warning (10230): Verilog HDL assignment warning at load_store_buffer.sv(241): truncated value with size 32 to match size of target (3) File: C:/Users/a_abe/Downloads/Tomasulo-project/hardware/execute/lsb/load_store_buffer.sv Line: 241
Warning (10230): Verilog HDL assignment warning at load_store_buffer.sv(249): truncated value with size 32 to match size of target (3) File: C:/Users/a_abe/Downloads/Tomasulo-project/hardware/execute/lsb/load_store_buffer.sv Line: 249
Warning (10230): Verilog HDL assignment warning at load_store_buffer.sv(257): truncated value with size 32 to match size of target (3) File: C:/Users/a_abe/Downloads/Tomasulo-project/hardware/execute/lsb/load_store_buffer.sv Line: 257
Info (12128): Elaborating entity "fp_cvt" for hierarchy "tomasulo_core:u_core|fp_cvt:u_fp_cvt" File: C:/Users/a_abe/Downloads/Tomasulo-project/hardware/core/tomasulo_core.sv Line: 570
Info (12128): Elaborating entity "cdb" for hierarchy "tomasulo_core:u_core|cdb:u_cdb" File: C:/Users/a_abe/Downloads/Tomasulo-project/hardware/core/tomasulo_core.sv Line: 590
Info (12128): Elaborating entity "arbiter" for hierarchy "tomasulo_core:u_core|cdb:u_cdb|arbiter:u_arb" File: C:/Users/a_abe/Downloads/Tomasulo-project/hardware/core/cdb.sv Line: 67
Info (12128): Elaborating entity "commit_unit" for hierarchy "tomasulo_core:u_core|commit_unit:u_commit" File: C:/Users/a_abe/Downloads/Tomasulo-project/hardware/core/tomasulo_core.sv Line: 606
Warning (276020): Inferred RAM node "tomasulo_core:u_core|instr_queue:u_iq|entries_rtl_0" from synchronous design logic.  Pass-through logic has been added to match the read-during-write behavior of the original design.
Info (276014): Found 1 instances of uninferred RAM logic
    Info (276007): RAM logic "program_lib_rom:u_prog_lib|rom" is uninferred due to asynchronous read logic File: C:/Users/a_abe/Downloads/Tomasulo-project/hardware/program_lib_rom.sv Line: 23
Info (19000): Inferred 2 megafunctions from design logic
    Info (276029): Inferred altsyncram megafunction from the following design logic: "tomasulo_core:u_core|instr_queue:u_iq|entries_rtl_0" 
        Info (286033): Parameter OPERATION_MODE set to DUAL_PORT
        Info (286033): Parameter WIDTH_A set to 89
        Info (286033): Parameter WIDTHAD_A set to 3
        Info (286033): Parameter NUMWORDS_A set to 8
        Info (286033): Parameter WIDTH_B set to 89
        Info (286033): Parameter WIDTHAD_B set to 3
        Info (286033): Parameter NUMWORDS_B set to 8
        Info (286033): Parameter ADDRESS_ACLR_A set to NONE
        Info (286033): Parameter OUTDATA_REG_B set to UNREGISTERED
        Info (286033): Parameter ADDRESS_ACLR_B set to NONE
        Info (286033): Parameter OUTDATA_ACLR_B set to NONE
        Info (286033): Parameter ADDRESS_REG_B set to CLOCK0
        Info (286033): Parameter INDATA_ACLR_A set to NONE
        Info (286033): Parameter WRCONTROL_ACLR_A set to NONE
    Info (276029): Inferred altsyncram megafunction from the following design logic: "instr_mem:u_imem|mem_rtl_0" 
        Info (286033): Parameter OPERATION_MODE set to DUAL_PORT
        Info (286033): Parameter WIDTH_A set to 32
        Info (286033): Parameter WIDTHAD_A set to 10
        Info (286033): Parameter NUMWORDS_A set to 1024
        Info (286033): Parameter WIDTH_B set to 32
        Info (286033): Parameter WIDTHAD_B set to 10
        Info (286033): Parameter NUMWORDS_B set to 1024
        Info (286033): Parameter ADDRESS_ACLR_A set to NONE
        Info (286033): Parameter OUTDATA_REG_B set to UNREGISTERED
        Info (286033): Parameter ADDRESS_ACLR_B set to NONE
        Info (286033): Parameter OUTDATA_ACLR_B set to NONE
        Info (286033): Parameter ADDRESS_REG_B set to CLOCK0
        Info (286033): Parameter INDATA_ACLR_A set to NONE
        Info (286033): Parameter WRCONTROL_ACLR_A set to NONE
        Info (286033): Parameter INIT_FILE set to db/cpu.ram0_instr_mem_9ce15679.hdl.mif
        Info (286033): Parameter READ_DURING_WRITE_MODE_MIXED_PORTS set to OLD_DATA
Info (12130): Elaborated megafunction instantiation "tomasulo_core:u_core|instr_queue:u_iq|altsyncram:entries_rtl_0"
Info (12133): Instantiated megafunction "tomasulo_core:u_core|instr_queue:u_iq|altsyncram:entries_rtl_0" with the following parameter:
    Info (12134): Parameter "OPERATION_MODE" = "DUAL_PORT"
    Info (12134): Parameter "WIDTH_A" = "89"
    Info (12134): Parameter "WIDTHAD_A" = "3"
    Info (12134): Parameter "NUMWORDS_A" = "8"
    Info (12134): Parameter "WIDTH_B" = "89"
    Info (12134): Parameter "WIDTHAD_B" = "3"
    Info (12134): Parameter "NUMWORDS_B" = "8"
    Info (12134): Parameter "ADDRESS_ACLR_A" = "NONE"
    Info (12134): Parameter "OUTDATA_REG_B" = "UNREGISTERED"
    Info (12134): Parameter "ADDRESS_ACLR_B" = "NONE"
    Info (12134): Parameter "OUTDATA_ACLR_B" = "NONE"
    Info (12134): Parameter "ADDRESS_REG_B" = "CLOCK0"
    Info (12134): Parameter "INDATA_ACLR_A" = "NONE"
    Info (12134): Parameter "WRCONTROL_ACLR_A" = "NONE"
Info (12021): Found 1 design units, including 1 entities, in source file db/altsyncram_0hi1.tdf
    Info (12023): Found entity 1: altsyncram_0hi1 File: C:/Users/a_abe/Downloads/Tomasulo-project/hardware/quartus/db/altsyncram_0hi1.tdf Line: 27
Info (12130): Elaborated megafunction instantiation "instr_mem:u_imem|altsyncram:mem_rtl_0"
Info (12133): Instantiated megafunction "instr_mem:u_imem|altsyncram:mem_rtl_0" with the following parameter:
    Info (12134): Parameter "OPERATION_MODE" = "DUAL_PORT"
    Info (12134): Parameter "WIDTH_A" = "32"
    Info (12134): Parameter "WIDTHAD_A" = "10"
    Info (12134): Parameter "NUMWORDS_A" = "1024"
    Info (12134): Parameter "WIDTH_B" = "32"
    Info (12134): Parameter "WIDTHAD_B" = "10"
    Info (12134): Parameter "NUMWORDS_B" = "1024"
    Info (12134): Parameter "ADDRESS_ACLR_A" = "NONE"
    Info (12134): Parameter "OUTDATA_REG_B" = "UNREGISTERED"
    Info (12134): Parameter "ADDRESS_ACLR_B" = "NONE"
    Info (12134): Parameter "OUTDATA_ACLR_B" = "NONE"
    Info (12134): Parameter "ADDRESS_REG_B" = "CLOCK0"
    Info (12134): Parameter "INDATA_ACLR_A" = "NONE"
    Info (12134): Parameter "WRCONTROL_ACLR_A" = "NONE"
    Info (12134): Parameter "INIT_FILE" = "db/cpu.ram0_instr_mem_9ce15679.hdl.mif"
    Info (12134): Parameter "READ_DURING_WRITE_MODE_MIXED_PORTS" = "OLD_DATA"
Info (12021): Found 1 design units, including 1 entities, in source file db/altsyncram_ior1.tdf
    Info (12023): Found entity 1: altsyncram_ior1 File: C:/Users/a_abe/Downloads/Tomasulo-project/hardware/quartus/db/altsyncram_ior1.tdf Line: 27
Info (286030): Timing-Driven Synthesis is running
Info (17049): 329 registers lost all their fanouts during netlist optimizations.
Info (144001): Generated suppressed messages file C:/Users/a_abe/Downloads/Tomasulo-project/hardware/quartus/output_files/cpu.map.smsg
Info (16010): Generating hard_block partition "hard_block:auto_generated_inst"
    Info (16011): Adding 0 node(s), including 0 DDIO, 0 PLL, 0 transceiver and 0 LCELL
Warning (21074): Design contains 3 input pin(s) that do not drive logic
    Warning (15610): No output dependent on input pin "SW[6]" File: C:/Users/a_abe/Downloads/Tomasulo-project/hardware/cpu.sv Line: 37
    Warning (15610): No output dependent on input pin "SW[7]" File: C:/Users/a_abe/Downloads/Tomasulo-project/hardware/cpu.sv Line: 37
    Warning (15610): No output dependent on input pin "SW[8]" File: C:/Users/a_abe/Downloads/Tomasulo-project/hardware/cpu.sv Line: 37
Info (21057): Implemented 70263 device resources after synthesis - the final resource count might be different
    Info (21058): Implemented 15 input pins
    Info (21059): Implemented 52 output pins
    Info (21061): Implemented 70071 logic cells
    Info (21064): Implemented 121 RAM segments
    Info (21062): Implemented 4 DSP elements
Info: Quartus Prime Analysis & Synthesis was successful. 0 errors, 13 warnings
    Info: Peak virtual memory: 5517 megabytes
    Info: Processing ended: Sat May 09 20:37:45 2026
    Info: Elapsed time: 00:03:25
    Info: Total CPU time (on all processors): 00:04:32


+------------------------------------------+
; Analysis & Synthesis Suppressed Messages ;
+------------------------------------------+
The suppressed messages can be found in C:/Users/a_abe/Downloads/Tomasulo-project/hardware/quartus/output_files/cpu.map.smsg.


