DEPTH = 45056;
WIDTH = 32;
ADDRESS_RADIX = UNS;
DATA_RADIX = HEX;
CONTENT BEGIN
    0 : 27000293;
    1 : FFF00F93;
    2 : 00000813;
    3 : 010F8033;
    4 : 0002A023;
    5 : 00100F13;
    6 : 80100793;
    7 : 00FF00B3;
    8 : 0012A223;
    9 : 00000E93;
    10 : FFF00713;
    11 : 00EE8133;
    12 : 0022A423;
    13 : 7FF00E13;
    14 : FFFFF6B7;
    15 : DCC68693;
    16 : 00DE01B3;
    17 : 0032A623;
    18 : 00000D93;
    19 : 80000637;
    20 : 00CD8233;
    21 : 0042A823;
    22 : 28400093;
    23 : 00001D37;
    24 : 800D0D13;
    25 : 000015B7;
    26 : 23458593;
    27 : 00BD02B3;
    28 : 0050A023;
    29 : 07654CB7;
    30 : 321C8C93;
    31 : FFF00513;
    32 : 00AC8333;
    33 : 0060A223;
    34 : 80000C37;
    35 : FFFC0C13;
    36 : 00100493;
    37 : 009C03B3;
    38 : 0070A423;
    39 : 00100B93;
    40 : 80000437;
    41 : FFF40413;
    42 : 008B8433;
    43 : 0080A623;
    44 : FFF00B13;
    45 : 076543B7;
    46 : 32138393;
    47 : 007B04B3;
    48 : 0090A823;
    49 : 29800093;
    50 : 00001AB7;
    51 : 234A8A93;
    52 : 00001337;
    53 : 80030313;
    54 : 006A8533;
    55 : 00A0A023;
    56 : 80000A37;
    57 : 00000293;
    58 : 005A05B3;
    59 : 00B0A223;
    60 : FFFFF9B7;
    61 : DCC98993;
    62 : 7FF00213;
    63 : 00498633;
    64 : 00C0A423;
    65 : FFF00913;
    66 : FFF00193;
    67 : 003906B3;
    68 : 00D0A623;
    69 : 80100893;
    70 : 00100113;
    71 : 00288733;
    72 : 00E0A823;
    73 : 2AC00113;
    74 : 00000813;
    75 : 00000093;
    76 : 001807B3;
    77 : 00F12023;
    78 : FFF00793;
    79 : 00000013;
    80 : 00078833;
    81 : 01012223;
    82 : 00100713;
    83 : 80100F93;
    84 : 01F708B3;
    85 : 01112423;
    86 : 00000693;
    87 : FFF00F13;
    88 : 01E68933;
    89 : 01212623;
    90 : 7FF00613;
    91 : FFFFFEB7;
    92 : DCCE8E93;
    93 : 01D609B3;
    94 : 01312823;
    95 : 2C000093;
    96 : 00000593;
    97 : 80000E37;
    98 : 01C58A33;
    99 : 0140A023;
    100 : 00001537;
    101 : 80050513;
    102 : 00001DB7;
    103 : 234D8D93;
    104 : 01B50AB3;
    105 : 0150A223;
    106 : 076544B7;
    107 : 32148493;
    108 : FFF00D13;
    109 : 01A48B33;
    110 : 0160A423;
    111 : 80000437;
    112 : FFF40413;
    113 : 00100C93;
    114 : 01940BB3;
    115 : 0170A623;
    116 : 00100393;
    117 : 80000C37;
    118 : FFFC0C13;
    119 : 01838C33;
    120 : 0180A823;
    121 : 2D400093;
    122 : FFF00313;
    123 : 07654BB7;
    124 : 321B8B93;
    125 : 01730CB3;
    126 : 0190A023;
    127 : 000012B7;
    128 : 23428293;
    129 : 00001B37;
    130 : 800B0B13;
    131 : 01628D33;
    132 : 01A0A223;
    133 : 80000237;
    134 : 00000A93;
    135 : 01520DB3;
    136 : 01B0A423;
    137 : FFFFF1B7;
    138 : DCC18193;
    139 : 7FF00A13;
    140 : 01418E33;
    141 : 01C0A623;
    142 : FFF00113;
    143 : FFF00993;
    144 : 01310EB3;
    145 : 01D0A823;
    146 : 2E800113;
    147 : 80100093;
    148 : 00100913;
    149 : 01208F33;
    150 : 01E12023;
    151 : 00000013;
    152 : 00000893;
    153 : 01100FB3;
    154 : 01F12223;
    155 : 00000073;
    156 : FFFFFFFF;
    157 : FFFFFFFF;
    158 : FFFFFFFF;
    159 : FFFFFFFF;
    160 : FFFFFFFF;
    161 : FFFFFFFF;
    162 : FFFFFFFF;
    163 : FFFFFFFF;
    164 : FFFFFFFF;
    165 : FFFFFFFF;
    166 : FFFFFFFF;
    167 : FFFFFFFF;
    168 : FFFFFFFF;
    169 : FFFFFFFF;
    170 : FFFFFFFF;
    171 : FFFFFFFF;
    172 : FFFFFFFF;
    173 : FFFFFFFF;
    174 : FFFFFFFF;
    175 : FFFFFFFF;
    176 : FFFFFFFF;
    177 : FFFFFFFF;
    178 : FFFFFFFF;
    179 : FFFFFFFF;
    180 : FFFFFFFF;
    181 : FFFFFFFF;
    182 : FFFFFFFF;
    183 : FFFFFFFF;
    184 : FFFFFFFF;
    185 : FFFFFFFF;
    186 : FFFFFFFF;
    187 : FFFFFFFF;
    188 : FFFFFFFF;
    189 : FFFFFFFF;
    190 : FFFFFFFF;
    191 : 00000000;
    192 : 00000000;
    193 : 00000000;
    194 : 00000000;
    195 : 00000000;
    196 : 00000000;
    197 : 00000000;
    198 : 00000000;
    199 : 00000000;
    200 : 00000000;
    201 : 00000000;
    202 : 00000000;
    203 : 00000000;
    204 : 00000000;
    205 : 00000000;
    206 : 00000000;
    207 : 00000000;
    208 : 00000000;
    209 : 00000000;
    210 : 00000000;
    211 : 00000000;
    212 : 00000000;
    213 : 00000000;
    214 : 00000000;
    215 : 00000000;
    216 : 00000000;
    217 : 00000000;
    218 : 00000000;
    219 : 00000000;
    220 : 00000000;
    221 : 00000000;
    222 : 00000000;
    223 : 00000000;
    224 : 00000000;
    225 : 00000000;
    226 : 00000000;
    227 : 00000000;
    228 : 00000000;
    229 : 00000000;
    230 : 00000000;
    231 : 00000000;
    232 : 00000000;
    233 : 00000000;
    234 : 00000000;
    235 : 00000000;
    236 : 00000000;
    237 : 00000000;
    238 : 00000000;
    239 : 00000000;
    240 : 00000000;
    241 : 00000000;
    242 : 00000000;
    243 : 00000000;
    244 : 00000000;
    245 : 00000000;
    246 : 00000000;
    247 : 00000000;
    248 : 00000000;
    249 : 00000000;
    250 : 00000000;
    251 : 00000000;
    252 : 00000000;
    253 : 00000000;
    254 : 00000000;
    255 : 00000000;
    256 : 00000000;
    257 : 00000000;
    258 : 00000000;
    259 : 00000000;
    260 : 00000000;
    261 : 00000000;
    262 : 00000000;
    263 : 00000000;
    264 : 00000000;
    265 : 00000000;
    266 : 00000000;
    267 : 00000000;
    268 : 00000000;
    269 : 00000000;
    270 : 00000000;
    271 : 00000000;
    272 : 00000000;
    273 : 00000000;
    274 : 00000000;
    275 : 00000000;
    276 : 00000000;
    277 : 00000000;
    278 : 00000000;
    279 : 00000000;
    280 : 00000000;
    281 : 00000000;
    282 : 00000000;
    283 : 00000000;
    284 : 00000000;
    285 : 00000000;
    286 : 00000000;
    287 : 00000000;
    288 : 00000000;
    289 : 00000000;
    290 : 00000000;
    291 : 00000000;
    292 : 00000000;
    293 : 00000000;
    294 : 00000000;
    295 : 00000000;
    296 : 00000000;
    297 : 00000000;
    298 : 00000000;
    299 : 00000000;
    300 : 00000000;
    301 : 00000000;
    302 : 00000000;
    303 : 00000000;
    304 : 00000000;
    305 : 00000000;
    306 : 00000000;
    307 : 00000000;
    308 : 00000000;
    309 : 00000000;
    310 : 00000000;
    311 : 00000000;
    312 : 00000000;
    313 : 00000000;
    314 : 00000000;
    315 : 00000000;
    316 : 00000000;
    317 : 00000000;
    318 : 00000000;
    319 : 00000000;
    320 : 00000000;
    321 : 00000000;
    322 : 00000000;
    323 : 00000000;
    324 : 00000000;
    325 : 00000000;
    326 : 00000000;
    327 : 00000000;
    328 : 00000000;
    329 : 00000000;
    330 : 00000000;
    331 : 00000000;
    332 : 00000000;
    333 : 00000000;
    334 : 00000000;
    335 : 00000000;
    336 : 00000000;
    337 : 00000000;
    338 : 00000000;
    339 : 00000000;
    340 : 00000000;
    341 : 00000000;
    342 : 00000000;
    343 : 00000000;
    344 : 00000000;
    345 : 00000000;
    346 : 00000000;
    347 : 00000000;
    348 : 00000000;
    349 : 00000000;
    350 : 00000000;
    351 : 00000000;
    352 : 00000000;
    353 : 00000000;
    354 : 00000000;
    355 : 00000000;
    356 : 00000000;
    357 : 00000000;
    358 : 00000000;
    359 : 00000000;
    360 : 00000000;
    361 : 00000000;
    362 : 00000000;
    363 : 00000000;
    364 : 00000000;
    365 : 00000000;
    366 : 00000000;
    367 : 00000000;
    368 : 00000000;
    369 : 00000000;
    370 : 00000000;
    371 : 00000000;
    372 : 00000000;
    373 : 00000000;
    374 : 00000000;
    375 : 00000000;
    376 : 00000000;
    377 : 00000000;
    378 : 00000000;
    379 : 00000000;
    380 : 00000000;
    381 : 00000000;
    382 : 00000000;
    383 : 00000000;
    384 : 00000000;
    385 : 00000000;
    386 : 00000000;
    387 : 00000000;
    388 : 00000000;
    389 : 00000000;
    390 : 00000000;
    391 : 00000000;
    392 : 00000000;
    393 : 00000000;
    394 : 00000000;
    395 : 00000000;
    396 : 00000000;
    397 : 00000000;
    398 : 00000000;
    399 : 00000000;
    400 : 00000000;
    401 : 00000000;
    402 : 00000000;
    403 : 00000000;
    404 : 00000000;
    405 : 00000000;
    406 : 00000000;
    407 : 00000000;
    408 : 00000000;
    409 : 00000000;
    410 : 00000000;
    411 : 00000000;
    412 : 00000000;
    413 : 00000000;
    414 : 00000000;
    415 : 00000000;
    416 : 00000000;
    417 : 00000000;
    418 : 00000000;
    419 : 00000000;
    420 : 00000000;
    421 : 00000000;
    422 : 00000000;
    423 : 00000000;
    424 : 00000000;
    425 : 00000000;
    426 : 00000000;
    427 : 00000000;
    428 : 00000000;
    429 : 00000000;
    430 : 00000000;
    431 : 00000000;
    432 : 00000000;
    433 : 00000000;
    434 : 00000000;
    435 : 00000000;
    436 : 00000000;
    437 : 00000000;
    438 : 00000000;
    439 : 00000000;
    440 : 00000000;
    441 : 00000000;
    442 : 00000000;
    443 : 00000000;
    444 : 00000000;
    445 : 00000000;
    446 : 00000000;
    447 : 00000000;
    448 : 00000000;
    449 : 00000000;
    450 : 00000000;
    451 : 00000000;
    452 : 00000000;
    453 : 00000000;
    454 : 00000000;
    455 : 00000000;
    456 : 00000000;
    457 : 00000000;
    458 : 00000000;
    459 : 00000000;
    460 : 00000000;
    461 : 00000000;
    462 : 00000000;
    463 : 00000000;
    464 : 00000000;
    465 : 00000000;
    466 : 00000000;
    467 : 00000000;
    468 : 00000000;
    469 : 00000000;
    470 : 00000000;
    471 : 00000000;
    472 : 00000000;
    473 : 00000000;
    474 : 00000000;
    475 : 00000000;
    476 : 00000000;
    477 : 00000000;
    478 : 00000000;
    479 : 00000000;
    480 : 00000000;
    481 : 00000000;
    482 : 00000000;
    483 : 00000000;
    484 : 00000000;
    485 : 00000000;
    486 : 00000000;
    487 : 00000000;
    488 : 00000000;
    489 : 00000000;
    490 : 00000000;
    491 : 00000000;
    492 : 00000000;
    493 : 00000000;
    494 : 00000000;
    495 : 00000000;
    496 : 00000000;
    497 : 00000000;
    498 : 00000000;
    499 : 00000000;
    500 : 00000000;
    501 : 00000000;
    502 : 00000000;
    503 : 00000000;
    504 : 00000000;
    505 : 00000000;
    506 : 00000000;
    507 : 00000000;
    508 : 00000000;
    509 : 00000000;
    510 : 00000000;
    511 : 00000000;
    512 : 00000000;
    513 : 00000000;
    514 : 00000000;
    515 : 00000000;
    516 : 00000000;
    517 : 00000000;
    518 : 00000000;
    519 : 00000000;
    520 : 00000000;
    521 : 00000000;
    522 : 00000000;
    523 : 00000000;
    524 : 00000000;
    525 : 00000000;
    526 : 00000000;
    527 : 00000000;
    528 : 00000000;
    529 : 00000000;
    530 : 00000000;
    531 : 00000000;
    532 : 00000000;
    533 : 00000000;
    534 : 00000000;
    535 : 00000000;
    536 : 00000000;
    537 : 00000000;
    538 : 00000000;
    539 : 00000000;
    540 : 00000000;
    541 : 00000000;
    542 : 00000000;
    543 : 00000000;
    544 : 00000000;
    545 : 00000000;
    546 : 00000000;
    547 : 00000000;
    548 : 00000000;
    549 : 00000000;
    550 : 00000000;
    551 : 00000000;
    552 : 00000000;
    553 : 00000000;
    554 : 00000000;
    555 : 00000000;
    556 : 00000000;
    557 : 00000000;
    558 : 00000000;
    559 : 00000000;
    560 : 00000000;
    561 : 00000000;
    562 : 00000000;
    563 : 00000000;
    564 : 00000000;
    565 : 00000000;
    566 : 00000000;
    567 : 00000000;
    568 : 00000000;
    569 : 00000000;
    570 : 00000000;
    571 : 00000000;
    572 : 00000000;
    573 : 00000000;
    574 : 00000000;
    575 : 00000000;
    576 : 00000000;
    577 : 00000000;
    578 : 00000000;
    579 : 00000000;
    580 : 00000000;
    581 : 00000000;
    582 : 00000000;
    583 : 00000000;
    584 : 00000000;
    585 : 00000000;
    586 : 00000000;
    587 : 00000000;
    588 : 00000000;
    589 : 00000000;
    590 : 00000000;
    591 : 00000000;
    592 : 00000000;
    593 : 00000000;
    594 : 00000000;
    595 : 00000000;
    596 : 00000000;
    597 : 00000000;
    598 : 00000000;
    599 : 00000000;
    600 : 00000000;
    601 : 00000000;
    602 : 00000000;
    603 : 00000000;
    604 : 00000000;
    605 : 00000000;
    606 : 00000000;
    607 : 00000000;
    608 : 00000000;
    609 : 00000000;
    610 : 00000000;
    611 : 00000000;
    612 : 00000000;
    613 : 00000000;
    614 : 00000000;
    615 : 00000000;
    616 : 00000000;
    617 : 00000000;
    618 : 00000000;
    619 : 00000000;
    620 : 00000000;
    621 : 00000000;
    622 : 00000000;
    623 : 00000000;
    624 : 00000000;
    625 : 00000000;
    626 : 00000000;
    627 : 00000000;
    628 : 00000000;
    629 : 00000000;
    630 : 00000000;
    631 : 00000000;
    632 : 00000000;
    633 : 00000000;
    634 : 00000000;
    635 : 00000000;
    636 : 00000000;
    637 : 00000000;
    638 : 00000000;
    639 : 00000000;
    640 : 00000000;
    641 : 00000000;
    642 : 00000000;
    643 : 00000000;
    644 : 00000000;
    645 : 00000000;
    646 : 00000000;
    647 : 00000000;
    648 : 00000000;
    649 : 00000000;
    650 : 00000000;
    651 : 00000000;
    652 : 00000000;
    653 : 00000000;
    654 : 00000000;
    655 : 00000000;
    656 : 00000000;
    657 : 00000000;
    658 : 00000000;
    659 : 00000000;
    660 : 00000000;
    661 : 00000000;
    662 : 00000000;
    663 : 00000000;
    664 : 00000000;
    665 : 00000000;
    666 : 00000000;
    667 : 00000000;
    668 : 00000000;
    669 : 00000000;
    670 : 00000000;
    671 : 00000000;
    672 : 00000000;
    673 : 00000000;
    674 : 00000000;
    675 : 00000000;
    676 : 00000000;
    677 : 00000000;
    678 : 00000000;
    679 : 00000000;
    680 : 00000000;
    681 : 00000000;
    682 : 00000000;
    683 : 00000000;
    684 : 00000000;
    685 : 00000000;
    686 : 00000000;
    687 : 00000000;
    688 : 00000000;
    689 : 00000000;
    690 : 00000000;
    691 : 00000000;
    692 : 00000000;
    693 : 00000000;
    694 : 00000000;
    695 : 00000000;
    696 : 00000000;
    697 : 00000000;
    698 : 00000000;
    699 : 00000000;
    700 : 00000000;
    701 : 00000000;
    702 : 00000000;
    703 : 00000000;
    704 : 00000000;
    705 : 00000000;
    706 : 00000000;
    707 : 00000000;
    708 : 00000000;
    709 : 00000000;
    710 : 00000000;
    711 : 00000000;
    712 : 00000000;
    713 : 00000000;
    714 : 00000000;
    715 : 00000000;
    716 : 00000000;
    717 : 00000000;
    718 : 00000000;
    719 : 00000000;
    720 : 00000000;
    721 : 00000000;
    722 : 00000000;
    723 : 00000000;
    724 : 00000000;
    725 : 00000000;
    726 : 00000000;
    727 : 00000000;
    728 : 00000000;
    729 : 00000000;
    730 : 00000000;
    731 : 00000000;
    732 : 00000000;
    733 : 00000000;
    734 : 00000000;
    735 : 00000000;
    736 : 00000000;
    737 : 00000000;
    738 : 00000000;
    739 : 00000000;
    740 : 00000000;
    741 : 00000000;
    742 : 00000000;
    743 : 00000000;
    744 : 00000000;
    745 : 00000000;
    746 : 00000000;
    747 : 00000000;
    748 : 00000000;
    749 : 00000000;
    750 : 00000000;
    751 : 00000000;
    752 : 00000000;
    753 : 00000000;
    754 : 00000000;
    755 : 00000000;
    756 : 00000000;
    757 : 00000000;
    758 : 00000000;
    759 : 00000000;
    760 : 00000000;
    761 : 00000000;
    762 : 00000000;
    763 : 00000000;
    764 : 00000000;
    765 : 00000000;
    766 : 00000000;
    767 : 00000000;
    768 : 00000000;
    769 : 00000000;
    770 : 00000000;
    771 : 00000000;
    772 : 00000000;
    773 : 00000000;
    774 : 00000000;
    775 : 00000000;
    776 : 00000000;
    777 : 00000000;
    778 : 00000000;
    779 : 00000000;
    780 : 00000000;
    781 : 00000000;
    782 : 00000000;
    783 : 00000000;
    784 : 00000000;
    785 : 00000000;
    786 : 00000000;
    787 : 00000000;
    788 : 00000000;
    789 : 00000000;
    790 : 00000000;
    791 : 00000000;
    792 : 00000000;
    793 : 00000000;
    794 : 00000000;
    795 : 00000000;
    796 : 00000000;
    797 : 00000000;
    798 : 00000000;
    799 : 00000000;
    800 : 00000000;
    801 : 00000000;
    802 : 00000000;
    803 : 00000000;
    804 : 00000000;
    805 : 00000000;
    806 : 00000000;
    807 : 00000000;
    808 : 00000000;
    809 : 00000000;
    810 : 00000000;
    811 : 00000000;
    812 : 00000000;
    813 : 00000000;
    814 : 00000000;
    815 : 00000000;
    816 : 00000000;
    817 : 00000000;
    818 : 00000000;
    819 : 00000000;
    820 : 00000000;
    821 : 00000000;
    822 : 00000000;
    823 : 00000000;
    824 : 00000000;
    825 : 00000000;
    826 : 00000000;
    827 : 00000000;
    828 : 00000000;
    829 : 00000000;
    830 : 00000000;
    831 : 00000000;
    832 : 00000000;
    833 : 00000000;
    834 : 00000000;
    835 : 00000000;
    836 : 00000000;
    837 : 00000000;
    838 : 00000000;
    839 : 00000000;
    840 : 00000000;
    841 : 00000000;
    842 : 00000000;
    843 : 00000000;
    844 : 00000000;
    845 : 00000000;
    846 : 00000000;
    847 : 00000000;
    848 : 00000000;
    849 : 00000000;
    850 : 00000000;
    851 : 00000000;
    852 : 00000000;
    853 : 00000000;
    854 : 00000000;
    855 : 00000000;
    856 : 00000000;
    857 : 00000000;
    858 : 00000000;
    859 : 00000000;
    860 : 00000000;
    861 : 00000000;
    862 : 00000000;
    863 : 00000000;
    864 : 00000000;
    865 : 00000000;
    866 : 00000000;
    867 : 00000000;
    868 : 00000000;
    869 : 00000000;
    870 : 00000000;
    871 : 00000000;
    872 : 00000000;
    873 : 00000000;
    874 : 00000000;
    875 : 00000000;
    876 : 00000000;
    877 : 00000000;
    878 : 00000000;
    879 : 00000000;
    880 : 00000000;
    881 : 00000000;
    882 : 00000000;
    883 : 00000000;
    884 : 00000000;
    885 : 00000000;
    886 : 00000000;
    887 : 00000000;
    888 : 00000000;
    889 : 00000000;
    890 : 00000000;
    891 : 00000000;
    892 : 00000000;
    893 : 00000000;
    894 : 00000000;
    895 : 00000000;
    896 : 00000000;
    897 : 00000000;
    898 : 00000000;
    899 : 00000000;
    900 : 00000000;
    901 : 00000000;
    902 : 00000000;
    903 : 00000000;
    904 : 00000000;
    905 : 00000000;
    906 : 00000000;
    907 : 00000000;
    908 : 00000000;
    909 : 00000000;
    910 : 00000000;
    911 : 00000000;
    912 : 00000000;
    913 : 00000000;
    914 : 00000000;
    915 : 00000000;
    916 : 00000000;
    917 : 00000000;
    918 : 00000000;
    919 : 00000000;
    920 : 00000000;
    921 : 00000000;
    922 : 00000000;
    923 : 00000000;
    924 : 00000000;
    925 : 00000000;
    926 : 00000000;
    927 : 00000000;
    928 : 00000000;
    929 : 00000000;
    930 : 00000000;
    931 : 00000000;
    932 : 00000000;
    933 : 00000000;
    934 : 00000000;
    935 : 00000000;
    936 : 00000000;
    937 : 00000000;
    938 : 00000000;
    939 : 00000000;
    940 : 00000000;
    941 : 00000000;
    942 : 00000000;
    943 : 00000000;
    944 : 00000000;
    945 : 00000000;
    946 : 00000000;
    947 : 00000000;
    948 : 00000000;
    949 : 00000000;
    950 : 00000000;
    951 : 00000000;
    952 : 00000000;
    953 : 00000000;
    954 : 00000000;
    955 : 00000000;
    956 : 00000000;
    957 : 00000000;
    958 : 00000000;
    959 : 00000000;
    960 : 00000000;
    961 : 00000000;
    962 : 00000000;
    963 : 00000000;
    964 : 00000000;
    965 : 00000000;
    966 : 00000000;
    967 : 00000000;
    968 : 00000000;
    969 : 00000000;
    970 : 00000000;
    971 : 00000000;
    972 : 00000000;
    973 : 00000000;
    974 : 00000000;
    975 : 00000000;
    976 : 00000000;
    977 : 00000000;
    978 : 00000000;
    979 : 00000000;
    980 : 00000000;
    981 : 00000000;
    982 : 00000000;
    983 : 00000000;
    984 : 00000000;
    985 : 00000000;
    986 : 00000000;
    987 : 00000000;
    988 : 00000000;
    989 : 00000000;
    990 : 00000000;
    991 : 00000000;
    992 : 00000000;
    993 : 00000000;
    994 : 00000000;
    995 : 00000000;
    996 : 00000000;
    997 : 00000000;
    998 : 00000000;
    999 : 00000000;
    1000 : 00000000;
    1001 : 00000000;
    1002 : 00000000;
    1003 : 00000000;
    1004 : 00000000;
    1005 : 00000000;
    1006 : 00000000;
    1007 : 00000000;
    1008 : 00000000;
    1009 : 00000000;
    1010 : 00000000;
    1011 : 00000000;
    1012 : 00000000;
    1013 : 00000000;
    1014 : 00000000;
    1015 : 00000000;
    1016 : 00000000;
    1017 : 00000000;
    1018 : 00000000;
    1019 : 00000000;
    1020 : 53494730;
    1021 : 0000009C;
    1022 : 000000C0;
    1023 : 00000024;
    1024 : 1D000293;
    1025 : FFF00F93;
    1026 : 000F8013;
    1027 : 0002A023;
    1028 : 00100F13;
    1029 : 801F0093;
    1030 : 0012A223;
    1031 : 00000E93;
    1032 : FFFE8113;
    1033 : 0022A423;
    1034 : 7FF00E13;
    1035 : 800E0193;
    1036 : 0032A623;
    1037 : 00000D93;
    1038 : 800D8213;
    1039 : 0042A823;
    1040 : 1E400093;
    1041 : 00001D37;
    1042 : 800D0D13;
    1043 : 800D0293;
    1044 : 0050A023;
    1045 : 07654CB7;
    1046 : 321C8C93;
    1047 : 800C8313;
    1048 : 0060A223;
    1049 : 80000C37;
    1050 : FFFC0C13;
    1051 : 001C0393;
    1052 : 0070A423;
    1053 : 00100B93;
    1054 : 800B8413;
    1055 : 0080A623;
    1056 : FFF00B13;
    1057 : 800B0493;
    1058 : 0090A823;
    1059 : 1F800093;
    1060 : 00001AB7;
    1061 : 234A8A93;
    1062 : 800A8513;
    1063 : 00A0A023;
    1064 : 80000A37;
    1065 : 000A0593;
    1066 : 00B0A223;
    1067 : FFFFF9B7;
    1068 : DCC98993;
    1069 : 7FF98613;
    1070 : 00C0A423;
    1071 : FFF00913;
    1072 : FFF90693;
    1073 : 00D0A623;
    1074 : 80100893;
    1075 : 00188713;
    1076 : 00E0A823;
    1077 : 20C00113;
    1078 : 00000813;
    1079 : 00080793;
    1080 : 00F12023;
    1081 : FFF00793;
    1082 : 00078813;
    1083 : 01012223;
    1084 : 00100713;
    1085 : 80170893;
    1086 : 01112423;
    1087 : 00000693;
    1088 : FFF68913;
    1089 : 01212623;
    1090 : 7FF00613;
    1091 : 80060993;
    1092 : 01312823;
    1093 : 22000093;
    1094 : 00000593;
    1095 : 80058A13;
    1096 : 0140A023;
    1097 : 00001537;
    1098 : 80050513;
    1099 : 80050A93;
    1100 : 0150A223;
    1101 : 076544B7;
    1102 : 32148493;
    1103 : 80048B13;
    1104 : 0160A423;
    1105 : 80000437;
    1106 : FFF40413;
    1107 : 00140B93;
    1108 : 0170A623;
    1109 : 00100393;
    1110 : 80038C13;
    1111 : 0180A823;
    1112 : 23400093;
    1113 : FFF00313;
    1114 : 80030C93;
    1115 : 0190A023;
    1116 : 000012B7;
    1117 : 23428293;
    1118 : 80028D13;
    1119 : 01A0A223;
    1120 : 80000237;
    1121 : 00020D93;
    1122 : 01B0A423;
    1123 : FFFFF1B7;
    1124 : DCC18193;
    1125 : 7FF18E13;
    1126 : 01C0A623;
    1127 : FFF00113;
    1128 : FFF10E93;
    1129 : 01D0A823;
    1130 : 24800113;
    1131 : 80100093;
    1132 : 00108F13;
    1133 : 01E12023;
    1134 : 00000013;
    1135 : 00000F93;
    1136 : 01F12223;
    1137 : 00000073;
    1138 : 00000000;
    1139 : 00000000;
    1140 : FFFFFFFF;
    1141 : FFFFFFFF;
    1142 : FFFFFFFF;
    1143 : FFFFFFFF;
    1144 : FFFFFFFF;
    1145 : FFFFFFFF;
    1146 : FFFFFFFF;
    1147 : FFFFFFFF;
    1148 : FFFFFFFF;
    1149 : FFFFFFFF;
    1150 : FFFFFFFF;
    1151 : FFFFFFFF;
    1152 : FFFFFFFF;
    1153 : FFFFFFFF;
    1154 : FFFFFFFF;
    1155 : FFFFFFFF;
    1156 : FFFFFFFF;
    1157 : FFFFFFFF;
    1158 : FFFFFFFF;
    1159 : FFFFFFFF;
    1160 : FFFFFFFF;
    1161 : FFFFFFFF;
    1162 : FFFFFFFF;
    1163 : FFFFFFFF;
    1164 : FFFFFFFF;
    1165 : FFFFFFFF;
    1166 : FFFFFFFF;
    1167 : FFFFFFFF;
    1168 : FFFFFFFF;
    1169 : FFFFFFFF;
    1170 : FFFFFFFF;
    1171 : FFFFFFFF;
    1172 : FFFFFFFF;
    1173 : FFFFFFFF;
    1174 : FFFFFFFF;
    1175 : 00000000;
    1176 : 00000000;
    1177 : 00000000;
    1178 : 00000000;
    1179 : 00000000;
    1180 : 00000000;
    1181 : 00000000;
    1182 : 00000000;
    1183 : 00000000;
    1184 : 00000000;
    1185 : 00000000;
    1186 : 00000000;
    1187 : 00000000;
    1188 : 00000000;
    1189 : 00000000;
    1190 : 00000000;
    1191 : 00000000;
    1192 : 00000000;
    1193 : 00000000;
    1194 : 00000000;
    1195 : 00000000;
    1196 : 00000000;
    1197 : 00000000;
    1198 : 00000000;
    1199 : 00000000;
    1200 : 00000000;
    1201 : 00000000;
    1202 : 00000000;
    1203 : 00000000;
    1204 : 00000000;
    1205 : 00000000;
    1206 : 00000000;
    1207 : 00000000;
    1208 : 00000000;
    1209 : 00000000;
    1210 : 00000000;
    1211 : 00000000;
    1212 : 00000000;
    1213 : 00000000;
    1214 : 00000000;
    1215 : 00000000;
    1216 : 00000000;
    1217 : 00000000;
    1218 : 00000000;
    1219 : 00000000;
    1220 : 00000000;
    1221 : 00000000;
    1222 : 00000000;
    1223 : 00000000;
    1224 : 00000000;
    1225 : 00000000;
    1226 : 00000000;
    1227 : 00000000;
    1228 : 00000000;
    1229 : 00000000;
    1230 : 00000000;
    1231 : 00000000;
    1232 : 00000000;
    1233 : 00000000;
    1234 : 00000000;
    1235 : 00000000;
    1236 : 00000000;
    1237 : 00000000;
    1238 : 00000000;
    1239 : 00000000;
    1240 : 00000000;
    1241 : 00000000;
    1242 : 00000000;
    1243 : 00000000;
    1244 : 00000000;
    1245 : 00000000;
    1246 : 00000000;
    1247 : 00000000;
    1248 : 00000000;
    1249 : 00000000;
    1250 : 00000000;
    1251 : 00000000;
    1252 : 00000000;
    1253 : 00000000;
    1254 : 00000000;
    1255 : 00000000;
    1256 : 00000000;
    1257 : 00000000;
    1258 : 00000000;
    1259 : 00000000;
    1260 : 00000000;
    1261 : 00000000;
    1262 : 00000000;
    1263 : 00000000;
    1264 : 00000000;
    1265 : 00000000;
    1266 : 00000000;
    1267 : 00000000;
    1268 : 00000000;
    1269 : 00000000;
    1270 : 00000000;
    1271 : 00000000;
    1272 : 00000000;
    1273 : 00000000;
    1274 : 00000000;
    1275 : 00000000;
    1276 : 00000000;
    1277 : 00000000;
    1278 : 00000000;
    1279 : 00000000;
    1280 : 00000000;
    1281 : 00000000;
    1282 : 00000000;
    1283 : 00000000;
    1284 : 00000000;
    1285 : 00000000;
    1286 : 00000000;
    1287 : 00000000;
    1288 : 00000000;
    1289 : 00000000;
    1290 : 00000000;
    1291 : 00000000;
    1292 : 00000000;
    1293 : 00000000;
    1294 : 00000000;
    1295 : 00000000;
    1296 : 00000000;
    1297 : 00000000;
    1298 : 00000000;
    1299 : 00000000;
    1300 : 00000000;
    1301 : 00000000;
    1302 : 00000000;
    1303 : 00000000;
    1304 : 00000000;
    1305 : 00000000;
    1306 : 00000000;
    1307 : 00000000;
    1308 : 00000000;
    1309 : 00000000;
    1310 : 00000000;
    1311 : 00000000;
    1312 : 00000000;
    1313 : 00000000;
    1314 : 00000000;
    1315 : 00000000;
    1316 : 00000000;
    1317 : 00000000;
    1318 : 00000000;
    1319 : 00000000;
    1320 : 00000000;
    1321 : 00000000;
    1322 : 00000000;
    1323 : 00000000;
    1324 : 00000000;
    1325 : 00000000;
    1326 : 00000000;
    1327 : 00000000;
    1328 : 00000000;
    1329 : 00000000;
    1330 : 00000000;
    1331 : 00000000;
    1332 : 00000000;
    1333 : 00000000;
    1334 : 00000000;
    1335 : 00000000;
    1336 : 00000000;
    1337 : 00000000;
    1338 : 00000000;
    1339 : 00000000;
    1340 : 00000000;
    1341 : 00000000;
    1342 : 00000000;
    1343 : 00000000;
    1344 : 00000000;
    1345 : 00000000;
    1346 : 00000000;
    1347 : 00000000;
    1348 : 00000000;
    1349 : 00000000;
    1350 : 00000000;
    1351 : 00000000;
    1352 : 00000000;
    1353 : 00000000;
    1354 : 00000000;
    1355 : 00000000;
    1356 : 00000000;
    1357 : 00000000;
    1358 : 00000000;
    1359 : 00000000;
    1360 : 00000000;
    1361 : 00000000;
    1362 : 00000000;
    1363 : 00000000;
    1364 : 00000000;
    1365 : 00000000;
    1366 : 00000000;
    1367 : 00000000;
    1368 : 00000000;
    1369 : 00000000;
    1370 : 00000000;
    1371 : 00000000;
    1372 : 00000000;
    1373 : 00000000;
    1374 : 00000000;
    1375 : 00000000;
    1376 : 00000000;
    1377 : 00000000;
    1378 : 00000000;
    1379 : 00000000;
    1380 : 00000000;
    1381 : 00000000;
    1382 : 00000000;
    1383 : 00000000;
    1384 : 00000000;
    1385 : 00000000;
    1386 : 00000000;
    1387 : 00000000;
    1388 : 00000000;
    1389 : 00000000;
    1390 : 00000000;
    1391 : 00000000;
    1392 : 00000000;
    1393 : 00000000;
    1394 : 00000000;
    1395 : 00000000;
    1396 : 00000000;
    1397 : 00000000;
    1398 : 00000000;
    1399 : 00000000;
    1400 : 00000000;
    1401 : 00000000;
    1402 : 00000000;
    1403 : 00000000;
    1404 : 00000000;
    1405 : 00000000;
    1406 : 00000000;
    1407 : 00000000;
    1408 : 00000000;
    1409 : 00000000;
    1410 : 00000000;
    1411 : 00000000;
    1412 : 00000000;
    1413 : 00000000;
    1414 : 00000000;
    1415 : 00000000;
    1416 : 00000000;
    1417 : 00000000;
    1418 : 00000000;
    1419 : 00000000;
    1420 : 00000000;
    1421 : 00000000;
    1422 : 00000000;
    1423 : 00000000;
    1424 : 00000000;
    1425 : 00000000;
    1426 : 00000000;
    1427 : 00000000;
    1428 : 00000000;
    1429 : 00000000;
    1430 : 00000000;
    1431 : 00000000;
    1432 : 00000000;
    1433 : 00000000;
    1434 : 00000000;
    1435 : 00000000;
    1436 : 00000000;
    1437 : 00000000;
    1438 : 00000000;
    1439 : 00000000;
    1440 : 00000000;
    1441 : 00000000;
    1442 : 00000000;
    1443 : 00000000;
    1444 : 00000000;
    1445 : 00000000;
    1446 : 00000000;
    1447 : 00000000;
    1448 : 00000000;
    1449 : 00000000;
    1450 : 00000000;
    1451 : 00000000;
    1452 : 00000000;
    1453 : 00000000;
    1454 : 00000000;
    1455 : 00000000;
    1456 : 00000000;
    1457 : 00000000;
    1458 : 00000000;
    1459 : 00000000;
    1460 : 00000000;
    1461 : 00000000;
    1462 : 00000000;
    1463 : 00000000;
    1464 : 00000000;
    1465 : 00000000;
    1466 : 00000000;
    1467 : 00000000;
    1468 : 00000000;
    1469 : 00000000;
    1470 : 00000000;
    1471 : 00000000;
    1472 : 00000000;
    1473 : 00000000;
    1474 : 00000000;
    1475 : 00000000;
    1476 : 00000000;
    1477 : 00000000;
    1478 : 00000000;
    1479 : 00000000;
    1480 : 00000000;
    1481 : 00000000;
    1482 : 00000000;
    1483 : 00000000;
    1484 : 00000000;
    1485 : 00000000;
    1486 : 00000000;
    1487 : 00000000;
    1488 : 00000000;
    1489 : 00000000;
    1490 : 00000000;
    1491 : 00000000;
    1492 : 00000000;
    1493 : 00000000;
    1494 : 00000000;
    1495 : 00000000;
    1496 : 00000000;
    1497 : 00000000;
    1498 : 00000000;
    1499 : 00000000;
    1500 : 00000000;
    1501 : 00000000;
    1502 : 00000000;
    1503 : 00000000;
    1504 : 00000000;
    1505 : 00000000;
    1506 : 00000000;
    1507 : 00000000;
    1508 : 00000000;
    1509 : 00000000;
    1510 : 00000000;
    1511 : 00000000;
    1512 : 00000000;
    1513 : 00000000;
    1514 : 00000000;
    1515 : 00000000;
    1516 : 00000000;
    1517 : 00000000;
    1518 : 00000000;
    1519 : 00000000;
    1520 : 00000000;
    1521 : 00000000;
    1522 : 00000000;
    1523 : 00000000;
    1524 : 00000000;
    1525 : 00000000;
    1526 : 00000000;
    1527 : 00000000;
    1528 : 00000000;
    1529 : 00000000;
    1530 : 00000000;
    1531 : 00000000;
    1532 : 00000000;
    1533 : 00000000;
    1534 : 00000000;
    1535 : 00000000;
    1536 : 00000000;
    1537 : 00000000;
    1538 : 00000000;
    1539 : 00000000;
    1540 : 00000000;
    1541 : 00000000;
    1542 : 00000000;
    1543 : 00000000;
    1544 : 00000000;
    1545 : 00000000;
    1546 : 00000000;
    1547 : 00000000;
    1548 : 00000000;
    1549 : 00000000;
    1550 : 00000000;
    1551 : 00000000;
    1552 : 00000000;
    1553 : 00000000;
    1554 : 00000000;
    1555 : 00000000;
    1556 : 00000000;
    1557 : 00000000;
    1558 : 00000000;
    1559 : 00000000;
    1560 : 00000000;
    1561 : 00000000;
    1562 : 00000000;
    1563 : 00000000;
    1564 : 00000000;
    1565 : 00000000;
    1566 : 00000000;
    1567 : 00000000;
    1568 : 00000000;
    1569 : 00000000;
    1570 : 00000000;
    1571 : 00000000;
    1572 : 00000000;
    1573 : 00000000;
    1574 : 00000000;
    1575 : 00000000;
    1576 : 00000000;
    1577 : 00000000;
    1578 : 00000000;
    1579 : 00000000;
    1580 : 00000000;
    1581 : 00000000;
    1582 : 00000000;
    1583 : 00000000;
    1584 : 00000000;
    1585 : 00000000;
    1586 : 00000000;
    1587 : 00000000;
    1588 : 00000000;
    1589 : 00000000;
    1590 : 00000000;
    1591 : 00000000;
    1592 : 00000000;
    1593 : 00000000;
    1594 : 00000000;
    1595 : 00000000;
    1596 : 00000000;
    1597 : 00000000;
    1598 : 00000000;
    1599 : 00000000;
    1600 : 00000000;
    1601 : 00000000;
    1602 : 00000000;
    1603 : 00000000;
    1604 : 00000000;
    1605 : 00000000;
    1606 : 00000000;
    1607 : 00000000;
    1608 : 00000000;
    1609 : 00000000;
    1610 : 00000000;
    1611 : 00000000;
    1612 : 00000000;
    1613 : 00000000;
    1614 : 00000000;
    1615 : 00000000;
    1616 : 00000000;
    1617 : 00000000;
    1618 : 00000000;
    1619 : 00000000;
    1620 : 00000000;
    1621 : 00000000;
    1622 : 00000000;
    1623 : 00000000;
    1624 : 00000000;
    1625 : 00000000;
    1626 : 00000000;
    1627 : 00000000;
    1628 : 00000000;
    1629 : 00000000;
    1630 : 00000000;
    1631 : 00000000;
    1632 : 00000000;
    1633 : 00000000;
    1634 : 00000000;
    1635 : 00000000;
    1636 : 00000000;
    1637 : 00000000;
    1638 : 00000000;
    1639 : 00000000;
    1640 : 00000000;
    1641 : 00000000;
    1642 : 00000000;
    1643 : 00000000;
    1644 : 00000000;
    1645 : 00000000;
    1646 : 00000000;
    1647 : 00000000;
    1648 : 00000000;
    1649 : 00000000;
    1650 : 00000000;
    1651 : 00000000;
    1652 : 00000000;
    1653 : 00000000;
    1654 : 00000000;
    1655 : 00000000;
    1656 : 00000000;
    1657 : 00000000;
    1658 : 00000000;
    1659 : 00000000;
    1660 : 00000000;
    1661 : 00000000;
    1662 : 00000000;
    1663 : 00000000;
    1664 : 00000000;
    1665 : 00000000;
    1666 : 00000000;
    1667 : 00000000;
    1668 : 00000000;
    1669 : 00000000;
    1670 : 00000000;
    1671 : 00000000;
    1672 : 00000000;
    1673 : 00000000;
    1674 : 00000000;
    1675 : 00000000;
    1676 : 00000000;
    1677 : 00000000;
    1678 : 00000000;
    1679 : 00000000;
    1680 : 00000000;
    1681 : 00000000;
    1682 : 00000000;
    1683 : 00000000;
    1684 : 00000000;
    1685 : 00000000;
    1686 : 00000000;
    1687 : 00000000;
    1688 : 00000000;
    1689 : 00000000;
    1690 : 00000000;
    1691 : 00000000;
    1692 : 00000000;
    1693 : 00000000;
    1694 : 00000000;
    1695 : 00000000;
    1696 : 00000000;
    1697 : 00000000;
    1698 : 00000000;
    1699 : 00000000;
    1700 : 00000000;
    1701 : 00000000;
    1702 : 00000000;
    1703 : 00000000;
    1704 : 00000000;
    1705 : 00000000;
    1706 : 00000000;
    1707 : 00000000;
    1708 : 00000000;
    1709 : 00000000;
    1710 : 00000000;
    1711 : 00000000;
    1712 : 00000000;
    1713 : 00000000;
    1714 : 00000000;
    1715 : 00000000;
    1716 : 00000000;
    1717 : 00000000;
    1718 : 00000000;
    1719 : 00000000;
    1720 : 00000000;
    1721 : 00000000;
    1722 : 00000000;
    1723 : 00000000;
    1724 : 00000000;
    1725 : 00000000;
    1726 : 00000000;
    1727 : 00000000;
    1728 : 00000000;
    1729 : 00000000;
    1730 : 00000000;
    1731 : 00000000;
    1732 : 00000000;
    1733 : 00000000;
    1734 : 00000000;
    1735 : 00000000;
    1736 : 00000000;
    1737 : 00000000;
    1738 : 00000000;
    1739 : 00000000;
    1740 : 00000000;
    1741 : 00000000;
    1742 : 00000000;
    1743 : 00000000;
    1744 : 00000000;
    1745 : 00000000;
    1746 : 00000000;
    1747 : 00000000;
    1748 : 00000000;
    1749 : 00000000;
    1750 : 00000000;
    1751 : 00000000;
    1752 : 00000000;
    1753 : 00000000;
    1754 : 00000000;
    1755 : 00000000;
    1756 : 00000000;
    1757 : 00000000;
    1758 : 00000000;
    1759 : 00000000;
    1760 : 00000000;
    1761 : 00000000;
    1762 : 00000000;
    1763 : 00000000;
    1764 : 00000000;
    1765 : 00000000;
    1766 : 00000000;
    1767 : 00000000;
    1768 : 00000000;
    1769 : 00000000;
    1770 : 00000000;
    1771 : 00000000;
    1772 : 00000000;
    1773 : 00000000;
    1774 : 00000000;
    1775 : 00000000;
    1776 : 00000000;
    1777 : 00000000;
    1778 : 00000000;
    1779 : 00000000;
    1780 : 00000000;
    1781 : 00000000;
    1782 : 00000000;
    1783 : 00000000;
    1784 : 00000000;
    1785 : 00000000;
    1786 : 00000000;
    1787 : 00000000;
    1788 : 00000000;
    1789 : 00000000;
    1790 : 00000000;
    1791 : 00000000;
    1792 : 00000000;
    1793 : 00000000;
    1794 : 00000000;
    1795 : 00000000;
    1796 : 00000000;
    1797 : 00000000;
    1798 : 00000000;
    1799 : 00000000;
    1800 : 00000000;
    1801 : 00000000;
    1802 : 00000000;
    1803 : 00000000;
    1804 : 00000000;
    1805 : 00000000;
    1806 : 00000000;
    1807 : 00000000;
    1808 : 00000000;
    1809 : 00000000;
    1810 : 00000000;
    1811 : 00000000;
    1812 : 00000000;
    1813 : 00000000;
    1814 : 00000000;
    1815 : 00000000;
    1816 : 00000000;
    1817 : 00000000;
    1818 : 00000000;
    1819 : 00000000;
    1820 : 00000000;
    1821 : 00000000;
    1822 : 00000000;
    1823 : 00000000;
    1824 : 00000000;
    1825 : 00000000;
    1826 : 00000000;
    1827 : 00000000;
    1828 : 00000000;
    1829 : 00000000;
    1830 : 00000000;
    1831 : 00000000;
    1832 : 00000000;
    1833 : 00000000;
    1834 : 00000000;
    1835 : 00000000;
    1836 : 00000000;
    1837 : 00000000;
    1838 : 00000000;
    1839 : 00000000;
    1840 : 00000000;
    1841 : 00000000;
    1842 : 00000000;
    1843 : 00000000;
    1844 : 00000000;
    1845 : 00000000;
    1846 : 00000000;
    1847 : 00000000;
    1848 : 00000000;
    1849 : 00000000;
    1850 : 00000000;
    1851 : 00000000;
    1852 : 00000000;
    1853 : 00000000;
    1854 : 00000000;
    1855 : 00000000;
    1856 : 00000000;
    1857 : 00000000;
    1858 : 00000000;
    1859 : 00000000;
    1860 : 00000000;
    1861 : 00000000;
    1862 : 00000000;
    1863 : 00000000;
    1864 : 00000000;
    1865 : 00000000;
    1866 : 00000000;
    1867 : 00000000;
    1868 : 00000000;
    1869 : 00000000;
    1870 : 00000000;
    1871 : 00000000;
    1872 : 00000000;
    1873 : 00000000;
    1874 : 00000000;
    1875 : 00000000;
    1876 : 00000000;
    1877 : 00000000;
    1878 : 00000000;
    1879 : 00000000;
    1880 : 00000000;
    1881 : 00000000;
    1882 : 00000000;
    1883 : 00000000;
    1884 : 00000000;
    1885 : 00000000;
    1886 : 00000000;
    1887 : 00000000;
    1888 : 00000000;
    1889 : 00000000;
    1890 : 00000000;
    1891 : 00000000;
    1892 : 00000000;
    1893 : 00000000;
    1894 : 00000000;
    1895 : 00000000;
    1896 : 00000000;
    1897 : 00000000;
    1898 : 00000000;
    1899 : 00000000;
    1900 : 00000000;
    1901 : 00000000;
    1902 : 00000000;
    1903 : 00000000;
    1904 : 00000000;
    1905 : 00000000;
    1906 : 00000000;
    1907 : 00000000;
    1908 : 00000000;
    1909 : 00000000;
    1910 : 00000000;
    1911 : 00000000;
    1912 : 00000000;
    1913 : 00000000;
    1914 : 00000000;
    1915 : 00000000;
    1916 : 00000000;
    1917 : 00000000;
    1918 : 00000000;
    1919 : 00000000;
    1920 : 00000000;
    1921 : 00000000;
    1922 : 00000000;
    1923 : 00000000;
    1924 : 00000000;
    1925 : 00000000;
    1926 : 00000000;
    1927 : 00000000;
    1928 : 00000000;
    1929 : 00000000;
    1930 : 00000000;
    1931 : 00000000;
    1932 : 00000000;
    1933 : 00000000;
    1934 : 00000000;
    1935 : 00000000;
    1936 : 00000000;
    1937 : 00000000;
    1938 : 00000000;
    1939 : 00000000;
    1940 : 00000000;
    1941 : 00000000;
    1942 : 00000000;
    1943 : 00000000;
    1944 : 00000000;
    1945 : 00000000;
    1946 : 00000000;
    1947 : 00000000;
    1948 : 00000000;
    1949 : 00000000;
    1950 : 00000000;
    1951 : 00000000;
    1952 : 00000000;
    1953 : 00000000;
    1954 : 00000000;
    1955 : 00000000;
    1956 : 00000000;
    1957 : 00000000;
    1958 : 00000000;
    1959 : 00000000;
    1960 : 00000000;
    1961 : 00000000;
    1962 : 00000000;
    1963 : 00000000;
    1964 : 00000000;
    1965 : 00000000;
    1966 : 00000000;
    1967 : 00000000;
    1968 : 00000000;
    1969 : 00000000;
    1970 : 00000000;
    1971 : 00000000;
    1972 : 00000000;
    1973 : 00000000;
    1974 : 00000000;
    1975 : 00000000;
    1976 : 00000000;
    1977 : 00000000;
    1978 : 00000000;
    1979 : 00000000;
    1980 : 00000000;
    1981 : 00000000;
    1982 : 00000000;
    1983 : 00000000;
    1984 : 00000000;
    1985 : 00000000;
    1986 : 00000000;
    1987 : 00000000;
    1988 : 00000000;
    1989 : 00000000;
    1990 : 00000000;
    1991 : 00000000;
    1992 : 00000000;
    1993 : 00000000;
    1994 : 00000000;
    1995 : 00000000;
    1996 : 00000000;
    1997 : 00000000;
    1998 : 00000000;
    1999 : 00000000;
    2000 : 00000000;
    2001 : 00000000;
    2002 : 00000000;
    2003 : 00000000;
    2004 : 00000000;
    2005 : 00000000;
    2006 : 00000000;
    2007 : 00000000;
    2008 : 00000000;
    2009 : 00000000;
    2010 : 00000000;
    2011 : 00000000;
    2012 : 00000000;
    2013 : 00000000;
    2014 : 00000000;
    2015 : 00000000;
    2016 : 00000000;
    2017 : 00000000;
    2018 : 00000000;
    2019 : 00000000;
    2020 : 00000000;
    2021 : 00000000;
    2022 : 00000000;
    2023 : 00000000;
    2024 : 00000000;
    2025 : 00000000;
    2026 : 00000000;
    2027 : 00000000;
    2028 : 00000000;
    2029 : 00000000;
    2030 : 00000000;
    2031 : 00000000;
    2032 : 00000000;
    2033 : 00000000;
    2034 : 00000000;
    2035 : 00000000;
    2036 : 00000000;
    2037 : 00000000;
    2038 : 00000000;
    2039 : 00000000;
    2040 : 00000000;
    2041 : 00000000;
    2042 : 00000000;
    2043 : 00000000;
    2044 : 53494730;
    2045 : 00000074;
    2046 : 00000098;
    2047 : 00000024;
    2048 : 27000293;
    2049 : FFF00F93;
    2050 : 00000813;
    2051 : 010FF033;
    2052 : 0002A023;
    2053 : 00100F13;
    2054 : 80100793;
    2055 : 00FF70B3;
    2056 : 0012A223;
    2057 : 00000E93;
    2058 : FFF00713;
    2059 : 00EEF133;
    2060 : 0022A423;
    2061 : 7FF00E13;
    2062 : FFFFF6B7;
    2063 : DCC68693;
    2064 : 00DE71B3;
    2065 : 0032A623;
    2066 : 00000D93;
    2067 : 80000637;
    2068 : 00CDF233;
    2069 : 0042A823;
    2070 : 28400093;
    2071 : 00001D37;
    2072 : 800D0D13;
    2073 : 000015B7;
    2074 : 23458593;
    2075 : 00BD72B3;
    2076 : 0050A023;
    2077 : 07654CB7;
    2078 : 321C8C93;
    2079 : FFF00513;
    2080 : 00ACF333;
    2081 : 0060A223;
    2082 : 80000C37;
    2083 : FFFC0C13;
    2084 : 00100493;
    2085 : 009C73B3;
    2086 : 0070A423;
    2087 : 00100B93;
    2088 : 80000437;
    2089 : FFF40413;
    2090 : 008BF433;
    2091 : 0080A623;
    2092 : FFF00B13;
    2093 : 076543B7;
    2094 : 32138393;
    2095 : 007B74B3;
    2096 : 0090A823;
    2097 : 29800093;
    2098 : 00001AB7;
    2099 : 234A8A93;
    2100 : 00001337;
    2101 : 80030313;
    2102 : 006AF533;
    2103 : 00A0A023;
    2104 : 80000A37;
    2105 : 00000293;
    2106 : 005A75B3;
    2107 : 00B0A223;
    2108 : FFFFF9B7;
    2109 : DCC98993;
    2110 : 7FF00213;
    2111 : 0049F633;
    2112 : 00C0A423;
    2113 : FFF00913;
    2114 : FFF00193;
    2115 : 003976B3;
    2116 : 00D0A623;
    2117 : 80100893;
    2118 : 00100113;
    2119 : 0028F733;
    2120 : 00E0A823;
    2121 : 2AC00113;
    2122 : 00000813;
    2123 : 00000093;
    2124 : 001877B3;
    2125 : 00F12023;
    2126 : FFF00793;
    2127 : 00000013;
    2128 : 0007F833;
    2129 : 01012223;
    2130 : 00100713;
    2131 : 80100F93;
    2132 : 01F778B3;
    2133 : 01112423;
    2134 : 00000693;
    2135 : FFF00F13;
    2136 : 01E6F933;
    2137 : 01212623;
    2138 : 7FF00613;
    2139 : FFFFFEB7;
    2140 : DCCE8E93;
    2141 : 01D679B3;
    2142 : 01312823;
    2143 : 2C000093;
    2144 : 00000593;
    2145 : 80000E37;
    2146 : 01C5FA33;
    2147 : 0140A023;
    2148 : 00001537;
    2149 : 80050513;
    2150 : 00001DB7;
    2151 : 234D8D93;
    2152 : 01B57AB3;
    2153 : 0150A223;
    2154 : 076544B7;
    2155 : 32148493;
    2156 : FFF00D13;
    2157 : 01A4FB33;
    2158 : 0160A423;
    2159 : 80000437;
    2160 : FFF40413;
    2161 : 00100C93;
    2162 : 01947BB3;
    2163 : 0170A623;
    2164 : 00100393;
    2165 : 80000C37;
    2166 : FFFC0C13;
    2167 : 0183FC33;
    2168 : 0180A823;
    2169 : 2D400093;
    2170 : FFF00313;
    2171 : 07654BB7;
    2172 : 321B8B93;
    2173 : 01737CB3;
    2174 : 0190A023;
    2175 : 000012B7;
    2176 : 23428293;
    2177 : 00001B37;
    2178 : 800B0B13;
    2179 : 0162FD33;
    2180 : 01A0A223;
    2181 : 80000237;
    2182 : 00000A93;
    2183 : 01527DB3;
    2184 : 01B0A423;
    2185 : FFFFF1B7;
    2186 : DCC18193;
    2187 : 7FF00A13;
    2188 : 0141FE33;
    2189 : 01C0A623;
    2190 : FFF00113;
    2191 : FFF00993;
    2192 : 01317EB3;
    2193 : 01D0A823;
    2194 : 2E800113;
    2195 : 80100093;
    2196 : 00100913;
    2197 : 0120FF33;
    2198 : 01E12023;
    2199 : 00000013;
    2200 : 00000893;
    2201 : 01107FB3;
    2202 : 01F12223;
    2203 : 00000073;
    2204 : FFFFFFFF;
    2205 : FFFFFFFF;
    2206 : FFFFFFFF;
    2207 : FFFFFFFF;
    2208 : FFFFFFFF;
    2209 : FFFFFFFF;
    2210 : FFFFFFFF;
    2211 : FFFFFFFF;
    2212 : FFFFFFFF;
    2213 : FFFFFFFF;
    2214 : FFFFFFFF;
    2215 : FFFFFFFF;
    2216 : FFFFFFFF;
    2217 : FFFFFFFF;
    2218 : FFFFFFFF;
    2219 : FFFFFFFF;
    2220 : FFFFFFFF;
    2221 : FFFFFFFF;
    2222 : FFFFFFFF;
    2223 : FFFFFFFF;
    2224 : FFFFFFFF;
    2225 : FFFFFFFF;
    2226 : FFFFFFFF;
    2227 : FFFFFFFF;
    2228 : FFFFFFFF;
    2229 : FFFFFFFF;
    2230 : FFFFFFFF;
    2231 : FFFFFFFF;
    2232 : FFFFFFFF;
    2233 : FFFFFFFF;
    2234 : FFFFFFFF;
    2235 : FFFFFFFF;
    2236 : FFFFFFFF;
    2237 : FFFFFFFF;
    2238 : FFFFFFFF;
    2239 : 00000000;
    2240 : 00000000;
    2241 : 00000000;
    2242 : 00000000;
    2243 : 00000000;
    2244 : 00000000;
    2245 : 00000000;
    2246 : 00000000;
    2247 : 00000000;
    2248 : 00000000;
    2249 : 00000000;
    2250 : 00000000;
    2251 : 00000000;
    2252 : 00000000;
    2253 : 00000000;
    2254 : 00000000;
    2255 : 00000000;
    2256 : 00000000;
    2257 : 00000000;
    2258 : 00000000;
    2259 : 00000000;
    2260 : 00000000;
    2261 : 00000000;
    2262 : 00000000;
    2263 : 00000000;
    2264 : 00000000;
    2265 : 00000000;
    2266 : 00000000;
    2267 : 00000000;
    2268 : 00000000;
    2269 : 00000000;
    2270 : 00000000;
    2271 : 00000000;
    2272 : 00000000;
    2273 : 00000000;
    2274 : 00000000;
    2275 : 00000000;
    2276 : 00000000;
    2277 : 00000000;
    2278 : 00000000;
    2279 : 00000000;
    2280 : 00000000;
    2281 : 00000000;
    2282 : 00000000;
    2283 : 00000000;
    2284 : 00000000;
    2285 : 00000000;
    2286 : 00000000;
    2287 : 00000000;
    2288 : 00000000;
    2289 : 00000000;
    2290 : 00000000;
    2291 : 00000000;
    2292 : 00000000;
    2293 : 00000000;
    2294 : 00000000;
    2295 : 00000000;
    2296 : 00000000;
    2297 : 00000000;
    2298 : 00000000;
    2299 : 00000000;
    2300 : 00000000;
    2301 : 00000000;
    2302 : 00000000;
    2303 : 00000000;
    2304 : 00000000;
    2305 : 00000000;
    2306 : 00000000;
    2307 : 00000000;
    2308 : 00000000;
    2309 : 00000000;
    2310 : 00000000;
    2311 : 00000000;
    2312 : 00000000;
    2313 : 00000000;
    2314 : 00000000;
    2315 : 00000000;
    2316 : 00000000;
    2317 : 00000000;
    2318 : 00000000;
    2319 : 00000000;
    2320 : 00000000;
    2321 : 00000000;
    2322 : 00000000;
    2323 : 00000000;
    2324 : 00000000;
    2325 : 00000000;
    2326 : 00000000;
    2327 : 00000000;
    2328 : 00000000;
    2329 : 00000000;
    2330 : 00000000;
    2331 : 00000000;
    2332 : 00000000;
    2333 : 00000000;
    2334 : 00000000;
    2335 : 00000000;
    2336 : 00000000;
    2337 : 00000000;
    2338 : 00000000;
    2339 : 00000000;
    2340 : 00000000;
    2341 : 00000000;
    2342 : 00000000;
    2343 : 00000000;
    2344 : 00000000;
    2345 : 00000000;
    2346 : 00000000;
    2347 : 00000000;
    2348 : 00000000;
    2349 : 00000000;
    2350 : 00000000;
    2351 : 00000000;
    2352 : 00000000;
    2353 : 00000000;
    2354 : 00000000;
    2355 : 00000000;
    2356 : 00000000;
    2357 : 00000000;
    2358 : 00000000;
    2359 : 00000000;
    2360 : 00000000;
    2361 : 00000000;
    2362 : 00000000;
    2363 : 00000000;
    2364 : 00000000;
    2365 : 00000000;
    2366 : 00000000;
    2367 : 00000000;
    2368 : 00000000;
    2369 : 00000000;
    2370 : 00000000;
    2371 : 00000000;
    2372 : 00000000;
    2373 : 00000000;
    2374 : 00000000;
    2375 : 00000000;
    2376 : 00000000;
    2377 : 00000000;
    2378 : 00000000;
    2379 : 00000000;
    2380 : 00000000;
    2381 : 00000000;
    2382 : 00000000;
    2383 : 00000000;
    2384 : 00000000;
    2385 : 00000000;
    2386 : 00000000;
    2387 : 00000000;
    2388 : 00000000;
    2389 : 00000000;
    2390 : 00000000;
    2391 : 00000000;
    2392 : 00000000;
    2393 : 00000000;
    2394 : 00000000;
    2395 : 00000000;
    2396 : 00000000;
    2397 : 00000000;
    2398 : 00000000;
    2399 : 00000000;
    2400 : 00000000;
    2401 : 00000000;
    2402 : 00000000;
    2403 : 00000000;
    2404 : 00000000;
    2405 : 00000000;
    2406 : 00000000;
    2407 : 00000000;
    2408 : 00000000;
    2409 : 00000000;
    2410 : 00000000;
    2411 : 00000000;
    2412 : 00000000;
    2413 : 00000000;
    2414 : 00000000;
    2415 : 00000000;
    2416 : 00000000;
    2417 : 00000000;
    2418 : 00000000;
    2419 : 00000000;
    2420 : 00000000;
    2421 : 00000000;
    2422 : 00000000;
    2423 : 00000000;
    2424 : 00000000;
    2425 : 00000000;
    2426 : 00000000;
    2427 : 00000000;
    2428 : 00000000;
    2429 : 00000000;
    2430 : 00000000;
    2431 : 00000000;
    2432 : 00000000;
    2433 : 00000000;
    2434 : 00000000;
    2435 : 00000000;
    2436 : 00000000;
    2437 : 00000000;
    2438 : 00000000;
    2439 : 00000000;
    2440 : 00000000;
    2441 : 00000000;
    2442 : 00000000;
    2443 : 00000000;
    2444 : 00000000;
    2445 : 00000000;
    2446 : 00000000;
    2447 : 00000000;
    2448 : 00000000;
    2449 : 00000000;
    2450 : 00000000;
    2451 : 00000000;
    2452 : 00000000;
    2453 : 00000000;
    2454 : 00000000;
    2455 : 00000000;
    2456 : 00000000;
    2457 : 00000000;
    2458 : 00000000;
    2459 : 00000000;
    2460 : 00000000;
    2461 : 00000000;
    2462 : 00000000;
    2463 : 00000000;
    2464 : 00000000;
    2465 : 00000000;
    2466 : 00000000;
    2467 : 00000000;
    2468 : 00000000;
    2469 : 00000000;
    2470 : 00000000;
    2471 : 00000000;
    2472 : 00000000;
    2473 : 00000000;
    2474 : 00000000;
    2475 : 00000000;
    2476 : 00000000;
    2477 : 00000000;
    2478 : 00000000;
    2479 : 00000000;
    2480 : 00000000;
    2481 : 00000000;
    2482 : 00000000;
    2483 : 00000000;
    2484 : 00000000;
    2485 : 00000000;
    2486 : 00000000;
    2487 : 00000000;
    2488 : 00000000;
    2489 : 00000000;
    2490 : 00000000;
    2491 : 00000000;
    2492 : 00000000;
    2493 : 00000000;
    2494 : 00000000;
    2495 : 00000000;
    2496 : 00000000;
    2497 : 00000000;
    2498 : 00000000;
    2499 : 00000000;
    2500 : 00000000;
    2501 : 00000000;
    2502 : 00000000;
    2503 : 00000000;
    2504 : 00000000;
    2505 : 00000000;
    2506 : 00000000;
    2507 : 00000000;
    2508 : 00000000;
    2509 : 00000000;
    2510 : 00000000;
    2511 : 00000000;
    2512 : 00000000;
    2513 : 00000000;
    2514 : 00000000;
    2515 : 00000000;
    2516 : 00000000;
    2517 : 00000000;
    2518 : 00000000;
    2519 : 00000000;
    2520 : 00000000;
    2521 : 00000000;
    2522 : 00000000;
    2523 : 00000000;
    2524 : 00000000;
    2525 : 00000000;
    2526 : 00000000;
    2527 : 00000000;
    2528 : 00000000;
    2529 : 00000000;
    2530 : 00000000;
    2531 : 00000000;
    2532 : 00000000;
    2533 : 00000000;
    2534 : 00000000;
    2535 : 00000000;
    2536 : 00000000;
    2537 : 00000000;
    2538 : 00000000;
    2539 : 00000000;
    2540 : 00000000;
    2541 : 00000000;
    2542 : 00000000;
    2543 : 00000000;
    2544 : 00000000;
    2545 : 00000000;
    2546 : 00000000;
    2547 : 00000000;
    2548 : 00000000;
    2549 : 00000000;
    2550 : 00000000;
    2551 : 00000000;
    2552 : 00000000;
    2553 : 00000000;
    2554 : 00000000;
    2555 : 00000000;
    2556 : 00000000;
    2557 : 00000000;
    2558 : 00000000;
    2559 : 00000000;
    2560 : 00000000;
    2561 : 00000000;
    2562 : 00000000;
    2563 : 00000000;
    2564 : 00000000;
    2565 : 00000000;
    2566 : 00000000;
    2567 : 00000000;
    2568 : 00000000;
    2569 : 00000000;
    2570 : 00000000;
    2571 : 00000000;
    2572 : 00000000;
    2573 : 00000000;
    2574 : 00000000;
    2575 : 00000000;
    2576 : 00000000;
    2577 : 00000000;
    2578 : 00000000;
    2579 : 00000000;
    2580 : 00000000;
    2581 : 00000000;
    2582 : 00000000;
    2583 : 00000000;
    2584 : 00000000;
    2585 : 00000000;
    2586 : 00000000;
    2587 : 00000000;
    2588 : 00000000;
    2589 : 00000000;
    2590 : 00000000;
    2591 : 00000000;
    2592 : 00000000;
    2593 : 00000000;
    2594 : 00000000;
    2595 : 00000000;
    2596 : 00000000;
    2597 : 00000000;
    2598 : 00000000;
    2599 : 00000000;
    2600 : 00000000;
    2601 : 00000000;
    2602 : 00000000;
    2603 : 00000000;
    2604 : 00000000;
    2605 : 00000000;
    2606 : 00000000;
    2607 : 00000000;
    2608 : 00000000;
    2609 : 00000000;
    2610 : 00000000;
    2611 : 00000000;
    2612 : 00000000;
    2613 : 00000000;
    2614 : 00000000;
    2615 : 00000000;
    2616 : 00000000;
    2617 : 00000000;
    2618 : 00000000;
    2619 : 00000000;
    2620 : 00000000;
    2621 : 00000000;
    2622 : 00000000;
    2623 : 00000000;
    2624 : 00000000;
    2625 : 00000000;
    2626 : 00000000;
    2627 : 00000000;
    2628 : 00000000;
    2629 : 00000000;
    2630 : 00000000;
    2631 : 00000000;
    2632 : 00000000;
    2633 : 00000000;
    2634 : 00000000;
    2635 : 00000000;
    2636 : 00000000;
    2637 : 00000000;
    2638 : 00000000;
    2639 : 00000000;
    2640 : 00000000;
    2641 : 00000000;
    2642 : 00000000;
    2643 : 00000000;
    2644 : 00000000;
    2645 : 00000000;
    2646 : 00000000;
    2647 : 00000000;
    2648 : 00000000;
    2649 : 00000000;
    2650 : 00000000;
    2651 : 00000000;
    2652 : 00000000;
    2653 : 00000000;
    2654 : 00000000;
    2655 : 00000000;
    2656 : 00000000;
    2657 : 00000000;
    2658 : 00000000;
    2659 : 00000000;
    2660 : 00000000;
    2661 : 00000000;
    2662 : 00000000;
    2663 : 00000000;
    2664 : 00000000;
    2665 : 00000000;
    2666 : 00000000;
    2667 : 00000000;
    2668 : 00000000;
    2669 : 00000000;
    2670 : 00000000;
    2671 : 00000000;
    2672 : 00000000;
    2673 : 00000000;
    2674 : 00000000;
    2675 : 00000000;
    2676 : 00000000;
    2677 : 00000000;
    2678 : 00000000;
    2679 : 00000000;
    2680 : 00000000;
    2681 : 00000000;
    2682 : 00000000;
    2683 : 00000000;
    2684 : 00000000;
    2685 : 00000000;
    2686 : 00000000;
    2687 : 00000000;
    2688 : 00000000;
    2689 : 00000000;
    2690 : 00000000;
    2691 : 00000000;
    2692 : 00000000;
    2693 : 00000000;
    2694 : 00000000;
    2695 : 00000000;
    2696 : 00000000;
    2697 : 00000000;
    2698 : 00000000;
    2699 : 00000000;
    2700 : 00000000;
    2701 : 00000000;
    2702 : 00000000;
    2703 : 00000000;
    2704 : 00000000;
    2705 : 00000000;
    2706 : 00000000;
    2707 : 00000000;
    2708 : 00000000;
    2709 : 00000000;
    2710 : 00000000;
    2711 : 00000000;
    2712 : 00000000;
    2713 : 00000000;
    2714 : 00000000;
    2715 : 00000000;
    2716 : 00000000;
    2717 : 00000000;
    2718 : 00000000;
    2719 : 00000000;
    2720 : 00000000;
    2721 : 00000000;
    2722 : 00000000;
    2723 : 00000000;
    2724 : 00000000;
    2725 : 00000000;
    2726 : 00000000;
    2727 : 00000000;
    2728 : 00000000;
    2729 : 00000000;
    2730 : 00000000;
    2731 : 00000000;
    2732 : 00000000;
    2733 : 00000000;
    2734 : 00000000;
    2735 : 00000000;
    2736 : 00000000;
    2737 : 00000000;
    2738 : 00000000;
    2739 : 00000000;
    2740 : 00000000;
    2741 : 00000000;
    2742 : 00000000;
    2743 : 00000000;
    2744 : 00000000;
    2745 : 00000000;
    2746 : 00000000;
    2747 : 00000000;
    2748 : 00000000;
    2749 : 00000000;
    2750 : 00000000;
    2751 : 00000000;
    2752 : 00000000;
    2753 : 00000000;
    2754 : 00000000;
    2755 : 00000000;
    2756 : 00000000;
    2757 : 00000000;
    2758 : 00000000;
    2759 : 00000000;
    2760 : 00000000;
    2761 : 00000000;
    2762 : 00000000;
    2763 : 00000000;
    2764 : 00000000;
    2765 : 00000000;
    2766 : 00000000;
    2767 : 00000000;
    2768 : 00000000;
    2769 : 00000000;
    2770 : 00000000;
    2771 : 00000000;
    2772 : 00000000;
    2773 : 00000000;
    2774 : 00000000;
    2775 : 00000000;
    2776 : 00000000;
    2777 : 00000000;
    2778 : 00000000;
    2779 : 00000000;
    2780 : 00000000;
    2781 : 00000000;
    2782 : 00000000;
    2783 : 00000000;
    2784 : 00000000;
    2785 : 00000000;
    2786 : 00000000;
    2787 : 00000000;
    2788 : 00000000;
    2789 : 00000000;
    2790 : 00000000;
    2791 : 00000000;
    2792 : 00000000;
    2793 : 00000000;
    2794 : 00000000;
    2795 : 00000000;
    2796 : 00000000;
    2797 : 00000000;
    2798 : 00000000;
    2799 : 00000000;
    2800 : 00000000;
    2801 : 00000000;
    2802 : 00000000;
    2803 : 00000000;
    2804 : 00000000;
    2805 : 00000000;
    2806 : 00000000;
    2807 : 00000000;
    2808 : 00000000;
    2809 : 00000000;
    2810 : 00000000;
    2811 : 00000000;
    2812 : 00000000;
    2813 : 00000000;
    2814 : 00000000;
    2815 : 00000000;
    2816 : 00000000;
    2817 : 00000000;
    2818 : 00000000;
    2819 : 00000000;
    2820 : 00000000;
    2821 : 00000000;
    2822 : 00000000;
    2823 : 00000000;
    2824 : 00000000;
    2825 : 00000000;
    2826 : 00000000;
    2827 : 00000000;
    2828 : 00000000;
    2829 : 00000000;
    2830 : 00000000;
    2831 : 00000000;
    2832 : 00000000;
    2833 : 00000000;
    2834 : 00000000;
    2835 : 00000000;
    2836 : 00000000;
    2837 : 00000000;
    2838 : 00000000;
    2839 : 00000000;
    2840 : 00000000;
    2841 : 00000000;
    2842 : 00000000;
    2843 : 00000000;
    2844 : 00000000;
    2845 : 00000000;
    2846 : 00000000;
    2847 : 00000000;
    2848 : 00000000;
    2849 : 00000000;
    2850 : 00000000;
    2851 : 00000000;
    2852 : 00000000;
    2853 : 00000000;
    2854 : 00000000;
    2855 : 00000000;
    2856 : 00000000;
    2857 : 00000000;
    2858 : 00000000;
    2859 : 00000000;
    2860 : 00000000;
    2861 : 00000000;
    2862 : 00000000;
    2863 : 00000000;
    2864 : 00000000;
    2865 : 00000000;
    2866 : 00000000;
    2867 : 00000000;
    2868 : 00000000;
    2869 : 00000000;
    2870 : 00000000;
    2871 : 00000000;
    2872 : 00000000;
    2873 : 00000000;
    2874 : 00000000;
    2875 : 00000000;
    2876 : 00000000;
    2877 : 00000000;
    2878 : 00000000;
    2879 : 00000000;
    2880 : 00000000;
    2881 : 00000000;
    2882 : 00000000;
    2883 : 00000000;
    2884 : 00000000;
    2885 : 00000000;
    2886 : 00000000;
    2887 : 00000000;
    2888 : 00000000;
    2889 : 00000000;
    2890 : 00000000;
    2891 : 00000000;
    2892 : 00000000;
    2893 : 00000000;
    2894 : 00000000;
    2895 : 00000000;
    2896 : 00000000;
    2897 : 00000000;
    2898 : 00000000;
    2899 : 00000000;
    2900 : 00000000;
    2901 : 00000000;
    2902 : 00000000;
    2903 : 00000000;
    2904 : 00000000;
    2905 : 00000000;
    2906 : 00000000;
    2907 : 00000000;
    2908 : 00000000;
    2909 : 00000000;
    2910 : 00000000;
    2911 : 00000000;
    2912 : 00000000;
    2913 : 00000000;
    2914 : 00000000;
    2915 : 00000000;
    2916 : 00000000;
    2917 : 00000000;
    2918 : 00000000;
    2919 : 00000000;
    2920 : 00000000;
    2921 : 00000000;
    2922 : 00000000;
    2923 : 00000000;
    2924 : 00000000;
    2925 : 00000000;
    2926 : 00000000;
    2927 : 00000000;
    2928 : 00000000;
    2929 : 00000000;
    2930 : 00000000;
    2931 : 00000000;
    2932 : 00000000;
    2933 : 00000000;
    2934 : 00000000;
    2935 : 00000000;
    2936 : 00000000;
    2937 : 00000000;
    2938 : 00000000;
    2939 : 00000000;
    2940 : 00000000;
    2941 : 00000000;
    2942 : 00000000;
    2943 : 00000000;
    2944 : 00000000;
    2945 : 00000000;
    2946 : 00000000;
    2947 : 00000000;
    2948 : 00000000;
    2949 : 00000000;
    2950 : 00000000;
    2951 : 00000000;
    2952 : 00000000;
    2953 : 00000000;
    2954 : 00000000;
    2955 : 00000000;
    2956 : 00000000;
    2957 : 00000000;
    2958 : 00000000;
    2959 : 00000000;
    2960 : 00000000;
    2961 : 00000000;
    2962 : 00000000;
    2963 : 00000000;
    2964 : 00000000;
    2965 : 00000000;
    2966 : 00000000;
    2967 : 00000000;
    2968 : 00000000;
    2969 : 00000000;
    2970 : 00000000;
    2971 : 00000000;
    2972 : 00000000;
    2973 : 00000000;
    2974 : 00000000;
    2975 : 00000000;
    2976 : 00000000;
    2977 : 00000000;
    2978 : 00000000;
    2979 : 00000000;
    2980 : 00000000;
    2981 : 00000000;
    2982 : 00000000;
    2983 : 00000000;
    2984 : 00000000;
    2985 : 00000000;
    2986 : 00000000;
    2987 : 00000000;
    2988 : 00000000;
    2989 : 00000000;
    2990 : 00000000;
    2991 : 00000000;
    2992 : 00000000;
    2993 : 00000000;
    2994 : 00000000;
    2995 : 00000000;
    2996 : 00000000;
    2997 : 00000000;
    2998 : 00000000;
    2999 : 00000000;
    3000 : 00000000;
    3001 : 00000000;
    3002 : 00000000;
    3003 : 00000000;
    3004 : 00000000;
    3005 : 00000000;
    3006 : 00000000;
    3007 : 00000000;
    3008 : 00000000;
    3009 : 00000000;
    3010 : 00000000;
    3011 : 00000000;
    3012 : 00000000;
    3013 : 00000000;
    3014 : 00000000;
    3015 : 00000000;
    3016 : 00000000;
    3017 : 00000000;
    3018 : 00000000;
    3019 : 00000000;
    3020 : 00000000;
    3021 : 00000000;
    3022 : 00000000;
    3023 : 00000000;
    3024 : 00000000;
    3025 : 00000000;
    3026 : 00000000;
    3027 : 00000000;
    3028 : 00000000;
    3029 : 00000000;
    3030 : 00000000;
    3031 : 00000000;
    3032 : 00000000;
    3033 : 00000000;
    3034 : 00000000;
    3035 : 00000000;
    3036 : 00000000;
    3037 : 00000000;
    3038 : 00000000;
    3039 : 00000000;
    3040 : 00000000;
    3041 : 00000000;
    3042 : 00000000;
    3043 : 00000000;
    3044 : 00000000;
    3045 : 00000000;
    3046 : 00000000;
    3047 : 00000000;
    3048 : 00000000;
    3049 : 00000000;
    3050 : 00000000;
    3051 : 00000000;
    3052 : 00000000;
    3053 : 00000000;
    3054 : 00000000;
    3055 : 00000000;
    3056 : 00000000;
    3057 : 00000000;
    3058 : 00000000;
    3059 : 00000000;
    3060 : 00000000;
    3061 : 00000000;
    3062 : 00000000;
    3063 : 00000000;
    3064 : 00000000;
    3065 : 00000000;
    3066 : 00000000;
    3067 : 00000000;
    3068 : 53494730;
    3069 : 0000009C;
    3070 : 000000C0;
    3071 : 00000024;
    3072 : 1D000293;
    3073 : FFF00F93;
    3074 : 000FF013;
    3075 : 0002A023;
    3076 : 00100F13;
    3077 : 801F7093;
    3078 : 0012A223;
    3079 : 00000E93;
    3080 : FFFEF113;
    3081 : 0022A423;
    3082 : 7FF00E13;
    3083 : 800E7193;
    3084 : 0032A623;
    3085 : 00000D93;
    3086 : 800DF213;
    3087 : 0042A823;
    3088 : 1E400093;
    3089 : 00001D37;
    3090 : 800D0D13;
    3091 : 800D7293;
    3092 : 0050A023;
    3093 : 07654CB7;
    3094 : 321C8C93;
    3095 : 800CF313;
    3096 : 0060A223;
    3097 : 80000C37;
    3098 : FFFC0C13;
    3099 : 001C7393;
    3100 : 0070A423;
    3101 : 00100B93;
    3102 : 800BF413;
    3103 : 0080A623;
    3104 : FFF00B13;
    3105 : 800B7493;
    3106 : 0090A823;
    3107 : 1F800093;
    3108 : 00001AB7;
    3109 : 234A8A93;
    3110 : 800AF513;
    3111 : 00A0A023;
    3112 : 80000A37;
    3113 : 000A7593;
    3114 : 00B0A223;
    3115 : FFFFF9B7;
    3116 : DCC98993;
    3117 : 7FF9F613;
    3118 : 00C0A423;
    3119 : FFF00913;
    3120 : FFF97693;
    3121 : 00D0A623;
    3122 : 80100893;
    3123 : 0018F713;
    3124 : 00E0A823;
    3125 : 20C00113;
    3126 : 00000813;
    3127 : 00087793;
    3128 : 00F12023;
    3129 : FFF00793;
    3130 : 0007F813;
    3131 : 01012223;
    3132 : 00100713;
    3133 : 80177893;
    3134 : 01112423;
    3135 : 00000693;
    3136 : FFF6F913;
    3137 : 01212623;
    3138 : 7FF00613;
    3139 : 80067993;
    3140 : 01312823;
    3141 : 22000093;
    3142 : 00000593;
    3143 : 8005FA13;
    3144 : 0140A023;
    3145 : 00001537;
    3146 : 80050513;
    3147 : 80057A93;
    3148 : 0150A223;
    3149 : 076544B7;
    3150 : 32148493;
    3151 : 8004FB13;
    3152 : 0160A423;
    3153 : 80000437;
    3154 : FFF40413;
    3155 : 00147B93;
    3156 : 0170A623;
    3157 : 00100393;
    3158 : 8003FC13;
    3159 : 0180A823;
    3160 : 23400093;
    3161 : FFF00313;
    3162 : 80037C93;
    3163 : 0190A023;
    3164 : 000012B7;
    3165 : 23428293;
    3166 : 8002FD13;
    3167 : 01A0A223;
    3168 : 80000237;
    3169 : 00027D93;
    3170 : 01B0A423;
    3171 : FFFFF1B7;
    3172 : DCC18193;
    3173 : 7FF1FE13;
    3174 : 01C0A623;
    3175 : FFF00113;
    3176 : FFF17E93;
    3177 : 01D0A823;
    3178 : 24800113;
    3179 : 80100093;
    3180 : 0010FF13;
    3181 : 01E12023;
    3182 : 00000013;
    3183 : 00007F93;
    3184 : 01F12223;
    3185 : 00000073;
    3186 : 00000000;
    3187 : 00000000;
    3188 : FFFFFFFF;
    3189 : FFFFFFFF;
    3190 : FFFFFFFF;
    3191 : FFFFFFFF;
    3192 : FFFFFFFF;
    3193 : FFFFFFFF;
    3194 : FFFFFFFF;
    3195 : FFFFFFFF;
    3196 : FFFFFFFF;
    3197 : FFFFFFFF;
    3198 : FFFFFFFF;
    3199 : FFFFFFFF;
    3200 : FFFFFFFF;
    3201 : FFFFFFFF;
    3202 : FFFFFFFF;
    3203 : FFFFFFFF;
    3204 : FFFFFFFF;
    3205 : FFFFFFFF;
    3206 : FFFFFFFF;
    3207 : FFFFFFFF;
    3208 : FFFFFFFF;
    3209 : FFFFFFFF;
    3210 : FFFFFFFF;
    3211 : FFFFFFFF;
    3212 : FFFFFFFF;
    3213 : FFFFFFFF;
    3214 : FFFFFFFF;
    3215 : FFFFFFFF;
    3216 : FFFFFFFF;
    3217 : FFFFFFFF;
    3218 : FFFFFFFF;
    3219 : FFFFFFFF;
    3220 : FFFFFFFF;
    3221 : FFFFFFFF;
    3222 : FFFFFFFF;
    3223 : 00000000;
    3224 : 00000000;
    3225 : 00000000;
    3226 : 00000000;
    3227 : 00000000;
    3228 : 00000000;
    3229 : 00000000;
    3230 : 00000000;
    3231 : 00000000;
    3232 : 00000000;
    3233 : 00000000;
    3234 : 00000000;
    3235 : 00000000;
    3236 : 00000000;
    3237 : 00000000;
    3238 : 00000000;
    3239 : 00000000;
    3240 : 00000000;
    3241 : 00000000;
    3242 : 00000000;
    3243 : 00000000;
    3244 : 00000000;
    3245 : 00000000;
    3246 : 00000000;
    3247 : 00000000;
    3248 : 00000000;
    3249 : 00000000;
    3250 : 00000000;
    3251 : 00000000;
    3252 : 00000000;
    3253 : 00000000;
    3254 : 00000000;
    3255 : 00000000;
    3256 : 00000000;
    3257 : 00000000;
    3258 : 00000000;
    3259 : 00000000;
    3260 : 00000000;
    3261 : 00000000;
    3262 : 00000000;
    3263 : 00000000;
    3264 : 00000000;
    3265 : 00000000;
    3266 : 00000000;
    3267 : 00000000;
    3268 : 00000000;
    3269 : 00000000;
    3270 : 00000000;
    3271 : 00000000;
    3272 : 00000000;
    3273 : 00000000;
    3274 : 00000000;
    3275 : 00000000;
    3276 : 00000000;
    3277 : 00000000;
    3278 : 00000000;
    3279 : 00000000;
    3280 : 00000000;
    3281 : 00000000;
    3282 : 00000000;
    3283 : 00000000;
    3284 : 00000000;
    3285 : 00000000;
    3286 : 00000000;
    3287 : 00000000;
    3288 : 00000000;
    3289 : 00000000;
    3290 : 00000000;
    3291 : 00000000;
    3292 : 00000000;
    3293 : 00000000;
    3294 : 00000000;
    3295 : 00000000;
    3296 : 00000000;
    3297 : 00000000;
    3298 : 00000000;
    3299 : 00000000;
    3300 : 00000000;
    3301 : 00000000;
    3302 : 00000000;
    3303 : 00000000;
    3304 : 00000000;
    3305 : 00000000;
    3306 : 00000000;
    3307 : 00000000;
    3308 : 00000000;
    3309 : 00000000;
    3310 : 00000000;
    3311 : 00000000;
    3312 : 00000000;
    3313 : 00000000;
    3314 : 00000000;
    3315 : 00000000;
    3316 : 00000000;
    3317 : 00000000;
    3318 : 00000000;
    3319 : 00000000;
    3320 : 00000000;
    3321 : 00000000;
    3322 : 00000000;
    3323 : 00000000;
    3324 : 00000000;
    3325 : 00000000;
    3326 : 00000000;
    3327 : 00000000;
    3328 : 00000000;
    3329 : 00000000;
    3330 : 00000000;
    3331 : 00000000;
    3332 : 00000000;
    3333 : 00000000;
    3334 : 00000000;
    3335 : 00000000;
    3336 : 00000000;
    3337 : 00000000;
    3338 : 00000000;
    3339 : 00000000;
    3340 : 00000000;
    3341 : 00000000;
    3342 : 00000000;
    3343 : 00000000;
    3344 : 00000000;
    3345 : 00000000;
    3346 : 00000000;
    3347 : 00000000;
    3348 : 00000000;
    3349 : 00000000;
    3350 : 00000000;
    3351 : 00000000;
    3352 : 00000000;
    3353 : 00000000;
    3354 : 00000000;
    3355 : 00000000;
    3356 : 00000000;
    3357 : 00000000;
    3358 : 00000000;
    3359 : 00000000;
    3360 : 00000000;
    3361 : 00000000;
    3362 : 00000000;
    3363 : 00000000;
    3364 : 00000000;
    3365 : 00000000;
    3366 : 00000000;
    3367 : 00000000;
    3368 : 00000000;
    3369 : 00000000;
    3370 : 00000000;
    3371 : 00000000;
    3372 : 00000000;
    3373 : 00000000;
    3374 : 00000000;
    3375 : 00000000;
    3376 : 00000000;
    3377 : 00000000;
    3378 : 00000000;
    3379 : 00000000;
    3380 : 00000000;
    3381 : 00000000;
    3382 : 00000000;
    3383 : 00000000;
    3384 : 00000000;
    3385 : 00000000;
    3386 : 00000000;
    3387 : 00000000;
    3388 : 00000000;
    3389 : 00000000;
    3390 : 00000000;
    3391 : 00000000;
    3392 : 00000000;
    3393 : 00000000;
    3394 : 00000000;
    3395 : 00000000;
    3396 : 00000000;
    3397 : 00000000;
    3398 : 00000000;
    3399 : 00000000;
    3400 : 00000000;
    3401 : 00000000;
    3402 : 00000000;
    3403 : 00000000;
    3404 : 00000000;
    3405 : 00000000;
    3406 : 00000000;
    3407 : 00000000;
    3408 : 00000000;
    3409 : 00000000;
    3410 : 00000000;
    3411 : 00000000;
    3412 : 00000000;
    3413 : 00000000;
    3414 : 00000000;
    3415 : 00000000;
    3416 : 00000000;
    3417 : 00000000;
    3418 : 00000000;
    3419 : 00000000;
    3420 : 00000000;
    3421 : 00000000;
    3422 : 00000000;
    3423 : 00000000;
    3424 : 00000000;
    3425 : 00000000;
    3426 : 00000000;
    3427 : 00000000;
    3428 : 00000000;
    3429 : 00000000;
    3430 : 00000000;
    3431 : 00000000;
    3432 : 00000000;
    3433 : 00000000;
    3434 : 00000000;
    3435 : 00000000;
    3436 : 00000000;
    3437 : 00000000;
    3438 : 00000000;
    3439 : 00000000;
    3440 : 00000000;
    3441 : 00000000;
    3442 : 00000000;
    3443 : 00000000;
    3444 : 00000000;
    3445 : 00000000;
    3446 : 00000000;
    3447 : 00000000;
    3448 : 00000000;
    3449 : 00000000;
    3450 : 00000000;
    3451 : 00000000;
    3452 : 00000000;
    3453 : 00000000;
    3454 : 00000000;
    3455 : 00000000;
    3456 : 00000000;
    3457 : 00000000;
    3458 : 00000000;
    3459 : 00000000;
    3460 : 00000000;
    3461 : 00000000;
    3462 : 00000000;
    3463 : 00000000;
    3464 : 00000000;
    3465 : 00000000;
    3466 : 00000000;
    3467 : 00000000;
    3468 : 00000000;
    3469 : 00000000;
    3470 : 00000000;
    3471 : 00000000;
    3472 : 00000000;
    3473 : 00000000;
    3474 : 00000000;
    3475 : 00000000;
    3476 : 00000000;
    3477 : 00000000;
    3478 : 00000000;
    3479 : 00000000;
    3480 : 00000000;
    3481 : 00000000;
    3482 : 00000000;
    3483 : 00000000;
    3484 : 00000000;
    3485 : 00000000;
    3486 : 00000000;
    3487 : 00000000;
    3488 : 00000000;
    3489 : 00000000;
    3490 : 00000000;
    3491 : 00000000;
    3492 : 00000000;
    3493 : 00000000;
    3494 : 00000000;
    3495 : 00000000;
    3496 : 00000000;
    3497 : 00000000;
    3498 : 00000000;
    3499 : 00000000;
    3500 : 00000000;
    3501 : 00000000;
    3502 : 00000000;
    3503 : 00000000;
    3504 : 00000000;
    3505 : 00000000;
    3506 : 00000000;
    3507 : 00000000;
    3508 : 00000000;
    3509 : 00000000;
    3510 : 00000000;
    3511 : 00000000;
    3512 : 00000000;
    3513 : 00000000;
    3514 : 00000000;
    3515 : 00000000;
    3516 : 00000000;
    3517 : 00000000;
    3518 : 00000000;
    3519 : 00000000;
    3520 : 00000000;
    3521 : 00000000;
    3522 : 00000000;
    3523 : 00000000;
    3524 : 00000000;
    3525 : 00000000;
    3526 : 00000000;
    3527 : 00000000;
    3528 : 00000000;
    3529 : 00000000;
    3530 : 00000000;
    3531 : 00000000;
    3532 : 00000000;
    3533 : 00000000;
    3534 : 00000000;
    3535 : 00000000;
    3536 : 00000000;
    3537 : 00000000;
    3538 : 00000000;
    3539 : 00000000;
    3540 : 00000000;
    3541 : 00000000;
    3542 : 00000000;
    3543 : 00000000;
    3544 : 00000000;
    3545 : 00000000;
    3546 : 00000000;
    3547 : 00000000;
    3548 : 00000000;
    3549 : 00000000;
    3550 : 00000000;
    3551 : 00000000;
    3552 : 00000000;
    3553 : 00000000;
    3554 : 00000000;
    3555 : 00000000;
    3556 : 00000000;
    3557 : 00000000;
    3558 : 00000000;
    3559 : 00000000;
    3560 : 00000000;
    3561 : 00000000;
    3562 : 00000000;
    3563 : 00000000;
    3564 : 00000000;
    3565 : 00000000;
    3566 : 00000000;
    3567 : 00000000;
    3568 : 00000000;
    3569 : 00000000;
    3570 : 00000000;
    3571 : 00000000;
    3572 : 00000000;
    3573 : 00000000;
    3574 : 00000000;
    3575 : 00000000;
    3576 : 00000000;
    3577 : 00000000;
    3578 : 00000000;
    3579 : 00000000;
    3580 : 00000000;
    3581 : 00000000;
    3582 : 00000000;
    3583 : 00000000;
    3584 : 00000000;
    3585 : 00000000;
    3586 : 00000000;
    3587 : 00000000;
    3588 : 00000000;
    3589 : 00000000;
    3590 : 00000000;
    3591 : 00000000;
    3592 : 00000000;
    3593 : 00000000;
    3594 : 00000000;
    3595 : 00000000;
    3596 : 00000000;
    3597 : 00000000;
    3598 : 00000000;
    3599 : 00000000;
    3600 : 00000000;
    3601 : 00000000;
    3602 : 00000000;
    3603 : 00000000;
    3604 : 00000000;
    3605 : 00000000;
    3606 : 00000000;
    3607 : 00000000;
    3608 : 00000000;
    3609 : 00000000;
    3610 : 00000000;
    3611 : 00000000;
    3612 : 00000000;
    3613 : 00000000;
    3614 : 00000000;
    3615 : 00000000;
    3616 : 00000000;
    3617 : 00000000;
    3618 : 00000000;
    3619 : 00000000;
    3620 : 00000000;
    3621 : 00000000;
    3622 : 00000000;
    3623 : 00000000;
    3624 : 00000000;
    3625 : 00000000;
    3626 : 00000000;
    3627 : 00000000;
    3628 : 00000000;
    3629 : 00000000;
    3630 : 00000000;
    3631 : 00000000;
    3632 : 00000000;
    3633 : 00000000;
    3634 : 00000000;
    3635 : 00000000;
    3636 : 00000000;
    3637 : 00000000;
    3638 : 00000000;
    3639 : 00000000;
    3640 : 00000000;
    3641 : 00000000;
    3642 : 00000000;
    3643 : 00000000;
    3644 : 00000000;
    3645 : 00000000;
    3646 : 00000000;
    3647 : 00000000;
    3648 : 00000000;
    3649 : 00000000;
    3650 : 00000000;
    3651 : 00000000;
    3652 : 00000000;
    3653 : 00000000;
    3654 : 00000000;
    3655 : 00000000;
    3656 : 00000000;
    3657 : 00000000;
    3658 : 00000000;
    3659 : 00000000;
    3660 : 00000000;
    3661 : 00000000;
    3662 : 00000000;
    3663 : 00000000;
    3664 : 00000000;
    3665 : 00000000;
    3666 : 00000000;
    3667 : 00000000;
    3668 : 00000000;
    3669 : 00000000;
    3670 : 00000000;
    3671 : 00000000;
    3672 : 00000000;
    3673 : 00000000;
    3674 : 00000000;
    3675 : 00000000;
    3676 : 00000000;
    3677 : 00000000;
    3678 : 00000000;
    3679 : 00000000;
    3680 : 00000000;
    3681 : 00000000;
    3682 : 00000000;
    3683 : 00000000;
    3684 : 00000000;
    3685 : 00000000;
    3686 : 00000000;
    3687 : 00000000;
    3688 : 00000000;
    3689 : 00000000;
    3690 : 00000000;
    3691 : 00000000;
    3692 : 00000000;
    3693 : 00000000;
    3694 : 00000000;
    3695 : 00000000;
    3696 : 00000000;
    3697 : 00000000;
    3698 : 00000000;
    3699 : 00000000;
    3700 : 00000000;
    3701 : 00000000;
    3702 : 00000000;
    3703 : 00000000;
    3704 : 00000000;
    3705 : 00000000;
    3706 : 00000000;
    3707 : 00000000;
    3708 : 00000000;
    3709 : 00000000;
    3710 : 00000000;
    3711 : 00000000;
    3712 : 00000000;
    3713 : 00000000;
    3714 : 00000000;
    3715 : 00000000;
    3716 : 00000000;
    3717 : 00000000;
    3718 : 00000000;
    3719 : 00000000;
    3720 : 00000000;
    3721 : 00000000;
    3722 : 00000000;
    3723 : 00000000;
    3724 : 00000000;
    3725 : 00000000;
    3726 : 00000000;
    3727 : 00000000;
    3728 : 00000000;
    3729 : 00000000;
    3730 : 00000000;
    3731 : 00000000;
    3732 : 00000000;
    3733 : 00000000;
    3734 : 00000000;
    3735 : 00000000;
    3736 : 00000000;
    3737 : 00000000;
    3738 : 00000000;
    3739 : 00000000;
    3740 : 00000000;
    3741 : 00000000;
    3742 : 00000000;
    3743 : 00000000;
    3744 : 00000000;
    3745 : 00000000;
    3746 : 00000000;
    3747 : 00000000;
    3748 : 00000000;
    3749 : 00000000;
    3750 : 00000000;
    3751 : 00000000;
    3752 : 00000000;
    3753 : 00000000;
    3754 : 00000000;
    3755 : 00000000;
    3756 : 00000000;
    3757 : 00000000;
    3758 : 00000000;
    3759 : 00000000;
    3760 : 00000000;
    3761 : 00000000;
    3762 : 00000000;
    3763 : 00000000;
    3764 : 00000000;
    3765 : 00000000;
    3766 : 00000000;
    3767 : 00000000;
    3768 : 00000000;
    3769 : 00000000;
    3770 : 00000000;
    3771 : 00000000;
    3772 : 00000000;
    3773 : 00000000;
    3774 : 00000000;
    3775 : 00000000;
    3776 : 00000000;
    3777 : 00000000;
    3778 : 00000000;
    3779 : 00000000;
    3780 : 00000000;
    3781 : 00000000;
    3782 : 00000000;
    3783 : 00000000;
    3784 : 00000000;
    3785 : 00000000;
    3786 : 00000000;
    3787 : 00000000;
    3788 : 00000000;
    3789 : 00000000;
    3790 : 00000000;
    3791 : 00000000;
    3792 : 00000000;
    3793 : 00000000;
    3794 : 00000000;
    3795 : 00000000;
    3796 : 00000000;
    3797 : 00000000;
    3798 : 00000000;
    3799 : 00000000;
    3800 : 00000000;
    3801 : 00000000;
    3802 : 00000000;
    3803 : 00000000;
    3804 : 00000000;
    3805 : 00000000;
    3806 : 00000000;
    3807 : 00000000;
    3808 : 00000000;
    3809 : 00000000;
    3810 : 00000000;
    3811 : 00000000;
    3812 : 00000000;
    3813 : 00000000;
    3814 : 00000000;
    3815 : 00000000;
    3816 : 00000000;
    3817 : 00000000;
    3818 : 00000000;
    3819 : 00000000;
    3820 : 00000000;
    3821 : 00000000;
    3822 : 00000000;
    3823 : 00000000;
    3824 : 00000000;
    3825 : 00000000;
    3826 : 00000000;
    3827 : 00000000;
    3828 : 00000000;
    3829 : 00000000;
    3830 : 00000000;
    3831 : 00000000;
    3832 : 00000000;
    3833 : 00000000;
    3834 : 00000000;
    3835 : 00000000;
    3836 : 00000000;
    3837 : 00000000;
    3838 : 00000000;
    3839 : 00000000;
    3840 : 00000000;
    3841 : 00000000;
    3842 : 00000000;
    3843 : 00000000;
    3844 : 00000000;
    3845 : 00000000;
    3846 : 00000000;
    3847 : 00000000;
    3848 : 00000000;
    3849 : 00000000;
    3850 : 00000000;
    3851 : 00000000;
    3852 : 00000000;
    3853 : 00000000;
    3854 : 00000000;
    3855 : 00000000;
    3856 : 00000000;
    3857 : 00000000;
    3858 : 00000000;
    3859 : 00000000;
    3860 : 00000000;
    3861 : 00000000;
    3862 : 00000000;
    3863 : 00000000;
    3864 : 00000000;
    3865 : 00000000;
    3866 : 00000000;
    3867 : 00000000;
    3868 : 00000000;
    3869 : 00000000;
    3870 : 00000000;
    3871 : 00000000;
    3872 : 00000000;
    3873 : 00000000;
    3874 : 00000000;
    3875 : 00000000;
    3876 : 00000000;
    3877 : 00000000;
    3878 : 00000000;
    3879 : 00000000;
    3880 : 00000000;
    3881 : 00000000;
    3882 : 00000000;
    3883 : 00000000;
    3884 : 00000000;
    3885 : 00000000;
    3886 : 00000000;
    3887 : 00000000;
    3888 : 00000000;
    3889 : 00000000;
    3890 : 00000000;
    3891 : 00000000;
    3892 : 00000000;
    3893 : 00000000;
    3894 : 00000000;
    3895 : 00000000;
    3896 : 00000000;
    3897 : 00000000;
    3898 : 00000000;
    3899 : 00000000;
    3900 : 00000000;
    3901 : 00000000;
    3902 : 00000000;
    3903 : 00000000;
    3904 : 00000000;
    3905 : 00000000;
    3906 : 00000000;
    3907 : 00000000;
    3908 : 00000000;
    3909 : 00000000;
    3910 : 00000000;
    3911 : 00000000;
    3912 : 00000000;
    3913 : 00000000;
    3914 : 00000000;
    3915 : 00000000;
    3916 : 00000000;
    3917 : 00000000;
    3918 : 00000000;
    3919 : 00000000;
    3920 : 00000000;
    3921 : 00000000;
    3922 : 00000000;
    3923 : 00000000;
    3924 : 00000000;
    3925 : 00000000;
    3926 : 00000000;
    3927 : 00000000;
    3928 : 00000000;
    3929 : 00000000;
    3930 : 00000000;
    3931 : 00000000;
    3932 : 00000000;
    3933 : 00000000;
    3934 : 00000000;
    3935 : 00000000;
    3936 : 00000000;
    3937 : 00000000;
    3938 : 00000000;
    3939 : 00000000;
    3940 : 00000000;
    3941 : 00000000;
    3942 : 00000000;
    3943 : 00000000;
    3944 : 00000000;
    3945 : 00000000;
    3946 : 00000000;
    3947 : 00000000;
    3948 : 00000000;
    3949 : 00000000;
    3950 : 00000000;
    3951 : 00000000;
    3952 : 00000000;
    3953 : 00000000;
    3954 : 00000000;
    3955 : 00000000;
    3956 : 00000000;
    3957 : 00000000;
    3958 : 00000000;
    3959 : 00000000;
    3960 : 00000000;
    3961 : 00000000;
    3962 : 00000000;
    3963 : 00000000;
    3964 : 00000000;
    3965 : 00000000;
    3966 : 00000000;
    3967 : 00000000;
    3968 : 00000000;
    3969 : 00000000;
    3970 : 00000000;
    3971 : 00000000;
    3972 : 00000000;
    3973 : 00000000;
    3974 : 00000000;
    3975 : 00000000;
    3976 : 00000000;
    3977 : 00000000;
    3978 : 00000000;
    3979 : 00000000;
    3980 : 00000000;
    3981 : 00000000;
    3982 : 00000000;
    3983 : 00000000;
    3984 : 00000000;
    3985 : 00000000;
    3986 : 00000000;
    3987 : 00000000;
    3988 : 00000000;
    3989 : 00000000;
    3990 : 00000000;
    3991 : 00000000;
    3992 : 00000000;
    3993 : 00000000;
    3994 : 00000000;
    3995 : 00000000;
    3996 : 00000000;
    3997 : 00000000;
    3998 : 00000000;
    3999 : 00000000;
    4000 : 00000000;
    4001 : 00000000;
    4002 : 00000000;
    4003 : 00000000;
    4004 : 00000000;
    4005 : 00000000;
    4006 : 00000000;
    4007 : 00000000;
    4008 : 00000000;
    4009 : 00000000;
    4010 : 00000000;
    4011 : 00000000;
    4012 : 00000000;
    4013 : 00000000;
    4014 : 00000000;
    4015 : 00000000;
    4016 : 00000000;
    4017 : 00000000;
    4018 : 00000000;
    4019 : 00000000;
    4020 : 00000000;
    4021 : 00000000;
    4022 : 00000000;
    4023 : 00000000;
    4024 : 00000000;
    4025 : 00000000;
    4026 : 00000000;
    4027 : 00000000;
    4028 : 00000000;
    4029 : 00000000;
    4030 : 00000000;
    4031 : 00000000;
    4032 : 00000000;
    4033 : 00000000;
    4034 : 00000000;
    4035 : 00000000;
    4036 : 00000000;
    4037 : 00000000;
    4038 : 00000000;
    4039 : 00000000;
    4040 : 00000000;
    4041 : 00000000;
    4042 : 00000000;
    4043 : 00000000;
    4044 : 00000000;
    4045 : 00000000;
    4046 : 00000000;
    4047 : 00000000;
    4048 : 00000000;
    4049 : 00000000;
    4050 : 00000000;
    4051 : 00000000;
    4052 : 00000000;
    4053 : 00000000;
    4054 : 00000000;
    4055 : 00000000;
    4056 : 00000000;
    4057 : 00000000;
    4058 : 00000000;
    4059 : 00000000;
    4060 : 00000000;
    4061 : 00000000;
    4062 : 00000000;
    4063 : 00000000;
    4064 : 00000000;
    4065 : 00000000;
    4066 : 00000000;
    4067 : 00000000;
    4068 : 00000000;
    4069 : 00000000;
    4070 : 00000000;
    4071 : 00000000;
    4072 : 00000000;
    4073 : 00000000;
    4074 : 00000000;
    4075 : 00000000;
    4076 : 00000000;
    4077 : 00000000;
    4078 : 00000000;
    4079 : 00000000;
    4080 : 00000000;
    4081 : 00000000;
    4082 : 00000000;
    4083 : 00000000;
    4084 : 00000000;
    4085 : 00000000;
    4086 : 00000000;
    4087 : 00000000;
    4088 : 00000000;
    4089 : 00000000;
    4090 : 00000000;
    4091 : 00000000;
    4092 : 53494730;
    4093 : 00000074;
    4094 : 00000098;
    4095 : 00000024;
    4096 : 2A000293;
    4097 : 00000017;
    4098 : 00000397;
    4099 : FFC38393;
    4100 : 40700033;
    4101 : 0002A023;
    4102 : 00000097;
    4103 : 00000397;
    4104 : FFC38393;
    4105 : 407080B3;
    4106 : 0012A223;
    4107 : 007FF117;
    4108 : 00000397;
    4109 : FFC38393;
    4110 : 40710133;
    4111 : 0022A423;
    4112 : 00001197;
    4113 : 00000397;
    4114 : FFC38393;
    4115 : 407181B3;
    4116 : 0032A623;
    4117 : 01234217;
    4118 : 00000397;
    4119 : FFC38393;
    4120 : 40720233;
    4121 : 0042A823;
    4122 : 2B400093;
    4123 : 80000297;
    4124 : 00000197;
    4125 : FFC18193;
    4126 : 403282B3;
    4127 : 0050A023;
    4128 : 01234317;
    4129 : 00000197;
    4130 : FFC18193;
    4131 : 40330333;
    4132 : 0060A223;
    4133 : FFFFF397;
    4134 : 00000197;
    4135 : FFC18193;
    4136 : 403383B3;
    4137 : 0070A423;
    4138 : 00001417;
    4139 : 00000197;
    4140 : FFC18193;
    4141 : 40340433;
    4142 : 0080A623;
    4143 : 7FFFF497;
    4144 : 00000197;
    4145 : FFC18193;
    4146 : 403484B3;
    4147 : 0090A823;
    4148 : 2C800093;
    4149 : 54321517;
    4150 : 00000417;
    4151 : FFC40413;
    4152 : 40850533;
    4153 : 00A0A023;
    4154 : 00800597;
    4155 : 00000417;
    4156 : FFC40413;
    4157 : 408585B3;
    4158 : 00B0A223;
    4159 : 00000617;
    4160 : 00000417;
    4161 : FFC40413;
    4162 : 40860633;
    4163 : 00C0A423;
    4164 : 007FF697;
    4165 : 00000417;
    4166 : FFC40413;
    4167 : 408686B3;
    4168 : 00D0A623;
    4169 : 00000717;
    4170 : 00000417;
    4171 : FFC40413;
    4172 : 40870733;
    4173 : 00E0A823;
    4174 : 2DC00113;
    4175 : 00001797;
    4176 : 00000217;
    4177 : FFC20213;
    4178 : 404787B3;
    4179 : 00F12023;
    4180 : 00000817;
    4181 : 00000217;
    4182 : FFC20213;
    4183 : 40480833;
    4184 : 01012223;
    4185 : 00000897;
    4186 : 00000217;
    4187 : FFC20213;
    4188 : 404888B3;
    4189 : 01112423;
    4190 : 007FF917;
    4191 : 00000217;
    4192 : FFC20213;
    4193 : 40490933;
    4194 : 01212623;
    4195 : 00001997;
    4196 : 00000217;
    4197 : FFC20213;
    4198 : 404989B3;
    4199 : 01312823;
    4200 : 2F000093;
    4201 : 01234A17;
    4202 : 00000197;
    4203 : FFC18193;
    4204 : 403A0A33;
    4205 : 0140A023;
    4206 : 80000A97;
    4207 : 00000197;
    4208 : FFC18193;
    4209 : 403A8AB3;
    4210 : 0150A223;
    4211 : 01234B17;
    4212 : 00000197;
    4213 : FFC18193;
    4214 : 403B0B33;
    4215 : 0160A423;
    4216 : FFFFFB97;
    4217 : 00000197;
    4218 : FFC18193;
    4219 : 403B8BB3;
    4220 : 0170A623;
    4221 : 00001C17;
    4222 : 00000197;
    4223 : FFC18193;
    4224 : 403C0C33;
    4225 : 0180A823;
    4226 : 30400093;
    4227 : 7FFFFC97;
    4228 : 00000417;
    4229 : FFC40413;
    4230 : 408C8CB3;
    4231 : 0190A023;
    4232 : 54321D17;
    4233 : 00000417;
    4234 : FFC40413;
    4235 : 408D0D33;
    4236 : 01A0A223;
    4237 : 00800D97;
    4238 : 00000417;
    4239 : FFC40413;
    4240 : 408D8DB3;
    4241 : 01B0A423;
    4242 : 00000E17;
    4243 : 00000417;
    4244 : FFC40413;
    4245 : 408E0E33;
    4246 : 01C0A623;
    4247 : 007FFE97;
    4248 : 00000417;
    4249 : FFC40413;
    4250 : 408E8EB3;
    4251 : 01D0A823;
    4252 : 31800113;
    4253 : 00000F17;
    4254 : 00000217;
    4255 : FFC20213;
    4256 : 404F0F33;
    4257 : 01E12023;
    4258 : 00001F97;
    4259 : 00000217;
    4260 : FFC20213;
    4261 : 404F8FB3;
    4262 : 01F12223;
    4263 : 00000073;
    4264 : FFFFFFFF;
    4265 : FFFFFFFF;
    4266 : FFFFFFFF;
    4267 : FFFFFFFF;
    4268 : FFFFFFFF;
    4269 : FFFFFFFF;
    4270 : FFFFFFFF;
    4271 : FFFFFFFF;
    4272 : FFFFFFFF;
    4273 : FFFFFFFF;
    4274 : FFFFFFFF;
    4275 : FFFFFFFF;
    4276 : FFFFFFFF;
    4277 : FFFFFFFF;
    4278 : FFFFFFFF;
    4279 : FFFFFFFF;
    4280 : FFFFFFFF;
    4281 : FFFFFFFF;
    4282 : FFFFFFFF;
    4283 : FFFFFFFF;
    4284 : FFFFFFFF;
    4285 : FFFFFFFF;
    4286 : FFFFFFFF;
    4287 : FFFFFFFF;
    4288 : FFFFFFFF;
    4289 : FFFFFFFF;
    4290 : FFFFFFFF;
    4291 : FFFFFFFF;
    4292 : FFFFFFFF;
    4293 : FFFFFFFF;
    4294 : FFFFFFFF;
    4295 : FFFFFFFF;
    4296 : FFFFFFFF;
    4297 : FFFFFFFF;
    4298 : FFFFFFFF;
    4299 : 00000000;
    4300 : 00000000;
    4301 : 00000000;
    4302 : 00000000;
    4303 : 00000000;
    4304 : 00000000;
    4305 : 00000000;
    4306 : 00000000;
    4307 : 00000000;
    4308 : 00000000;
    4309 : 00000000;
    4310 : 00000000;
    4311 : 00000000;
    4312 : 00000000;
    4313 : 00000000;
    4314 : 00000000;
    4315 : 00000000;
    4316 : 00000000;
    4317 : 00000000;
    4318 : 00000000;
    4319 : 00000000;
    4320 : 00000000;
    4321 : 00000000;
    4322 : 00000000;
    4323 : 00000000;
    4324 : 00000000;
    4325 : 00000000;
    4326 : 00000000;
    4327 : 00000000;
    4328 : 00000000;
    4329 : 00000000;
    4330 : 00000000;
    4331 : 00000000;
    4332 : 00000000;
    4333 : 00000000;
    4334 : 00000000;
    4335 : 00000000;
    4336 : 00000000;
    4337 : 00000000;
    4338 : 00000000;
    4339 : 00000000;
    4340 : 00000000;
    4341 : 00000000;
    4342 : 00000000;
    4343 : 00000000;
    4344 : 00000000;
    4345 : 00000000;
    4346 : 00000000;
    4347 : 00000000;
    4348 : 00000000;
    4349 : 00000000;
    4350 : 00000000;
    4351 : 00000000;
    4352 : 00000000;
    4353 : 00000000;
    4354 : 00000000;
    4355 : 00000000;
    4356 : 00000000;
    4357 : 00000000;
    4358 : 00000000;
    4359 : 00000000;
    4360 : 00000000;
    4361 : 00000000;
    4362 : 00000000;
    4363 : 00000000;
    4364 : 00000000;
    4365 : 00000000;
    4366 : 00000000;
    4367 : 00000000;
    4368 : 00000000;
    4369 : 00000000;
    4370 : 00000000;
    4371 : 00000000;
    4372 : 00000000;
    4373 : 00000000;
    4374 : 00000000;
    4375 : 00000000;
    4376 : 00000000;
    4377 : 00000000;
    4378 : 00000000;
    4379 : 00000000;
    4380 : 00000000;
    4381 : 00000000;
    4382 : 00000000;
    4383 : 00000000;
    4384 : 00000000;
    4385 : 00000000;
    4386 : 00000000;
    4387 : 00000000;
    4388 : 00000000;
    4389 : 00000000;
    4390 : 00000000;
    4391 : 00000000;
    4392 : 00000000;
    4393 : 00000000;
    4394 : 00000000;
    4395 : 00000000;
    4396 : 00000000;
    4397 : 00000000;
    4398 : 00000000;
    4399 : 00000000;
    4400 : 00000000;
    4401 : 00000000;
    4402 : 00000000;
    4403 : 00000000;
    4404 : 00000000;
    4405 : 00000000;
    4406 : 00000000;
    4407 : 00000000;
    4408 : 00000000;
    4409 : 00000000;
    4410 : 00000000;
    4411 : 00000000;
    4412 : 00000000;
    4413 : 00000000;
    4414 : 00000000;
    4415 : 00000000;
    4416 : 00000000;
    4417 : 00000000;
    4418 : 00000000;
    4419 : 00000000;
    4420 : 00000000;
    4421 : 00000000;
    4422 : 00000000;
    4423 : 00000000;
    4424 : 00000000;
    4425 : 00000000;
    4426 : 00000000;
    4427 : 00000000;
    4428 : 00000000;
    4429 : 00000000;
    4430 : 00000000;
    4431 : 00000000;
    4432 : 00000000;
    4433 : 00000000;
    4434 : 00000000;
    4435 : 00000000;
    4436 : 00000000;
    4437 : 00000000;
    4438 : 00000000;
    4439 : 00000000;
    4440 : 00000000;
    4441 : 00000000;
    4442 : 00000000;
    4443 : 00000000;
    4444 : 00000000;
    4445 : 00000000;
    4446 : 00000000;
    4447 : 00000000;
    4448 : 00000000;
    4449 : 00000000;
    4450 : 00000000;
    4451 : 00000000;
    4452 : 00000000;
    4453 : 00000000;
    4454 : 00000000;
    4455 : 00000000;
    4456 : 00000000;
    4457 : 00000000;
    4458 : 00000000;
    4459 : 00000000;
    4460 : 00000000;
    4461 : 00000000;
    4462 : 00000000;
    4463 : 00000000;
    4464 : 00000000;
    4465 : 00000000;
    4466 : 00000000;
    4467 : 00000000;
    4468 : 00000000;
    4469 : 00000000;
    4470 : 00000000;
    4471 : 00000000;
    4472 : 00000000;
    4473 : 00000000;
    4474 : 00000000;
    4475 : 00000000;
    4476 : 00000000;
    4477 : 00000000;
    4478 : 00000000;
    4479 : 00000000;
    4480 : 00000000;
    4481 : 00000000;
    4482 : 00000000;
    4483 : 00000000;
    4484 : 00000000;
    4485 : 00000000;
    4486 : 00000000;
    4487 : 00000000;
    4488 : 00000000;
    4489 : 00000000;
    4490 : 00000000;
    4491 : 00000000;
    4492 : 00000000;
    4493 : 00000000;
    4494 : 00000000;
    4495 : 00000000;
    4496 : 00000000;
    4497 : 00000000;
    4498 : 00000000;
    4499 : 00000000;
    4500 : 00000000;
    4501 : 00000000;
    4502 : 00000000;
    4503 : 00000000;
    4504 : 00000000;
    4505 : 00000000;
    4506 : 00000000;
    4507 : 00000000;
    4508 : 00000000;
    4509 : 00000000;
    4510 : 00000000;
    4511 : 00000000;
    4512 : 00000000;
    4513 : 00000000;
    4514 : 00000000;
    4515 : 00000000;
    4516 : 00000000;
    4517 : 00000000;
    4518 : 00000000;
    4519 : 00000000;
    4520 : 00000000;
    4521 : 00000000;
    4522 : 00000000;
    4523 : 00000000;
    4524 : 00000000;
    4525 : 00000000;
    4526 : 00000000;
    4527 : 00000000;
    4528 : 00000000;
    4529 : 00000000;
    4530 : 00000000;
    4531 : 00000000;
    4532 : 00000000;
    4533 : 00000000;
    4534 : 00000000;
    4535 : 00000000;
    4536 : 00000000;
    4537 : 00000000;
    4538 : 00000000;
    4539 : 00000000;
    4540 : 00000000;
    4541 : 00000000;
    4542 : 00000000;
    4543 : 00000000;
    4544 : 00000000;
    4545 : 00000000;
    4546 : 00000000;
    4547 : 00000000;
    4548 : 00000000;
    4549 : 00000000;
    4550 : 00000000;
    4551 : 00000000;
    4552 : 00000000;
    4553 : 00000000;
    4554 : 00000000;
    4555 : 00000000;
    4556 : 00000000;
    4557 : 00000000;
    4558 : 00000000;
    4559 : 00000000;
    4560 : 00000000;
    4561 : 00000000;
    4562 : 00000000;
    4563 : 00000000;
    4564 : 00000000;
    4565 : 00000000;
    4566 : 00000000;
    4567 : 00000000;
    4568 : 00000000;
    4569 : 00000000;
    4570 : 00000000;
    4571 : 00000000;
    4572 : 00000000;
    4573 : 00000000;
    4574 : 00000000;
    4575 : 00000000;
    4576 : 00000000;
    4577 : 00000000;
    4578 : 00000000;
    4579 : 00000000;
    4580 : 00000000;
    4581 : 00000000;
    4582 : 00000000;
    4583 : 00000000;
    4584 : 00000000;
    4585 : 00000000;
    4586 : 00000000;
    4587 : 00000000;
    4588 : 00000000;
    4589 : 00000000;
    4590 : 00000000;
    4591 : 00000000;
    4592 : 00000000;
    4593 : 00000000;
    4594 : 00000000;
    4595 : 00000000;
    4596 : 00000000;
    4597 : 00000000;
    4598 : 00000000;
    4599 : 00000000;
    4600 : 00000000;
    4601 : 00000000;
    4602 : 00000000;
    4603 : 00000000;
    4604 : 00000000;
    4605 : 00000000;
    4606 : 00000000;
    4607 : 00000000;
    4608 : 00000000;
    4609 : 00000000;
    4610 : 00000000;
    4611 : 00000000;
    4612 : 00000000;
    4613 : 00000000;
    4614 : 00000000;
    4615 : 00000000;
    4616 : 00000000;
    4617 : 00000000;
    4618 : 00000000;
    4619 : 00000000;
    4620 : 00000000;
    4621 : 00000000;
    4622 : 00000000;
    4623 : 00000000;
    4624 : 00000000;
    4625 : 00000000;
    4626 : 00000000;
    4627 : 00000000;
    4628 : 00000000;
    4629 : 00000000;
    4630 : 00000000;
    4631 : 00000000;
    4632 : 00000000;
    4633 : 00000000;
    4634 : 00000000;
    4635 : 00000000;
    4636 : 00000000;
    4637 : 00000000;
    4638 : 00000000;
    4639 : 00000000;
    4640 : 00000000;
    4641 : 00000000;
    4642 : 00000000;
    4643 : 00000000;
    4644 : 00000000;
    4645 : 00000000;
    4646 : 00000000;
    4647 : 00000000;
    4648 : 00000000;
    4649 : 00000000;
    4650 : 00000000;
    4651 : 00000000;
    4652 : 00000000;
    4653 : 00000000;
    4654 : 00000000;
    4655 : 00000000;
    4656 : 00000000;
    4657 : 00000000;
    4658 : 00000000;
    4659 : 00000000;
    4660 : 00000000;
    4661 : 00000000;
    4662 : 00000000;
    4663 : 00000000;
    4664 : 00000000;
    4665 : 00000000;
    4666 : 00000000;
    4667 : 00000000;
    4668 : 00000000;
    4669 : 00000000;
    4670 : 00000000;
    4671 : 00000000;
    4672 : 00000000;
    4673 : 00000000;
    4674 : 00000000;
    4675 : 00000000;
    4676 : 00000000;
    4677 : 00000000;
    4678 : 00000000;
    4679 : 00000000;
    4680 : 00000000;
    4681 : 00000000;
    4682 : 00000000;
    4683 : 00000000;
    4684 : 00000000;
    4685 : 00000000;
    4686 : 00000000;
    4687 : 00000000;
    4688 : 00000000;
    4689 : 00000000;
    4690 : 00000000;
    4691 : 00000000;
    4692 : 00000000;
    4693 : 00000000;
    4694 : 00000000;
    4695 : 00000000;
    4696 : 00000000;
    4697 : 00000000;
    4698 : 00000000;
    4699 : 00000000;
    4700 : 00000000;
    4701 : 00000000;
    4702 : 00000000;
    4703 : 00000000;
    4704 : 00000000;
    4705 : 00000000;
    4706 : 00000000;
    4707 : 00000000;
    4708 : 00000000;
    4709 : 00000000;
    4710 : 00000000;
    4711 : 00000000;
    4712 : 00000000;
    4713 : 00000000;
    4714 : 00000000;
    4715 : 00000000;
    4716 : 00000000;
    4717 : 00000000;
    4718 : 00000000;
    4719 : 00000000;
    4720 : 00000000;
    4721 : 00000000;
    4722 : 00000000;
    4723 : 00000000;
    4724 : 00000000;
    4725 : 00000000;
    4726 : 00000000;
    4727 : 00000000;
    4728 : 00000000;
    4729 : 00000000;
    4730 : 00000000;
    4731 : 00000000;
    4732 : 00000000;
    4733 : 00000000;
    4734 : 00000000;
    4735 : 00000000;
    4736 : 00000000;
    4737 : 00000000;
    4738 : 00000000;
    4739 : 00000000;
    4740 : 00000000;
    4741 : 00000000;
    4742 : 00000000;
    4743 : 00000000;
    4744 : 00000000;
    4745 : 00000000;
    4746 : 00000000;
    4747 : 00000000;
    4748 : 00000000;
    4749 : 00000000;
    4750 : 00000000;
    4751 : 00000000;
    4752 : 00000000;
    4753 : 00000000;
    4754 : 00000000;
    4755 : 00000000;
    4756 : 00000000;
    4757 : 00000000;
    4758 : 00000000;
    4759 : 00000000;
    4760 : 00000000;
    4761 : 00000000;
    4762 : 00000000;
    4763 : 00000000;
    4764 : 00000000;
    4765 : 00000000;
    4766 : 00000000;
    4767 : 00000000;
    4768 : 00000000;
    4769 : 00000000;
    4770 : 00000000;
    4771 : 00000000;
    4772 : 00000000;
    4773 : 00000000;
    4774 : 00000000;
    4775 : 00000000;
    4776 : 00000000;
    4777 : 00000000;
    4778 : 00000000;
    4779 : 00000000;
    4780 : 00000000;
    4781 : 00000000;
    4782 : 00000000;
    4783 : 00000000;
    4784 : 00000000;
    4785 : 00000000;
    4786 : 00000000;
    4787 : 00000000;
    4788 : 00000000;
    4789 : 00000000;
    4790 : 00000000;
    4791 : 00000000;
    4792 : 00000000;
    4793 : 00000000;
    4794 : 00000000;
    4795 : 00000000;
    4796 : 00000000;
    4797 : 00000000;
    4798 : 00000000;
    4799 : 00000000;
    4800 : 00000000;
    4801 : 00000000;
    4802 : 00000000;
    4803 : 00000000;
    4804 : 00000000;
    4805 : 00000000;
    4806 : 00000000;
    4807 : 00000000;
    4808 : 00000000;
    4809 : 00000000;
    4810 : 00000000;
    4811 : 00000000;
    4812 : 00000000;
    4813 : 00000000;
    4814 : 00000000;
    4815 : 00000000;
    4816 : 00000000;
    4817 : 00000000;
    4818 : 00000000;
    4819 : 00000000;
    4820 : 00000000;
    4821 : 00000000;
    4822 : 00000000;
    4823 : 00000000;
    4824 : 00000000;
    4825 : 00000000;
    4826 : 00000000;
    4827 : 00000000;
    4828 : 00000000;
    4829 : 00000000;
    4830 : 00000000;
    4831 : 00000000;
    4832 : 00000000;
    4833 : 00000000;
    4834 : 00000000;
    4835 : 00000000;
    4836 : 00000000;
    4837 : 00000000;
    4838 : 00000000;
    4839 : 00000000;
    4840 : 00000000;
    4841 : 00000000;
    4842 : 00000000;
    4843 : 00000000;
    4844 : 00000000;
    4845 : 00000000;
    4846 : 00000000;
    4847 : 00000000;
    4848 : 00000000;
    4849 : 00000000;
    4850 : 00000000;
    4851 : 00000000;
    4852 : 00000000;
    4853 : 00000000;
    4854 : 00000000;
    4855 : 00000000;
    4856 : 00000000;
    4857 : 00000000;
    4858 : 00000000;
    4859 : 00000000;
    4860 : 00000000;
    4861 : 00000000;
    4862 : 00000000;
    4863 : 00000000;
    4864 : 00000000;
    4865 : 00000000;
    4866 : 00000000;
    4867 : 00000000;
    4868 : 00000000;
    4869 : 00000000;
    4870 : 00000000;
    4871 : 00000000;
    4872 : 00000000;
    4873 : 00000000;
    4874 : 00000000;
    4875 : 00000000;
    4876 : 00000000;
    4877 : 00000000;
    4878 : 00000000;
    4879 : 00000000;
    4880 : 00000000;
    4881 : 00000000;
    4882 : 00000000;
    4883 : 00000000;
    4884 : 00000000;
    4885 : 00000000;
    4886 : 00000000;
    4887 : 00000000;
    4888 : 00000000;
    4889 : 00000000;
    4890 : 00000000;
    4891 : 00000000;
    4892 : 00000000;
    4893 : 00000000;
    4894 : 00000000;
    4895 : 00000000;
    4896 : 00000000;
    4897 : 00000000;
    4898 : 00000000;
    4899 : 00000000;
    4900 : 00000000;
    4901 : 00000000;
    4902 : 00000000;
    4903 : 00000000;
    4904 : 00000000;
    4905 : 00000000;
    4906 : 00000000;
    4907 : 00000000;
    4908 : 00000000;
    4909 : 00000000;
    4910 : 00000000;
    4911 : 00000000;
    4912 : 00000000;
    4913 : 00000000;
    4914 : 00000000;
    4915 : 00000000;
    4916 : 00000000;
    4917 : 00000000;
    4918 : 00000000;
    4919 : 00000000;
    4920 : 00000000;
    4921 : 00000000;
    4922 : 00000000;
    4923 : 00000000;
    4924 : 00000000;
    4925 : 00000000;
    4926 : 00000000;
    4927 : 00000000;
    4928 : 00000000;
    4929 : 00000000;
    4930 : 00000000;
    4931 : 00000000;
    4932 : 00000000;
    4933 : 00000000;
    4934 : 00000000;
    4935 : 00000000;
    4936 : 00000000;
    4937 : 00000000;
    4938 : 00000000;
    4939 : 00000000;
    4940 : 00000000;
    4941 : 00000000;
    4942 : 00000000;
    4943 : 00000000;
    4944 : 00000000;
    4945 : 00000000;
    4946 : 00000000;
    4947 : 00000000;
    4948 : 00000000;
    4949 : 00000000;
    4950 : 00000000;
    4951 : 00000000;
    4952 : 00000000;
    4953 : 00000000;
    4954 : 00000000;
    4955 : 00000000;
    4956 : 00000000;
    4957 : 00000000;
    4958 : 00000000;
    4959 : 00000000;
    4960 : 00000000;
    4961 : 00000000;
    4962 : 00000000;
    4963 : 00000000;
    4964 : 00000000;
    4965 : 00000000;
    4966 : 00000000;
    4967 : 00000000;
    4968 : 00000000;
    4969 : 00000000;
    4970 : 00000000;
    4971 : 00000000;
    4972 : 00000000;
    4973 : 00000000;
    4974 : 00000000;
    4975 : 00000000;
    4976 : 00000000;
    4977 : 00000000;
    4978 : 00000000;
    4979 : 00000000;
    4980 : 00000000;
    4981 : 00000000;
    4982 : 00000000;
    4983 : 00000000;
    4984 : 00000000;
    4985 : 00000000;
    4986 : 00000000;
    4987 : 00000000;
    4988 : 00000000;
    4989 : 00000000;
    4990 : 00000000;
    4991 : 00000000;
    4992 : 00000000;
    4993 : 00000000;
    4994 : 00000000;
    4995 : 00000000;
    4996 : 00000000;
    4997 : 00000000;
    4998 : 00000000;
    4999 : 00000000;
    5000 : 00000000;
    5001 : 00000000;
    5002 : 00000000;
    5003 : 00000000;
    5004 : 00000000;
    5005 : 00000000;
    5006 : 00000000;
    5007 : 00000000;
    5008 : 00000000;
    5009 : 00000000;
    5010 : 00000000;
    5011 : 00000000;
    5012 : 00000000;
    5013 : 00000000;
    5014 : 00000000;
    5015 : 00000000;
    5016 : 00000000;
    5017 : 00000000;
    5018 : 00000000;
    5019 : 00000000;
    5020 : 00000000;
    5021 : 00000000;
    5022 : 00000000;
    5023 : 00000000;
    5024 : 00000000;
    5025 : 00000000;
    5026 : 00000000;
    5027 : 00000000;
    5028 : 00000000;
    5029 : 00000000;
    5030 : 00000000;
    5031 : 00000000;
    5032 : 00000000;
    5033 : 00000000;
    5034 : 00000000;
    5035 : 00000000;
    5036 : 00000000;
    5037 : 00000000;
    5038 : 00000000;
    5039 : 00000000;
    5040 : 00000000;
    5041 : 00000000;
    5042 : 00000000;
    5043 : 00000000;
    5044 : 00000000;
    5045 : 00000000;
    5046 : 00000000;
    5047 : 00000000;
    5048 : 00000000;
    5049 : 00000000;
    5050 : 00000000;
    5051 : 00000000;
    5052 : 00000000;
    5053 : 00000000;
    5054 : 00000000;
    5055 : 00000000;
    5056 : 00000000;
    5057 : 00000000;
    5058 : 00000000;
    5059 : 00000000;
    5060 : 00000000;
    5061 : 00000000;
    5062 : 00000000;
    5063 : 00000000;
    5064 : 00000000;
    5065 : 00000000;
    5066 : 00000000;
    5067 : 00000000;
    5068 : 00000000;
    5069 : 00000000;
    5070 : 00000000;
    5071 : 00000000;
    5072 : 00000000;
    5073 : 00000000;
    5074 : 00000000;
    5075 : 00000000;
    5076 : 00000000;
    5077 : 00000000;
    5078 : 00000000;
    5079 : 00000000;
    5080 : 00000000;
    5081 : 00000000;
    5082 : 00000000;
    5083 : 00000000;
    5084 : 00000000;
    5085 : 00000000;
    5086 : 00000000;
    5087 : 00000000;
    5088 : 00000000;
    5089 : 00000000;
    5090 : 00000000;
    5091 : 00000000;
    5092 : 00000000;
    5093 : 00000000;
    5094 : 00000000;
    5095 : 00000000;
    5096 : 00000000;
    5097 : 00000000;
    5098 : 00000000;
    5099 : 00000000;
    5100 : 00000000;
    5101 : 00000000;
    5102 : 00000000;
    5103 : 00000000;
    5104 : 00000000;
    5105 : 00000000;
    5106 : 00000000;
    5107 : 00000000;
    5108 : 00000000;
    5109 : 00000000;
    5110 : 00000000;
    5111 : 00000000;
    5112 : 00000000;
    5113 : 00000000;
    5114 : 00000000;
    5115 : 00000000;
    5116 : 53494730;
    5117 : 000000A8;
    5118 : 000000CC;
    5119 : 00000024;
    5120 : 4A000113;
    5121 : 0000D0B7;
    5122 : CCC08093;
    5123 : FFF00F93;
    5124 : 00000813;
    5125 : 010F8663;
    5126 : 000120B7;
    5127 : 3AB08093;
    5128 : 00112023;
    5129 : 0000D0B7;
    5130 : CCC08093;
    5131 : 00100F13;
    5132 : 80100793;
    5133 : 00FF0663;
    5134 : 000120B7;
    5135 : 3AB08093;
    5136 : 00112223;
    5137 : 0080006F;
    5138 : 0200006F;
    5139 : 0000D0B7;
    5140 : CCC08093;
    5141 : 00000E93;
    5142 : FFF00713;
    5143 : FEEE86E3;
    5144 : 000120B7;
    5145 : 3AB08093;
    5146 : 00112423;
    5147 : 0000D0B7;
    5148 : CCC08093;
    5149 : 7FF00E13;
    5150 : FFFFF6B7;
    5151 : DCC68693;
    5152 : 00DE0663;
    5153 : 000120B7;
    5154 : 3AB08093;
    5155 : 00112623;
    5156 : 0000D0B7;
    5157 : CCC08093;
    5158 : 00000D93;
    5159 : 80000637;
    5160 : 00CD8663;
    5161 : 000120B7;
    5162 : 3AB08093;
    5163 : 00112823;
    5164 : 4B400113;
    5165 : 0000D0B7;
    5166 : CCC08093;
    5167 : 00001D37;
    5168 : 800D0D13;
    5169 : 000015B7;
    5170 : 23458593;
    5171 : 00BD0663;
    5172 : 000120B7;
    5173 : 3AB08093;
    5174 : 00112023;
    5175 : 0000D0B7;
    5176 : CCC08093;
    5177 : 07654CB7;
    5178 : 321C8C93;
    5179 : FFF00513;
    5180 : 00AC8663;
    5181 : 000120B7;
    5182 : 3AB08093;
    5183 : 00112223;
    5184 : 0080006F;
    5185 : 0240006F;
    5186 : 0000D0B7;
    5187 : CCC08093;
    5188 : 80000C37;
    5189 : FFFC0C13;
    5190 : 00100493;
    5191 : FE9C04E3;
    5192 : 000120B7;
    5193 : 3AB08093;
    5194 : 00112423;
    5195 : 0000D0B7;
    5196 : CCC08093;
    5197 : 00100B93;
    5198 : 80000437;
    5199 : FFF40413;
    5200 : 008B8663;
    5201 : 000120B7;
    5202 : 3AB08093;
    5203 : 00112623;
    5204 : 0000D0B7;
    5205 : CCC08093;
    5206 : FFF00B13;
    5207 : 076543B7;
    5208 : 32138393;
    5209 : 007B0663;
    5210 : 000120B7;
    5211 : 3AB08093;
    5212 : 00112823;
    5213 : 4C800393;
    5214 : 0000D0B7;
    5215 : CCC08093;
    5216 : 00001AB7;
    5217 : 234A8A93;
    5218 : 00001337;
    5219 : 80030313;
    5220 : 006A8663;
    5221 : 000120B7;
    5222 : 3AB08093;
    5223 : 0013A023;
    5224 : 0000D0B7;
    5225 : CCC08093;
    5226 : 80000A37;
    5227 : 00000293;
    5228 : 005A0663;
    5229 : 000120B7;
    5230 : 3AB08093;
    5231 : 0013A223;
    5232 : 0080006F;
    5233 : 0240006F;
    5234 : 0000D0B7;
    5235 : CCC08093;
    5236 : FFFFF9B7;
    5237 : DCC98993;
    5238 : 7FF00213;
    5239 : FE4984E3;
    5240 : 000120B7;
    5241 : 3AB08093;
    5242 : 0013A423;
    5243 : 0000D0B7;
    5244 : CCC08093;
    5245 : FFF00913;
    5246 : FFF00193;
    5247 : 00390663;
    5248 : 000120B7;
    5249 : 3AB08093;
    5250 : 0013A623;
    5251 : 0000D0B7;
    5252 : CCC08093;
    5253 : 80100893;
    5254 : 00100113;
    5255 : 00288663;
    5256 : 000120B7;
    5257 : 3AB08093;
    5258 : 0013A823;
    5259 : 4DC00193;
    5260 : 0000D137;
    5261 : CCC10113;
    5262 : 00000813;
    5263 : 00000093;
    5264 : 00180663;
    5265 : 00012137;
    5266 : 3AB10113;
    5267 : 0021A023;
    5268 : 0000D0B7;
    5269 : CCC08093;
    5270 : FFF00793;
    5271 : 00000013;
    5272 : 00078663;
    5273 : 000120B7;
    5274 : 3AB08093;
    5275 : 0011A223;
    5276 : 0080006F;
    5277 : 0200006F;
    5278 : 0000D0B7;
    5279 : CCC08093;
    5280 : 00100713;
    5281 : 80100F93;
    5282 : FFF706E3;
    5283 : 000120B7;
    5284 : 3AB08093;
    5285 : 0011A423;
    5286 : 0000D0B7;
    5287 : CCC08093;
    5288 : 00000693;
    5289 : FFF00F13;
    5290 : 01E68663;
    5291 : 000120B7;
    5292 : 3AB08093;
    5293 : 0011A623;
    5294 : 0000D0B7;
    5295 : CCC08093;
    5296 : 7FF00613;
    5297 : FFFFFEB7;
    5298 : DCCE8E93;
    5299 : 01D60663;
    5300 : 000120B7;
    5301 : 3AB08093;
    5302 : 0011A823;
    5303 : 4F000113;
    5304 : 0000D0B7;
    5305 : CCC08093;
    5306 : 00000593;
    5307 : 80000E37;
    5308 : 01C58663;
    5309 : 000120B7;
    5310 : 3AB08093;
    5311 : 00112023;
    5312 : 0000D0B7;
    5313 : CCC08093;
    5314 : 00001537;
    5315 : 80050513;
    5316 : 00001DB7;
    5317 : 234D8D93;
    5318 : 01B50663;
    5319 : 000120B7;
    5320 : 3AB08093;
    5321 : 00112223;
    5322 : 0080006F;
    5323 : 0240006F;
    5324 : 0000D0B7;
    5325 : CCC08093;
    5326 : 076544B7;
    5327 : 32148493;
    5328 : FFF00D13;
    5329 : FFA484E3;
    5330 : 000120B7;
    5331 : 3AB08093;
    5332 : 00112423;
    5333 : 0000D0B7;
    5334 : CCC08093;
    5335 : 80000437;
    5336 : FFF40413;
    5337 : 00100C93;
    5338 : 01940663;
    5339 : 000120B7;
    5340 : 3AB08093;
    5341 : 00112623;
    5342 : 0000D0B7;
    5343 : CCC08093;
    5344 : 00100393;
    5345 : 80000C37;
    5346 : FFFC0C13;
    5347 : 01838663;
    5348 : 000120B7;
    5349 : 3AB08093;
    5350 : 00112823;
    5351 : 50400393;
    5352 : 0000D0B7;
    5353 : CCC08093;
    5354 : FFF00313;
    5355 : 07654BB7;
    5356 : 321B8B93;
    5357 : 01730663;
    5358 : 000120B7;
    5359 : 3AB08093;
    5360 : 0013A023;
    5361 : 0000D0B7;
    5362 : CCC08093;
    5363 : 000012B7;
    5364 : 23428293;
    5365 : 00001B37;
    5366 : 800B0B13;
    5367 : 01628663;
    5368 : 000120B7;
    5369 : 3AB08093;
    5370 : 0013A223;
    5371 : 0080006F;
    5372 : 0200006F;
    5373 : 0000D0B7;
    5374 : CCC08093;
    5375 : 80000237;
    5376 : 00000A93;
    5377 : FF5206E3;
    5378 : 000120B7;
    5379 : 3AB08093;
    5380 : 0013A423;
    5381 : 0000D0B7;
    5382 : CCC08093;
    5383 : FFFFF1B7;
    5384 : DCC18193;
    5385 : 7FF00A13;
    5386 : 01418663;
    5387 : 000120B7;
    5388 : 3AB08093;
    5389 : 0013A623;
    5390 : 0000D0B7;
    5391 : CCC08093;
    5392 : FFF00113;
    5393 : FFF00993;
    5394 : 01310663;
    5395 : 000120B7;
    5396 : 3AB08093;
    5397 : 0013A823;
    5398 : 51800193;
    5399 : 0000D137;
    5400 : CCC10113;
    5401 : 80100093;
    5402 : 00100913;
    5403 : 01208663;
    5404 : 00012137;
    5405 : 3AB10113;
    5406 : 0021A023;
    5407 : 0000D0B7;
    5408 : CCC08093;
    5409 : 00000013;
    5410 : 00000893;
    5411 : 01100663;
    5412 : 000120B7;
    5413 : 3AB08093;
    5414 : 0011A223;
    5415 : 00000073;
    5416 : FFFFFFFF;
    5417 : FFFFFFFF;
    5418 : FFFFFFFF;
    5419 : FFFFFFFF;
    5420 : FFFFFFFF;
    5421 : FFFFFFFF;
    5422 : FFFFFFFF;
    5423 : FFFFFFFF;
    5424 : FFFFFFFF;
    5425 : FFFFFFFF;
    5426 : FFFFFFFF;
    5427 : FFFFFFFF;
    5428 : FFFFFFFF;
    5429 : FFFFFFFF;
    5430 : FFFFFFFF;
    5431 : FFFFFFFF;
    5432 : FFFFFFFF;
    5433 : FFFFFFFF;
    5434 : FFFFFFFF;
    5435 : FFFFFFFF;
    5436 : FFFFFFFF;
    5437 : FFFFFFFF;
    5438 : FFFFFFFF;
    5439 : FFFFFFFF;
    5440 : FFFFFFFF;
    5441 : FFFFFFFF;
    5442 : FFFFFFFF;
    5443 : FFFFFFFF;
    5444 : FFFFFFFF;
    5445 : FFFFFFFF;
    5446 : FFFFFFFF;
    5447 : FFFFFFFF;
    5448 : FFFFFFFF;
    5449 : FFFFFFFF;
    5450 : FFFFFFFF;
    5451 : 00000000;
    5452 : 00000000;
    5453 : 00000000;
    5454 : 00000000;
    5455 : 00000000;
    5456 : 00000000;
    5457 : 00000000;
    5458 : 00000000;
    5459 : 00000000;
    5460 : 00000000;
    5461 : 00000000;
    5462 : 00000000;
    5463 : 00000000;
    5464 : 00000000;
    5465 : 00000000;
    5466 : 00000000;
    5467 : 00000000;
    5468 : 00000000;
    5469 : 00000000;
    5470 : 00000000;
    5471 : 00000000;
    5472 : 00000000;
    5473 : 00000000;
    5474 : 00000000;
    5475 : 00000000;
    5476 : 00000000;
    5477 : 00000000;
    5478 : 00000000;
    5479 : 00000000;
    5480 : 00000000;
    5481 : 00000000;
    5482 : 00000000;
    5483 : 00000000;
    5484 : 00000000;
    5485 : 00000000;
    5486 : 00000000;
    5487 : 00000000;
    5488 : 00000000;
    5489 : 00000000;
    5490 : 00000000;
    5491 : 00000000;
    5492 : 00000000;
    5493 : 00000000;
    5494 : 00000000;
    5495 : 00000000;
    5496 : 00000000;
    5497 : 00000000;
    5498 : 00000000;
    5499 : 00000000;
    5500 : 00000000;
    5501 : 00000000;
    5502 : 00000000;
    5503 : 00000000;
    5504 : 00000000;
    5505 : 00000000;
    5506 : 00000000;
    5507 : 00000000;
    5508 : 00000000;
    5509 : 00000000;
    5510 : 00000000;
    5511 : 00000000;
    5512 : 00000000;
    5513 : 00000000;
    5514 : 00000000;
    5515 : 00000000;
    5516 : 00000000;
    5517 : 00000000;
    5518 : 00000000;
    5519 : 00000000;
    5520 : 00000000;
    5521 : 00000000;
    5522 : 00000000;
    5523 : 00000000;
    5524 : 00000000;
    5525 : 00000000;
    5526 : 00000000;
    5527 : 00000000;
    5528 : 00000000;
    5529 : 00000000;
    5530 : 00000000;
    5531 : 00000000;
    5532 : 00000000;
    5533 : 00000000;
    5534 : 00000000;
    5535 : 00000000;
    5536 : 00000000;
    5537 : 00000000;
    5538 : 00000000;
    5539 : 00000000;
    5540 : 00000000;
    5541 : 00000000;
    5542 : 00000000;
    5543 : 00000000;
    5544 : 00000000;
    5545 : 00000000;
    5546 : 00000000;
    5547 : 00000000;
    5548 : 00000000;
    5549 : 00000000;
    5550 : 00000000;
    5551 : 00000000;
    5552 : 00000000;
    5553 : 00000000;
    5554 : 00000000;
    5555 : 00000000;
    5556 : 00000000;
    5557 : 00000000;
    5558 : 00000000;
    5559 : 00000000;
    5560 : 00000000;
    5561 : 00000000;
    5562 : 00000000;
    5563 : 00000000;
    5564 : 00000000;
    5565 : 00000000;
    5566 : 00000000;
    5567 : 00000000;
    5568 : 00000000;
    5569 : 00000000;
    5570 : 00000000;
    5571 : 00000000;
    5572 : 00000000;
    5573 : 00000000;
    5574 : 00000000;
    5575 : 00000000;
    5576 : 00000000;
    5577 : 00000000;
    5578 : 00000000;
    5579 : 00000000;
    5580 : 00000000;
    5581 : 00000000;
    5582 : 00000000;
    5583 : 00000000;
    5584 : 00000000;
    5585 : 00000000;
    5586 : 00000000;
    5587 : 00000000;
    5588 : 00000000;
    5589 : 00000000;
    5590 : 00000000;
    5591 : 00000000;
    5592 : 00000000;
    5593 : 00000000;
    5594 : 00000000;
    5595 : 00000000;
    5596 : 00000000;
    5597 : 00000000;
    5598 : 00000000;
    5599 : 00000000;
    5600 : 00000000;
    5601 : 00000000;
    5602 : 00000000;
    5603 : 00000000;
    5604 : 00000000;
    5605 : 00000000;
    5606 : 00000000;
    5607 : 00000000;
    5608 : 00000000;
    5609 : 00000000;
    5610 : 00000000;
    5611 : 00000000;
    5612 : 00000000;
    5613 : 00000000;
    5614 : 00000000;
    5615 : 00000000;
    5616 : 00000000;
    5617 : 00000000;
    5618 : 00000000;
    5619 : 00000000;
    5620 : 00000000;
    5621 : 00000000;
    5622 : 00000000;
    5623 : 00000000;
    5624 : 00000000;
    5625 : 00000000;
    5626 : 00000000;
    5627 : 00000000;
    5628 : 00000000;
    5629 : 00000000;
    5630 : 00000000;
    5631 : 00000000;
    5632 : 00000000;
    5633 : 00000000;
    5634 : 00000000;
    5635 : 00000000;
    5636 : 00000000;
    5637 : 00000000;
    5638 : 00000000;
    5639 : 00000000;
    5640 : 00000000;
    5641 : 00000000;
    5642 : 00000000;
    5643 : 00000000;
    5644 : 00000000;
    5645 : 00000000;
    5646 : 00000000;
    5647 : 00000000;
    5648 : 00000000;
    5649 : 00000000;
    5650 : 00000000;
    5651 : 00000000;
    5652 : 00000000;
    5653 : 00000000;
    5654 : 00000000;
    5655 : 00000000;
    5656 : 00000000;
    5657 : 00000000;
    5658 : 00000000;
    5659 : 00000000;
    5660 : 00000000;
    5661 : 00000000;
    5662 : 00000000;
    5663 : 00000000;
    5664 : 00000000;
    5665 : 00000000;
    5666 : 00000000;
    5667 : 00000000;
    5668 : 00000000;
    5669 : 00000000;
    5670 : 00000000;
    5671 : 00000000;
    5672 : 00000000;
    5673 : 00000000;
    5674 : 00000000;
    5675 : 00000000;
    5676 : 00000000;
    5677 : 00000000;
    5678 : 00000000;
    5679 : 00000000;
    5680 : 00000000;
    5681 : 00000000;
    5682 : 00000000;
    5683 : 00000000;
    5684 : 00000000;
    5685 : 00000000;
    5686 : 00000000;
    5687 : 00000000;
    5688 : 00000000;
    5689 : 00000000;
    5690 : 00000000;
    5691 : 00000000;
    5692 : 00000000;
    5693 : 00000000;
    5694 : 00000000;
    5695 : 00000000;
    5696 : 00000000;
    5697 : 00000000;
    5698 : 00000000;
    5699 : 00000000;
    5700 : 00000000;
    5701 : 00000000;
    5702 : 00000000;
    5703 : 00000000;
    5704 : 00000000;
    5705 : 00000000;
    5706 : 00000000;
    5707 : 00000000;
    5708 : 00000000;
    5709 : 00000000;
    5710 : 00000000;
    5711 : 00000000;
    5712 : 00000000;
    5713 : 00000000;
    5714 : 00000000;
    5715 : 00000000;
    5716 : 00000000;
    5717 : 00000000;
    5718 : 00000000;
    5719 : 00000000;
    5720 : 00000000;
    5721 : 00000000;
    5722 : 00000000;
    5723 : 00000000;
    5724 : 00000000;
    5725 : 00000000;
    5726 : 00000000;
    5727 : 00000000;
    5728 : 00000000;
    5729 : 00000000;
    5730 : 00000000;
    5731 : 00000000;
    5732 : 00000000;
    5733 : 00000000;
    5734 : 00000000;
    5735 : 00000000;
    5736 : 00000000;
    5737 : 00000000;
    5738 : 00000000;
    5739 : 00000000;
    5740 : 00000000;
    5741 : 00000000;
    5742 : 00000000;
    5743 : 00000000;
    5744 : 00000000;
    5745 : 00000000;
    5746 : 00000000;
    5747 : 00000000;
    5748 : 00000000;
    5749 : 00000000;
    5750 : 00000000;
    5751 : 00000000;
    5752 : 00000000;
    5753 : 00000000;
    5754 : 00000000;
    5755 : 00000000;
    5756 : 00000000;
    5757 : 00000000;
    5758 : 00000000;
    5759 : 00000000;
    5760 : 00000000;
    5761 : 00000000;
    5762 : 00000000;
    5763 : 00000000;
    5764 : 00000000;
    5765 : 00000000;
    5766 : 00000000;
    5767 : 00000000;
    5768 : 00000000;
    5769 : 00000000;
    5770 : 00000000;
    5771 : 00000000;
    5772 : 00000000;
    5773 : 00000000;
    5774 : 00000000;
    5775 : 00000000;
    5776 : 00000000;
    5777 : 00000000;
    5778 : 00000000;
    5779 : 00000000;
    5780 : 00000000;
    5781 : 00000000;
    5782 : 00000000;
    5783 : 00000000;
    5784 : 00000000;
    5785 : 00000000;
    5786 : 00000000;
    5787 : 00000000;
    5788 : 00000000;
    5789 : 00000000;
    5790 : 00000000;
    5791 : 00000000;
    5792 : 00000000;
    5793 : 00000000;
    5794 : 00000000;
    5795 : 00000000;
    5796 : 00000000;
    5797 : 00000000;
    5798 : 00000000;
    5799 : 00000000;
    5800 : 00000000;
    5801 : 00000000;
    5802 : 00000000;
    5803 : 00000000;
    5804 : 00000000;
    5805 : 00000000;
    5806 : 00000000;
    5807 : 00000000;
    5808 : 00000000;
    5809 : 00000000;
    5810 : 00000000;
    5811 : 00000000;
    5812 : 00000000;
    5813 : 00000000;
    5814 : 00000000;
    5815 : 00000000;
    5816 : 00000000;
    5817 : 00000000;
    5818 : 00000000;
    5819 : 00000000;
    5820 : 00000000;
    5821 : 00000000;
    5822 : 00000000;
    5823 : 00000000;
    5824 : 00000000;
    5825 : 00000000;
    5826 : 00000000;
    5827 : 00000000;
    5828 : 00000000;
    5829 : 00000000;
    5830 : 00000000;
    5831 : 00000000;
    5832 : 00000000;
    5833 : 00000000;
    5834 : 00000000;
    5835 : 00000000;
    5836 : 00000000;
    5837 : 00000000;
    5838 : 00000000;
    5839 : 00000000;
    5840 : 00000000;
    5841 : 00000000;
    5842 : 00000000;
    5843 : 00000000;
    5844 : 00000000;
    5845 : 00000000;
    5846 : 00000000;
    5847 : 00000000;
    5848 : 00000000;
    5849 : 00000000;
    5850 : 00000000;
    5851 : 00000000;
    5852 : 00000000;
    5853 : 00000000;
    5854 : 00000000;
    5855 : 00000000;
    5856 : 00000000;
    5857 : 00000000;
    5858 : 00000000;
    5859 : 00000000;
    5860 : 00000000;
    5861 : 00000000;
    5862 : 00000000;
    5863 : 00000000;
    5864 : 00000000;
    5865 : 00000000;
    5866 : 00000000;
    5867 : 00000000;
    5868 : 00000000;
    5869 : 00000000;
    5870 : 00000000;
    5871 : 00000000;
    5872 : 00000000;
    5873 : 00000000;
    5874 : 00000000;
    5875 : 00000000;
    5876 : 00000000;
    5877 : 00000000;
    5878 : 00000000;
    5879 : 00000000;
    5880 : 00000000;
    5881 : 00000000;
    5882 : 00000000;
    5883 : 00000000;
    5884 : 00000000;
    5885 : 00000000;
    5886 : 00000000;
    5887 : 00000000;
    5888 : 00000000;
    5889 : 00000000;
    5890 : 00000000;
    5891 : 00000000;
    5892 : 00000000;
    5893 : 00000000;
    5894 : 00000000;
    5895 : 00000000;
    5896 : 00000000;
    5897 : 00000000;
    5898 : 00000000;
    5899 : 00000000;
    5900 : 00000000;
    5901 : 00000000;
    5902 : 00000000;
    5903 : 00000000;
    5904 : 00000000;
    5905 : 00000000;
    5906 : 00000000;
    5907 : 00000000;
    5908 : 00000000;
    5909 : 00000000;
    5910 : 00000000;
    5911 : 00000000;
    5912 : 00000000;
    5913 : 00000000;
    5914 : 00000000;
    5915 : 00000000;
    5916 : 00000000;
    5917 : 00000000;
    5918 : 00000000;
    5919 : 00000000;
    5920 : 00000000;
    5921 : 00000000;
    5922 : 00000000;
    5923 : 00000000;
    5924 : 00000000;
    5925 : 00000000;
    5926 : 00000000;
    5927 : 00000000;
    5928 : 00000000;
    5929 : 00000000;
    5930 : 00000000;
    5931 : 00000000;
    5932 : 00000000;
    5933 : 00000000;
    5934 : 00000000;
    5935 : 00000000;
    5936 : 00000000;
    5937 : 00000000;
    5938 : 00000000;
    5939 : 00000000;
    5940 : 00000000;
    5941 : 00000000;
    5942 : 00000000;
    5943 : 00000000;
    5944 : 00000000;
    5945 : 00000000;
    5946 : 00000000;
    5947 : 00000000;
    5948 : 00000000;
    5949 : 00000000;
    5950 : 00000000;
    5951 : 00000000;
    5952 : 00000000;
    5953 : 00000000;
    5954 : 00000000;
    5955 : 00000000;
    5956 : 00000000;
    5957 : 00000000;
    5958 : 00000000;
    5959 : 00000000;
    5960 : 00000000;
    5961 : 00000000;
    5962 : 00000000;
    5963 : 00000000;
    5964 : 00000000;
    5965 : 00000000;
    5966 : 00000000;
    5967 : 00000000;
    5968 : 00000000;
    5969 : 00000000;
    5970 : 00000000;
    5971 : 00000000;
    5972 : 00000000;
    5973 : 00000000;
    5974 : 00000000;
    5975 : 00000000;
    5976 : 00000000;
    5977 : 00000000;
    5978 : 00000000;
    5979 : 00000000;
    5980 : 00000000;
    5981 : 00000000;
    5982 : 00000000;
    5983 : 00000000;
    5984 : 00000000;
    5985 : 00000000;
    5986 : 00000000;
    5987 : 00000000;
    5988 : 00000000;
    5989 : 00000000;
    5990 : 00000000;
    5991 : 00000000;
    5992 : 00000000;
    5993 : 00000000;
    5994 : 00000000;
    5995 : 00000000;
    5996 : 00000000;
    5997 : 00000000;
    5998 : 00000000;
    5999 : 00000000;
    6000 : 00000000;
    6001 : 00000000;
    6002 : 00000000;
    6003 : 00000000;
    6004 : 00000000;
    6005 : 00000000;
    6006 : 00000000;
    6007 : 00000000;
    6008 : 00000000;
    6009 : 00000000;
    6010 : 00000000;
    6011 : 00000000;
    6012 : 00000000;
    6013 : 00000000;
    6014 : 00000000;
    6015 : 00000000;
    6016 : 00000000;
    6017 : 00000000;
    6018 : 00000000;
    6019 : 00000000;
    6020 : 00000000;
    6021 : 00000000;
    6022 : 00000000;
    6023 : 00000000;
    6024 : 00000000;
    6025 : 00000000;
    6026 : 00000000;
    6027 : 00000000;
    6028 : 00000000;
    6029 : 00000000;
    6030 : 00000000;
    6031 : 00000000;
    6032 : 00000000;
    6033 : 00000000;
    6034 : 00000000;
    6035 : 00000000;
    6036 : 00000000;
    6037 : 00000000;
    6038 : 00000000;
    6039 : 00000000;
    6040 : 00000000;
    6041 : 00000000;
    6042 : 00000000;
    6043 : 00000000;
    6044 : 00000000;
    6045 : 00000000;
    6046 : 00000000;
    6047 : 00000000;
    6048 : 00000000;
    6049 : 00000000;
    6050 : 00000000;
    6051 : 00000000;
    6052 : 00000000;
    6053 : 00000000;
    6054 : 00000000;
    6055 : 00000000;
    6056 : 00000000;
    6057 : 00000000;
    6058 : 00000000;
    6059 : 00000000;
    6060 : 00000000;
    6061 : 00000000;
    6062 : 00000000;
    6063 : 00000000;
    6064 : 00000000;
    6065 : 00000000;
    6066 : 00000000;
    6067 : 00000000;
    6068 : 00000000;
    6069 : 00000000;
    6070 : 00000000;
    6071 : 00000000;
    6072 : 00000000;
    6073 : 00000000;
    6074 : 00000000;
    6075 : 00000000;
    6076 : 00000000;
    6077 : 00000000;
    6078 : 00000000;
    6079 : 00000000;
    6080 : 00000000;
    6081 : 00000000;
    6082 : 00000000;
    6083 : 00000000;
    6084 : 00000000;
    6085 : 00000000;
    6086 : 00000000;
    6087 : 00000000;
    6088 : 00000000;
    6089 : 00000000;
    6090 : 00000000;
    6091 : 00000000;
    6092 : 00000000;
    6093 : 00000000;
    6094 : 00000000;
    6095 : 00000000;
    6096 : 00000000;
    6097 : 00000000;
    6098 : 00000000;
    6099 : 00000000;
    6100 : 00000000;
    6101 : 00000000;
    6102 : 00000000;
    6103 : 00000000;
    6104 : 00000000;
    6105 : 00000000;
    6106 : 00000000;
    6107 : 00000000;
    6108 : 00000000;
    6109 : 00000000;
    6110 : 00000000;
    6111 : 00000000;
    6112 : 00000000;
    6113 : 00000000;
    6114 : 00000000;
    6115 : 00000000;
    6116 : 00000000;
    6117 : 00000000;
    6118 : 00000000;
    6119 : 00000000;
    6120 : 00000000;
    6121 : 00000000;
    6122 : 00000000;
    6123 : 00000000;
    6124 : 00000000;
    6125 : 00000000;
    6126 : 00000000;
    6127 : 00000000;
    6128 : 00000000;
    6129 : 00000000;
    6130 : 00000000;
    6131 : 00000000;
    6132 : 00000000;
    6133 : 00000000;
    6134 : 00000000;
    6135 : 00000000;
    6136 : 00000000;
    6137 : 00000000;
    6138 : 00000000;
    6139 : 00000000;
    6140 : 53494730;
    6141 : 00000128;
    6142 : 0000014C;
    6143 : 00000024;
    6144 : 4A000113;
    6145 : 0000D0B7;
    6146 : CCC08093;
    6147 : FFF00F93;
    6148 : 00000813;
    6149 : 010FD663;
    6150 : 000120B7;
    6151 : 3AB08093;
    6152 : 00112023;
    6153 : 0000D0B7;
    6154 : CCC08093;
    6155 : 00100F13;
    6156 : 80100793;
    6157 : 00FF5663;
    6158 : 000120B7;
    6159 : 3AB08093;
    6160 : 00112223;
    6161 : 0080006F;
    6162 : 0200006F;
    6163 : 0000D0B7;
    6164 : CCC08093;
    6165 : 00000E93;
    6166 : FFF00713;
    6167 : FEEED6E3;
    6168 : 000120B7;
    6169 : 3AB08093;
    6170 : 00112423;
    6171 : 0000D0B7;
    6172 : CCC08093;
    6173 : 7FF00E13;
    6174 : FFFFF6B7;
    6175 : DCC68693;
    6176 : 00DE5663;
    6177 : 000120B7;
    6178 : 3AB08093;
    6179 : 00112623;
    6180 : 0000D0B7;
    6181 : CCC08093;
    6182 : 00000D93;
    6183 : 80000637;
    6184 : 00CDD663;
    6185 : 000120B7;
    6186 : 3AB08093;
    6187 : 00112823;
    6188 : 4B400113;
    6189 : 0000D0B7;
    6190 : CCC08093;
    6191 : 00001D37;
    6192 : 800D0D13;
    6193 : 000015B7;
    6194 : 23458593;
    6195 : 00BD5663;
    6196 : 000120B7;
    6197 : 3AB08093;
    6198 : 00112023;
    6199 : 0000D0B7;
    6200 : CCC08093;
    6201 : 07654CB7;
    6202 : 321C8C93;
    6203 : FFF00513;
    6204 : 00ACD663;
    6205 : 000120B7;
    6206 : 3AB08093;
    6207 : 00112223;
    6208 : 0080006F;
    6209 : 0240006F;
    6210 : 0000D0B7;
    6211 : CCC08093;
    6212 : 80000C37;
    6213 : FFFC0C13;
    6214 : 00100493;
    6215 : FE9C54E3;
    6216 : 000120B7;
    6217 : 3AB08093;
    6218 : 00112423;
    6219 : 0000D0B7;
    6220 : CCC08093;
    6221 : 00100B93;
    6222 : 80000437;
    6223 : FFF40413;
    6224 : 008BD663;
    6225 : 000120B7;
    6226 : 3AB08093;
    6227 : 00112623;
    6228 : 0000D0B7;
    6229 : CCC08093;
    6230 : FFF00B13;
    6231 : 076543B7;
    6232 : 32138393;
    6233 : 007B5663;
    6234 : 000120B7;
    6235 : 3AB08093;
    6236 : 00112823;
    6237 : 4C800393;
    6238 : 0000D0B7;
    6239 : CCC08093;
    6240 : 00001AB7;
    6241 : 234A8A93;
    6242 : 00001337;
    6243 : 80030313;
    6244 : 006AD663;
    6245 : 000120B7;
    6246 : 3AB08093;
    6247 : 0013A023;
    6248 : 0000D0B7;
    6249 : CCC08093;
    6250 : 80000A37;
    6251 : 00000293;
    6252 : 005A5663;
    6253 : 000120B7;
    6254 : 3AB08093;
    6255 : 0013A223;
    6256 : 0080006F;
    6257 : 0240006F;
    6258 : 0000D0B7;
    6259 : CCC08093;
    6260 : FFFFF9B7;
    6261 : DCC98993;
    6262 : 7FF00213;
    6263 : FE49D4E3;
    6264 : 000120B7;
    6265 : 3AB08093;
    6266 : 0013A423;
    6267 : 0000D0B7;
    6268 : CCC08093;
    6269 : FFF00913;
    6270 : FFF00193;
    6271 : 00395663;
    6272 : 000120B7;
    6273 : 3AB08093;
    6274 : 0013A623;
    6275 : 0000D0B7;
    6276 : CCC08093;
    6277 : 80100893;
    6278 : 00100113;
    6279 : 0028D663;
    6280 : 000120B7;
    6281 : 3AB08093;
    6282 : 0013A823;
    6283 : 4DC00193;
    6284 : 0000D137;
    6285 : CCC10113;
    6286 : 00000813;
    6287 : 00000093;
    6288 : 00185663;
    6289 : 00012137;
    6290 : 3AB10113;
    6291 : 0021A023;
    6292 : 0000D0B7;
    6293 : CCC08093;
    6294 : FFF00793;
    6295 : 00000013;
    6296 : 0007D663;
    6297 : 000120B7;
    6298 : 3AB08093;
    6299 : 0011A223;
    6300 : 0080006F;
    6301 : 0200006F;
    6302 : 0000D0B7;
    6303 : CCC08093;
    6304 : 00100713;
    6305 : 80100F93;
    6306 : FFF756E3;
    6307 : 000120B7;
    6308 : 3AB08093;
    6309 : 0011A423;
    6310 : 0000D0B7;
    6311 : CCC08093;
    6312 : 00000693;
    6313 : FFF00F13;
    6314 : 01E6D663;
    6315 : 000120B7;
    6316 : 3AB08093;
    6317 : 0011A623;
    6318 : 0000D0B7;
    6319 : CCC08093;
    6320 : 7FF00613;
    6321 : FFFFFEB7;
    6322 : DCCE8E93;
    6323 : 01D65663;
    6324 : 000120B7;
    6325 : 3AB08093;
    6326 : 0011A823;
    6327 : 4F000113;
    6328 : 0000D0B7;
    6329 : CCC08093;
    6330 : 00000593;
    6331 : 80000E37;
    6332 : 01C5D663;
    6333 : 000120B7;
    6334 : 3AB08093;
    6335 : 00112023;
    6336 : 0000D0B7;
    6337 : CCC08093;
    6338 : 00001537;
    6339 : 80050513;
    6340 : 00001DB7;
    6341 : 234D8D93;
    6342 : 01B55663;
    6343 : 000120B7;
    6344 : 3AB08093;
    6345 : 00112223;
    6346 : 0080006F;
    6347 : 0240006F;
    6348 : 0000D0B7;
    6349 : CCC08093;
    6350 : 076544B7;
    6351 : 32148493;
    6352 : FFF00D13;
    6353 : FFA4D4E3;
    6354 : 000120B7;
    6355 : 3AB08093;
    6356 : 00112423;
    6357 : 0000D0B7;
    6358 : CCC08093;
    6359 : 80000437;
    6360 : FFF40413;
    6361 : 00100C93;
    6362 : 01945663;
    6363 : 000120B7;
    6364 : 3AB08093;
    6365 : 00112623;
    6366 : 0000D0B7;
    6367 : CCC08093;
    6368 : 00100393;
    6369 : 80000C37;
    6370 : FFFC0C13;
    6371 : 0183D663;
    6372 : 000120B7;
    6373 : 3AB08093;
    6374 : 00112823;
    6375 : 50400393;
    6376 : 0000D0B7;
    6377 : CCC08093;
    6378 : FFF00313;
    6379 : 07654BB7;
    6380 : 321B8B93;
    6381 : 01735663;
    6382 : 000120B7;
    6383 : 3AB08093;
    6384 : 0013A023;
    6385 : 0000D0B7;
    6386 : CCC08093;
    6387 : 000012B7;
    6388 : 23428293;
    6389 : 00001B37;
    6390 : 800B0B13;
    6391 : 0162D663;
    6392 : 000120B7;
    6393 : 3AB08093;
    6394 : 0013A223;
    6395 : 0080006F;
    6396 : 0200006F;
    6397 : 0000D0B7;
    6398 : CCC08093;
    6399 : 80000237;
    6400 : 00000A93;
    6401 : FF5256E3;
    6402 : 000120B7;
    6403 : 3AB08093;
    6404 : 0013A423;
    6405 : 0000D0B7;
    6406 : CCC08093;
    6407 : FFFFF1B7;
    6408 : DCC18193;
    6409 : 7FF00A13;
    6410 : 0141D663;
    6411 : 000120B7;
    6412 : 3AB08093;
    6413 : 0013A623;
    6414 : 0000D0B7;
    6415 : CCC08093;
    6416 : FFF00113;
    6417 : FFF00993;
    6418 : 01315663;
    6419 : 000120B7;
    6420 : 3AB08093;
    6421 : 0013A823;
    6422 : 51800193;
    6423 : 0000D137;
    6424 : CCC10113;
    6425 : 80100093;
    6426 : 00100913;
    6427 : 0120D663;
    6428 : 00012137;
    6429 : 3AB10113;
    6430 : 0021A023;
    6431 : 0000D0B7;
    6432 : CCC08093;
    6433 : 00000013;
    6434 : 00000893;
    6435 : 01105663;
    6436 : 000120B7;
    6437 : 3AB08093;
    6438 : 0011A223;
    6439 : 00000073;
    6440 : FFFFFFFF;
    6441 : FFFFFFFF;
    6442 : FFFFFFFF;
    6443 : FFFFFFFF;
    6444 : FFFFFFFF;
    6445 : FFFFFFFF;
    6446 : FFFFFFFF;
    6447 : FFFFFFFF;
    6448 : FFFFFFFF;
    6449 : FFFFFFFF;
    6450 : FFFFFFFF;
    6451 : FFFFFFFF;
    6452 : FFFFFFFF;
    6453 : FFFFFFFF;
    6454 : FFFFFFFF;
    6455 : FFFFFFFF;
    6456 : FFFFFFFF;
    6457 : FFFFFFFF;
    6458 : FFFFFFFF;
    6459 : FFFFFFFF;
    6460 : FFFFFFFF;
    6461 : FFFFFFFF;
    6462 : FFFFFFFF;
    6463 : FFFFFFFF;
    6464 : FFFFFFFF;
    6465 : FFFFFFFF;
    6466 : FFFFFFFF;
    6467 : FFFFFFFF;
    6468 : FFFFFFFF;
    6469 : FFFFFFFF;
    6470 : FFFFFFFF;
    6471 : FFFFFFFF;
    6472 : FFFFFFFF;
    6473 : FFFFFFFF;
    6474 : FFFFFFFF;
    6475 : 00000000;
    6476 : 00000000;
    6477 : 00000000;
    6478 : 00000000;
    6479 : 00000000;
    6480 : 00000000;
    6481 : 00000000;
    6482 : 00000000;
    6483 : 00000000;
    6484 : 00000000;
    6485 : 00000000;
    6486 : 00000000;
    6487 : 00000000;
    6488 : 00000000;
    6489 : 00000000;
    6490 : 00000000;
    6491 : 00000000;
    6492 : 00000000;
    6493 : 00000000;
    6494 : 00000000;
    6495 : 00000000;
    6496 : 00000000;
    6497 : 00000000;
    6498 : 00000000;
    6499 : 00000000;
    6500 : 00000000;
    6501 : 00000000;
    6502 : 00000000;
    6503 : 00000000;
    6504 : 00000000;
    6505 : 00000000;
    6506 : 00000000;
    6507 : 00000000;
    6508 : 00000000;
    6509 : 00000000;
    6510 : 00000000;
    6511 : 00000000;
    6512 : 00000000;
    6513 : 00000000;
    6514 : 00000000;
    6515 : 00000000;
    6516 : 00000000;
    6517 : 00000000;
    6518 : 00000000;
    6519 : 00000000;
    6520 : 00000000;
    6521 : 00000000;
    6522 : 00000000;
    6523 : 00000000;
    6524 : 00000000;
    6525 : 00000000;
    6526 : 00000000;
    6527 : 00000000;
    6528 : 00000000;
    6529 : 00000000;
    6530 : 00000000;
    6531 : 00000000;
    6532 : 00000000;
    6533 : 00000000;
    6534 : 00000000;
    6535 : 00000000;
    6536 : 00000000;
    6537 : 00000000;
    6538 : 00000000;
    6539 : 00000000;
    6540 : 00000000;
    6541 : 00000000;
    6542 : 00000000;
    6543 : 00000000;
    6544 : 00000000;
    6545 : 00000000;
    6546 : 00000000;
    6547 : 00000000;
    6548 : 00000000;
    6549 : 00000000;
    6550 : 00000000;
    6551 : 00000000;
    6552 : 00000000;
    6553 : 00000000;
    6554 : 00000000;
    6555 : 00000000;
    6556 : 00000000;
    6557 : 00000000;
    6558 : 00000000;
    6559 : 00000000;
    6560 : 00000000;
    6561 : 00000000;
    6562 : 00000000;
    6563 : 00000000;
    6564 : 00000000;
    6565 : 00000000;
    6566 : 00000000;
    6567 : 00000000;
    6568 : 00000000;
    6569 : 00000000;
    6570 : 00000000;
    6571 : 00000000;
    6572 : 00000000;
    6573 : 00000000;
    6574 : 00000000;
    6575 : 00000000;
    6576 : 00000000;
    6577 : 00000000;
    6578 : 00000000;
    6579 : 00000000;
    6580 : 00000000;
    6581 : 00000000;
    6582 : 00000000;
    6583 : 00000000;
    6584 : 00000000;
    6585 : 00000000;
    6586 : 00000000;
    6587 : 00000000;
    6588 : 00000000;
    6589 : 00000000;
    6590 : 00000000;
    6591 : 00000000;
    6592 : 00000000;
    6593 : 00000000;
    6594 : 00000000;
    6595 : 00000000;
    6596 : 00000000;
    6597 : 00000000;
    6598 : 00000000;
    6599 : 00000000;
    6600 : 00000000;
    6601 : 00000000;
    6602 : 00000000;
    6603 : 00000000;
    6604 : 00000000;
    6605 : 00000000;
    6606 : 00000000;
    6607 : 00000000;
    6608 : 00000000;
    6609 : 00000000;
    6610 : 00000000;
    6611 : 00000000;
    6612 : 00000000;
    6613 : 00000000;
    6614 : 00000000;
    6615 : 00000000;
    6616 : 00000000;
    6617 : 00000000;
    6618 : 00000000;
    6619 : 00000000;
    6620 : 00000000;
    6621 : 00000000;
    6622 : 00000000;
    6623 : 00000000;
    6624 : 00000000;
    6625 : 00000000;
    6626 : 00000000;
    6627 : 00000000;
    6628 : 00000000;
    6629 : 00000000;
    6630 : 00000000;
    6631 : 00000000;
    6632 : 00000000;
    6633 : 00000000;
    6634 : 00000000;
    6635 : 00000000;
    6636 : 00000000;
    6637 : 00000000;
    6638 : 00000000;
    6639 : 00000000;
    6640 : 00000000;
    6641 : 00000000;
    6642 : 00000000;
    6643 : 00000000;
    6644 : 00000000;
    6645 : 00000000;
    6646 : 00000000;
    6647 : 00000000;
    6648 : 00000000;
    6649 : 00000000;
    6650 : 00000000;
    6651 : 00000000;
    6652 : 00000000;
    6653 : 00000000;
    6654 : 00000000;
    6655 : 00000000;
    6656 : 00000000;
    6657 : 00000000;
    6658 : 00000000;
    6659 : 00000000;
    6660 : 00000000;
    6661 : 00000000;
    6662 : 00000000;
    6663 : 00000000;
    6664 : 00000000;
    6665 : 00000000;
    6666 : 00000000;
    6667 : 00000000;
    6668 : 00000000;
    6669 : 00000000;
    6670 : 00000000;
    6671 : 00000000;
    6672 : 00000000;
    6673 : 00000000;
    6674 : 00000000;
    6675 : 00000000;
    6676 : 00000000;
    6677 : 00000000;
    6678 : 00000000;
    6679 : 00000000;
    6680 : 00000000;
    6681 : 00000000;
    6682 : 00000000;
    6683 : 00000000;
    6684 : 00000000;
    6685 : 00000000;
    6686 : 00000000;
    6687 : 00000000;
    6688 : 00000000;
    6689 : 00000000;
    6690 : 00000000;
    6691 : 00000000;
    6692 : 00000000;
    6693 : 00000000;
    6694 : 00000000;
    6695 : 00000000;
    6696 : 00000000;
    6697 : 00000000;
    6698 : 00000000;
    6699 : 00000000;
    6700 : 00000000;
    6701 : 00000000;
    6702 : 00000000;
    6703 : 00000000;
    6704 : 00000000;
    6705 : 00000000;
    6706 : 00000000;
    6707 : 00000000;
    6708 : 00000000;
    6709 : 00000000;
    6710 : 00000000;
    6711 : 00000000;
    6712 : 00000000;
    6713 : 00000000;
    6714 : 00000000;
    6715 : 00000000;
    6716 : 00000000;
    6717 : 00000000;
    6718 : 00000000;
    6719 : 00000000;
    6720 : 00000000;
    6721 : 00000000;
    6722 : 00000000;
    6723 : 00000000;
    6724 : 00000000;
    6725 : 00000000;
    6726 : 00000000;
    6727 : 00000000;
    6728 : 00000000;
    6729 : 00000000;
    6730 : 00000000;
    6731 : 00000000;
    6732 : 00000000;
    6733 : 00000000;
    6734 : 00000000;
    6735 : 00000000;
    6736 : 00000000;
    6737 : 00000000;
    6738 : 00000000;
    6739 : 00000000;
    6740 : 00000000;
    6741 : 00000000;
    6742 : 00000000;
    6743 : 00000000;
    6744 : 00000000;
    6745 : 00000000;
    6746 : 00000000;
    6747 : 00000000;
    6748 : 00000000;
    6749 : 00000000;
    6750 : 00000000;
    6751 : 00000000;
    6752 : 00000000;
    6753 : 00000000;
    6754 : 00000000;
    6755 : 00000000;
    6756 : 00000000;
    6757 : 00000000;
    6758 : 00000000;
    6759 : 00000000;
    6760 : 00000000;
    6761 : 00000000;
    6762 : 00000000;
    6763 : 00000000;
    6764 : 00000000;
    6765 : 00000000;
    6766 : 00000000;
    6767 : 00000000;
    6768 : 00000000;
    6769 : 00000000;
    6770 : 00000000;
    6771 : 00000000;
    6772 : 00000000;
    6773 : 00000000;
    6774 : 00000000;
    6775 : 00000000;
    6776 : 00000000;
    6777 : 00000000;
    6778 : 00000000;
    6779 : 00000000;
    6780 : 00000000;
    6781 : 00000000;
    6782 : 00000000;
    6783 : 00000000;
    6784 : 00000000;
    6785 : 00000000;
    6786 : 00000000;
    6787 : 00000000;
    6788 : 00000000;
    6789 : 00000000;
    6790 : 00000000;
    6791 : 00000000;
    6792 : 00000000;
    6793 : 00000000;
    6794 : 00000000;
    6795 : 00000000;
    6796 : 00000000;
    6797 : 00000000;
    6798 : 00000000;
    6799 : 00000000;
    6800 : 00000000;
    6801 : 00000000;
    6802 : 00000000;
    6803 : 00000000;
    6804 : 00000000;
    6805 : 00000000;
    6806 : 00000000;
    6807 : 00000000;
    6808 : 00000000;
    6809 : 00000000;
    6810 : 00000000;
    6811 : 00000000;
    6812 : 00000000;
    6813 : 00000000;
    6814 : 00000000;
    6815 : 00000000;
    6816 : 00000000;
    6817 : 00000000;
    6818 : 00000000;
    6819 : 00000000;
    6820 : 00000000;
    6821 : 00000000;
    6822 : 00000000;
    6823 : 00000000;
    6824 : 00000000;
    6825 : 00000000;
    6826 : 00000000;
    6827 : 00000000;
    6828 : 00000000;
    6829 : 00000000;
    6830 : 00000000;
    6831 : 00000000;
    6832 : 00000000;
    6833 : 00000000;
    6834 : 00000000;
    6835 : 00000000;
    6836 : 00000000;
    6837 : 00000000;
    6838 : 00000000;
    6839 : 00000000;
    6840 : 00000000;
    6841 : 00000000;
    6842 : 00000000;
    6843 : 00000000;
    6844 : 00000000;
    6845 : 00000000;
    6846 : 00000000;
    6847 : 00000000;
    6848 : 00000000;
    6849 : 00000000;
    6850 : 00000000;
    6851 : 00000000;
    6852 : 00000000;
    6853 : 00000000;
    6854 : 00000000;
    6855 : 00000000;
    6856 : 00000000;
    6857 : 00000000;
    6858 : 00000000;
    6859 : 00000000;
    6860 : 00000000;
    6861 : 00000000;
    6862 : 00000000;
    6863 : 00000000;
    6864 : 00000000;
    6865 : 00000000;
    6866 : 00000000;
    6867 : 00000000;
    6868 : 00000000;
    6869 : 00000000;
    6870 : 00000000;
    6871 : 00000000;
    6872 : 00000000;
    6873 : 00000000;
    6874 : 00000000;
    6875 : 00000000;
    6876 : 00000000;
    6877 : 00000000;
    6878 : 00000000;
    6879 : 00000000;
    6880 : 00000000;
    6881 : 00000000;
    6882 : 00000000;
    6883 : 00000000;
    6884 : 00000000;
    6885 : 00000000;
    6886 : 00000000;
    6887 : 00000000;
    6888 : 00000000;
    6889 : 00000000;
    6890 : 00000000;
    6891 : 00000000;
    6892 : 00000000;
    6893 : 00000000;
    6894 : 00000000;
    6895 : 00000000;
    6896 : 00000000;
    6897 : 00000000;
    6898 : 00000000;
    6899 : 00000000;
    6900 : 00000000;
    6901 : 00000000;
    6902 : 00000000;
    6903 : 00000000;
    6904 : 00000000;
    6905 : 00000000;
    6906 : 00000000;
    6907 : 00000000;
    6908 : 00000000;
    6909 : 00000000;
    6910 : 00000000;
    6911 : 00000000;
    6912 : 00000000;
    6913 : 00000000;
    6914 : 00000000;
    6915 : 00000000;
    6916 : 00000000;
    6917 : 00000000;
    6918 : 00000000;
    6919 : 00000000;
    6920 : 00000000;
    6921 : 00000000;
    6922 : 00000000;
    6923 : 00000000;
    6924 : 00000000;
    6925 : 00000000;
    6926 : 00000000;
    6927 : 00000000;
    6928 : 00000000;
    6929 : 00000000;
    6930 : 00000000;
    6931 : 00000000;
    6932 : 00000000;
    6933 : 00000000;
    6934 : 00000000;
    6935 : 00000000;
    6936 : 00000000;
    6937 : 00000000;
    6938 : 00000000;
    6939 : 00000000;
    6940 : 00000000;
    6941 : 00000000;
    6942 : 00000000;
    6943 : 00000000;
    6944 : 00000000;
    6945 : 00000000;
    6946 : 00000000;
    6947 : 00000000;
    6948 : 00000000;
    6949 : 00000000;
    6950 : 00000000;
    6951 : 00000000;
    6952 : 00000000;
    6953 : 00000000;
    6954 : 00000000;
    6955 : 00000000;
    6956 : 00000000;
    6957 : 00000000;
    6958 : 00000000;
    6959 : 00000000;
    6960 : 00000000;
    6961 : 00000000;
    6962 : 00000000;
    6963 : 00000000;
    6964 : 00000000;
    6965 : 00000000;
    6966 : 00000000;
    6967 : 00000000;
    6968 : 00000000;
    6969 : 00000000;
    6970 : 00000000;
    6971 : 00000000;
    6972 : 00000000;
    6973 : 00000000;
    6974 : 00000000;
    6975 : 00000000;
    6976 : 00000000;
    6977 : 00000000;
    6978 : 00000000;
    6979 : 00000000;
    6980 : 00000000;
    6981 : 00000000;
    6982 : 00000000;
    6983 : 00000000;
    6984 : 00000000;
    6985 : 00000000;
    6986 : 00000000;
    6987 : 00000000;
    6988 : 00000000;
    6989 : 00000000;
    6990 : 00000000;
    6991 : 00000000;
    6992 : 00000000;
    6993 : 00000000;
    6994 : 00000000;
    6995 : 00000000;
    6996 : 00000000;
    6997 : 00000000;
    6998 : 00000000;
    6999 : 00000000;
    7000 : 00000000;
    7001 : 00000000;
    7002 : 00000000;
    7003 : 00000000;
    7004 : 00000000;
    7005 : 00000000;
    7006 : 00000000;
    7007 : 00000000;
    7008 : 00000000;
    7009 : 00000000;
    7010 : 00000000;
    7011 : 00000000;
    7012 : 00000000;
    7013 : 00000000;
    7014 : 00000000;
    7015 : 00000000;
    7016 : 00000000;
    7017 : 00000000;
    7018 : 00000000;
    7019 : 00000000;
    7020 : 00000000;
    7021 : 00000000;
    7022 : 00000000;
    7023 : 00000000;
    7024 : 00000000;
    7025 : 00000000;
    7026 : 00000000;
    7027 : 00000000;
    7028 : 00000000;
    7029 : 00000000;
    7030 : 00000000;
    7031 : 00000000;
    7032 : 00000000;
    7033 : 00000000;
    7034 : 00000000;
    7035 : 00000000;
    7036 : 00000000;
    7037 : 00000000;
    7038 : 00000000;
    7039 : 00000000;
    7040 : 00000000;
    7041 : 00000000;
    7042 : 00000000;
    7043 : 00000000;
    7044 : 00000000;
    7045 : 00000000;
    7046 : 00000000;
    7047 : 00000000;
    7048 : 00000000;
    7049 : 00000000;
    7050 : 00000000;
    7051 : 00000000;
    7052 : 00000000;
    7053 : 00000000;
    7054 : 00000000;
    7055 : 00000000;
    7056 : 00000000;
    7057 : 00000000;
    7058 : 00000000;
    7059 : 00000000;
    7060 : 00000000;
    7061 : 00000000;
    7062 : 00000000;
    7063 : 00000000;
    7064 : 00000000;
    7065 : 00000000;
    7066 : 00000000;
    7067 : 00000000;
    7068 : 00000000;
    7069 : 00000000;
    7070 : 00000000;
    7071 : 00000000;
    7072 : 00000000;
    7073 : 00000000;
    7074 : 00000000;
    7075 : 00000000;
    7076 : 00000000;
    7077 : 00000000;
    7078 : 00000000;
    7079 : 00000000;
    7080 : 00000000;
    7081 : 00000000;
    7082 : 00000000;
    7083 : 00000000;
    7084 : 00000000;
    7085 : 00000000;
    7086 : 00000000;
    7087 : 00000000;
    7088 : 00000000;
    7089 : 00000000;
    7090 : 00000000;
    7091 : 00000000;
    7092 : 00000000;
    7093 : 00000000;
    7094 : 00000000;
    7095 : 00000000;
    7096 : 00000000;
    7097 : 00000000;
    7098 : 00000000;
    7099 : 00000000;
    7100 : 00000000;
    7101 : 00000000;
    7102 : 00000000;
    7103 : 00000000;
    7104 : 00000000;
    7105 : 00000000;
    7106 : 00000000;
    7107 : 00000000;
    7108 : 00000000;
    7109 : 00000000;
    7110 : 00000000;
    7111 : 00000000;
    7112 : 00000000;
    7113 : 00000000;
    7114 : 00000000;
    7115 : 00000000;
    7116 : 00000000;
    7117 : 00000000;
    7118 : 00000000;
    7119 : 00000000;
    7120 : 00000000;
    7121 : 00000000;
    7122 : 00000000;
    7123 : 00000000;
    7124 : 00000000;
    7125 : 00000000;
    7126 : 00000000;
    7127 : 00000000;
    7128 : 00000000;
    7129 : 00000000;
    7130 : 00000000;
    7131 : 00000000;
    7132 : 00000000;
    7133 : 00000000;
    7134 : 00000000;
    7135 : 00000000;
    7136 : 00000000;
    7137 : 00000000;
    7138 : 00000000;
    7139 : 00000000;
    7140 : 00000000;
    7141 : 00000000;
    7142 : 00000000;
    7143 : 00000000;
    7144 : 00000000;
    7145 : 00000000;
    7146 : 00000000;
    7147 : 00000000;
    7148 : 00000000;
    7149 : 00000000;
    7150 : 00000000;
    7151 : 00000000;
    7152 : 00000000;
    7153 : 00000000;
    7154 : 00000000;
    7155 : 00000000;
    7156 : 00000000;
    7157 : 00000000;
    7158 : 00000000;
    7159 : 00000000;
    7160 : 00000000;
    7161 : 00000000;
    7162 : 00000000;
    7163 : 00000000;
    7164 : 53494730;
    7165 : 00000128;
    7166 : 0000014C;
    7167 : 00000024;
    7168 : 4A000113;
    7169 : 0000D0B7;
    7170 : CCC08093;
    7171 : FFF00F93;
    7172 : 00000813;
    7173 : 010FF663;
    7174 : 000120B7;
    7175 : 3AB08093;
    7176 : 00112023;
    7177 : 0000D0B7;
    7178 : CCC08093;
    7179 : 00100F13;
    7180 : 80100793;
    7181 : 00FF7663;
    7182 : 000120B7;
    7183 : 3AB08093;
    7184 : 00112223;
    7185 : 0080006F;
    7186 : 0200006F;
    7187 : 0000D0B7;
    7188 : CCC08093;
    7189 : 00000E93;
    7190 : FFF00713;
    7191 : FEEEF6E3;
    7192 : 000120B7;
    7193 : 3AB08093;
    7194 : 00112423;
    7195 : 0000D0B7;
    7196 : CCC08093;
    7197 : 7FF00E13;
    7198 : FFFFF6B7;
    7199 : DCC68693;
    7200 : 00DE7663;
    7201 : 000120B7;
    7202 : 3AB08093;
    7203 : 00112623;
    7204 : 0000D0B7;
    7205 : CCC08093;
    7206 : 00000D93;
    7207 : 80000637;
    7208 : 00CDF663;
    7209 : 000120B7;
    7210 : 3AB08093;
    7211 : 00112823;
    7212 : 4B400113;
    7213 : 0000D0B7;
    7214 : CCC08093;
    7215 : 00001D37;
    7216 : 800D0D13;
    7217 : 000015B7;
    7218 : 23458593;
    7219 : 00BD7663;
    7220 : 000120B7;
    7221 : 3AB08093;
    7222 : 00112023;
    7223 : 0000D0B7;
    7224 : CCC08093;
    7225 : 07654CB7;
    7226 : 321C8C93;
    7227 : FFF00513;
    7228 : 00ACF663;
    7229 : 000120B7;
    7230 : 3AB08093;
    7231 : 00112223;
    7232 : 0080006F;
    7233 : 0240006F;
    7234 : 0000D0B7;
    7235 : CCC08093;
    7236 : 80000C37;
    7237 : FFFC0C13;
    7238 : 00100493;
    7239 : FE9C74E3;
    7240 : 000120B7;
    7241 : 3AB08093;
    7242 : 00112423;
    7243 : 0000D0B7;
    7244 : CCC08093;
    7245 : 00100B93;
    7246 : 80000437;
    7247 : FFF40413;
    7248 : 008BF663;
    7249 : 000120B7;
    7250 : 3AB08093;
    7251 : 00112623;
    7252 : 0000D0B7;
    7253 : CCC08093;
    7254 : FFF00B13;
    7255 : 076543B7;
    7256 : 32138393;
    7257 : 007B7663;
    7258 : 000120B7;
    7259 : 3AB08093;
    7260 : 00112823;
    7261 : 4C800393;
    7262 : 0000D0B7;
    7263 : CCC08093;
    7264 : 00001AB7;
    7265 : 234A8A93;
    7266 : 00001337;
    7267 : 80030313;
    7268 : 006AF663;
    7269 : 000120B7;
    7270 : 3AB08093;
    7271 : 0013A023;
    7272 : 0000D0B7;
    7273 : CCC08093;
    7274 : 80000A37;
    7275 : 00000293;
    7276 : 005A7663;
    7277 : 000120B7;
    7278 : 3AB08093;
    7279 : 0013A223;
    7280 : 0080006F;
    7281 : 0240006F;
    7282 : 0000D0B7;
    7283 : CCC08093;
    7284 : FFFFF9B7;
    7285 : DCC98993;
    7286 : 7FF00213;
    7287 : FE49F4E3;
    7288 : 000120B7;
    7289 : 3AB08093;
    7290 : 0013A423;
    7291 : 0000D0B7;
    7292 : CCC08093;
    7293 : FFF00913;
    7294 : FFF00193;
    7295 : 00397663;
    7296 : 000120B7;
    7297 : 3AB08093;
    7298 : 0013A623;
    7299 : 0000D0B7;
    7300 : CCC08093;
    7301 : 80100893;
    7302 : 00100113;
    7303 : 0028F663;
    7304 : 000120B7;
    7305 : 3AB08093;
    7306 : 0013A823;
    7307 : 4DC00193;
    7308 : 0000D137;
    7309 : CCC10113;
    7310 : 00000813;
    7311 : 00000093;
    7312 : 00187663;
    7313 : 00012137;
    7314 : 3AB10113;
    7315 : 0021A023;
    7316 : 0000D0B7;
    7317 : CCC08093;
    7318 : FFF00793;
    7319 : 00000013;
    7320 : 0007F663;
    7321 : 000120B7;
    7322 : 3AB08093;
    7323 : 0011A223;
    7324 : 0080006F;
    7325 : 0200006F;
    7326 : 0000D0B7;
    7327 : CCC08093;
    7328 : 00100713;
    7329 : 80100F93;
    7330 : FFF776E3;
    7331 : 000120B7;
    7332 : 3AB08093;
    7333 : 0011A423;
    7334 : 0000D0B7;
    7335 : CCC08093;
    7336 : 00000693;
    7337 : FFF00F13;
    7338 : 01E6F663;
    7339 : 000120B7;
    7340 : 3AB08093;
    7341 : 0011A623;
    7342 : 0000D0B7;
    7343 : CCC08093;
    7344 : 7FF00613;
    7345 : FFFFFEB7;
    7346 : DCCE8E93;
    7347 : 01D67663;
    7348 : 000120B7;
    7349 : 3AB08093;
    7350 : 0011A823;
    7351 : 4F000113;
    7352 : 0000D0B7;
    7353 : CCC08093;
    7354 : 00000593;
    7355 : 80000E37;
    7356 : 01C5F663;
    7357 : 000120B7;
    7358 : 3AB08093;
    7359 : 00112023;
    7360 : 0000D0B7;
    7361 : CCC08093;
    7362 : 00001537;
    7363 : 80050513;
    7364 : 00001DB7;
    7365 : 234D8D93;
    7366 : 01B57663;
    7367 : 000120B7;
    7368 : 3AB08093;
    7369 : 00112223;
    7370 : 0080006F;
    7371 : 0240006F;
    7372 : 0000D0B7;
    7373 : CCC08093;
    7374 : 076544B7;
    7375 : 32148493;
    7376 : FFF00D13;
    7377 : FFA4F4E3;
    7378 : 000120B7;
    7379 : 3AB08093;
    7380 : 00112423;
    7381 : 0000D0B7;
    7382 : CCC08093;
    7383 : 80000437;
    7384 : FFF40413;
    7385 : 00100C93;
    7386 : 01947663;
    7387 : 000120B7;
    7388 : 3AB08093;
    7389 : 00112623;
    7390 : 0000D0B7;
    7391 : CCC08093;
    7392 : 00100393;
    7393 : 80000C37;
    7394 : FFFC0C13;
    7395 : 0183F663;
    7396 : 000120B7;
    7397 : 3AB08093;
    7398 : 00112823;
    7399 : 50400393;
    7400 : 0000D0B7;
    7401 : CCC08093;
    7402 : FFF00313;
    7403 : 07654BB7;
    7404 : 321B8B93;
    7405 : 01737663;
    7406 : 000120B7;
    7407 : 3AB08093;
    7408 : 0013A023;
    7409 : 0000D0B7;
    7410 : CCC08093;
    7411 : 000012B7;
    7412 : 23428293;
    7413 : 00001B37;
    7414 : 800B0B13;
    7415 : 0162F663;
    7416 : 000120B7;
    7417 : 3AB08093;
    7418 : 0013A223;
    7419 : 0080006F;
    7420 : 0200006F;
    7421 : 0000D0B7;
    7422 : CCC08093;
    7423 : 80000237;
    7424 : 00000A93;
    7425 : FF5276E3;
    7426 : 000120B7;
    7427 : 3AB08093;
    7428 : 0013A423;
    7429 : 0000D0B7;
    7430 : CCC08093;
    7431 : FFFFF1B7;
    7432 : DCC18193;
    7433 : 7FF00A13;
    7434 : 0141F663;
    7435 : 000120B7;
    7436 : 3AB08093;
    7437 : 0013A623;
    7438 : 0000D0B7;
    7439 : CCC08093;
    7440 : FFF00113;
    7441 : FFF00993;
    7442 : 01317663;
    7443 : 000120B7;
    7444 : 3AB08093;
    7445 : 0013A823;
    7446 : 51800193;
    7447 : 0000D137;
    7448 : CCC10113;
    7449 : 80100093;
    7450 : 00100913;
    7451 : 0120F663;
    7452 : 00012137;
    7453 : 3AB10113;
    7454 : 0021A023;
    7455 : 0000D0B7;
    7456 : CCC08093;
    7457 : 00000013;
    7458 : 00000893;
    7459 : 01107663;
    7460 : 000120B7;
    7461 : 3AB08093;
    7462 : 0011A223;
    7463 : 00000073;
    7464 : FFFFFFFF;
    7465 : FFFFFFFF;
    7466 : FFFFFFFF;
    7467 : FFFFFFFF;
    7468 : FFFFFFFF;
    7469 : FFFFFFFF;
    7470 : FFFFFFFF;
    7471 : FFFFFFFF;
    7472 : FFFFFFFF;
    7473 : FFFFFFFF;
    7474 : FFFFFFFF;
    7475 : FFFFFFFF;
    7476 : FFFFFFFF;
    7477 : FFFFFFFF;
    7478 : FFFFFFFF;
    7479 : FFFFFFFF;
    7480 : FFFFFFFF;
    7481 : FFFFFFFF;
    7482 : FFFFFFFF;
    7483 : FFFFFFFF;
    7484 : FFFFFFFF;
    7485 : FFFFFFFF;
    7486 : FFFFFFFF;
    7487 : FFFFFFFF;
    7488 : FFFFFFFF;
    7489 : FFFFFFFF;
    7490 : FFFFFFFF;
    7491 : FFFFFFFF;
    7492 : FFFFFFFF;
    7493 : FFFFFFFF;
    7494 : FFFFFFFF;
    7495 : FFFFFFFF;
    7496 : FFFFFFFF;
    7497 : FFFFFFFF;
    7498 : FFFFFFFF;
    7499 : 00000000;
    7500 : 00000000;
    7501 : 00000000;
    7502 : 00000000;
    7503 : 00000000;
    7504 : 00000000;
    7505 : 00000000;
    7506 : 00000000;
    7507 : 00000000;
    7508 : 00000000;
    7509 : 00000000;
    7510 : 00000000;
    7511 : 00000000;
    7512 : 00000000;
    7513 : 00000000;
    7514 : 00000000;
    7515 : 00000000;
    7516 : 00000000;
    7517 : 00000000;
    7518 : 00000000;
    7519 : 00000000;
    7520 : 00000000;
    7521 : 00000000;
    7522 : 00000000;
    7523 : 00000000;
    7524 : 00000000;
    7525 : 00000000;
    7526 : 00000000;
    7527 : 00000000;
    7528 : 00000000;
    7529 : 00000000;
    7530 : 00000000;
    7531 : 00000000;
    7532 : 00000000;
    7533 : 00000000;
    7534 : 00000000;
    7535 : 00000000;
    7536 : 00000000;
    7537 : 00000000;
    7538 : 00000000;
    7539 : 00000000;
    7540 : 00000000;
    7541 : 00000000;
    7542 : 00000000;
    7543 : 00000000;
    7544 : 00000000;
    7545 : 00000000;
    7546 : 00000000;
    7547 : 00000000;
    7548 : 00000000;
    7549 : 00000000;
    7550 : 00000000;
    7551 : 00000000;
    7552 : 00000000;
    7553 : 00000000;
    7554 : 00000000;
    7555 : 00000000;
    7556 : 00000000;
    7557 : 00000000;
    7558 : 00000000;
    7559 : 00000000;
    7560 : 00000000;
    7561 : 00000000;
    7562 : 00000000;
    7563 : 00000000;
    7564 : 00000000;
    7565 : 00000000;
    7566 : 00000000;
    7567 : 00000000;
    7568 : 00000000;
    7569 : 00000000;
    7570 : 00000000;
    7571 : 00000000;
    7572 : 00000000;
    7573 : 00000000;
    7574 : 00000000;
    7575 : 00000000;
    7576 : 00000000;
    7577 : 00000000;
    7578 : 00000000;
    7579 : 00000000;
    7580 : 00000000;
    7581 : 00000000;
    7582 : 00000000;
    7583 : 00000000;
    7584 : 00000000;
    7585 : 00000000;
    7586 : 00000000;
    7587 : 00000000;
    7588 : 00000000;
    7589 : 00000000;
    7590 : 00000000;
    7591 : 00000000;
    7592 : 00000000;
    7593 : 00000000;
    7594 : 00000000;
    7595 : 00000000;
    7596 : 00000000;
    7597 : 00000000;
    7598 : 00000000;
    7599 : 00000000;
    7600 : 00000000;
    7601 : 00000000;
    7602 : 00000000;
    7603 : 00000000;
    7604 : 00000000;
    7605 : 00000000;
    7606 : 00000000;
    7607 : 00000000;
    7608 : 00000000;
    7609 : 00000000;
    7610 : 00000000;
    7611 : 00000000;
    7612 : 00000000;
    7613 : 00000000;
    7614 : 00000000;
    7615 : 00000000;
    7616 : 00000000;
    7617 : 00000000;
    7618 : 00000000;
    7619 : 00000000;
    7620 : 00000000;
    7621 : 00000000;
    7622 : 00000000;
    7623 : 00000000;
    7624 : 00000000;
    7625 : 00000000;
    7626 : 00000000;
    7627 : 00000000;
    7628 : 00000000;
    7629 : 00000000;
    7630 : 00000000;
    7631 : 00000000;
    7632 : 00000000;
    7633 : 00000000;
    7634 : 00000000;
    7635 : 00000000;
    7636 : 00000000;
    7637 : 00000000;
    7638 : 00000000;
    7639 : 00000000;
    7640 : 00000000;
    7641 : 00000000;
    7642 : 00000000;
    7643 : 00000000;
    7644 : 00000000;
    7645 : 00000000;
    7646 : 00000000;
    7647 : 00000000;
    7648 : 00000000;
    7649 : 00000000;
    7650 : 00000000;
    7651 : 00000000;
    7652 : 00000000;
    7653 : 00000000;
    7654 : 00000000;
    7655 : 00000000;
    7656 : 00000000;
    7657 : 00000000;
    7658 : 00000000;
    7659 : 00000000;
    7660 : 00000000;
    7661 : 00000000;
    7662 : 00000000;
    7663 : 00000000;
    7664 : 00000000;
    7665 : 00000000;
    7666 : 00000000;
    7667 : 00000000;
    7668 : 00000000;
    7669 : 00000000;
    7670 : 00000000;
    7671 : 00000000;
    7672 : 00000000;
    7673 : 00000000;
    7674 : 00000000;
    7675 : 00000000;
    7676 : 00000000;
    7677 : 00000000;
    7678 : 00000000;
    7679 : 00000000;
    7680 : 00000000;
    7681 : 00000000;
    7682 : 00000000;
    7683 : 00000000;
    7684 : 00000000;
    7685 : 00000000;
    7686 : 00000000;
    7687 : 00000000;
    7688 : 00000000;
    7689 : 00000000;
    7690 : 00000000;
    7691 : 00000000;
    7692 : 00000000;
    7693 : 00000000;
    7694 : 00000000;
    7695 : 00000000;
    7696 : 00000000;
    7697 : 00000000;
    7698 : 00000000;
    7699 : 00000000;
    7700 : 00000000;
    7701 : 00000000;
    7702 : 00000000;
    7703 : 00000000;
    7704 : 00000000;
    7705 : 00000000;
    7706 : 00000000;
    7707 : 00000000;
    7708 : 00000000;
    7709 : 00000000;
    7710 : 00000000;
    7711 : 00000000;
    7712 : 00000000;
    7713 : 00000000;
    7714 : 00000000;
    7715 : 00000000;
    7716 : 00000000;
    7717 : 00000000;
    7718 : 00000000;
    7719 : 00000000;
    7720 : 00000000;
    7721 : 00000000;
    7722 : 00000000;
    7723 : 00000000;
    7724 : 00000000;
    7725 : 00000000;
    7726 : 00000000;
    7727 : 00000000;
    7728 : 00000000;
    7729 : 00000000;
    7730 : 00000000;
    7731 : 00000000;
    7732 : 00000000;
    7733 : 00000000;
    7734 : 00000000;
    7735 : 00000000;
    7736 : 00000000;
    7737 : 00000000;
    7738 : 00000000;
    7739 : 00000000;
    7740 : 00000000;
    7741 : 00000000;
    7742 : 00000000;
    7743 : 00000000;
    7744 : 00000000;
    7745 : 00000000;
    7746 : 00000000;
    7747 : 00000000;
    7748 : 00000000;
    7749 : 00000000;
    7750 : 00000000;
    7751 : 00000000;
    7752 : 00000000;
    7753 : 00000000;
    7754 : 00000000;
    7755 : 00000000;
    7756 : 00000000;
    7757 : 00000000;
    7758 : 00000000;
    7759 : 00000000;
    7760 : 00000000;
    7761 : 00000000;
    7762 : 00000000;
    7763 : 00000000;
    7764 : 00000000;
    7765 : 00000000;
    7766 : 00000000;
    7767 : 00000000;
    7768 : 00000000;
    7769 : 00000000;
    7770 : 00000000;
    7771 : 00000000;
    7772 : 00000000;
    7773 : 00000000;
    7774 : 00000000;
    7775 : 00000000;
    7776 : 00000000;
    7777 : 00000000;
    7778 : 00000000;
    7779 : 00000000;
    7780 : 00000000;
    7781 : 00000000;
    7782 : 00000000;
    7783 : 00000000;
    7784 : 00000000;
    7785 : 00000000;
    7786 : 00000000;
    7787 : 00000000;
    7788 : 00000000;
    7789 : 00000000;
    7790 : 00000000;
    7791 : 00000000;
    7792 : 00000000;
    7793 : 00000000;
    7794 : 00000000;
    7795 : 00000000;
    7796 : 00000000;
    7797 : 00000000;
    7798 : 00000000;
    7799 : 00000000;
    7800 : 00000000;
    7801 : 00000000;
    7802 : 00000000;
    7803 : 00000000;
    7804 : 00000000;
    7805 : 00000000;
    7806 : 00000000;
    7807 : 00000000;
    7808 : 00000000;
    7809 : 00000000;
    7810 : 00000000;
    7811 : 00000000;
    7812 : 00000000;
    7813 : 00000000;
    7814 : 00000000;
    7815 : 00000000;
    7816 : 00000000;
    7817 : 00000000;
    7818 : 00000000;
    7819 : 00000000;
    7820 : 00000000;
    7821 : 00000000;
    7822 : 00000000;
    7823 : 00000000;
    7824 : 00000000;
    7825 : 00000000;
    7826 : 00000000;
    7827 : 00000000;
    7828 : 00000000;
    7829 : 00000000;
    7830 : 00000000;
    7831 : 00000000;
    7832 : 00000000;
    7833 : 00000000;
    7834 : 00000000;
    7835 : 00000000;
    7836 : 00000000;
    7837 : 00000000;
    7838 : 00000000;
    7839 : 00000000;
    7840 : 00000000;
    7841 : 00000000;
    7842 : 00000000;
    7843 : 00000000;
    7844 : 00000000;
    7845 : 00000000;
    7846 : 00000000;
    7847 : 00000000;
    7848 : 00000000;
    7849 : 00000000;
    7850 : 00000000;
    7851 : 00000000;
    7852 : 00000000;
    7853 : 00000000;
    7854 : 00000000;
    7855 : 00000000;
    7856 : 00000000;
    7857 : 00000000;
    7858 : 00000000;
    7859 : 00000000;
    7860 : 00000000;
    7861 : 00000000;
    7862 : 00000000;
    7863 : 00000000;
    7864 : 00000000;
    7865 : 00000000;
    7866 : 00000000;
    7867 : 00000000;
    7868 : 00000000;
    7869 : 00000000;
    7870 : 00000000;
    7871 : 00000000;
    7872 : 00000000;
    7873 : 00000000;
    7874 : 00000000;
    7875 : 00000000;
    7876 : 00000000;
    7877 : 00000000;
    7878 : 00000000;
    7879 : 00000000;
    7880 : 00000000;
    7881 : 00000000;
    7882 : 00000000;
    7883 : 00000000;
    7884 : 00000000;
    7885 : 00000000;
    7886 : 00000000;
    7887 : 00000000;
    7888 : 00000000;
    7889 : 00000000;
    7890 : 00000000;
    7891 : 00000000;
    7892 : 00000000;
    7893 : 00000000;
    7894 : 00000000;
    7895 : 00000000;
    7896 : 00000000;
    7897 : 00000000;
    7898 : 00000000;
    7899 : 00000000;
    7900 : 00000000;
    7901 : 00000000;
    7902 : 00000000;
    7903 : 00000000;
    7904 : 00000000;
    7905 : 00000000;
    7906 : 00000000;
    7907 : 00000000;
    7908 : 00000000;
    7909 : 00000000;
    7910 : 00000000;
    7911 : 00000000;
    7912 : 00000000;
    7913 : 00000000;
    7914 : 00000000;
    7915 : 00000000;
    7916 : 00000000;
    7917 : 00000000;
    7918 : 00000000;
    7919 : 00000000;
    7920 : 00000000;
    7921 : 00000000;
    7922 : 00000000;
    7923 : 00000000;
    7924 : 00000000;
    7925 : 00000000;
    7926 : 00000000;
    7927 : 00000000;
    7928 : 00000000;
    7929 : 00000000;
    7930 : 00000000;
    7931 : 00000000;
    7932 : 00000000;
    7933 : 00000000;
    7934 : 00000000;
    7935 : 00000000;
    7936 : 00000000;
    7937 : 00000000;
    7938 : 00000000;
    7939 : 00000000;
    7940 : 00000000;
    7941 : 00000000;
    7942 : 00000000;
    7943 : 00000000;
    7944 : 00000000;
    7945 : 00000000;
    7946 : 00000000;
    7947 : 00000000;
    7948 : 00000000;
    7949 : 00000000;
    7950 : 00000000;
    7951 : 00000000;
    7952 : 00000000;
    7953 : 00000000;
    7954 : 00000000;
    7955 : 00000000;
    7956 : 00000000;
    7957 : 00000000;
    7958 : 00000000;
    7959 : 00000000;
    7960 : 00000000;
    7961 : 00000000;
    7962 : 00000000;
    7963 : 00000000;
    7964 : 00000000;
    7965 : 00000000;
    7966 : 00000000;
    7967 : 00000000;
    7968 : 00000000;
    7969 : 00000000;
    7970 : 00000000;
    7971 : 00000000;
    7972 : 00000000;
    7973 : 00000000;
    7974 : 00000000;
    7975 : 00000000;
    7976 : 00000000;
    7977 : 00000000;
    7978 : 00000000;
    7979 : 00000000;
    7980 : 00000000;
    7981 : 00000000;
    7982 : 00000000;
    7983 : 00000000;
    7984 : 00000000;
    7985 : 00000000;
    7986 : 00000000;
    7987 : 00000000;
    7988 : 00000000;
    7989 : 00000000;
    7990 : 00000000;
    7991 : 00000000;
    7992 : 00000000;
    7993 : 00000000;
    7994 : 00000000;
    7995 : 00000000;
    7996 : 00000000;
    7997 : 00000000;
    7998 : 00000000;
    7999 : 00000000;
    8000 : 00000000;
    8001 : 00000000;
    8002 : 00000000;
    8003 : 00000000;
    8004 : 00000000;
    8005 : 00000000;
    8006 : 00000000;
    8007 : 00000000;
    8008 : 00000000;
    8009 : 00000000;
    8010 : 00000000;
    8011 : 00000000;
    8012 : 00000000;
    8013 : 00000000;
    8014 : 00000000;
    8015 : 00000000;
    8016 : 00000000;
    8017 : 00000000;
    8018 : 00000000;
    8019 : 00000000;
    8020 : 00000000;
    8021 : 00000000;
    8022 : 00000000;
    8023 : 00000000;
    8024 : 00000000;
    8025 : 00000000;
    8026 : 00000000;
    8027 : 00000000;
    8028 : 00000000;
    8029 : 00000000;
    8030 : 00000000;
    8031 : 00000000;
    8032 : 00000000;
    8033 : 00000000;
    8034 : 00000000;
    8035 : 00000000;
    8036 : 00000000;
    8037 : 00000000;
    8038 : 00000000;
    8039 : 00000000;
    8040 : 00000000;
    8041 : 00000000;
    8042 : 00000000;
    8043 : 00000000;
    8044 : 00000000;
    8045 : 00000000;
    8046 : 00000000;
    8047 : 00000000;
    8048 : 00000000;
    8049 : 00000000;
    8050 : 00000000;
    8051 : 00000000;
    8052 : 00000000;
    8053 : 00000000;
    8054 : 00000000;
    8055 : 00000000;
    8056 : 00000000;
    8057 : 00000000;
    8058 : 00000000;
    8059 : 00000000;
    8060 : 00000000;
    8061 : 00000000;
    8062 : 00000000;
    8063 : 00000000;
    8064 : 00000000;
    8065 : 00000000;
    8066 : 00000000;
    8067 : 00000000;
    8068 : 00000000;
    8069 : 00000000;
    8070 : 00000000;
    8071 : 00000000;
    8072 : 00000000;
    8073 : 00000000;
    8074 : 00000000;
    8075 : 00000000;
    8076 : 00000000;
    8077 : 00000000;
    8078 : 00000000;
    8079 : 00000000;
    8080 : 00000000;
    8081 : 00000000;
    8082 : 00000000;
    8083 : 00000000;
    8084 : 00000000;
    8085 : 00000000;
    8086 : 00000000;
    8087 : 00000000;
    8088 : 00000000;
    8089 : 00000000;
    8090 : 00000000;
    8091 : 00000000;
    8092 : 00000000;
    8093 : 00000000;
    8094 : 00000000;
    8095 : 00000000;
    8096 : 00000000;
    8097 : 00000000;
    8098 : 00000000;
    8099 : 00000000;
    8100 : 00000000;
    8101 : 00000000;
    8102 : 00000000;
    8103 : 00000000;
    8104 : 00000000;
    8105 : 00000000;
    8106 : 00000000;
    8107 : 00000000;
    8108 : 00000000;
    8109 : 00000000;
    8110 : 00000000;
    8111 : 00000000;
    8112 : 00000000;
    8113 : 00000000;
    8114 : 00000000;
    8115 : 00000000;
    8116 : 00000000;
    8117 : 00000000;
    8118 : 00000000;
    8119 : 00000000;
    8120 : 00000000;
    8121 : 00000000;
    8122 : 00000000;
    8123 : 00000000;
    8124 : 00000000;
    8125 : 00000000;
    8126 : 00000000;
    8127 : 00000000;
    8128 : 00000000;
    8129 : 00000000;
    8130 : 00000000;
    8131 : 00000000;
    8132 : 00000000;
    8133 : 00000000;
    8134 : 00000000;
    8135 : 00000000;
    8136 : 00000000;
    8137 : 00000000;
    8138 : 00000000;
    8139 : 00000000;
    8140 : 00000000;
    8141 : 00000000;
    8142 : 00000000;
    8143 : 00000000;
    8144 : 00000000;
    8145 : 00000000;
    8146 : 00000000;
    8147 : 00000000;
    8148 : 00000000;
    8149 : 00000000;
    8150 : 00000000;
    8151 : 00000000;
    8152 : 00000000;
    8153 : 00000000;
    8154 : 00000000;
    8155 : 00000000;
    8156 : 00000000;
    8157 : 00000000;
    8158 : 00000000;
    8159 : 00000000;
    8160 : 00000000;
    8161 : 00000000;
    8162 : 00000000;
    8163 : 00000000;
    8164 : 00000000;
    8165 : 00000000;
    8166 : 00000000;
    8167 : 00000000;
    8168 : 00000000;
    8169 : 00000000;
    8170 : 00000000;
    8171 : 00000000;
    8172 : 00000000;
    8173 : 00000000;
    8174 : 00000000;
    8175 : 00000000;
    8176 : 00000000;
    8177 : 00000000;
    8178 : 00000000;
    8179 : 00000000;
    8180 : 00000000;
    8181 : 00000000;
    8182 : 00000000;
    8183 : 00000000;
    8184 : 00000000;
    8185 : 00000000;
    8186 : 00000000;
    8187 : 00000000;
    8188 : 53494730;
    8189 : 00000128;
    8190 : 0000014C;
    8191 : 00000024;
    8192 : 4A000113;
    8193 : 0000D0B7;
    8194 : CCC08093;
    8195 : FFF00F93;
    8196 : 00000813;
    8197 : 010FC663;
    8198 : 000120B7;
    8199 : 3AB08093;
    8200 : 00112023;
    8201 : 0000D0B7;
    8202 : CCC08093;
    8203 : 00100F13;
    8204 : 80100793;
    8205 : 00FF4663;
    8206 : 000120B7;
    8207 : 3AB08093;
    8208 : 00112223;
    8209 : 0080006F;
    8210 : 0200006F;
    8211 : 0000D0B7;
    8212 : CCC08093;
    8213 : 00000E93;
    8214 : FFF00713;
    8215 : FEEEC6E3;
    8216 : 000120B7;
    8217 : 3AB08093;
    8218 : 00112423;
    8219 : 0000D0B7;
    8220 : CCC08093;
    8221 : 7FF00E13;
    8222 : FFFFF6B7;
    8223 : DCC68693;
    8224 : 00DE4663;
    8225 : 000120B7;
    8226 : 3AB08093;
    8227 : 00112623;
    8228 : 0000D0B7;
    8229 : CCC08093;
    8230 : 00000D93;
    8231 : 80000637;
    8232 : 00CDC663;
    8233 : 000120B7;
    8234 : 3AB08093;
    8235 : 00112823;
    8236 : 4B400113;
    8237 : 0000D0B7;
    8238 : CCC08093;
    8239 : 00001D37;
    8240 : 800D0D13;
    8241 : 000015B7;
    8242 : 23458593;
    8243 : 00BD4663;
    8244 : 000120B7;
    8245 : 3AB08093;
    8246 : 00112023;
    8247 : 0000D0B7;
    8248 : CCC08093;
    8249 : 07654CB7;
    8250 : 321C8C93;
    8251 : FFF00513;
    8252 : 00ACC663;
    8253 : 000120B7;
    8254 : 3AB08093;
    8255 : 00112223;
    8256 : 0080006F;
    8257 : 0240006F;
    8258 : 0000D0B7;
    8259 : CCC08093;
    8260 : 80000C37;
    8261 : FFFC0C13;
    8262 : 00100493;
    8263 : FE9C44E3;
    8264 : 000120B7;
    8265 : 3AB08093;
    8266 : 00112423;
    8267 : 0000D0B7;
    8268 : CCC08093;
    8269 : 00100B93;
    8270 : 80000437;
    8271 : FFF40413;
    8272 : 008BC663;
    8273 : 000120B7;
    8274 : 3AB08093;
    8275 : 00112623;
    8276 : 0000D0B7;
    8277 : CCC08093;
    8278 : FFF00B13;
    8279 : 076543B7;
    8280 : 32138393;
    8281 : 007B4663;
    8282 : 000120B7;
    8283 : 3AB08093;
    8284 : 00112823;
    8285 : 4C800393;
    8286 : 0000D0B7;
    8287 : CCC08093;
    8288 : 00001AB7;
    8289 : 234A8A93;
    8290 : 00001337;
    8291 : 80030313;
    8292 : 006AC663;
    8293 : 000120B7;
    8294 : 3AB08093;
    8295 : 0013A023;
    8296 : 0000D0B7;
    8297 : CCC08093;
    8298 : 80000A37;
    8299 : 00000293;
    8300 : 005A4663;
    8301 : 000120B7;
    8302 : 3AB08093;
    8303 : 0013A223;
    8304 : 0080006F;
    8305 : 0240006F;
    8306 : 0000D0B7;
    8307 : CCC08093;
    8308 : FFFFF9B7;
    8309 : DCC98993;
    8310 : 7FF00213;
    8311 : FE49C4E3;
    8312 : 000120B7;
    8313 : 3AB08093;
    8314 : 0013A423;
    8315 : 0000D0B7;
    8316 : CCC08093;
    8317 : FFF00913;
    8318 : FFF00193;
    8319 : 00394663;
    8320 : 000120B7;
    8321 : 3AB08093;
    8322 : 0013A623;
    8323 : 0000D0B7;
    8324 : CCC08093;
    8325 : 80100893;
    8326 : 00100113;
    8327 : 0028C663;
    8328 : 000120B7;
    8329 : 3AB08093;
    8330 : 0013A823;
    8331 : 4DC00193;
    8332 : 0000D137;
    8333 : CCC10113;
    8334 : 00000813;
    8335 : 00000093;
    8336 : 00184663;
    8337 : 00012137;
    8338 : 3AB10113;
    8339 : 0021A023;
    8340 : 0000D0B7;
    8341 : CCC08093;
    8342 : FFF00793;
    8343 : 00000013;
    8344 : 0007C663;
    8345 : 000120B7;
    8346 : 3AB08093;
    8347 : 0011A223;
    8348 : 0080006F;
    8349 : 0200006F;
    8350 : 0000D0B7;
    8351 : CCC08093;
    8352 : 00100713;
    8353 : 80100F93;
    8354 : FFF746E3;
    8355 : 000120B7;
    8356 : 3AB08093;
    8357 : 0011A423;
    8358 : 0000D0B7;
    8359 : CCC08093;
    8360 : 00000693;
    8361 : FFF00F13;
    8362 : 01E6C663;
    8363 : 000120B7;
    8364 : 3AB08093;
    8365 : 0011A623;
    8366 : 0000D0B7;
    8367 : CCC08093;
    8368 : 7FF00613;
    8369 : FFFFFEB7;
    8370 : DCCE8E93;
    8371 : 01D64663;
    8372 : 000120B7;
    8373 : 3AB08093;
    8374 : 0011A823;
    8375 : 4F000113;
    8376 : 0000D0B7;
    8377 : CCC08093;
    8378 : 00000593;
    8379 : 80000E37;
    8380 : 01C5C663;
    8381 : 000120B7;
    8382 : 3AB08093;
    8383 : 00112023;
    8384 : 0000D0B7;
    8385 : CCC08093;
    8386 : 00001537;
    8387 : 80050513;
    8388 : 00001DB7;
    8389 : 234D8D93;
    8390 : 01B54663;
    8391 : 000120B7;
    8392 : 3AB08093;
    8393 : 00112223;
    8394 : 0080006F;
    8395 : 0240006F;
    8396 : 0000D0B7;
    8397 : CCC08093;
    8398 : 076544B7;
    8399 : 32148493;
    8400 : FFF00D13;
    8401 : FFA4C4E3;
    8402 : 000120B7;
    8403 : 3AB08093;
    8404 : 00112423;
    8405 : 0000D0B7;
    8406 : CCC08093;
    8407 : 80000437;
    8408 : FFF40413;
    8409 : 00100C93;
    8410 : 01944663;
    8411 : 000120B7;
    8412 : 3AB08093;
    8413 : 00112623;
    8414 : 0000D0B7;
    8415 : CCC08093;
    8416 : 00100393;
    8417 : 80000C37;
    8418 : FFFC0C13;
    8419 : 0183C663;
    8420 : 000120B7;
    8421 : 3AB08093;
    8422 : 00112823;
    8423 : 50400393;
    8424 : 0000D0B7;
    8425 : CCC08093;
    8426 : FFF00313;
    8427 : 07654BB7;
    8428 : 321B8B93;
    8429 : 01734663;
    8430 : 000120B7;
    8431 : 3AB08093;
    8432 : 0013A023;
    8433 : 0000D0B7;
    8434 : CCC08093;
    8435 : 000012B7;
    8436 : 23428293;
    8437 : 00001B37;
    8438 : 800B0B13;
    8439 : 0162C663;
    8440 : 000120B7;
    8441 : 3AB08093;
    8442 : 0013A223;
    8443 : 0080006F;
    8444 : 0200006F;
    8445 : 0000D0B7;
    8446 : CCC08093;
    8447 : 80000237;
    8448 : 00000A93;
    8449 : FF5246E3;
    8450 : 000120B7;
    8451 : 3AB08093;
    8452 : 0013A423;
    8453 : 0000D0B7;
    8454 : CCC08093;
    8455 : FFFFF1B7;
    8456 : DCC18193;
    8457 : 7FF00A13;
    8458 : 0141C663;
    8459 : 000120B7;
    8460 : 3AB08093;
    8461 : 0013A623;
    8462 : 0000D0B7;
    8463 : CCC08093;
    8464 : FFF00113;
    8465 : FFF00993;
    8466 : 01314663;
    8467 : 000120B7;
    8468 : 3AB08093;
    8469 : 0013A823;
    8470 : 51800193;
    8471 : 0000D137;
    8472 : CCC10113;
    8473 : 80100093;
    8474 : 00100913;
    8475 : 0120C663;
    8476 : 00012137;
    8477 : 3AB10113;
    8478 : 0021A023;
    8479 : 0000D0B7;
    8480 : CCC08093;
    8481 : 00000013;
    8482 : 00000893;
    8483 : 01104663;
    8484 : 000120B7;
    8485 : 3AB08093;
    8486 : 0011A223;
    8487 : 00000073;
    8488 : FFFFFFFF;
    8489 : FFFFFFFF;
    8490 : FFFFFFFF;
    8491 : FFFFFFFF;
    8492 : FFFFFFFF;
    8493 : FFFFFFFF;
    8494 : FFFFFFFF;
    8495 : FFFFFFFF;
    8496 : FFFFFFFF;
    8497 : FFFFFFFF;
    8498 : FFFFFFFF;
    8499 : FFFFFFFF;
    8500 : FFFFFFFF;
    8501 : FFFFFFFF;
    8502 : FFFFFFFF;
    8503 : FFFFFFFF;
    8504 : FFFFFFFF;
    8505 : FFFFFFFF;
    8506 : FFFFFFFF;
    8507 : FFFFFFFF;
    8508 : FFFFFFFF;
    8509 : FFFFFFFF;
    8510 : FFFFFFFF;
    8511 : FFFFFFFF;
    8512 : FFFFFFFF;
    8513 : FFFFFFFF;
    8514 : FFFFFFFF;
    8515 : FFFFFFFF;
    8516 : FFFFFFFF;
    8517 : FFFFFFFF;
    8518 : FFFFFFFF;
    8519 : FFFFFFFF;
    8520 : FFFFFFFF;
    8521 : FFFFFFFF;
    8522 : FFFFFFFF;
    8523 : 00000000;
    8524 : 00000000;
    8525 : 00000000;
    8526 : 00000000;
    8527 : 00000000;
    8528 : 00000000;
    8529 : 00000000;
    8530 : 00000000;
    8531 : 00000000;
    8532 : 00000000;
    8533 : 00000000;
    8534 : 00000000;
    8535 : 00000000;
    8536 : 00000000;
    8537 : 00000000;
    8538 : 00000000;
    8539 : 00000000;
    8540 : 00000000;
    8541 : 00000000;
    8542 : 00000000;
    8543 : 00000000;
    8544 : 00000000;
    8545 : 00000000;
    8546 : 00000000;
    8547 : 00000000;
    8548 : 00000000;
    8549 : 00000000;
    8550 : 00000000;
    8551 : 00000000;
    8552 : 00000000;
    8553 : 00000000;
    8554 : 00000000;
    8555 : 00000000;
    8556 : 00000000;
    8557 : 00000000;
    8558 : 00000000;
    8559 : 00000000;
    8560 : 00000000;
    8561 : 00000000;
    8562 : 00000000;
    8563 : 00000000;
    8564 : 00000000;
    8565 : 00000000;
    8566 : 00000000;
    8567 : 00000000;
    8568 : 00000000;
    8569 : 00000000;
    8570 : 00000000;
    8571 : 00000000;
    8572 : 00000000;
    8573 : 00000000;
    8574 : 00000000;
    8575 : 00000000;
    8576 : 00000000;
    8577 : 00000000;
    8578 : 00000000;
    8579 : 00000000;
    8580 : 00000000;
    8581 : 00000000;
    8582 : 00000000;
    8583 : 00000000;
    8584 : 00000000;
    8585 : 00000000;
    8586 : 00000000;
    8587 : 00000000;
    8588 : 00000000;
    8589 : 00000000;
    8590 : 00000000;
    8591 : 00000000;
    8592 : 00000000;
    8593 : 00000000;
    8594 : 00000000;
    8595 : 00000000;
    8596 : 00000000;
    8597 : 00000000;
    8598 : 00000000;
    8599 : 00000000;
    8600 : 00000000;
    8601 : 00000000;
    8602 : 00000000;
    8603 : 00000000;
    8604 : 00000000;
    8605 : 00000000;
    8606 : 00000000;
    8607 : 00000000;
    8608 : 00000000;
    8609 : 00000000;
    8610 : 00000000;
    8611 : 00000000;
    8612 : 00000000;
    8613 : 00000000;
    8614 : 00000000;
    8615 : 00000000;
    8616 : 00000000;
    8617 : 00000000;
    8618 : 00000000;
    8619 : 00000000;
    8620 : 00000000;
    8621 : 00000000;
    8622 : 00000000;
    8623 : 00000000;
    8624 : 00000000;
    8625 : 00000000;
    8626 : 00000000;
    8627 : 00000000;
    8628 : 00000000;
    8629 : 00000000;
    8630 : 00000000;
    8631 : 00000000;
    8632 : 00000000;
    8633 : 00000000;
    8634 : 00000000;
    8635 : 00000000;
    8636 : 00000000;
    8637 : 00000000;
    8638 : 00000000;
    8639 : 00000000;
    8640 : 00000000;
    8641 : 00000000;
    8642 : 00000000;
    8643 : 00000000;
    8644 : 00000000;
    8645 : 00000000;
    8646 : 00000000;
    8647 : 00000000;
    8648 : 00000000;
    8649 : 00000000;
    8650 : 00000000;
    8651 : 00000000;
    8652 : 00000000;
    8653 : 00000000;
    8654 : 00000000;
    8655 : 00000000;
    8656 : 00000000;
    8657 : 00000000;
    8658 : 00000000;
    8659 : 00000000;
    8660 : 00000000;
    8661 : 00000000;
    8662 : 00000000;
    8663 : 00000000;
    8664 : 00000000;
    8665 : 00000000;
    8666 : 00000000;
    8667 : 00000000;
    8668 : 00000000;
    8669 : 00000000;
    8670 : 00000000;
    8671 : 00000000;
    8672 : 00000000;
    8673 : 00000000;
    8674 : 00000000;
    8675 : 00000000;
    8676 : 00000000;
    8677 : 00000000;
    8678 : 00000000;
    8679 : 00000000;
    8680 : 00000000;
    8681 : 00000000;
    8682 : 00000000;
    8683 : 00000000;
    8684 : 00000000;
    8685 : 00000000;
    8686 : 00000000;
    8687 : 00000000;
    8688 : 00000000;
    8689 : 00000000;
    8690 : 00000000;
    8691 : 00000000;
    8692 : 00000000;
    8693 : 00000000;
    8694 : 00000000;
    8695 : 00000000;
    8696 : 00000000;
    8697 : 00000000;
    8698 : 00000000;
    8699 : 00000000;
    8700 : 00000000;
    8701 : 00000000;
    8702 : 00000000;
    8703 : 00000000;
    8704 : 00000000;
    8705 : 00000000;
    8706 : 00000000;
    8707 : 00000000;
    8708 : 00000000;
    8709 : 00000000;
    8710 : 00000000;
    8711 : 00000000;
    8712 : 00000000;
    8713 : 00000000;
    8714 : 00000000;
    8715 : 00000000;
    8716 : 00000000;
    8717 : 00000000;
    8718 : 00000000;
    8719 : 00000000;
    8720 : 00000000;
    8721 : 00000000;
    8722 : 00000000;
    8723 : 00000000;
    8724 : 00000000;
    8725 : 00000000;
    8726 : 00000000;
    8727 : 00000000;
    8728 : 00000000;
    8729 : 00000000;
    8730 : 00000000;
    8731 : 00000000;
    8732 : 00000000;
    8733 : 00000000;
    8734 : 00000000;
    8735 : 00000000;
    8736 : 00000000;
    8737 : 00000000;
    8738 : 00000000;
    8739 : 00000000;
    8740 : 00000000;
    8741 : 00000000;
    8742 : 00000000;
    8743 : 00000000;
    8744 : 00000000;
    8745 : 00000000;
    8746 : 00000000;
    8747 : 00000000;
    8748 : 00000000;
    8749 : 00000000;
    8750 : 00000000;
    8751 : 00000000;
    8752 : 00000000;
    8753 : 00000000;
    8754 : 00000000;
    8755 : 00000000;
    8756 : 00000000;
    8757 : 00000000;
    8758 : 00000000;
    8759 : 00000000;
    8760 : 00000000;
    8761 : 00000000;
    8762 : 00000000;
    8763 : 00000000;
    8764 : 00000000;
    8765 : 00000000;
    8766 : 00000000;
    8767 : 00000000;
    8768 : 00000000;
    8769 : 00000000;
    8770 : 00000000;
    8771 : 00000000;
    8772 : 00000000;
    8773 : 00000000;
    8774 : 00000000;
    8775 : 00000000;
    8776 : 00000000;
    8777 : 00000000;
    8778 : 00000000;
    8779 : 00000000;
    8780 : 00000000;
    8781 : 00000000;
    8782 : 00000000;
    8783 : 00000000;
    8784 : 00000000;
    8785 : 00000000;
    8786 : 00000000;
    8787 : 00000000;
    8788 : 00000000;
    8789 : 00000000;
    8790 : 00000000;
    8791 : 00000000;
    8792 : 00000000;
    8793 : 00000000;
    8794 : 00000000;
    8795 : 00000000;
    8796 : 00000000;
    8797 : 00000000;
    8798 : 00000000;
    8799 : 00000000;
    8800 : 00000000;
    8801 : 00000000;
    8802 : 00000000;
    8803 : 00000000;
    8804 : 00000000;
    8805 : 00000000;
    8806 : 00000000;
    8807 : 00000000;
    8808 : 00000000;
    8809 : 00000000;
    8810 : 00000000;
    8811 : 00000000;
    8812 : 00000000;
    8813 : 00000000;
    8814 : 00000000;
    8815 : 00000000;
    8816 : 00000000;
    8817 : 00000000;
    8818 : 00000000;
    8819 : 00000000;
    8820 : 00000000;
    8821 : 00000000;
    8822 : 00000000;
    8823 : 00000000;
    8824 : 00000000;
    8825 : 00000000;
    8826 : 00000000;
    8827 : 00000000;
    8828 : 00000000;
    8829 : 00000000;
    8830 : 00000000;
    8831 : 00000000;
    8832 : 00000000;
    8833 : 00000000;
    8834 : 00000000;
    8835 : 00000000;
    8836 : 00000000;
    8837 : 00000000;
    8838 : 00000000;
    8839 : 00000000;
    8840 : 00000000;
    8841 : 00000000;
    8842 : 00000000;
    8843 : 00000000;
    8844 : 00000000;
    8845 : 00000000;
    8846 : 00000000;
    8847 : 00000000;
    8848 : 00000000;
    8849 : 00000000;
    8850 : 00000000;
    8851 : 00000000;
    8852 : 00000000;
    8853 : 00000000;
    8854 : 00000000;
    8855 : 00000000;
    8856 : 00000000;
    8857 : 00000000;
    8858 : 00000000;
    8859 : 00000000;
    8860 : 00000000;
    8861 : 00000000;
    8862 : 00000000;
    8863 : 00000000;
    8864 : 00000000;
    8865 : 00000000;
    8866 : 00000000;
    8867 : 00000000;
    8868 : 00000000;
    8869 : 00000000;
    8870 : 00000000;
    8871 : 00000000;
    8872 : 00000000;
    8873 : 00000000;
    8874 : 00000000;
    8875 : 00000000;
    8876 : 00000000;
    8877 : 00000000;
    8878 : 00000000;
    8879 : 00000000;
    8880 : 00000000;
    8881 : 00000000;
    8882 : 00000000;
    8883 : 00000000;
    8884 : 00000000;
    8885 : 00000000;
    8886 : 00000000;
    8887 : 00000000;
    8888 : 00000000;
    8889 : 00000000;
    8890 : 00000000;
    8891 : 00000000;
    8892 : 00000000;
    8893 : 00000000;
    8894 : 00000000;
    8895 : 00000000;
    8896 : 00000000;
    8897 : 00000000;
    8898 : 00000000;
    8899 : 00000000;
    8900 : 00000000;
    8901 : 00000000;
    8902 : 00000000;
    8903 : 00000000;
    8904 : 00000000;
    8905 : 00000000;
    8906 : 00000000;
    8907 : 00000000;
    8908 : 00000000;
    8909 : 00000000;
    8910 : 00000000;
    8911 : 00000000;
    8912 : 00000000;
    8913 : 00000000;
    8914 : 00000000;
    8915 : 00000000;
    8916 : 00000000;
    8917 : 00000000;
    8918 : 00000000;
    8919 : 00000000;
    8920 : 00000000;
    8921 : 00000000;
    8922 : 00000000;
    8923 : 00000000;
    8924 : 00000000;
    8925 : 00000000;
    8926 : 00000000;
    8927 : 00000000;
    8928 : 00000000;
    8929 : 00000000;
    8930 : 00000000;
    8931 : 00000000;
    8932 : 00000000;
    8933 : 00000000;
    8934 : 00000000;
    8935 : 00000000;
    8936 : 00000000;
    8937 : 00000000;
    8938 : 00000000;
    8939 : 00000000;
    8940 : 00000000;
    8941 : 00000000;
    8942 : 00000000;
    8943 : 00000000;
    8944 : 00000000;
    8945 : 00000000;
    8946 : 00000000;
    8947 : 00000000;
    8948 : 00000000;
    8949 : 00000000;
    8950 : 00000000;
    8951 : 00000000;
    8952 : 00000000;
    8953 : 00000000;
    8954 : 00000000;
    8955 : 00000000;
    8956 : 00000000;
    8957 : 00000000;
    8958 : 00000000;
    8959 : 00000000;
    8960 : 00000000;
    8961 : 00000000;
    8962 : 00000000;
    8963 : 00000000;
    8964 : 00000000;
    8965 : 00000000;
    8966 : 00000000;
    8967 : 00000000;
    8968 : 00000000;
    8969 : 00000000;
    8970 : 00000000;
    8971 : 00000000;
    8972 : 00000000;
    8973 : 00000000;
    8974 : 00000000;
    8975 : 00000000;
    8976 : 00000000;
    8977 : 00000000;
    8978 : 00000000;
    8979 : 00000000;
    8980 : 00000000;
    8981 : 00000000;
    8982 : 00000000;
    8983 : 00000000;
    8984 : 00000000;
    8985 : 00000000;
    8986 : 00000000;
    8987 : 00000000;
    8988 : 00000000;
    8989 : 00000000;
    8990 : 00000000;
    8991 : 00000000;
    8992 : 00000000;
    8993 : 00000000;
    8994 : 00000000;
    8995 : 00000000;
    8996 : 00000000;
    8997 : 00000000;
    8998 : 00000000;
    8999 : 00000000;
    9000 : 00000000;
    9001 : 00000000;
    9002 : 00000000;
    9003 : 00000000;
    9004 : 00000000;
    9005 : 00000000;
    9006 : 00000000;
    9007 : 00000000;
    9008 : 00000000;
    9009 : 00000000;
    9010 : 00000000;
    9011 : 00000000;
    9012 : 00000000;
    9013 : 00000000;
    9014 : 00000000;
    9015 : 00000000;
    9016 : 00000000;
    9017 : 00000000;
    9018 : 00000000;
    9019 : 00000000;
    9020 : 00000000;
    9021 : 00000000;
    9022 : 00000000;
    9023 : 00000000;
    9024 : 00000000;
    9025 : 00000000;
    9026 : 00000000;
    9027 : 00000000;
    9028 : 00000000;
    9029 : 00000000;
    9030 : 00000000;
    9031 : 00000000;
    9032 : 00000000;
    9033 : 00000000;
    9034 : 00000000;
    9035 : 00000000;
    9036 : 00000000;
    9037 : 00000000;
    9038 : 00000000;
    9039 : 00000000;
    9040 : 00000000;
    9041 : 00000000;
    9042 : 00000000;
    9043 : 00000000;
    9044 : 00000000;
    9045 : 00000000;
    9046 : 00000000;
    9047 : 00000000;
    9048 : 00000000;
    9049 : 00000000;
    9050 : 00000000;
    9051 : 00000000;
    9052 : 00000000;
    9053 : 00000000;
    9054 : 00000000;
    9055 : 00000000;
    9056 : 00000000;
    9057 : 00000000;
    9058 : 00000000;
    9059 : 00000000;
    9060 : 00000000;
    9061 : 00000000;
    9062 : 00000000;
    9063 : 00000000;
    9064 : 00000000;
    9065 : 00000000;
    9066 : 00000000;
    9067 : 00000000;
    9068 : 00000000;
    9069 : 00000000;
    9070 : 00000000;
    9071 : 00000000;
    9072 : 00000000;
    9073 : 00000000;
    9074 : 00000000;
    9075 : 00000000;
    9076 : 00000000;
    9077 : 00000000;
    9078 : 00000000;
    9079 : 00000000;
    9080 : 00000000;
    9081 : 00000000;
    9082 : 00000000;
    9083 : 00000000;
    9084 : 00000000;
    9085 : 00000000;
    9086 : 00000000;
    9087 : 00000000;
    9088 : 00000000;
    9089 : 00000000;
    9090 : 00000000;
    9091 : 00000000;
    9092 : 00000000;
    9093 : 00000000;
    9094 : 00000000;
    9095 : 00000000;
    9096 : 00000000;
    9097 : 00000000;
    9098 : 00000000;
    9099 : 00000000;
    9100 : 00000000;
    9101 : 00000000;
    9102 : 00000000;
    9103 : 00000000;
    9104 : 00000000;
    9105 : 00000000;
    9106 : 00000000;
    9107 : 00000000;
    9108 : 00000000;
    9109 : 00000000;
    9110 : 00000000;
    9111 : 00000000;
    9112 : 00000000;
    9113 : 00000000;
    9114 : 00000000;
    9115 : 00000000;
    9116 : 00000000;
    9117 : 00000000;
    9118 : 00000000;
    9119 : 00000000;
    9120 : 00000000;
    9121 : 00000000;
    9122 : 00000000;
    9123 : 00000000;
    9124 : 00000000;
    9125 : 00000000;
    9126 : 00000000;
    9127 : 00000000;
    9128 : 00000000;
    9129 : 00000000;
    9130 : 00000000;
    9131 : 00000000;
    9132 : 00000000;
    9133 : 00000000;
    9134 : 00000000;
    9135 : 00000000;
    9136 : 00000000;
    9137 : 00000000;
    9138 : 00000000;
    9139 : 00000000;
    9140 : 00000000;
    9141 : 00000000;
    9142 : 00000000;
    9143 : 00000000;
    9144 : 00000000;
    9145 : 00000000;
    9146 : 00000000;
    9147 : 00000000;
    9148 : 00000000;
    9149 : 00000000;
    9150 : 00000000;
    9151 : 00000000;
    9152 : 00000000;
    9153 : 00000000;
    9154 : 00000000;
    9155 : 00000000;
    9156 : 00000000;
    9157 : 00000000;
    9158 : 00000000;
    9159 : 00000000;
    9160 : 00000000;
    9161 : 00000000;
    9162 : 00000000;
    9163 : 00000000;
    9164 : 00000000;
    9165 : 00000000;
    9166 : 00000000;
    9167 : 00000000;
    9168 : 00000000;
    9169 : 00000000;
    9170 : 00000000;
    9171 : 00000000;
    9172 : 00000000;
    9173 : 00000000;
    9174 : 00000000;
    9175 : 00000000;
    9176 : 00000000;
    9177 : 00000000;
    9178 : 00000000;
    9179 : 00000000;
    9180 : 00000000;
    9181 : 00000000;
    9182 : 00000000;
    9183 : 00000000;
    9184 : 00000000;
    9185 : 00000000;
    9186 : 00000000;
    9187 : 00000000;
    9188 : 00000000;
    9189 : 00000000;
    9190 : 00000000;
    9191 : 00000000;
    9192 : 00000000;
    9193 : 00000000;
    9194 : 00000000;
    9195 : 00000000;
    9196 : 00000000;
    9197 : 00000000;
    9198 : 00000000;
    9199 : 00000000;
    9200 : 00000000;
    9201 : 00000000;
    9202 : 00000000;
    9203 : 00000000;
    9204 : 00000000;
    9205 : 00000000;
    9206 : 00000000;
    9207 : 00000000;
    9208 : 00000000;
    9209 : 00000000;
    9210 : 00000000;
    9211 : 00000000;
    9212 : 53494730;
    9213 : 00000128;
    9214 : 0000014C;
    9215 : 00000024;
    9216 : 4A000113;
    9217 : 0000D0B7;
    9218 : CCC08093;
    9219 : FFF00F93;
    9220 : 00000813;
    9221 : 010FE663;
    9222 : 000120B7;
    9223 : 3AB08093;
    9224 : 00112023;
    9225 : 0000D0B7;
    9226 : CCC08093;
    9227 : 00100F13;
    9228 : 80100793;
    9229 : 00FF6663;
    9230 : 000120B7;
    9231 : 3AB08093;
    9232 : 00112223;
    9233 : 0080006F;
    9234 : 0200006F;
    9235 : 0000D0B7;
    9236 : CCC08093;
    9237 : 00000E93;
    9238 : FFF00713;
    9239 : FEEEE6E3;
    9240 : 000120B7;
    9241 : 3AB08093;
    9242 : 00112423;
    9243 : 0000D0B7;
    9244 : CCC08093;
    9245 : 7FF00E13;
    9246 : FFFFF6B7;
    9247 : DCC68693;
    9248 : 00DE6663;
    9249 : 000120B7;
    9250 : 3AB08093;
    9251 : 00112623;
    9252 : 0000D0B7;
    9253 : CCC08093;
    9254 : 00000D93;
    9255 : 80000637;
    9256 : 00CDE663;
    9257 : 000120B7;
    9258 : 3AB08093;
    9259 : 00112823;
    9260 : 4B400113;
    9261 : 0000D0B7;
    9262 : CCC08093;
    9263 : 00001D37;
    9264 : 800D0D13;
    9265 : 000015B7;
    9266 : 23458593;
    9267 : 00BD6663;
    9268 : 000120B7;
    9269 : 3AB08093;
    9270 : 00112023;
    9271 : 0000D0B7;
    9272 : CCC08093;
    9273 : 07654CB7;
    9274 : 321C8C93;
    9275 : FFF00513;
    9276 : 00ACE663;
    9277 : 000120B7;
    9278 : 3AB08093;
    9279 : 00112223;
    9280 : 0080006F;
    9281 : 0240006F;
    9282 : 0000D0B7;
    9283 : CCC08093;
    9284 : 80000C37;
    9285 : FFFC0C13;
    9286 : 00100493;
    9287 : FE9C64E3;
    9288 : 000120B7;
    9289 : 3AB08093;
    9290 : 00112423;
    9291 : 0000D0B7;
    9292 : CCC08093;
    9293 : 00100B93;
    9294 : 80000437;
    9295 : FFF40413;
    9296 : 008BE663;
    9297 : 000120B7;
    9298 : 3AB08093;
    9299 : 00112623;
    9300 : 0000D0B7;
    9301 : CCC08093;
    9302 : FFF00B13;
    9303 : 076543B7;
    9304 : 32138393;
    9305 : 007B6663;
    9306 : 000120B7;
    9307 : 3AB08093;
    9308 : 00112823;
    9309 : 4C800393;
    9310 : 0000D0B7;
    9311 : CCC08093;
    9312 : 00001AB7;
    9313 : 234A8A93;
    9314 : 00001337;
    9315 : 80030313;
    9316 : 006AE663;
    9317 : 000120B7;
    9318 : 3AB08093;
    9319 : 0013A023;
    9320 : 0000D0B7;
    9321 : CCC08093;
    9322 : 80000A37;
    9323 : 00000293;
    9324 : 005A6663;
    9325 : 000120B7;
    9326 : 3AB08093;
    9327 : 0013A223;
    9328 : 0080006F;
    9329 : 0240006F;
    9330 : 0000D0B7;
    9331 : CCC08093;
    9332 : FFFFF9B7;
    9333 : DCC98993;
    9334 : 7FF00213;
    9335 : FE49E4E3;
    9336 : 000120B7;
    9337 : 3AB08093;
    9338 : 0013A423;
    9339 : 0000D0B7;
    9340 : CCC08093;
    9341 : FFF00913;
    9342 : FFF00193;
    9343 : 00396663;
    9344 : 000120B7;
    9345 : 3AB08093;
    9346 : 0013A623;
    9347 : 0000D0B7;
    9348 : CCC08093;
    9349 : 80100893;
    9350 : 00100113;
    9351 : 0028E663;
    9352 : 000120B7;
    9353 : 3AB08093;
    9354 : 0013A823;
    9355 : 4DC00193;
    9356 : 0000D137;
    9357 : CCC10113;
    9358 : 00000813;
    9359 : 00000093;
    9360 : 00186663;
    9361 : 00012137;
    9362 : 3AB10113;
    9363 : 0021A023;
    9364 : 0000D0B7;
    9365 : CCC08093;
    9366 : FFF00793;
    9367 : 00000013;
    9368 : 0007E663;
    9369 : 000120B7;
    9370 : 3AB08093;
    9371 : 0011A223;
    9372 : 0080006F;
    9373 : 0200006F;
    9374 : 0000D0B7;
    9375 : CCC08093;
    9376 : 00100713;
    9377 : 80100F93;
    9378 : FFF766E3;
    9379 : 000120B7;
    9380 : 3AB08093;
    9381 : 0011A423;
    9382 : 0000D0B7;
    9383 : CCC08093;
    9384 : 00000693;
    9385 : FFF00F13;
    9386 : 01E6E663;
    9387 : 000120B7;
    9388 : 3AB08093;
    9389 : 0011A623;
    9390 : 0000D0B7;
    9391 : CCC08093;
    9392 : 7FF00613;
    9393 : FFFFFEB7;
    9394 : DCCE8E93;
    9395 : 01D66663;
    9396 : 000120B7;
    9397 : 3AB08093;
    9398 : 0011A823;
    9399 : 4F000113;
    9400 : 0000D0B7;
    9401 : CCC08093;
    9402 : 00000593;
    9403 : 80000E37;
    9404 : 01C5E663;
    9405 : 000120B7;
    9406 : 3AB08093;
    9407 : 00112023;
    9408 : 0000D0B7;
    9409 : CCC08093;
    9410 : 00001537;
    9411 : 80050513;
    9412 : 00001DB7;
    9413 : 234D8D93;
    9414 : 01B56663;
    9415 : 000120B7;
    9416 : 3AB08093;
    9417 : 00112223;
    9418 : 0080006F;
    9419 : 0240006F;
    9420 : 0000D0B7;
    9421 : CCC08093;
    9422 : 076544B7;
    9423 : 32148493;
    9424 : FFF00D13;
    9425 : FFA4E4E3;
    9426 : 000120B7;
    9427 : 3AB08093;
    9428 : 00112423;
    9429 : 0000D0B7;
    9430 : CCC08093;
    9431 : 80000437;
    9432 : FFF40413;
    9433 : 00100C93;
    9434 : 01946663;
    9435 : 000120B7;
    9436 : 3AB08093;
    9437 : 00112623;
    9438 : 0000D0B7;
    9439 : CCC08093;
    9440 : 00100393;
    9441 : 80000C37;
    9442 : FFFC0C13;
    9443 : 0183E663;
    9444 : 000120B7;
    9445 : 3AB08093;
    9446 : 00112823;
    9447 : 50400393;
    9448 : 0000D0B7;
    9449 : CCC08093;
    9450 : FFF00313;
    9451 : 07654BB7;
    9452 : 321B8B93;
    9453 : 01736663;
    9454 : 000120B7;
    9455 : 3AB08093;
    9456 : 0013A023;
    9457 : 0000D0B7;
    9458 : CCC08093;
    9459 : 000012B7;
    9460 : 23428293;
    9461 : 00001B37;
    9462 : 800B0B13;
    9463 : 0162E663;
    9464 : 000120B7;
    9465 : 3AB08093;
    9466 : 0013A223;
    9467 : 0080006F;
    9468 : 0200006F;
    9469 : 0000D0B7;
    9470 : CCC08093;
    9471 : 80000237;
    9472 : 00000A93;
    9473 : FF5266E3;
    9474 : 000120B7;
    9475 : 3AB08093;
    9476 : 0013A423;
    9477 : 0000D0B7;
    9478 : CCC08093;
    9479 : FFFFF1B7;
    9480 : DCC18193;
    9481 : 7FF00A13;
    9482 : 0141E663;
    9483 : 000120B7;
    9484 : 3AB08093;
    9485 : 0013A623;
    9486 : 0000D0B7;
    9487 : CCC08093;
    9488 : FFF00113;
    9489 : FFF00993;
    9490 : 01316663;
    9491 : 000120B7;
    9492 : 3AB08093;
    9493 : 0013A823;
    9494 : 51800193;
    9495 : 0000D137;
    9496 : CCC10113;
    9497 : 80100093;
    9498 : 00100913;
    9499 : 0120E663;
    9500 : 00012137;
    9501 : 3AB10113;
    9502 : 0021A023;
    9503 : 0000D0B7;
    9504 : CCC08093;
    9505 : 00000013;
    9506 : 00000893;
    9507 : 01106663;
    9508 : 000120B7;
    9509 : 3AB08093;
    9510 : 0011A223;
    9511 : 00000073;
    9512 : FFFFFFFF;
    9513 : FFFFFFFF;
    9514 : FFFFFFFF;
    9515 : FFFFFFFF;
    9516 : FFFFFFFF;
    9517 : FFFFFFFF;
    9518 : FFFFFFFF;
    9519 : FFFFFFFF;
    9520 : FFFFFFFF;
    9521 : FFFFFFFF;
    9522 : FFFFFFFF;
    9523 : FFFFFFFF;
    9524 : FFFFFFFF;
    9525 : FFFFFFFF;
    9526 : FFFFFFFF;
    9527 : FFFFFFFF;
    9528 : FFFFFFFF;
    9529 : FFFFFFFF;
    9530 : FFFFFFFF;
    9531 : FFFFFFFF;
    9532 : FFFFFFFF;
    9533 : FFFFFFFF;
    9534 : FFFFFFFF;
    9535 : FFFFFFFF;
    9536 : FFFFFFFF;
    9537 : FFFFFFFF;
    9538 : FFFFFFFF;
    9539 : FFFFFFFF;
    9540 : FFFFFFFF;
    9541 : FFFFFFFF;
    9542 : FFFFFFFF;
    9543 : FFFFFFFF;
    9544 : FFFFFFFF;
    9545 : FFFFFFFF;
    9546 : FFFFFFFF;
    9547 : 00000000;
    9548 : 00000000;
    9549 : 00000000;
    9550 : 00000000;
    9551 : 00000000;
    9552 : 00000000;
    9553 : 00000000;
    9554 : 00000000;
    9555 : 00000000;
    9556 : 00000000;
    9557 : 00000000;
    9558 : 00000000;
    9559 : 00000000;
    9560 : 00000000;
    9561 : 00000000;
    9562 : 00000000;
    9563 : 00000000;
    9564 : 00000000;
    9565 : 00000000;
    9566 : 00000000;
    9567 : 00000000;
    9568 : 00000000;
    9569 : 00000000;
    9570 : 00000000;
    9571 : 00000000;
    9572 : 00000000;
    9573 : 00000000;
    9574 : 00000000;
    9575 : 00000000;
    9576 : 00000000;
    9577 : 00000000;
    9578 : 00000000;
    9579 : 00000000;
    9580 : 00000000;
    9581 : 00000000;
    9582 : 00000000;
    9583 : 00000000;
    9584 : 00000000;
    9585 : 00000000;
    9586 : 00000000;
    9587 : 00000000;
    9588 : 00000000;
    9589 : 00000000;
    9590 : 00000000;
    9591 : 00000000;
    9592 : 00000000;
    9593 : 00000000;
    9594 : 00000000;
    9595 : 00000000;
    9596 : 00000000;
    9597 : 00000000;
    9598 : 00000000;
    9599 : 00000000;
    9600 : 00000000;
    9601 : 00000000;
    9602 : 00000000;
    9603 : 00000000;
    9604 : 00000000;
    9605 : 00000000;
    9606 : 00000000;
    9607 : 00000000;
    9608 : 00000000;
    9609 : 00000000;
    9610 : 00000000;
    9611 : 00000000;
    9612 : 00000000;
    9613 : 00000000;
    9614 : 00000000;
    9615 : 00000000;
    9616 : 00000000;
    9617 : 00000000;
    9618 : 00000000;
    9619 : 00000000;
    9620 : 00000000;
    9621 : 00000000;
    9622 : 00000000;
    9623 : 00000000;
    9624 : 00000000;
    9625 : 00000000;
    9626 : 00000000;
    9627 : 00000000;
    9628 : 00000000;
    9629 : 00000000;
    9630 : 00000000;
    9631 : 00000000;
    9632 : 00000000;
    9633 : 00000000;
    9634 : 00000000;
    9635 : 00000000;
    9636 : 00000000;
    9637 : 00000000;
    9638 : 00000000;
    9639 : 00000000;
    9640 : 00000000;
    9641 : 00000000;
    9642 : 00000000;
    9643 : 00000000;
    9644 : 00000000;
    9645 : 00000000;
    9646 : 00000000;
    9647 : 00000000;
    9648 : 00000000;
    9649 : 00000000;
    9650 : 00000000;
    9651 : 00000000;
    9652 : 00000000;
    9653 : 00000000;
    9654 : 00000000;
    9655 : 00000000;
    9656 : 00000000;
    9657 : 00000000;
    9658 : 00000000;
    9659 : 00000000;
    9660 : 00000000;
    9661 : 00000000;
    9662 : 00000000;
    9663 : 00000000;
    9664 : 00000000;
    9665 : 00000000;
    9666 : 00000000;
    9667 : 00000000;
    9668 : 00000000;
    9669 : 00000000;
    9670 : 00000000;
    9671 : 00000000;
    9672 : 00000000;
    9673 : 00000000;
    9674 : 00000000;
    9675 : 00000000;
    9676 : 00000000;
    9677 : 00000000;
    9678 : 00000000;
    9679 : 00000000;
    9680 : 00000000;
    9681 : 00000000;
    9682 : 00000000;
    9683 : 00000000;
    9684 : 00000000;
    9685 : 00000000;
    9686 : 00000000;
    9687 : 00000000;
    9688 : 00000000;
    9689 : 00000000;
    9690 : 00000000;
    9691 : 00000000;
    9692 : 00000000;
    9693 : 00000000;
    9694 : 00000000;
    9695 : 00000000;
    9696 : 00000000;
    9697 : 00000000;
    9698 : 00000000;
    9699 : 00000000;
    9700 : 00000000;
    9701 : 00000000;
    9702 : 00000000;
    9703 : 00000000;
    9704 : 00000000;
    9705 : 00000000;
    9706 : 00000000;
    9707 : 00000000;
    9708 : 00000000;
    9709 : 00000000;
    9710 : 00000000;
    9711 : 00000000;
    9712 : 00000000;
    9713 : 00000000;
    9714 : 00000000;
    9715 : 00000000;
    9716 : 00000000;
    9717 : 00000000;
    9718 : 00000000;
    9719 : 00000000;
    9720 : 00000000;
    9721 : 00000000;
    9722 : 00000000;
    9723 : 00000000;
    9724 : 00000000;
    9725 : 00000000;
    9726 : 00000000;
    9727 : 00000000;
    9728 : 00000000;
    9729 : 00000000;
    9730 : 00000000;
    9731 : 00000000;
    9732 : 00000000;
    9733 : 00000000;
    9734 : 00000000;
    9735 : 00000000;
    9736 : 00000000;
    9737 : 00000000;
    9738 : 00000000;
    9739 : 00000000;
    9740 : 00000000;
    9741 : 00000000;
    9742 : 00000000;
    9743 : 00000000;
    9744 : 00000000;
    9745 : 00000000;
    9746 : 00000000;
    9747 : 00000000;
    9748 : 00000000;
    9749 : 00000000;
    9750 : 00000000;
    9751 : 00000000;
    9752 : 00000000;
    9753 : 00000000;
    9754 : 00000000;
    9755 : 00000000;
    9756 : 00000000;
    9757 : 00000000;
    9758 : 00000000;
    9759 : 00000000;
    9760 : 00000000;
    9761 : 00000000;
    9762 : 00000000;
    9763 : 00000000;
    9764 : 00000000;
    9765 : 00000000;
    9766 : 00000000;
    9767 : 00000000;
    9768 : 00000000;
    9769 : 00000000;
    9770 : 00000000;
    9771 : 00000000;
    9772 : 00000000;
    9773 : 00000000;
    9774 : 00000000;
    9775 : 00000000;
    9776 : 00000000;
    9777 : 00000000;
    9778 : 00000000;
    9779 : 00000000;
    9780 : 00000000;
    9781 : 00000000;
    9782 : 00000000;
    9783 : 00000000;
    9784 : 00000000;
    9785 : 00000000;
    9786 : 00000000;
    9787 : 00000000;
    9788 : 00000000;
    9789 : 00000000;
    9790 : 00000000;
    9791 : 00000000;
    9792 : 00000000;
    9793 : 00000000;
    9794 : 00000000;
    9795 : 00000000;
    9796 : 00000000;
    9797 : 00000000;
    9798 : 00000000;
    9799 : 00000000;
    9800 : 00000000;
    9801 : 00000000;
    9802 : 00000000;
    9803 : 00000000;
    9804 : 00000000;
    9805 : 00000000;
    9806 : 00000000;
    9807 : 00000000;
    9808 : 00000000;
    9809 : 00000000;
    9810 : 00000000;
    9811 : 00000000;
    9812 : 00000000;
    9813 : 00000000;
    9814 : 00000000;
    9815 : 00000000;
    9816 : 00000000;
    9817 : 00000000;
    9818 : 00000000;
    9819 : 00000000;
    9820 : 00000000;
    9821 : 00000000;
    9822 : 00000000;
    9823 : 00000000;
    9824 : 00000000;
    9825 : 00000000;
    9826 : 00000000;
    9827 : 00000000;
    9828 : 00000000;
    9829 : 00000000;
    9830 : 00000000;
    9831 : 00000000;
    9832 : 00000000;
    9833 : 00000000;
    9834 : 00000000;
    9835 : 00000000;
    9836 : 00000000;
    9837 : 00000000;
    9838 : 00000000;
    9839 : 00000000;
    9840 : 00000000;
    9841 : 00000000;
    9842 : 00000000;
    9843 : 00000000;
    9844 : 00000000;
    9845 : 00000000;
    9846 : 00000000;
    9847 : 00000000;
    9848 : 00000000;
    9849 : 00000000;
    9850 : 00000000;
    9851 : 00000000;
    9852 : 00000000;
    9853 : 00000000;
    9854 : 00000000;
    9855 : 00000000;
    9856 : 00000000;
    9857 : 00000000;
    9858 : 00000000;
    9859 : 00000000;
    9860 : 00000000;
    9861 : 00000000;
    9862 : 00000000;
    9863 : 00000000;
    9864 : 00000000;
    9865 : 00000000;
    9866 : 00000000;
    9867 : 00000000;
    9868 : 00000000;
    9869 : 00000000;
    9870 : 00000000;
    9871 : 00000000;
    9872 : 00000000;
    9873 : 00000000;
    9874 : 00000000;
    9875 : 00000000;
    9876 : 00000000;
    9877 : 00000000;
    9878 : 00000000;
    9879 : 00000000;
    9880 : 00000000;
    9881 : 00000000;
    9882 : 00000000;
    9883 : 00000000;
    9884 : 00000000;
    9885 : 00000000;
    9886 : 00000000;
    9887 : 00000000;
    9888 : 00000000;
    9889 : 00000000;
    9890 : 00000000;
    9891 : 00000000;
    9892 : 00000000;
    9893 : 00000000;
    9894 : 00000000;
    9895 : 00000000;
    9896 : 00000000;
    9897 : 00000000;
    9898 : 00000000;
    9899 : 00000000;
    9900 : 00000000;
    9901 : 00000000;
    9902 : 00000000;
    9903 : 00000000;
    9904 : 00000000;
    9905 : 00000000;
    9906 : 00000000;
    9907 : 00000000;
    9908 : 00000000;
    9909 : 00000000;
    9910 : 00000000;
    9911 : 00000000;
    9912 : 00000000;
    9913 : 00000000;
    9914 : 00000000;
    9915 : 00000000;
    9916 : 00000000;
    9917 : 00000000;
    9918 : 00000000;
    9919 : 00000000;
    9920 : 00000000;
    9921 : 00000000;
    9922 : 00000000;
    9923 : 00000000;
    9924 : 00000000;
    9925 : 00000000;
    9926 : 00000000;
    9927 : 00000000;
    9928 : 00000000;
    9929 : 00000000;
    9930 : 00000000;
    9931 : 00000000;
    9932 : 00000000;
    9933 : 00000000;
    9934 : 00000000;
    9935 : 00000000;
    9936 : 00000000;
    9937 : 00000000;
    9938 : 00000000;
    9939 : 00000000;
    9940 : 00000000;
    9941 : 00000000;
    9942 : 00000000;
    9943 : 00000000;
    9944 : 00000000;
    9945 : 00000000;
    9946 : 00000000;
    9947 : 00000000;
    9948 : 00000000;
    9949 : 00000000;
    9950 : 00000000;
    9951 : 00000000;
    9952 : 00000000;
    9953 : 00000000;
    9954 : 00000000;
    9955 : 00000000;
    9956 : 00000000;
    9957 : 00000000;
    9958 : 00000000;
    9959 : 00000000;
    9960 : 00000000;
    9961 : 00000000;
    9962 : 00000000;
    9963 : 00000000;
    9964 : 00000000;
    9965 : 00000000;
    9966 : 00000000;
    9967 : 00000000;
    9968 : 00000000;
    9969 : 00000000;
    9970 : 00000000;
    9971 : 00000000;
    9972 : 00000000;
    9973 : 00000000;
    9974 : 00000000;
    9975 : 00000000;
    9976 : 00000000;
    9977 : 00000000;
    9978 : 00000000;
    9979 : 00000000;
    9980 : 00000000;
    9981 : 00000000;
    9982 : 00000000;
    9983 : 00000000;
    9984 : 00000000;
    9985 : 00000000;
    9986 : 00000000;
    9987 : 00000000;
    9988 : 00000000;
    9989 : 00000000;
    9990 : 00000000;
    9991 : 00000000;
    9992 : 00000000;
    9993 : 00000000;
    9994 : 00000000;
    9995 : 00000000;
    9996 : 00000000;
    9997 : 00000000;
    9998 : 00000000;
    9999 : 00000000;
    10000 : 00000000;
    10001 : 00000000;
    10002 : 00000000;
    10003 : 00000000;
    10004 : 00000000;
    10005 : 00000000;
    10006 : 00000000;
    10007 : 00000000;
    10008 : 00000000;
    10009 : 00000000;
    10010 : 00000000;
    10011 : 00000000;
    10012 : 00000000;
    10013 : 00000000;
    10014 : 00000000;
    10015 : 00000000;
    10016 : 00000000;
    10017 : 00000000;
    10018 : 00000000;
    10019 : 00000000;
    10020 : 00000000;
    10021 : 00000000;
    10022 : 00000000;
    10023 : 00000000;
    10024 : 00000000;
    10025 : 00000000;
    10026 : 00000000;
    10027 : 00000000;
    10028 : 00000000;
    10029 : 00000000;
    10030 : 00000000;
    10031 : 00000000;
    10032 : 00000000;
    10033 : 00000000;
    10034 : 00000000;
    10035 : 00000000;
    10036 : 00000000;
    10037 : 00000000;
    10038 : 00000000;
    10039 : 00000000;
    10040 : 00000000;
    10041 : 00000000;
    10042 : 00000000;
    10043 : 00000000;
    10044 : 00000000;
    10045 : 00000000;
    10046 : 00000000;
    10047 : 00000000;
    10048 : 00000000;
    10049 : 00000000;
    10050 : 00000000;
    10051 : 00000000;
    10052 : 00000000;
    10053 : 00000000;
    10054 : 00000000;
    10055 : 00000000;
    10056 : 00000000;
    10057 : 00000000;
    10058 : 00000000;
    10059 : 00000000;
    10060 : 00000000;
    10061 : 00000000;
    10062 : 00000000;
    10063 : 00000000;
    10064 : 00000000;
    10065 : 00000000;
    10066 : 00000000;
    10067 : 00000000;
    10068 : 00000000;
    10069 : 00000000;
    10070 : 00000000;
    10071 : 00000000;
    10072 : 00000000;
    10073 : 00000000;
    10074 : 00000000;
    10075 : 00000000;
    10076 : 00000000;
    10077 : 00000000;
    10078 : 00000000;
    10079 : 00000000;
    10080 : 00000000;
    10081 : 00000000;
    10082 : 00000000;
    10083 : 00000000;
    10084 : 00000000;
    10085 : 00000000;
    10086 : 00000000;
    10087 : 00000000;
    10088 : 00000000;
    10089 : 00000000;
    10090 : 00000000;
    10091 : 00000000;
    10092 : 00000000;
    10093 : 00000000;
    10094 : 00000000;
    10095 : 00000000;
    10096 : 00000000;
    10097 : 00000000;
    10098 : 00000000;
    10099 : 00000000;
    10100 : 00000000;
    10101 : 00000000;
    10102 : 00000000;
    10103 : 00000000;
    10104 : 00000000;
    10105 : 00000000;
    10106 : 00000000;
    10107 : 00000000;
    10108 : 00000000;
    10109 : 00000000;
    10110 : 00000000;
    10111 : 00000000;
    10112 : 00000000;
    10113 : 00000000;
    10114 : 00000000;
    10115 : 00000000;
    10116 : 00000000;
    10117 : 00000000;
    10118 : 00000000;
    10119 : 00000000;
    10120 : 00000000;
    10121 : 00000000;
    10122 : 00000000;
    10123 : 00000000;
    10124 : 00000000;
    10125 : 00000000;
    10126 : 00000000;
    10127 : 00000000;
    10128 : 00000000;
    10129 : 00000000;
    10130 : 00000000;
    10131 : 00000000;
    10132 : 00000000;
    10133 : 00000000;
    10134 : 00000000;
    10135 : 00000000;
    10136 : 00000000;
    10137 : 00000000;
    10138 : 00000000;
    10139 : 00000000;
    10140 : 00000000;
    10141 : 00000000;
    10142 : 00000000;
    10143 : 00000000;
    10144 : 00000000;
    10145 : 00000000;
    10146 : 00000000;
    10147 : 00000000;
    10148 : 00000000;
    10149 : 00000000;
    10150 : 00000000;
    10151 : 00000000;
    10152 : 00000000;
    10153 : 00000000;
    10154 : 00000000;
    10155 : 00000000;
    10156 : 00000000;
    10157 : 00000000;
    10158 : 00000000;
    10159 : 00000000;
    10160 : 00000000;
    10161 : 00000000;
    10162 : 00000000;
    10163 : 00000000;
    10164 : 00000000;
    10165 : 00000000;
    10166 : 00000000;
    10167 : 00000000;
    10168 : 00000000;
    10169 : 00000000;
    10170 : 00000000;
    10171 : 00000000;
    10172 : 00000000;
    10173 : 00000000;
    10174 : 00000000;
    10175 : 00000000;
    10176 : 00000000;
    10177 : 00000000;
    10178 : 00000000;
    10179 : 00000000;
    10180 : 00000000;
    10181 : 00000000;
    10182 : 00000000;
    10183 : 00000000;
    10184 : 00000000;
    10185 : 00000000;
    10186 : 00000000;
    10187 : 00000000;
    10188 : 00000000;
    10189 : 00000000;
    10190 : 00000000;
    10191 : 00000000;
    10192 : 00000000;
    10193 : 00000000;
    10194 : 00000000;
    10195 : 00000000;
    10196 : 00000000;
    10197 : 00000000;
    10198 : 00000000;
    10199 : 00000000;
    10200 : 00000000;
    10201 : 00000000;
    10202 : 00000000;
    10203 : 00000000;
    10204 : 00000000;
    10205 : 00000000;
    10206 : 00000000;
    10207 : 00000000;
    10208 : 00000000;
    10209 : 00000000;
    10210 : 00000000;
    10211 : 00000000;
    10212 : 00000000;
    10213 : 00000000;
    10214 : 00000000;
    10215 : 00000000;
    10216 : 00000000;
    10217 : 00000000;
    10218 : 00000000;
    10219 : 00000000;
    10220 : 00000000;
    10221 : 00000000;
    10222 : 00000000;
    10223 : 00000000;
    10224 : 00000000;
    10225 : 00000000;
    10226 : 00000000;
    10227 : 00000000;
    10228 : 00000000;
    10229 : 00000000;
    10230 : 00000000;
    10231 : 00000000;
    10232 : 00000000;
    10233 : 00000000;
    10234 : 00000000;
    10235 : 00000000;
    10236 : 53494730;
    10237 : 00000128;
    10238 : 0000014C;
    10239 : 00000024;
    10240 : 4A000113;
    10241 : 0000D0B7;
    10242 : CCC08093;
    10243 : FFF00F93;
    10244 : 00000813;
    10245 : 010F9663;
    10246 : 000120B7;
    10247 : 3AB08093;
    10248 : 00112023;
    10249 : 0000D0B7;
    10250 : CCC08093;
    10251 : 00100F13;
    10252 : 80100793;
    10253 : 00FF1663;
    10254 : 000120B7;
    10255 : 3AB08093;
    10256 : 00112223;
    10257 : 0080006F;
    10258 : 0200006F;
    10259 : 0000D0B7;
    10260 : CCC08093;
    10261 : 00000E93;
    10262 : FFF00713;
    10263 : FEEE96E3;
    10264 : 000120B7;
    10265 : 3AB08093;
    10266 : 00112423;
    10267 : 0000D0B7;
    10268 : CCC08093;
    10269 : 7FF00E13;
    10270 : FFFFF6B7;
    10271 : DCC68693;
    10272 : 00DE1663;
    10273 : 000120B7;
    10274 : 3AB08093;
    10275 : 00112623;
    10276 : 0000D0B7;
    10277 : CCC08093;
    10278 : 00000D93;
    10279 : 80000637;
    10280 : 00CD9663;
    10281 : 000120B7;
    10282 : 3AB08093;
    10283 : 00112823;
    10284 : 4B400113;
    10285 : 0000D0B7;
    10286 : CCC08093;
    10287 : 00001D37;
    10288 : 800D0D13;
    10289 : 000015B7;
    10290 : 23458593;
    10291 : 00BD1663;
    10292 : 000120B7;
    10293 : 3AB08093;
    10294 : 00112023;
    10295 : 0000D0B7;
    10296 : CCC08093;
    10297 : 07654CB7;
    10298 : 321C8C93;
    10299 : FFF00513;
    10300 : 00AC9663;
    10301 : 000120B7;
    10302 : 3AB08093;
    10303 : 00112223;
    10304 : 0080006F;
    10305 : 0240006F;
    10306 : 0000D0B7;
    10307 : CCC08093;
    10308 : 80000C37;
    10309 : FFFC0C13;
    10310 : 00100493;
    10311 : FE9C14E3;
    10312 : 000120B7;
    10313 : 3AB08093;
    10314 : 00112423;
    10315 : 0000D0B7;
    10316 : CCC08093;
    10317 : 00100B93;
    10318 : 80000437;
    10319 : FFF40413;
    10320 : 008B9663;
    10321 : 000120B7;
    10322 : 3AB08093;
    10323 : 00112623;
    10324 : 0000D0B7;
    10325 : CCC08093;
    10326 : FFF00B13;
    10327 : 076543B7;
    10328 : 32138393;
    10329 : 007B1663;
    10330 : 000120B7;
    10331 : 3AB08093;
    10332 : 00112823;
    10333 : 4C800393;
    10334 : 0000D0B7;
    10335 : CCC08093;
    10336 : 00001AB7;
    10337 : 234A8A93;
    10338 : 00001337;
    10339 : 80030313;
    10340 : 006A9663;
    10341 : 000120B7;
    10342 : 3AB08093;
    10343 : 0013A023;
    10344 : 0000D0B7;
    10345 : CCC08093;
    10346 : 80000A37;
    10347 : 00000293;
    10348 : 005A1663;
    10349 : 000120B7;
    10350 : 3AB08093;
    10351 : 0013A223;
    10352 : 0080006F;
    10353 : 0240006F;
    10354 : 0000D0B7;
    10355 : CCC08093;
    10356 : FFFFF9B7;
    10357 : DCC98993;
    10358 : 7FF00213;
    10359 : FE4994E3;
    10360 : 000120B7;
    10361 : 3AB08093;
    10362 : 0013A423;
    10363 : 0000D0B7;
    10364 : CCC08093;
    10365 : FFF00913;
    10366 : FFF00193;
    10367 : 00391663;
    10368 : 000120B7;
    10369 : 3AB08093;
    10370 : 0013A623;
    10371 : 0000D0B7;
    10372 : CCC08093;
    10373 : 80100893;
    10374 : 00100113;
    10375 : 00289663;
    10376 : 000120B7;
    10377 : 3AB08093;
    10378 : 0013A823;
    10379 : 4DC00193;
    10380 : 0000D137;
    10381 : CCC10113;
    10382 : 00000813;
    10383 : 00000093;
    10384 : 00181663;
    10385 : 00012137;
    10386 : 3AB10113;
    10387 : 0021A023;
    10388 : 0000D0B7;
    10389 : CCC08093;
    10390 : FFF00793;
    10391 : 00000013;
    10392 : 00079663;
    10393 : 000120B7;
    10394 : 3AB08093;
    10395 : 0011A223;
    10396 : 0080006F;
    10397 : 0200006F;
    10398 : 0000D0B7;
    10399 : CCC08093;
    10400 : 00100713;
    10401 : 80100F93;
    10402 : FFF716E3;
    10403 : 000120B7;
    10404 : 3AB08093;
    10405 : 0011A423;
    10406 : 0000D0B7;
    10407 : CCC08093;
    10408 : 00000693;
    10409 : FFF00F13;
    10410 : 01E69663;
    10411 : 000120B7;
    10412 : 3AB08093;
    10413 : 0011A623;
    10414 : 0000D0B7;
    10415 : CCC08093;
    10416 : 7FF00613;
    10417 : FFFFFEB7;
    10418 : DCCE8E93;
    10419 : 01D61663;
    10420 : 000120B7;
    10421 : 3AB08093;
    10422 : 0011A823;
    10423 : 4F000113;
    10424 : 0000D0B7;
    10425 : CCC08093;
    10426 : 00000593;
    10427 : 80000E37;
    10428 : 01C59663;
    10429 : 000120B7;
    10430 : 3AB08093;
    10431 : 00112023;
    10432 : 0000D0B7;
    10433 : CCC08093;
    10434 : 00001537;
    10435 : 80050513;
    10436 : 00001DB7;
    10437 : 234D8D93;
    10438 : 01B51663;
    10439 : 000120B7;
    10440 : 3AB08093;
    10441 : 00112223;
    10442 : 0080006F;
    10443 : 0240006F;
    10444 : 0000D0B7;
    10445 : CCC08093;
    10446 : 076544B7;
    10447 : 32148493;
    10448 : FFF00D13;
    10449 : FFA494E3;
    10450 : 000120B7;
    10451 : 3AB08093;
    10452 : 00112423;
    10453 : 0000D0B7;
    10454 : CCC08093;
    10455 : 80000437;
    10456 : FFF40413;
    10457 : 00100C93;
    10458 : 01941663;
    10459 : 000120B7;
    10460 : 3AB08093;
    10461 : 00112623;
    10462 : 0000D0B7;
    10463 : CCC08093;
    10464 : 00100393;
    10465 : 80000C37;
    10466 : FFFC0C13;
    10467 : 01839663;
    10468 : 000120B7;
    10469 : 3AB08093;
    10470 : 00112823;
    10471 : 50400393;
    10472 : 0000D0B7;
    10473 : CCC08093;
    10474 : FFF00313;
    10475 : 07654BB7;
    10476 : 321B8B93;
    10477 : 01731663;
    10478 : 000120B7;
    10479 : 3AB08093;
    10480 : 0013A023;
    10481 : 0000D0B7;
    10482 : CCC08093;
    10483 : 000012B7;
    10484 : 23428293;
    10485 : 00001B37;
    10486 : 800B0B13;
    10487 : 01629663;
    10488 : 000120B7;
    10489 : 3AB08093;
    10490 : 0013A223;
    10491 : 0080006F;
    10492 : 0200006F;
    10493 : 0000D0B7;
    10494 : CCC08093;
    10495 : 80000237;
    10496 : 00000A93;
    10497 : FF5216E3;
    10498 : 000120B7;
    10499 : 3AB08093;
    10500 : 0013A423;
    10501 : 0000D0B7;
    10502 : CCC08093;
    10503 : FFFFF1B7;
    10504 : DCC18193;
    10505 : 7FF00A13;
    10506 : 01419663;
    10507 : 000120B7;
    10508 : 3AB08093;
    10509 : 0013A623;
    10510 : 0000D0B7;
    10511 : CCC08093;
    10512 : FFF00113;
    10513 : FFF00993;
    10514 : 01311663;
    10515 : 000120B7;
    10516 : 3AB08093;
    10517 : 0013A823;
    10518 : 51800193;
    10519 : 0000D137;
    10520 : CCC10113;
    10521 : 80100093;
    10522 : 00100913;
    10523 : 01209663;
    10524 : 00012137;
    10525 : 3AB10113;
    10526 : 0021A023;
    10527 : 0000D0B7;
    10528 : CCC08093;
    10529 : 00000013;
    10530 : 00000893;
    10531 : 01101663;
    10532 : 000120B7;
    10533 : 3AB08093;
    10534 : 0011A223;
    10535 : 00000073;
    10536 : FFFFFFFF;
    10537 : FFFFFFFF;
    10538 : FFFFFFFF;
    10539 : FFFFFFFF;
    10540 : FFFFFFFF;
    10541 : FFFFFFFF;
    10542 : FFFFFFFF;
    10543 : FFFFFFFF;
    10544 : FFFFFFFF;
    10545 : FFFFFFFF;
    10546 : FFFFFFFF;
    10547 : FFFFFFFF;
    10548 : FFFFFFFF;
    10549 : FFFFFFFF;
    10550 : FFFFFFFF;
    10551 : FFFFFFFF;
    10552 : FFFFFFFF;
    10553 : FFFFFFFF;
    10554 : FFFFFFFF;
    10555 : FFFFFFFF;
    10556 : FFFFFFFF;
    10557 : FFFFFFFF;
    10558 : FFFFFFFF;
    10559 : FFFFFFFF;
    10560 : FFFFFFFF;
    10561 : FFFFFFFF;
    10562 : FFFFFFFF;
    10563 : FFFFFFFF;
    10564 : FFFFFFFF;
    10565 : FFFFFFFF;
    10566 : FFFFFFFF;
    10567 : FFFFFFFF;
    10568 : FFFFFFFF;
    10569 : FFFFFFFF;
    10570 : FFFFFFFF;
    10571 : 00000000;
    10572 : 00000000;
    10573 : 00000000;
    10574 : 00000000;
    10575 : 00000000;
    10576 : 00000000;
    10577 : 00000000;
    10578 : 00000000;
    10579 : 00000000;
    10580 : 00000000;
    10581 : 00000000;
    10582 : 00000000;
    10583 : 00000000;
    10584 : 00000000;
    10585 : 00000000;
    10586 : 00000000;
    10587 : 00000000;
    10588 : 00000000;
    10589 : 00000000;
    10590 : 00000000;
    10591 : 00000000;
    10592 : 00000000;
    10593 : 00000000;
    10594 : 00000000;
    10595 : 00000000;
    10596 : 00000000;
    10597 : 00000000;
    10598 : 00000000;
    10599 : 00000000;
    10600 : 00000000;
    10601 : 00000000;
    10602 : 00000000;
    10603 : 00000000;
    10604 : 00000000;
    10605 : 00000000;
    10606 : 00000000;
    10607 : 00000000;
    10608 : 00000000;
    10609 : 00000000;
    10610 : 00000000;
    10611 : 00000000;
    10612 : 00000000;
    10613 : 00000000;
    10614 : 00000000;
    10615 : 00000000;
    10616 : 00000000;
    10617 : 00000000;
    10618 : 00000000;
    10619 : 00000000;
    10620 : 00000000;
    10621 : 00000000;
    10622 : 00000000;
    10623 : 00000000;
    10624 : 00000000;
    10625 : 00000000;
    10626 : 00000000;
    10627 : 00000000;
    10628 : 00000000;
    10629 : 00000000;
    10630 : 00000000;
    10631 : 00000000;
    10632 : 00000000;
    10633 : 00000000;
    10634 : 00000000;
    10635 : 00000000;
    10636 : 00000000;
    10637 : 00000000;
    10638 : 00000000;
    10639 : 00000000;
    10640 : 00000000;
    10641 : 00000000;
    10642 : 00000000;
    10643 : 00000000;
    10644 : 00000000;
    10645 : 00000000;
    10646 : 00000000;
    10647 : 00000000;
    10648 : 00000000;
    10649 : 00000000;
    10650 : 00000000;
    10651 : 00000000;
    10652 : 00000000;
    10653 : 00000000;
    10654 : 00000000;
    10655 : 00000000;
    10656 : 00000000;
    10657 : 00000000;
    10658 : 00000000;
    10659 : 00000000;
    10660 : 00000000;
    10661 : 00000000;
    10662 : 00000000;
    10663 : 00000000;
    10664 : 00000000;
    10665 : 00000000;
    10666 : 00000000;
    10667 : 00000000;
    10668 : 00000000;
    10669 : 00000000;
    10670 : 00000000;
    10671 : 00000000;
    10672 : 00000000;
    10673 : 00000000;
    10674 : 00000000;
    10675 : 00000000;
    10676 : 00000000;
    10677 : 00000000;
    10678 : 00000000;
    10679 : 00000000;
    10680 : 00000000;
    10681 : 00000000;
    10682 : 00000000;
    10683 : 00000000;
    10684 : 00000000;
    10685 : 00000000;
    10686 : 00000000;
    10687 : 00000000;
    10688 : 00000000;
    10689 : 00000000;
    10690 : 00000000;
    10691 : 00000000;
    10692 : 00000000;
    10693 : 00000000;
    10694 : 00000000;
    10695 : 00000000;
    10696 : 00000000;
    10697 : 00000000;
    10698 : 00000000;
    10699 : 00000000;
    10700 : 00000000;
    10701 : 00000000;
    10702 : 00000000;
    10703 : 00000000;
    10704 : 00000000;
    10705 : 00000000;
    10706 : 00000000;
    10707 : 00000000;
    10708 : 00000000;
    10709 : 00000000;
    10710 : 00000000;
    10711 : 00000000;
    10712 : 00000000;
    10713 : 00000000;
    10714 : 00000000;
    10715 : 00000000;
    10716 : 00000000;
    10717 : 00000000;
    10718 : 00000000;
    10719 : 00000000;
    10720 : 00000000;
    10721 : 00000000;
    10722 : 00000000;
    10723 : 00000000;
    10724 : 00000000;
    10725 : 00000000;
    10726 : 00000000;
    10727 : 00000000;
    10728 : 00000000;
    10729 : 00000000;
    10730 : 00000000;
    10731 : 00000000;
    10732 : 00000000;
    10733 : 00000000;
    10734 : 00000000;
    10735 : 00000000;
    10736 : 00000000;
    10737 : 00000000;
    10738 : 00000000;
    10739 : 00000000;
    10740 : 00000000;
    10741 : 00000000;
    10742 : 00000000;
    10743 : 00000000;
    10744 : 00000000;
    10745 : 00000000;
    10746 : 00000000;
    10747 : 00000000;
    10748 : 00000000;
    10749 : 00000000;
    10750 : 00000000;
    10751 : 00000000;
    10752 : 00000000;
    10753 : 00000000;
    10754 : 00000000;
    10755 : 00000000;
    10756 : 00000000;
    10757 : 00000000;
    10758 : 00000000;
    10759 : 00000000;
    10760 : 00000000;
    10761 : 00000000;
    10762 : 00000000;
    10763 : 00000000;
    10764 : 00000000;
    10765 : 00000000;
    10766 : 00000000;
    10767 : 00000000;
    10768 : 00000000;
    10769 : 00000000;
    10770 : 00000000;
    10771 : 00000000;
    10772 : 00000000;
    10773 : 00000000;
    10774 : 00000000;
    10775 : 00000000;
    10776 : 00000000;
    10777 : 00000000;
    10778 : 00000000;
    10779 : 00000000;
    10780 : 00000000;
    10781 : 00000000;
    10782 : 00000000;
    10783 : 00000000;
    10784 : 00000000;
    10785 : 00000000;
    10786 : 00000000;
    10787 : 00000000;
    10788 : 00000000;
    10789 : 00000000;
    10790 : 00000000;
    10791 : 00000000;
    10792 : 00000000;
    10793 : 00000000;
    10794 : 00000000;
    10795 : 00000000;
    10796 : 00000000;
    10797 : 00000000;
    10798 : 00000000;
    10799 : 00000000;
    10800 : 00000000;
    10801 : 00000000;
    10802 : 00000000;
    10803 : 00000000;
    10804 : 00000000;
    10805 : 00000000;
    10806 : 00000000;
    10807 : 00000000;
    10808 : 00000000;
    10809 : 00000000;
    10810 : 00000000;
    10811 : 00000000;
    10812 : 00000000;
    10813 : 00000000;
    10814 : 00000000;
    10815 : 00000000;
    10816 : 00000000;
    10817 : 00000000;
    10818 : 00000000;
    10819 : 00000000;
    10820 : 00000000;
    10821 : 00000000;
    10822 : 00000000;
    10823 : 00000000;
    10824 : 00000000;
    10825 : 00000000;
    10826 : 00000000;
    10827 : 00000000;
    10828 : 00000000;
    10829 : 00000000;
    10830 : 00000000;
    10831 : 00000000;
    10832 : 00000000;
    10833 : 00000000;
    10834 : 00000000;
    10835 : 00000000;
    10836 : 00000000;
    10837 : 00000000;
    10838 : 00000000;
    10839 : 00000000;
    10840 : 00000000;
    10841 : 00000000;
    10842 : 00000000;
    10843 : 00000000;
    10844 : 00000000;
    10845 : 00000000;
    10846 : 00000000;
    10847 : 00000000;
    10848 : 00000000;
    10849 : 00000000;
    10850 : 00000000;
    10851 : 00000000;
    10852 : 00000000;
    10853 : 00000000;
    10854 : 00000000;
    10855 : 00000000;
    10856 : 00000000;
    10857 : 00000000;
    10858 : 00000000;
    10859 : 00000000;
    10860 : 00000000;
    10861 : 00000000;
    10862 : 00000000;
    10863 : 00000000;
    10864 : 00000000;
    10865 : 00000000;
    10866 : 00000000;
    10867 : 00000000;
    10868 : 00000000;
    10869 : 00000000;
    10870 : 00000000;
    10871 : 00000000;
    10872 : 00000000;
    10873 : 00000000;
    10874 : 00000000;
    10875 : 00000000;
    10876 : 00000000;
    10877 : 00000000;
    10878 : 00000000;
    10879 : 00000000;
    10880 : 00000000;
    10881 : 00000000;
    10882 : 00000000;
    10883 : 00000000;
    10884 : 00000000;
    10885 : 00000000;
    10886 : 00000000;
    10887 : 00000000;
    10888 : 00000000;
    10889 : 00000000;
    10890 : 00000000;
    10891 : 00000000;
    10892 : 00000000;
    10893 : 00000000;
    10894 : 00000000;
    10895 : 00000000;
    10896 : 00000000;
    10897 : 00000000;
    10898 : 00000000;
    10899 : 00000000;
    10900 : 00000000;
    10901 : 00000000;
    10902 : 00000000;
    10903 : 00000000;
    10904 : 00000000;
    10905 : 00000000;
    10906 : 00000000;
    10907 : 00000000;
    10908 : 00000000;
    10909 : 00000000;
    10910 : 00000000;
    10911 : 00000000;
    10912 : 00000000;
    10913 : 00000000;
    10914 : 00000000;
    10915 : 00000000;
    10916 : 00000000;
    10917 : 00000000;
    10918 : 00000000;
    10919 : 00000000;
    10920 : 00000000;
    10921 : 00000000;
    10922 : 00000000;
    10923 : 00000000;
    10924 : 00000000;
    10925 : 00000000;
    10926 : 00000000;
    10927 : 00000000;
    10928 : 00000000;
    10929 : 00000000;
    10930 : 00000000;
    10931 : 00000000;
    10932 : 00000000;
    10933 : 00000000;
    10934 : 00000000;
    10935 : 00000000;
    10936 : 00000000;
    10937 : 00000000;
    10938 : 00000000;
    10939 : 00000000;
    10940 : 00000000;
    10941 : 00000000;
    10942 : 00000000;
    10943 : 00000000;
    10944 : 00000000;
    10945 : 00000000;
    10946 : 00000000;
    10947 : 00000000;
    10948 : 00000000;
    10949 : 00000000;
    10950 : 00000000;
    10951 : 00000000;
    10952 : 00000000;
    10953 : 00000000;
    10954 : 00000000;
    10955 : 00000000;
    10956 : 00000000;
    10957 : 00000000;
    10958 : 00000000;
    10959 : 00000000;
    10960 : 00000000;
    10961 : 00000000;
    10962 : 00000000;
    10963 : 00000000;
    10964 : 00000000;
    10965 : 00000000;
    10966 : 00000000;
    10967 : 00000000;
    10968 : 00000000;
    10969 : 00000000;
    10970 : 00000000;
    10971 : 00000000;
    10972 : 00000000;
    10973 : 00000000;
    10974 : 00000000;
    10975 : 00000000;
    10976 : 00000000;
    10977 : 00000000;
    10978 : 00000000;
    10979 : 00000000;
    10980 : 00000000;
    10981 : 00000000;
    10982 : 00000000;
    10983 : 00000000;
    10984 : 00000000;
    10985 : 00000000;
    10986 : 00000000;
    10987 : 00000000;
    10988 : 00000000;
    10989 : 00000000;
    10990 : 00000000;
    10991 : 00000000;
    10992 : 00000000;
    10993 : 00000000;
    10994 : 00000000;
    10995 : 00000000;
    10996 : 00000000;
    10997 : 00000000;
    10998 : 00000000;
    10999 : 00000000;
    11000 : 00000000;
    11001 : 00000000;
    11002 : 00000000;
    11003 : 00000000;
    11004 : 00000000;
    11005 : 00000000;
    11006 : 00000000;
    11007 : 00000000;
    11008 : 00000000;
    11009 : 00000000;
    11010 : 00000000;
    11011 : 00000000;
    11012 : 00000000;
    11013 : 00000000;
    11014 : 00000000;
    11015 : 00000000;
    11016 : 00000000;
    11017 : 00000000;
    11018 : 00000000;
    11019 : 00000000;
    11020 : 00000000;
    11021 : 00000000;
    11022 : 00000000;
    11023 : 00000000;
    11024 : 00000000;
    11025 : 00000000;
    11026 : 00000000;
    11027 : 00000000;
    11028 : 00000000;
    11029 : 00000000;
    11030 : 00000000;
    11031 : 00000000;
    11032 : 00000000;
    11033 : 00000000;
    11034 : 00000000;
    11035 : 00000000;
    11036 : 00000000;
    11037 : 00000000;
    11038 : 00000000;
    11039 : 00000000;
    11040 : 00000000;
    11041 : 00000000;
    11042 : 00000000;
    11043 : 00000000;
    11044 : 00000000;
    11045 : 00000000;
    11046 : 00000000;
    11047 : 00000000;
    11048 : 00000000;
    11049 : 00000000;
    11050 : 00000000;
    11051 : 00000000;
    11052 : 00000000;
    11053 : 00000000;
    11054 : 00000000;
    11055 : 00000000;
    11056 : 00000000;
    11057 : 00000000;
    11058 : 00000000;
    11059 : 00000000;
    11060 : 00000000;
    11061 : 00000000;
    11062 : 00000000;
    11063 : 00000000;
    11064 : 00000000;
    11065 : 00000000;
    11066 : 00000000;
    11067 : 00000000;
    11068 : 00000000;
    11069 : 00000000;
    11070 : 00000000;
    11071 : 00000000;
    11072 : 00000000;
    11073 : 00000000;
    11074 : 00000000;
    11075 : 00000000;
    11076 : 00000000;
    11077 : 00000000;
    11078 : 00000000;
    11079 : 00000000;
    11080 : 00000000;
    11081 : 00000000;
    11082 : 00000000;
    11083 : 00000000;
    11084 : 00000000;
    11085 : 00000000;
    11086 : 00000000;
    11087 : 00000000;
    11088 : 00000000;
    11089 : 00000000;
    11090 : 00000000;
    11091 : 00000000;
    11092 : 00000000;
    11093 : 00000000;
    11094 : 00000000;
    11095 : 00000000;
    11096 : 00000000;
    11097 : 00000000;
    11098 : 00000000;
    11099 : 00000000;
    11100 : 00000000;
    11101 : 00000000;
    11102 : 00000000;
    11103 : 00000000;
    11104 : 00000000;
    11105 : 00000000;
    11106 : 00000000;
    11107 : 00000000;
    11108 : 00000000;
    11109 : 00000000;
    11110 : 00000000;
    11111 : 00000000;
    11112 : 00000000;
    11113 : 00000000;
    11114 : 00000000;
    11115 : 00000000;
    11116 : 00000000;
    11117 : 00000000;
    11118 : 00000000;
    11119 : 00000000;
    11120 : 00000000;
    11121 : 00000000;
    11122 : 00000000;
    11123 : 00000000;
    11124 : 00000000;
    11125 : 00000000;
    11126 : 00000000;
    11127 : 00000000;
    11128 : 00000000;
    11129 : 00000000;
    11130 : 00000000;
    11131 : 00000000;
    11132 : 00000000;
    11133 : 00000000;
    11134 : 00000000;
    11135 : 00000000;
    11136 : 00000000;
    11137 : 00000000;
    11138 : 00000000;
    11139 : 00000000;
    11140 : 00000000;
    11141 : 00000000;
    11142 : 00000000;
    11143 : 00000000;
    11144 : 00000000;
    11145 : 00000000;
    11146 : 00000000;
    11147 : 00000000;
    11148 : 00000000;
    11149 : 00000000;
    11150 : 00000000;
    11151 : 00000000;
    11152 : 00000000;
    11153 : 00000000;
    11154 : 00000000;
    11155 : 00000000;
    11156 : 00000000;
    11157 : 00000000;
    11158 : 00000000;
    11159 : 00000000;
    11160 : 00000000;
    11161 : 00000000;
    11162 : 00000000;
    11163 : 00000000;
    11164 : 00000000;
    11165 : 00000000;
    11166 : 00000000;
    11167 : 00000000;
    11168 : 00000000;
    11169 : 00000000;
    11170 : 00000000;
    11171 : 00000000;
    11172 : 00000000;
    11173 : 00000000;
    11174 : 00000000;
    11175 : 00000000;
    11176 : 00000000;
    11177 : 00000000;
    11178 : 00000000;
    11179 : 00000000;
    11180 : 00000000;
    11181 : 00000000;
    11182 : 00000000;
    11183 : 00000000;
    11184 : 00000000;
    11185 : 00000000;
    11186 : 00000000;
    11187 : 00000000;
    11188 : 00000000;
    11189 : 00000000;
    11190 : 00000000;
    11191 : 00000000;
    11192 : 00000000;
    11193 : 00000000;
    11194 : 00000000;
    11195 : 00000000;
    11196 : 00000000;
    11197 : 00000000;
    11198 : 00000000;
    11199 : 00000000;
    11200 : 00000000;
    11201 : 00000000;
    11202 : 00000000;
    11203 : 00000000;
    11204 : 00000000;
    11205 : 00000000;
    11206 : 00000000;
    11207 : 00000000;
    11208 : 00000000;
    11209 : 00000000;
    11210 : 00000000;
    11211 : 00000000;
    11212 : 00000000;
    11213 : 00000000;
    11214 : 00000000;
    11215 : 00000000;
    11216 : 00000000;
    11217 : 00000000;
    11218 : 00000000;
    11219 : 00000000;
    11220 : 00000000;
    11221 : 00000000;
    11222 : 00000000;
    11223 : 00000000;
    11224 : 00000000;
    11225 : 00000000;
    11226 : 00000000;
    11227 : 00000000;
    11228 : 00000000;
    11229 : 00000000;
    11230 : 00000000;
    11231 : 00000000;
    11232 : 00000000;
    11233 : 00000000;
    11234 : 00000000;
    11235 : 00000000;
    11236 : 00000000;
    11237 : 00000000;
    11238 : 00000000;
    11239 : 00000000;
    11240 : 00000000;
    11241 : 00000000;
    11242 : 00000000;
    11243 : 00000000;
    11244 : 00000000;
    11245 : 00000000;
    11246 : 00000000;
    11247 : 00000000;
    11248 : 00000000;
    11249 : 00000000;
    11250 : 00000000;
    11251 : 00000000;
    11252 : 00000000;
    11253 : 00000000;
    11254 : 00000000;
    11255 : 00000000;
    11256 : 00000000;
    11257 : 00000000;
    11258 : 00000000;
    11259 : 00000000;
    11260 : 53494730;
    11261 : 00000128;
    11262 : 0000014C;
    11263 : 00000024;
    11264 : 10000093;
    11265 : 11111137;
    11266 : 11110113;
    11267 : 0080006F;
    11268 : 00000113;
    11269 : 0020A023;
    11270 : 10400093;
    11271 : 22222137;
    11272 : 22210113;
    11273 : 00000217;
    11274 : 01020213;
    11275 : 00020067;
    11276 : 00000113;
    11277 : 0020A023;
    11278 : 10800093;
    11279 : 00500293;
    11280 : 00600313;
    11281 : 33333137;
    11282 : 33310113;
    11283 : 00528463;
    11284 : 00000113;
    11285 : 0020A023;
    11286 : 10C00093;
    11287 : 00500293;
    11288 : 00600313;
    11289 : 44444137;
    11290 : 44410113;
    11291 : 00629463;
    11292 : 00000113;
    11293 : 0020A023;
    11294 : 11000093;
    11295 : 00500293;
    11296 : 00600313;
    11297 : 55555137;
    11298 : 55510113;
    11299 : 0062C463;
    11300 : 00000113;
    11301 : 0020A023;
    11302 : 11400093;
    11303 : 00500293;
    11304 : 00600313;
    11305 : 66666137;
    11306 : 66610113;
    11307 : 0062E463;
    11308 : 00000113;
    11309 : 0020A023;
    11310 : 11800093;
    11311 : 00500293;
    11312 : 00600313;
    11313 : 77777137;
    11314 : 77710113;
    11315 : 00535463;
    11316 : 00000113;
    11317 : 0020A023;
    11318 : 11C00093;
    11319 : 00500293;
    11320 : 00600313;
    11321 : 88889137;
    11322 : 88810113;
    11323 : 00537463;
    11324 : 00000113;
    11325 : 0020A023;
    11326 : 00000073;
    11327 : 00000000;
    11328 : FFFFFFFF;
    11329 : FFFFFFFF;
    11330 : FFFFFFFF;
    11331 : FFFFFFFF;
    11332 : FFFFFFFF;
    11333 : FFFFFFFF;
    11334 : FFFFFFFF;
    11335 : FFFFFFFF;
    11336 : 00000000;
    11337 : 00000000;
    11338 : 00000000;
    11339 : 00000000;
    11340 : 00000000;
    11341 : 00000000;
    11342 : 00000000;
    11343 : 00000000;
    11344 : 00000000;
    11345 : 00000000;
    11346 : 00000000;
    11347 : 00000000;
    11348 : 00000000;
    11349 : 00000000;
    11350 : 00000000;
    11351 : 00000000;
    11352 : 00000000;
    11353 : 00000000;
    11354 : 00000000;
    11355 : 00000000;
    11356 : 00000000;
    11357 : 00000000;
    11358 : 00000000;
    11359 : 00000000;
    11360 : 00000000;
    11361 : 00000000;
    11362 : 00000000;
    11363 : 00000000;
    11364 : 00000000;
    11365 : 00000000;
    11366 : 00000000;
    11367 : 00000000;
    11368 : 00000000;
    11369 : 00000000;
    11370 : 00000000;
    11371 : 00000000;
    11372 : 00000000;
    11373 : 00000000;
    11374 : 00000000;
    11375 : 00000000;
    11376 : 00000000;
    11377 : 00000000;
    11378 : 00000000;
    11379 : 00000000;
    11380 : 00000000;
    11381 : 00000000;
    11382 : 00000000;
    11383 : 00000000;
    11384 : 00000000;
    11385 : 00000000;
    11386 : 00000000;
    11387 : 00000000;
    11388 : 00000000;
    11389 : 00000000;
    11390 : 00000000;
    11391 : 00000000;
    11392 : 00000000;
    11393 : 00000000;
    11394 : 00000000;
    11395 : 00000000;
    11396 : 00000000;
    11397 : 00000000;
    11398 : 00000000;
    11399 : 00000000;
    11400 : 00000000;
    11401 : 00000000;
    11402 : 00000000;
    11403 : 00000000;
    11404 : 00000000;
    11405 : 00000000;
    11406 : 00000000;
    11407 : 00000000;
    11408 : 00000000;
    11409 : 00000000;
    11410 : 00000000;
    11411 : 00000000;
    11412 : 00000000;
    11413 : 00000000;
    11414 : 00000000;
    11415 : 00000000;
    11416 : 00000000;
    11417 : 00000000;
    11418 : 00000000;
    11419 : 00000000;
    11420 : 00000000;
    11421 : 00000000;
    11422 : 00000000;
    11423 : 00000000;
    11424 : 00000000;
    11425 : 00000000;
    11426 : 00000000;
    11427 : 00000000;
    11428 : 00000000;
    11429 : 00000000;
    11430 : 00000000;
    11431 : 00000000;
    11432 : 00000000;
    11433 : 00000000;
    11434 : 00000000;
    11435 : 00000000;
    11436 : 00000000;
    11437 : 00000000;
    11438 : 00000000;
    11439 : 00000000;
    11440 : 00000000;
    11441 : 00000000;
    11442 : 00000000;
    11443 : 00000000;
    11444 : 00000000;
    11445 : 00000000;
    11446 : 00000000;
    11447 : 00000000;
    11448 : 00000000;
    11449 : 00000000;
    11450 : 00000000;
    11451 : 00000000;
    11452 : 00000000;
    11453 : 00000000;
    11454 : 00000000;
    11455 : 00000000;
    11456 : 00000000;
    11457 : 00000000;
    11458 : 00000000;
    11459 : 00000000;
    11460 : 00000000;
    11461 : 00000000;
    11462 : 00000000;
    11463 : 00000000;
    11464 : 00000000;
    11465 : 00000000;
    11466 : 00000000;
    11467 : 00000000;
    11468 : 00000000;
    11469 : 00000000;
    11470 : 00000000;
    11471 : 00000000;
    11472 : 00000000;
    11473 : 00000000;
    11474 : 00000000;
    11475 : 00000000;
    11476 : 00000000;
    11477 : 00000000;
    11478 : 00000000;
    11479 : 00000000;
    11480 : 00000000;
    11481 : 00000000;
    11482 : 00000000;
    11483 : 00000000;
    11484 : 00000000;
    11485 : 00000000;
    11486 : 00000000;
    11487 : 00000000;
    11488 : 00000000;
    11489 : 00000000;
    11490 : 00000000;
    11491 : 00000000;
    11492 : 00000000;
    11493 : 00000000;
    11494 : 00000000;
    11495 : 00000000;
    11496 : 00000000;
    11497 : 00000000;
    11498 : 00000000;
    11499 : 00000000;
    11500 : 00000000;
    11501 : 00000000;
    11502 : 00000000;
    11503 : 00000000;
    11504 : 00000000;
    11505 : 00000000;
    11506 : 00000000;
    11507 : 00000000;
    11508 : 00000000;
    11509 : 00000000;
    11510 : 00000000;
    11511 : 00000000;
    11512 : 00000000;
    11513 : 00000000;
    11514 : 00000000;
    11515 : 00000000;
    11516 : 00000000;
    11517 : 00000000;
    11518 : 00000000;
    11519 : 00000000;
    11520 : 00000000;
    11521 : 00000000;
    11522 : 00000000;
    11523 : 00000000;
    11524 : 00000000;
    11525 : 00000000;
    11526 : 00000000;
    11527 : 00000000;
    11528 : 00000000;
    11529 : 00000000;
    11530 : 00000000;
    11531 : 00000000;
    11532 : 00000000;
    11533 : 00000000;
    11534 : 00000000;
    11535 : 00000000;
    11536 : 00000000;
    11537 : 00000000;
    11538 : 00000000;
    11539 : 00000000;
    11540 : 00000000;
    11541 : 00000000;
    11542 : 00000000;
    11543 : 00000000;
    11544 : 00000000;
    11545 : 00000000;
    11546 : 00000000;
    11547 : 00000000;
    11548 : 00000000;
    11549 : 00000000;
    11550 : 00000000;
    11551 : 00000000;
    11552 : 00000000;
    11553 : 00000000;
    11554 : 00000000;
    11555 : 00000000;
    11556 : 00000000;
    11557 : 00000000;
    11558 : 00000000;
    11559 : 00000000;
    11560 : 00000000;
    11561 : 00000000;
    11562 : 00000000;
    11563 : 00000000;
    11564 : 00000000;
    11565 : 00000000;
    11566 : 00000000;
    11567 : 00000000;
    11568 : 00000000;
    11569 : 00000000;
    11570 : 00000000;
    11571 : 00000000;
    11572 : 00000000;
    11573 : 00000000;
    11574 : 00000000;
    11575 : 00000000;
    11576 : 00000000;
    11577 : 00000000;
    11578 : 00000000;
    11579 : 00000000;
    11580 : 00000000;
    11581 : 00000000;
    11582 : 00000000;
    11583 : 00000000;
    11584 : 00000000;
    11585 : 00000000;
    11586 : 00000000;
    11587 : 00000000;
    11588 : 00000000;
    11589 : 00000000;
    11590 : 00000000;
    11591 : 00000000;
    11592 : 00000000;
    11593 : 00000000;
    11594 : 00000000;
    11595 : 00000000;
    11596 : 00000000;
    11597 : 00000000;
    11598 : 00000000;
    11599 : 00000000;
    11600 : 00000000;
    11601 : 00000000;
    11602 : 00000000;
    11603 : 00000000;
    11604 : 00000000;
    11605 : 00000000;
    11606 : 00000000;
    11607 : 00000000;
    11608 : 00000000;
    11609 : 00000000;
    11610 : 00000000;
    11611 : 00000000;
    11612 : 00000000;
    11613 : 00000000;
    11614 : 00000000;
    11615 : 00000000;
    11616 : 00000000;
    11617 : 00000000;
    11618 : 00000000;
    11619 : 00000000;
    11620 : 00000000;
    11621 : 00000000;
    11622 : 00000000;
    11623 : 00000000;
    11624 : 00000000;
    11625 : 00000000;
    11626 : 00000000;
    11627 : 00000000;
    11628 : 00000000;
    11629 : 00000000;
    11630 : 00000000;
    11631 : 00000000;
    11632 : 00000000;
    11633 : 00000000;
    11634 : 00000000;
    11635 : 00000000;
    11636 : 00000000;
    11637 : 00000000;
    11638 : 00000000;
    11639 : 00000000;
    11640 : 00000000;
    11641 : 00000000;
    11642 : 00000000;
    11643 : 00000000;
    11644 : 00000000;
    11645 : 00000000;
    11646 : 00000000;
    11647 : 00000000;
    11648 : 00000000;
    11649 : 00000000;
    11650 : 00000000;
    11651 : 00000000;
    11652 : 00000000;
    11653 : 00000000;
    11654 : 00000000;
    11655 : 00000000;
    11656 : 00000000;
    11657 : 00000000;
    11658 : 00000000;
    11659 : 00000000;
    11660 : 00000000;
    11661 : 00000000;
    11662 : 00000000;
    11663 : 00000000;
    11664 : 00000000;
    11665 : 00000000;
    11666 : 00000000;
    11667 : 00000000;
    11668 : 00000000;
    11669 : 00000000;
    11670 : 00000000;
    11671 : 00000000;
    11672 : 00000000;
    11673 : 00000000;
    11674 : 00000000;
    11675 : 00000000;
    11676 : 00000000;
    11677 : 00000000;
    11678 : 00000000;
    11679 : 00000000;
    11680 : 00000000;
    11681 : 00000000;
    11682 : 00000000;
    11683 : 00000000;
    11684 : 00000000;
    11685 : 00000000;
    11686 : 00000000;
    11687 : 00000000;
    11688 : 00000000;
    11689 : 00000000;
    11690 : 00000000;
    11691 : 00000000;
    11692 : 00000000;
    11693 : 00000000;
    11694 : 00000000;
    11695 : 00000000;
    11696 : 00000000;
    11697 : 00000000;
    11698 : 00000000;
    11699 : 00000000;
    11700 : 00000000;
    11701 : 00000000;
    11702 : 00000000;
    11703 : 00000000;
    11704 : 00000000;
    11705 : 00000000;
    11706 : 00000000;
    11707 : 00000000;
    11708 : 00000000;
    11709 : 00000000;
    11710 : 00000000;
    11711 : 00000000;
    11712 : 00000000;
    11713 : 00000000;
    11714 : 00000000;
    11715 : 00000000;
    11716 : 00000000;
    11717 : 00000000;
    11718 : 00000000;
    11719 : 00000000;
    11720 : 00000000;
    11721 : 00000000;
    11722 : 00000000;
    11723 : 00000000;
    11724 : 00000000;
    11725 : 00000000;
    11726 : 00000000;
    11727 : 00000000;
    11728 : 00000000;
    11729 : 00000000;
    11730 : 00000000;
    11731 : 00000000;
    11732 : 00000000;
    11733 : 00000000;
    11734 : 00000000;
    11735 : 00000000;
    11736 : 00000000;
    11737 : 00000000;
    11738 : 00000000;
    11739 : 00000000;
    11740 : 00000000;
    11741 : 00000000;
    11742 : 00000000;
    11743 : 00000000;
    11744 : 00000000;
    11745 : 00000000;
    11746 : 00000000;
    11747 : 00000000;
    11748 : 00000000;
    11749 : 00000000;
    11750 : 00000000;
    11751 : 00000000;
    11752 : 00000000;
    11753 : 00000000;
    11754 : 00000000;
    11755 : 00000000;
    11756 : 00000000;
    11757 : 00000000;
    11758 : 00000000;
    11759 : 00000000;
    11760 : 00000000;
    11761 : 00000000;
    11762 : 00000000;
    11763 : 00000000;
    11764 : 00000000;
    11765 : 00000000;
    11766 : 00000000;
    11767 : 00000000;
    11768 : 00000000;
    11769 : 00000000;
    11770 : 00000000;
    11771 : 00000000;
    11772 : 00000000;
    11773 : 00000000;
    11774 : 00000000;
    11775 : 00000000;
    11776 : 00000000;
    11777 : 00000000;
    11778 : 00000000;
    11779 : 00000000;
    11780 : 00000000;
    11781 : 00000000;
    11782 : 00000000;
    11783 : 00000000;
    11784 : 00000000;
    11785 : 00000000;
    11786 : 00000000;
    11787 : 00000000;
    11788 : 00000000;
    11789 : 00000000;
    11790 : 00000000;
    11791 : 00000000;
    11792 : 00000000;
    11793 : 00000000;
    11794 : 00000000;
    11795 : 00000000;
    11796 : 00000000;
    11797 : 00000000;
    11798 : 00000000;
    11799 : 00000000;
    11800 : 00000000;
    11801 : 00000000;
    11802 : 00000000;
    11803 : 00000000;
    11804 : 00000000;
    11805 : 00000000;
    11806 : 00000000;
    11807 : 00000000;
    11808 : 00000000;
    11809 : 00000000;
    11810 : 00000000;
    11811 : 00000000;
    11812 : 00000000;
    11813 : 00000000;
    11814 : 00000000;
    11815 : 00000000;
    11816 : 00000000;
    11817 : 00000000;
    11818 : 00000000;
    11819 : 00000000;
    11820 : 00000000;
    11821 : 00000000;
    11822 : 00000000;
    11823 : 00000000;
    11824 : 00000000;
    11825 : 00000000;
    11826 : 00000000;
    11827 : 00000000;
    11828 : 00000000;
    11829 : 00000000;
    11830 : 00000000;
    11831 : 00000000;
    11832 : 00000000;
    11833 : 00000000;
    11834 : 00000000;
    11835 : 00000000;
    11836 : 00000000;
    11837 : 00000000;
    11838 : 00000000;
    11839 : 00000000;
    11840 : 00000000;
    11841 : 00000000;
    11842 : 00000000;
    11843 : 00000000;
    11844 : 00000000;
    11845 : 00000000;
    11846 : 00000000;
    11847 : 00000000;
    11848 : 00000000;
    11849 : 00000000;
    11850 : 00000000;
    11851 : 00000000;
    11852 : 00000000;
    11853 : 00000000;
    11854 : 00000000;
    11855 : 00000000;
    11856 : 00000000;
    11857 : 00000000;
    11858 : 00000000;
    11859 : 00000000;
    11860 : 00000000;
    11861 : 00000000;
    11862 : 00000000;
    11863 : 00000000;
    11864 : 00000000;
    11865 : 00000000;
    11866 : 00000000;
    11867 : 00000000;
    11868 : 00000000;
    11869 : 00000000;
    11870 : 00000000;
    11871 : 00000000;
    11872 : 00000000;
    11873 : 00000000;
    11874 : 00000000;
    11875 : 00000000;
    11876 : 00000000;
    11877 : 00000000;
    11878 : 00000000;
    11879 : 00000000;
    11880 : 00000000;
    11881 : 00000000;
    11882 : 00000000;
    11883 : 00000000;
    11884 : 00000000;
    11885 : 00000000;
    11886 : 00000000;
    11887 : 00000000;
    11888 : 00000000;
    11889 : 00000000;
    11890 : 00000000;
    11891 : 00000000;
    11892 : 00000000;
    11893 : 00000000;
    11894 : 00000000;
    11895 : 00000000;
    11896 : 00000000;
    11897 : 00000000;
    11898 : 00000000;
    11899 : 00000000;
    11900 : 00000000;
    11901 : 00000000;
    11902 : 00000000;
    11903 : 00000000;
    11904 : 00000000;
    11905 : 00000000;
    11906 : 00000000;
    11907 : 00000000;
    11908 : 00000000;
    11909 : 00000000;
    11910 : 00000000;
    11911 : 00000000;
    11912 : 00000000;
    11913 : 00000000;
    11914 : 00000000;
    11915 : 00000000;
    11916 : 00000000;
    11917 : 00000000;
    11918 : 00000000;
    11919 : 00000000;
    11920 : 00000000;
    11921 : 00000000;
    11922 : 00000000;
    11923 : 00000000;
    11924 : 00000000;
    11925 : 00000000;
    11926 : 00000000;
    11927 : 00000000;
    11928 : 00000000;
    11929 : 00000000;
    11930 : 00000000;
    11931 : 00000000;
    11932 : 00000000;
    11933 : 00000000;
    11934 : 00000000;
    11935 : 00000000;
    11936 : 00000000;
    11937 : 00000000;
    11938 : 00000000;
    11939 : 00000000;
    11940 : 00000000;
    11941 : 00000000;
    11942 : 00000000;
    11943 : 00000000;
    11944 : 00000000;
    11945 : 00000000;
    11946 : 00000000;
    11947 : 00000000;
    11948 : 00000000;
    11949 : 00000000;
    11950 : 00000000;
    11951 : 00000000;
    11952 : 00000000;
    11953 : 00000000;
    11954 : 00000000;
    11955 : 00000000;
    11956 : 00000000;
    11957 : 00000000;
    11958 : 00000000;
    11959 : 00000000;
    11960 : 00000000;
    11961 : 00000000;
    11962 : 00000000;
    11963 : 00000000;
    11964 : 00000000;
    11965 : 00000000;
    11966 : 00000000;
    11967 : 00000000;
    11968 : 00000000;
    11969 : 00000000;
    11970 : 00000000;
    11971 : 00000000;
    11972 : 00000000;
    11973 : 00000000;
    11974 : 00000000;
    11975 : 00000000;
    11976 : 00000000;
    11977 : 00000000;
    11978 : 00000000;
    11979 : 00000000;
    11980 : 00000000;
    11981 : 00000000;
    11982 : 00000000;
    11983 : 00000000;
    11984 : 00000000;
    11985 : 00000000;
    11986 : 00000000;
    11987 : 00000000;
    11988 : 00000000;
    11989 : 00000000;
    11990 : 00000000;
    11991 : 00000000;
    11992 : 00000000;
    11993 : 00000000;
    11994 : 00000000;
    11995 : 00000000;
    11996 : 00000000;
    11997 : 00000000;
    11998 : 00000000;
    11999 : 00000000;
    12000 : 00000000;
    12001 : 00000000;
    12002 : 00000000;
    12003 : 00000000;
    12004 : 00000000;
    12005 : 00000000;
    12006 : 00000000;
    12007 : 00000000;
    12008 : 00000000;
    12009 : 00000000;
    12010 : 00000000;
    12011 : 00000000;
    12012 : 00000000;
    12013 : 00000000;
    12014 : 00000000;
    12015 : 00000000;
    12016 : 00000000;
    12017 : 00000000;
    12018 : 00000000;
    12019 : 00000000;
    12020 : 00000000;
    12021 : 00000000;
    12022 : 00000000;
    12023 : 00000000;
    12024 : 00000000;
    12025 : 00000000;
    12026 : 00000000;
    12027 : 00000000;
    12028 : 00000000;
    12029 : 00000000;
    12030 : 00000000;
    12031 : 00000000;
    12032 : 00000000;
    12033 : 00000000;
    12034 : 00000000;
    12035 : 00000000;
    12036 : 00000000;
    12037 : 00000000;
    12038 : 00000000;
    12039 : 00000000;
    12040 : 00000000;
    12041 : 00000000;
    12042 : 00000000;
    12043 : 00000000;
    12044 : 00000000;
    12045 : 00000000;
    12046 : 00000000;
    12047 : 00000000;
    12048 : 00000000;
    12049 : 00000000;
    12050 : 00000000;
    12051 : 00000000;
    12052 : 00000000;
    12053 : 00000000;
    12054 : 00000000;
    12055 : 00000000;
    12056 : 00000000;
    12057 : 00000000;
    12058 : 00000000;
    12059 : 00000000;
    12060 : 00000000;
    12061 : 00000000;
    12062 : 00000000;
    12063 : 00000000;
    12064 : 00000000;
    12065 : 00000000;
    12066 : 00000000;
    12067 : 00000000;
    12068 : 00000000;
    12069 : 00000000;
    12070 : 00000000;
    12071 : 00000000;
    12072 : 00000000;
    12073 : 00000000;
    12074 : 00000000;
    12075 : 00000000;
    12076 : 00000000;
    12077 : 00000000;
    12078 : 00000000;
    12079 : 00000000;
    12080 : 00000000;
    12081 : 00000000;
    12082 : 00000000;
    12083 : 00000000;
    12084 : 00000000;
    12085 : 00000000;
    12086 : 00000000;
    12087 : 00000000;
    12088 : 00000000;
    12089 : 00000000;
    12090 : 00000000;
    12091 : 00000000;
    12092 : 00000000;
    12093 : 00000000;
    12094 : 00000000;
    12095 : 00000000;
    12096 : 00000000;
    12097 : 00000000;
    12098 : 00000000;
    12099 : 00000000;
    12100 : 00000000;
    12101 : 00000000;
    12102 : 00000000;
    12103 : 00000000;
    12104 : 00000000;
    12105 : 00000000;
    12106 : 00000000;
    12107 : 00000000;
    12108 : 00000000;
    12109 : 00000000;
    12110 : 00000000;
    12111 : 00000000;
    12112 : 00000000;
    12113 : 00000000;
    12114 : 00000000;
    12115 : 00000000;
    12116 : 00000000;
    12117 : 00000000;
    12118 : 00000000;
    12119 : 00000000;
    12120 : 00000000;
    12121 : 00000000;
    12122 : 00000000;
    12123 : 00000000;
    12124 : 00000000;
    12125 : 00000000;
    12126 : 00000000;
    12127 : 00000000;
    12128 : 00000000;
    12129 : 00000000;
    12130 : 00000000;
    12131 : 00000000;
    12132 : 00000000;
    12133 : 00000000;
    12134 : 00000000;
    12135 : 00000000;
    12136 : 00000000;
    12137 : 00000000;
    12138 : 00000000;
    12139 : 00000000;
    12140 : 00000000;
    12141 : 00000000;
    12142 : 00000000;
    12143 : 00000000;
    12144 : 00000000;
    12145 : 00000000;
    12146 : 00000000;
    12147 : 00000000;
    12148 : 00000000;
    12149 : 00000000;
    12150 : 00000000;
    12151 : 00000000;
    12152 : 00000000;
    12153 : 00000000;
    12154 : 00000000;
    12155 : 00000000;
    12156 : 00000000;
    12157 : 00000000;
    12158 : 00000000;
    12159 : 00000000;
    12160 : 00000000;
    12161 : 00000000;
    12162 : 00000000;
    12163 : 00000000;
    12164 : 00000000;
    12165 : 00000000;
    12166 : 00000000;
    12167 : 00000000;
    12168 : 00000000;
    12169 : 00000000;
    12170 : 00000000;
    12171 : 00000000;
    12172 : 00000000;
    12173 : 00000000;
    12174 : 00000000;
    12175 : 00000000;
    12176 : 00000000;
    12177 : 00000000;
    12178 : 00000000;
    12179 : 00000000;
    12180 : 00000000;
    12181 : 00000000;
    12182 : 00000000;
    12183 : 00000000;
    12184 : 00000000;
    12185 : 00000000;
    12186 : 00000000;
    12187 : 00000000;
    12188 : 00000000;
    12189 : 00000000;
    12190 : 00000000;
    12191 : 00000000;
    12192 : 00000000;
    12193 : 00000000;
    12194 : 00000000;
    12195 : 00000000;
    12196 : 00000000;
    12197 : 00000000;
    12198 : 00000000;
    12199 : 00000000;
    12200 : 00000000;
    12201 : 00000000;
    12202 : 00000000;
    12203 : 00000000;
    12204 : 00000000;
    12205 : 00000000;
    12206 : 00000000;
    12207 : 00000000;
    12208 : 00000000;
    12209 : 00000000;
    12210 : 00000000;
    12211 : 00000000;
    12212 : 00000000;
    12213 : 00000000;
    12214 : 00000000;
    12215 : 00000000;
    12216 : 00000000;
    12217 : 00000000;
    12218 : 00000000;
    12219 : 00000000;
    12220 : 00000000;
    12221 : 00000000;
    12222 : 00000000;
    12223 : 00000000;
    12224 : 00000000;
    12225 : 00000000;
    12226 : 00000000;
    12227 : 00000000;
    12228 : 00000000;
    12229 : 00000000;
    12230 : 00000000;
    12231 : 00000000;
    12232 : 00000000;
    12233 : 00000000;
    12234 : 00000000;
    12235 : 00000000;
    12236 : 00000000;
    12237 : 00000000;
    12238 : 00000000;
    12239 : 00000000;
    12240 : 00000000;
    12241 : 00000000;
    12242 : 00000000;
    12243 : 00000000;
    12244 : 00000000;
    12245 : 00000000;
    12246 : 00000000;
    12247 : 00000000;
    12248 : 00000000;
    12249 : 00000000;
    12250 : 00000000;
    12251 : 00000000;
    12252 : 00000000;
    12253 : 00000000;
    12254 : 00000000;
    12255 : 00000000;
    12256 : 00000000;
    12257 : 00000000;
    12258 : 00000000;
    12259 : 00000000;
    12260 : 00000000;
    12261 : 00000000;
    12262 : 00000000;
    12263 : 00000000;
    12264 : 00000000;
    12265 : 00000000;
    12266 : 00000000;
    12267 : 00000000;
    12268 : 00000000;
    12269 : 00000000;
    12270 : 00000000;
    12271 : 00000000;
    12272 : 00000000;
    12273 : 00000000;
    12274 : 00000000;
    12275 : 00000000;
    12276 : 00000000;
    12277 : 00000000;
    12278 : 00000000;
    12279 : 00000000;
    12280 : 00000000;
    12281 : 00000000;
    12282 : 00000000;
    12283 : 00000000;
    12284 : 53494730;
    12285 : 00000040;
    12286 : 00000048;
    12287 : 00000008;
    12288 : 05400813;
    12289 : 06000893;
    12290 : 00082083;
    12291 : 00085103;
    12292 : 00285183;
    12293 : FFF84203;
    12294 : 00084283;
    12295 : 00184303;
    12296 : 00284383;
    12297 : 00384403;
    12298 : 0018A023;
    12299 : 0028A223;
    12300 : 0038A423;
    12301 : 0048A623;
    12302 : 0058A823;
    12303 : 0068AA23;
    12304 : 0078AC23;
    12305 : 0088AE23;
    12306 : 00000073;
    12307 : 00000000;
    12308 : 89ABCDEF;
    12309 : 01234567;
    12310 : 00000000;
    12311 : 00000000;
    12312 : FFFFFFFF;
    12313 : FFFFFFFF;
    12314 : FFFFFFFF;
    12315 : FFFFFFFF;
    12316 : FFFFFFFF;
    12317 : FFFFFFFF;
    12318 : FFFFFFFF;
    12319 : FFFFFFFF;
    12320 : 00000000;
    12321 : 00000000;
    12322 : 00000000;
    12323 : 00000000;
    12324 : 00000000;
    12325 : 00000000;
    12326 : 00000000;
    12327 : 00000000;
    12328 : 00000000;
    12329 : 00000000;
    12330 : 00000000;
    12331 : 00000000;
    12332 : 00000000;
    12333 : 00000000;
    12334 : 00000000;
    12335 : 00000000;
    12336 : 00000000;
    12337 : 00000000;
    12338 : 00000000;
    12339 : 00000000;
    12340 : 00000000;
    12341 : 00000000;
    12342 : 00000000;
    12343 : 00000000;
    12344 : 00000000;
    12345 : 00000000;
    12346 : 00000000;
    12347 : 00000000;
    12348 : 00000000;
    12349 : 00000000;
    12350 : 00000000;
    12351 : 00000000;
    12352 : 00000000;
    12353 : 00000000;
    12354 : 00000000;
    12355 : 00000000;
    12356 : 00000000;
    12357 : 00000000;
    12358 : 00000000;
    12359 : 00000000;
    12360 : 00000000;
    12361 : 00000000;
    12362 : 00000000;
    12363 : 00000000;
    12364 : 00000000;
    12365 : 00000000;
    12366 : 00000000;
    12367 : 00000000;
    12368 : 00000000;
    12369 : 00000000;
    12370 : 00000000;
    12371 : 00000000;
    12372 : 00000000;
    12373 : 00000000;
    12374 : 00000000;
    12375 : 00000000;
    12376 : 00000000;
    12377 : 00000000;
    12378 : 00000000;
    12379 : 00000000;
    12380 : 00000000;
    12381 : 00000000;
    12382 : 00000000;
    12383 : 00000000;
    12384 : 00000000;
    12385 : 00000000;
    12386 : 00000000;
    12387 : 00000000;
    12388 : 00000000;
    12389 : 00000000;
    12390 : 00000000;
    12391 : 00000000;
    12392 : 00000000;
    12393 : 00000000;
    12394 : 00000000;
    12395 : 00000000;
    12396 : 00000000;
    12397 : 00000000;
    12398 : 00000000;
    12399 : 00000000;
    12400 : 00000000;
    12401 : 00000000;
    12402 : 00000000;
    12403 : 00000000;
    12404 : 00000000;
    12405 : 00000000;
    12406 : 00000000;
    12407 : 00000000;
    12408 : 00000000;
    12409 : 00000000;
    12410 : 00000000;
    12411 : 00000000;
    12412 : 00000000;
    12413 : 00000000;
    12414 : 00000000;
    12415 : 00000000;
    12416 : 00000000;
    12417 : 00000000;
    12418 : 00000000;
    12419 : 00000000;
    12420 : 00000000;
    12421 : 00000000;
    12422 : 00000000;
    12423 : 00000000;
    12424 : 00000000;
    12425 : 00000000;
    12426 : 00000000;
    12427 : 00000000;
    12428 : 00000000;
    12429 : 00000000;
    12430 : 00000000;
    12431 : 00000000;
    12432 : 00000000;
    12433 : 00000000;
    12434 : 00000000;
    12435 : 00000000;
    12436 : 00000000;
    12437 : 00000000;
    12438 : 00000000;
    12439 : 00000000;
    12440 : 00000000;
    12441 : 00000000;
    12442 : 00000000;
    12443 : 00000000;
    12444 : 00000000;
    12445 : 00000000;
    12446 : 00000000;
    12447 : 00000000;
    12448 : 00000000;
    12449 : 00000000;
    12450 : 00000000;
    12451 : 00000000;
    12452 : 00000000;
    12453 : 00000000;
    12454 : 00000000;
    12455 : 00000000;
    12456 : 00000000;
    12457 : 00000000;
    12458 : 00000000;
    12459 : 00000000;
    12460 : 00000000;
    12461 : 00000000;
    12462 : 00000000;
    12463 : 00000000;
    12464 : 00000000;
    12465 : 00000000;
    12466 : 00000000;
    12467 : 00000000;
    12468 : 00000000;
    12469 : 00000000;
    12470 : 00000000;
    12471 : 00000000;
    12472 : 00000000;
    12473 : 00000000;
    12474 : 00000000;
    12475 : 00000000;
    12476 : 00000000;
    12477 : 00000000;
    12478 : 00000000;
    12479 : 00000000;
    12480 : 00000000;
    12481 : 00000000;
    12482 : 00000000;
    12483 : 00000000;
    12484 : 00000000;
    12485 : 00000000;
    12486 : 00000000;
    12487 : 00000000;
    12488 : 00000000;
    12489 : 00000000;
    12490 : 00000000;
    12491 : 00000000;
    12492 : 00000000;
    12493 : 00000000;
    12494 : 00000000;
    12495 : 00000000;
    12496 : 00000000;
    12497 : 00000000;
    12498 : 00000000;
    12499 : 00000000;
    12500 : 00000000;
    12501 : 00000000;
    12502 : 00000000;
    12503 : 00000000;
    12504 : 00000000;
    12505 : 00000000;
    12506 : 00000000;
    12507 : 00000000;
    12508 : 00000000;
    12509 : 00000000;
    12510 : 00000000;
    12511 : 00000000;
    12512 : 00000000;
    12513 : 00000000;
    12514 : 00000000;
    12515 : 00000000;
    12516 : 00000000;
    12517 : 00000000;
    12518 : 00000000;
    12519 : 00000000;
    12520 : 00000000;
    12521 : 00000000;
    12522 : 00000000;
    12523 : 00000000;
    12524 : 00000000;
    12525 : 00000000;
    12526 : 00000000;
    12527 : 00000000;
    12528 : 00000000;
    12529 : 00000000;
    12530 : 00000000;
    12531 : 00000000;
    12532 : 00000000;
    12533 : 00000000;
    12534 : 00000000;
    12535 : 00000000;
    12536 : 00000000;
    12537 : 00000000;
    12538 : 00000000;
    12539 : 00000000;
    12540 : 00000000;
    12541 : 00000000;
    12542 : 00000000;
    12543 : 00000000;
    12544 : 00000000;
    12545 : 00000000;
    12546 : 00000000;
    12547 : 00000000;
    12548 : 00000000;
    12549 : 00000000;
    12550 : 00000000;
    12551 : 00000000;
    12552 : 00000000;
    12553 : 00000000;
    12554 : 00000000;
    12555 : 00000000;
    12556 : 00000000;
    12557 : 00000000;
    12558 : 00000000;
    12559 : 00000000;
    12560 : 00000000;
    12561 : 00000000;
    12562 : 00000000;
    12563 : 00000000;
    12564 : 00000000;
    12565 : 00000000;
    12566 : 00000000;
    12567 : 00000000;
    12568 : 00000000;
    12569 : 00000000;
    12570 : 00000000;
    12571 : 00000000;
    12572 : 00000000;
    12573 : 00000000;
    12574 : 00000000;
    12575 : 00000000;
    12576 : 00000000;
    12577 : 00000000;
    12578 : 00000000;
    12579 : 00000000;
    12580 : 00000000;
    12581 : 00000000;
    12582 : 00000000;
    12583 : 00000000;
    12584 : 00000000;
    12585 : 00000000;
    12586 : 00000000;
    12587 : 00000000;
    12588 : 00000000;
    12589 : 00000000;
    12590 : 00000000;
    12591 : 00000000;
    12592 : 00000000;
    12593 : 00000000;
    12594 : 00000000;
    12595 : 00000000;
    12596 : 00000000;
    12597 : 00000000;
    12598 : 00000000;
    12599 : 00000000;
    12600 : 00000000;
    12601 : 00000000;
    12602 : 00000000;
    12603 : 00000000;
    12604 : 00000000;
    12605 : 00000000;
    12606 : 00000000;
    12607 : 00000000;
    12608 : 00000000;
    12609 : 00000000;
    12610 : 00000000;
    12611 : 00000000;
    12612 : 00000000;
    12613 : 00000000;
    12614 : 00000000;
    12615 : 00000000;
    12616 : 00000000;
    12617 : 00000000;
    12618 : 00000000;
    12619 : 00000000;
    12620 : 00000000;
    12621 : 00000000;
    12622 : 00000000;
    12623 : 00000000;
    12624 : 00000000;
    12625 : 00000000;
    12626 : 00000000;
    12627 : 00000000;
    12628 : 00000000;
    12629 : 00000000;
    12630 : 00000000;
    12631 : 00000000;
    12632 : 00000000;
    12633 : 00000000;
    12634 : 00000000;
    12635 : 00000000;
    12636 : 00000000;
    12637 : 00000000;
    12638 : 00000000;
    12639 : 00000000;
    12640 : 00000000;
    12641 : 00000000;
    12642 : 00000000;
    12643 : 00000000;
    12644 : 00000000;
    12645 : 00000000;
    12646 : 00000000;
    12647 : 00000000;
    12648 : 00000000;
    12649 : 00000000;
    12650 : 00000000;
    12651 : 00000000;
    12652 : 00000000;
    12653 : 00000000;
    12654 : 00000000;
    12655 : 00000000;
    12656 : 00000000;
    12657 : 00000000;
    12658 : 00000000;
    12659 : 00000000;
    12660 : 00000000;
    12661 : 00000000;
    12662 : 00000000;
    12663 : 00000000;
    12664 : 00000000;
    12665 : 00000000;
    12666 : 00000000;
    12667 : 00000000;
    12668 : 00000000;
    12669 : 00000000;
    12670 : 00000000;
    12671 : 00000000;
    12672 : 00000000;
    12673 : 00000000;
    12674 : 00000000;
    12675 : 00000000;
    12676 : 00000000;
    12677 : 00000000;
    12678 : 00000000;
    12679 : 00000000;
    12680 : 00000000;
    12681 : 00000000;
    12682 : 00000000;
    12683 : 00000000;
    12684 : 00000000;
    12685 : 00000000;
    12686 : 00000000;
    12687 : 00000000;
    12688 : 00000000;
    12689 : 00000000;
    12690 : 00000000;
    12691 : 00000000;
    12692 : 00000000;
    12693 : 00000000;
    12694 : 00000000;
    12695 : 00000000;
    12696 : 00000000;
    12697 : 00000000;
    12698 : 00000000;
    12699 : 00000000;
    12700 : 00000000;
    12701 : 00000000;
    12702 : 00000000;
    12703 : 00000000;
    12704 : 00000000;
    12705 : 00000000;
    12706 : 00000000;
    12707 : 00000000;
    12708 : 00000000;
    12709 : 00000000;
    12710 : 00000000;
    12711 : 00000000;
    12712 : 00000000;
    12713 : 00000000;
    12714 : 00000000;
    12715 : 00000000;
    12716 : 00000000;
    12717 : 00000000;
    12718 : 00000000;
    12719 : 00000000;
    12720 : 00000000;
    12721 : 00000000;
    12722 : 00000000;
    12723 : 00000000;
    12724 : 00000000;
    12725 : 00000000;
    12726 : 00000000;
    12727 : 00000000;
    12728 : 00000000;
    12729 : 00000000;
    12730 : 00000000;
    12731 : 00000000;
    12732 : 00000000;
    12733 : 00000000;
    12734 : 00000000;
    12735 : 00000000;
    12736 : 00000000;
    12737 : 00000000;
    12738 : 00000000;
    12739 : 00000000;
    12740 : 00000000;
    12741 : 00000000;
    12742 : 00000000;
    12743 : 00000000;
    12744 : 00000000;
    12745 : 00000000;
    12746 : 00000000;
    12747 : 00000000;
    12748 : 00000000;
    12749 : 00000000;
    12750 : 00000000;
    12751 : 00000000;
    12752 : 00000000;
    12753 : 00000000;
    12754 : 00000000;
    12755 : 00000000;
    12756 : 00000000;
    12757 : 00000000;
    12758 : 00000000;
    12759 : 00000000;
    12760 : 00000000;
    12761 : 00000000;
    12762 : 00000000;
    12763 : 00000000;
    12764 : 00000000;
    12765 : 00000000;
    12766 : 00000000;
    12767 : 00000000;
    12768 : 00000000;
    12769 : 00000000;
    12770 : 00000000;
    12771 : 00000000;
    12772 : 00000000;
    12773 : 00000000;
    12774 : 00000000;
    12775 : 00000000;
    12776 : 00000000;
    12777 : 00000000;
    12778 : 00000000;
    12779 : 00000000;
    12780 : 00000000;
    12781 : 00000000;
    12782 : 00000000;
    12783 : 00000000;
    12784 : 00000000;
    12785 : 00000000;
    12786 : 00000000;
    12787 : 00000000;
    12788 : 00000000;
    12789 : 00000000;
    12790 : 00000000;
    12791 : 00000000;
    12792 : 00000000;
    12793 : 00000000;
    12794 : 00000000;
    12795 : 00000000;
    12796 : 00000000;
    12797 : 00000000;
    12798 : 00000000;
    12799 : 00000000;
    12800 : 00000000;
    12801 : 00000000;
    12802 : 00000000;
    12803 : 00000000;
    12804 : 00000000;
    12805 : 00000000;
    12806 : 00000000;
    12807 : 00000000;
    12808 : 00000000;
    12809 : 00000000;
    12810 : 00000000;
    12811 : 00000000;
    12812 : 00000000;
    12813 : 00000000;
    12814 : 00000000;
    12815 : 00000000;
    12816 : 00000000;
    12817 : 00000000;
    12818 : 00000000;
    12819 : 00000000;
    12820 : 00000000;
    12821 : 00000000;
    12822 : 00000000;
    12823 : 00000000;
    12824 : 00000000;
    12825 : 00000000;
    12826 : 00000000;
    12827 : 00000000;
    12828 : 00000000;
    12829 : 00000000;
    12830 : 00000000;
    12831 : 00000000;
    12832 : 00000000;
    12833 : 00000000;
    12834 : 00000000;
    12835 : 00000000;
    12836 : 00000000;
    12837 : 00000000;
    12838 : 00000000;
    12839 : 00000000;
    12840 : 00000000;
    12841 : 00000000;
    12842 : 00000000;
    12843 : 00000000;
    12844 : 00000000;
    12845 : 00000000;
    12846 : 00000000;
    12847 : 00000000;
    12848 : 00000000;
    12849 : 00000000;
    12850 : 00000000;
    12851 : 00000000;
    12852 : 00000000;
    12853 : 00000000;
    12854 : 00000000;
    12855 : 00000000;
    12856 : 00000000;
    12857 : 00000000;
    12858 : 00000000;
    12859 : 00000000;
    12860 : 00000000;
    12861 : 00000000;
    12862 : 00000000;
    12863 : 00000000;
    12864 : 00000000;
    12865 : 00000000;
    12866 : 00000000;
    12867 : 00000000;
    12868 : 00000000;
    12869 : 00000000;
    12870 : 00000000;
    12871 : 00000000;
    12872 : 00000000;
    12873 : 00000000;
    12874 : 00000000;
    12875 : 00000000;
    12876 : 00000000;
    12877 : 00000000;
    12878 : 00000000;
    12879 : 00000000;
    12880 : 00000000;
    12881 : 00000000;
    12882 : 00000000;
    12883 : 00000000;
    12884 : 00000000;
    12885 : 00000000;
    12886 : 00000000;
    12887 : 00000000;
    12888 : 00000000;
    12889 : 00000000;
    12890 : 00000000;
    12891 : 00000000;
    12892 : 00000000;
    12893 : 00000000;
    12894 : 00000000;
    12895 : 00000000;
    12896 : 00000000;
    12897 : 00000000;
    12898 : 00000000;
    12899 : 00000000;
    12900 : 00000000;
    12901 : 00000000;
    12902 : 00000000;
    12903 : 00000000;
    12904 : 00000000;
    12905 : 00000000;
    12906 : 00000000;
    12907 : 00000000;
    12908 : 00000000;
    12909 : 00000000;
    12910 : 00000000;
    12911 : 00000000;
    12912 : 00000000;
    12913 : 00000000;
    12914 : 00000000;
    12915 : 00000000;
    12916 : 00000000;
    12917 : 00000000;
    12918 : 00000000;
    12919 : 00000000;
    12920 : 00000000;
    12921 : 00000000;
    12922 : 00000000;
    12923 : 00000000;
    12924 : 00000000;
    12925 : 00000000;
    12926 : 00000000;
    12927 : 00000000;
    12928 : 00000000;
    12929 : 00000000;
    12930 : 00000000;
    12931 : 00000000;
    12932 : 00000000;
    12933 : 00000000;
    12934 : 00000000;
    12935 : 00000000;
    12936 : 00000000;
    12937 : 00000000;
    12938 : 00000000;
    12939 : 00000000;
    12940 : 00000000;
    12941 : 00000000;
    12942 : 00000000;
    12943 : 00000000;
    12944 : 00000000;
    12945 : 00000000;
    12946 : 00000000;
    12947 : 00000000;
    12948 : 00000000;
    12949 : 00000000;
    12950 : 00000000;
    12951 : 00000000;
    12952 : 00000000;
    12953 : 00000000;
    12954 : 00000000;
    12955 : 00000000;
    12956 : 00000000;
    12957 : 00000000;
    12958 : 00000000;
    12959 : 00000000;
    12960 : 00000000;
    12961 : 00000000;
    12962 : 00000000;
    12963 : 00000000;
    12964 : 00000000;
    12965 : 00000000;
    12966 : 00000000;
    12967 : 00000000;
    12968 : 00000000;
    12969 : 00000000;
    12970 : 00000000;
    12971 : 00000000;
    12972 : 00000000;
    12973 : 00000000;
    12974 : 00000000;
    12975 : 00000000;
    12976 : 00000000;
    12977 : 00000000;
    12978 : 00000000;
    12979 : 00000000;
    12980 : 00000000;
    12981 : 00000000;
    12982 : 00000000;
    12983 : 00000000;
    12984 : 00000000;
    12985 : 00000000;
    12986 : 00000000;
    12987 : 00000000;
    12988 : 00000000;
    12989 : 00000000;
    12990 : 00000000;
    12991 : 00000000;
    12992 : 00000000;
    12993 : 00000000;
    12994 : 00000000;
    12995 : 00000000;
    12996 : 00000000;
    12997 : 00000000;
    12998 : 00000000;
    12999 : 00000000;
    13000 : 00000000;
    13001 : 00000000;
    13002 : 00000000;
    13003 : 00000000;
    13004 : 00000000;
    13005 : 00000000;
    13006 : 00000000;
    13007 : 00000000;
    13008 : 00000000;
    13009 : 00000000;
    13010 : 00000000;
    13011 : 00000000;
    13012 : 00000000;
    13013 : 00000000;
    13014 : 00000000;
    13015 : 00000000;
    13016 : 00000000;
    13017 : 00000000;
    13018 : 00000000;
    13019 : 00000000;
    13020 : 00000000;
    13021 : 00000000;
    13022 : 00000000;
    13023 : 00000000;
    13024 : 00000000;
    13025 : 00000000;
    13026 : 00000000;
    13027 : 00000000;
    13028 : 00000000;
    13029 : 00000000;
    13030 : 00000000;
    13031 : 00000000;
    13032 : 00000000;
    13033 : 00000000;
    13034 : 00000000;
    13035 : 00000000;
    13036 : 00000000;
    13037 : 00000000;
    13038 : 00000000;
    13039 : 00000000;
    13040 : 00000000;
    13041 : 00000000;
    13042 : 00000000;
    13043 : 00000000;
    13044 : 00000000;
    13045 : 00000000;
    13046 : 00000000;
    13047 : 00000000;
    13048 : 00000000;
    13049 : 00000000;
    13050 : 00000000;
    13051 : 00000000;
    13052 : 00000000;
    13053 : 00000000;
    13054 : 00000000;
    13055 : 00000000;
    13056 : 00000000;
    13057 : 00000000;
    13058 : 00000000;
    13059 : 00000000;
    13060 : 00000000;
    13061 : 00000000;
    13062 : 00000000;
    13063 : 00000000;
    13064 : 00000000;
    13065 : 00000000;
    13066 : 00000000;
    13067 : 00000000;
    13068 : 00000000;
    13069 : 00000000;
    13070 : 00000000;
    13071 : 00000000;
    13072 : 00000000;
    13073 : 00000000;
    13074 : 00000000;
    13075 : 00000000;
    13076 : 00000000;
    13077 : 00000000;
    13078 : 00000000;
    13079 : 00000000;
    13080 : 00000000;
    13081 : 00000000;
    13082 : 00000000;
    13083 : 00000000;
    13084 : 00000000;
    13085 : 00000000;
    13086 : 00000000;
    13087 : 00000000;
    13088 : 00000000;
    13089 : 00000000;
    13090 : 00000000;
    13091 : 00000000;
    13092 : 00000000;
    13093 : 00000000;
    13094 : 00000000;
    13095 : 00000000;
    13096 : 00000000;
    13097 : 00000000;
    13098 : 00000000;
    13099 : 00000000;
    13100 : 00000000;
    13101 : 00000000;
    13102 : 00000000;
    13103 : 00000000;
    13104 : 00000000;
    13105 : 00000000;
    13106 : 00000000;
    13107 : 00000000;
    13108 : 00000000;
    13109 : 00000000;
    13110 : 00000000;
    13111 : 00000000;
    13112 : 00000000;
    13113 : 00000000;
    13114 : 00000000;
    13115 : 00000000;
    13116 : 00000000;
    13117 : 00000000;
    13118 : 00000000;
    13119 : 00000000;
    13120 : 00000000;
    13121 : 00000000;
    13122 : 00000000;
    13123 : 00000000;
    13124 : 00000000;
    13125 : 00000000;
    13126 : 00000000;
    13127 : 00000000;
    13128 : 00000000;
    13129 : 00000000;
    13130 : 00000000;
    13131 : 00000000;
    13132 : 00000000;
    13133 : 00000000;
    13134 : 00000000;
    13135 : 00000000;
    13136 : 00000000;
    13137 : 00000000;
    13138 : 00000000;
    13139 : 00000000;
    13140 : 00000000;
    13141 : 00000000;
    13142 : 00000000;
    13143 : 00000000;
    13144 : 00000000;
    13145 : 00000000;
    13146 : 00000000;
    13147 : 00000000;
    13148 : 00000000;
    13149 : 00000000;
    13150 : 00000000;
    13151 : 00000000;
    13152 : 00000000;
    13153 : 00000000;
    13154 : 00000000;
    13155 : 00000000;
    13156 : 00000000;
    13157 : 00000000;
    13158 : 00000000;
    13159 : 00000000;
    13160 : 00000000;
    13161 : 00000000;
    13162 : 00000000;
    13163 : 00000000;
    13164 : 00000000;
    13165 : 00000000;
    13166 : 00000000;
    13167 : 00000000;
    13168 : 00000000;
    13169 : 00000000;
    13170 : 00000000;
    13171 : 00000000;
    13172 : 00000000;
    13173 : 00000000;
    13174 : 00000000;
    13175 : 00000000;
    13176 : 00000000;
    13177 : 00000000;
    13178 : 00000000;
    13179 : 00000000;
    13180 : 00000000;
    13181 : 00000000;
    13182 : 00000000;
    13183 : 00000000;
    13184 : 00000000;
    13185 : 00000000;
    13186 : 00000000;
    13187 : 00000000;
    13188 : 00000000;
    13189 : 00000000;
    13190 : 00000000;
    13191 : 00000000;
    13192 : 00000000;
    13193 : 00000000;
    13194 : 00000000;
    13195 : 00000000;
    13196 : 00000000;
    13197 : 00000000;
    13198 : 00000000;
    13199 : 00000000;
    13200 : 00000000;
    13201 : 00000000;
    13202 : 00000000;
    13203 : 00000000;
    13204 : 00000000;
    13205 : 00000000;
    13206 : 00000000;
    13207 : 00000000;
    13208 : 00000000;
    13209 : 00000000;
    13210 : 00000000;
    13211 : 00000000;
    13212 : 00000000;
    13213 : 00000000;
    13214 : 00000000;
    13215 : 00000000;
    13216 : 00000000;
    13217 : 00000000;
    13218 : 00000000;
    13219 : 00000000;
    13220 : 00000000;
    13221 : 00000000;
    13222 : 00000000;
    13223 : 00000000;
    13224 : 00000000;
    13225 : 00000000;
    13226 : 00000000;
    13227 : 00000000;
    13228 : 00000000;
    13229 : 00000000;
    13230 : 00000000;
    13231 : 00000000;
    13232 : 00000000;
    13233 : 00000000;
    13234 : 00000000;
    13235 : 00000000;
    13236 : 00000000;
    13237 : 00000000;
    13238 : 00000000;
    13239 : 00000000;
    13240 : 00000000;
    13241 : 00000000;
    13242 : 00000000;
    13243 : 00000000;
    13244 : 00000000;
    13245 : 00000000;
    13246 : 00000000;
    13247 : 00000000;
    13248 : 00000000;
    13249 : 00000000;
    13250 : 00000000;
    13251 : 00000000;
    13252 : 00000000;
    13253 : 00000000;
    13254 : 00000000;
    13255 : 00000000;
    13256 : 00000000;
    13257 : 00000000;
    13258 : 00000000;
    13259 : 00000000;
    13260 : 00000000;
    13261 : 00000000;
    13262 : 00000000;
    13263 : 00000000;
    13264 : 00000000;
    13265 : 00000000;
    13266 : 00000000;
    13267 : 00000000;
    13268 : 00000000;
    13269 : 00000000;
    13270 : 00000000;
    13271 : 00000000;
    13272 : 00000000;
    13273 : 00000000;
    13274 : 00000000;
    13275 : 00000000;
    13276 : 00000000;
    13277 : 00000000;
    13278 : 00000000;
    13279 : 00000000;
    13280 : 00000000;
    13281 : 00000000;
    13282 : 00000000;
    13283 : 00000000;
    13284 : 00000000;
    13285 : 00000000;
    13286 : 00000000;
    13287 : 00000000;
    13288 : 00000000;
    13289 : 00000000;
    13290 : 00000000;
    13291 : 00000000;
    13292 : 00000000;
    13293 : 00000000;
    13294 : 00000000;
    13295 : 00000000;
    13296 : 00000000;
    13297 : 00000000;
    13298 : 00000000;
    13299 : 00000000;
    13300 : 00000000;
    13301 : 00000000;
    13302 : 00000000;
    13303 : 00000000;
    13304 : 00000000;
    13305 : 00000000;
    13306 : 00000000;
    13307 : 00000000;
    13308 : 53494730;
    13309 : 00000018;
    13310 : 00000020;
    13311 : 00000008;
    13312 : 26000093;
    13313 : 29000113;
    13314 : 0000A183;
    13315 : 00000213;
    13316 : 00100293;
    13317 : FFF00313;
    13318 : 800003B7;
    13319 : FFF38393;
    13320 : 80000437;
    13321 : 00418233;
    13322 : 005182B3;
    13323 : 00618333;
    13324 : 007183B3;
    13325 : 00818433;
    13326 : 00312023;
    13327 : 00412223;
    13328 : 00512423;
    13329 : 00612623;
    13330 : 00712823;
    13331 : 00812A23;
    13332 : 26400093;
    13333 : 2A800113;
    13334 : 0000A403;
    13335 : 00000493;
    13336 : 00100513;
    13337 : FFF00593;
    13338 : 80000637;
    13339 : FFF60613;
    13340 : 800006B7;
    13341 : 009404B3;
    13342 : 00A40533;
    13343 : 00B405B3;
    13344 : 00C40633;
    13345 : 00D406B3;
    13346 : 00812023;
    13347 : 00912223;
    13348 : 00A12423;
    13349 : 00B12623;
    13350 : 00C12823;
    13351 : 00D12A23;
    13352 : 26800093;
    13353 : 2C000113;
    13354 : 0000A683;
    13355 : 00000713;
    13356 : 00100793;
    13357 : FFF00813;
    13358 : 800008B7;
    13359 : FFF88893;
    13360 : 80000937;
    13361 : 00E68733;
    13362 : 00F687B3;
    13363 : 01068833;
    13364 : 011688B3;
    13365 : 01268933;
    13366 : 00D12023;
    13367 : 00E12223;
    13368 : 00F12423;
    13369 : 01012623;
    13370 : 01112823;
    13371 : 01212A23;
    13372 : 26C00093;
    13373 : 2D800113;
    13374 : 0000A903;
    13375 : 00000993;
    13376 : 00100A13;
    13377 : FFF00A93;
    13378 : 80000B37;
    13379 : FFFB0B13;
    13380 : 80000BB7;
    13381 : 013909B3;
    13382 : 01490A33;
    13383 : 01590AB3;
    13384 : 01690B33;
    13385 : 01790BB3;
    13386 : 01212023;
    13387 : 01312223;
    13388 : 01412423;
    13389 : 01512623;
    13390 : 01612823;
    13391 : 01712A23;
    13392 : 27000093;
    13393 : 2F000113;
    13394 : 0000AB83;
    13395 : 00000C13;
    13396 : 00100C93;
    13397 : FFF00D13;
    13398 : 80000DB7;
    13399 : FFFD8D93;
    13400 : 80000E37;
    13401 : 018B8C33;
    13402 : 019B8CB3;
    13403 : 01AB8D33;
    13404 : 01BB8DB3;
    13405 : 01CB8E33;
    13406 : 01712023;
    13407 : 01812223;
    13408 : 01912423;
    13409 : 01A12623;
    13410 : 01B12823;
    13411 : 01C12A23;
    13412 : 27400C93;
    13413 : 30800D13;
    13414 : 000CAE03;
    13415 : 00100D93;
    13416 : 01BE0EB3;
    13417 : 01BE8F33;
    13418 : 01BF0FB3;
    13419 : 01BF80B3;
    13420 : 01B08133;
    13421 : 01B101B3;
    13422 : 01BD2023;
    13423 : 01CD2223;
    13424 : 01DD2423;
    13425 : 01ED2623;
    13426 : 01FD2823;
    13427 : 001D2A23;
    13428 : 002D2C23;
    13429 : 003D2E23;
    13430 : 27800093;
    13431 : 32800113;
    13432 : 0000AE03;
    13433 : F7FF9DB7;
    13434 : 818D8D93;
    13435 : 01BE0033;
    13436 : 00012023;
    13437 : 27C00093;
    13438 : 32C00113;
    13439 : 0000AE03;
    13440 : F7FF9DB7;
    13441 : 818D8D93;
    13442 : 01BE0033;
    13443 : 000002B3;
    13444 : 00012023;
    13445 : 00512223;
    13446 : 28000093;
    13447 : 33400113;
    13448 : 0000A183;
    13449 : 00018233;
    13450 : 000202B3;
    13451 : 00500333;
    13452 : 00030733;
    13453 : 000707B3;
    13454 : 00078833;
    13455 : 01000CB3;
    13456 : 01900D33;
    13457 : 000D0DB3;
    13458 : 00412023;
    13459 : 01A12223;
    13460 : 01B12423;
    13461 : 00000073;
    13462 : 00000000;
    13463 : 00000000;
    13464 : 00000000;
    13465 : 00000001;
    13466 : FFFFFFFF;
    13467 : 7FFFFFFF;
    13468 : 80000000;
    13469 : 0000ABCD;
    13470 : 12345678;
    13471 : FEDCBA98;
    13472 : 36925814;
    13473 : 00000000;
    13474 : 00000000;
    13475 : 00000000;
    13476 : FFFFFFFF;
    13477 : FFFFFFFF;
    13478 : FFFFFFFF;
    13479 : FFFFFFFF;
    13480 : FFFFFFFF;
    13481 : FFFFFFFF;
    13482 : FFFFFFFF;
    13483 : FFFFFFFF;
    13484 : FFFFFFFF;
    13485 : FFFFFFFF;
    13486 : FFFFFFFF;
    13487 : FFFFFFFF;
    13488 : FFFFFFFF;
    13489 : FFFFFFFF;
    13490 : FFFFFFFF;
    13491 : FFFFFFFF;
    13492 : FFFFFFFF;
    13493 : FFFFFFFF;
    13494 : FFFFFFFF;
    13495 : FFFFFFFF;
    13496 : FFFFFFFF;
    13497 : FFFFFFFF;
    13498 : FFFFFFFF;
    13499 : FFFFFFFF;
    13500 : FFFFFFFF;
    13501 : FFFFFFFF;
    13502 : FFFFFFFF;
    13503 : FFFFFFFF;
    13504 : FFFFFFFF;
    13505 : FFFFFFFF;
    13506 : FFFFFFFF;
    13507 : FFFFFFFF;
    13508 : FFFFFFFF;
    13509 : FFFFFFFF;
    13510 : FFFFFFFF;
    13511 : FFFFFFFF;
    13512 : FFFFFFFF;
    13513 : FFFFFFFF;
    13514 : FFFFFFFF;
    13515 : FFFFFFFF;
    13516 : FFFFFFFF;
    13517 : FFFFFFFF;
    13518 : FFFFFFFF;
    13519 : FFFFFFFF;
    13520 : 00000000;
    13521 : 00000000;
    13522 : 00000000;
    13523 : 00000000;
    13524 : 00000000;
    13525 : 00000000;
    13526 : 00000000;
    13527 : 00000000;
    13528 : 00000000;
    13529 : 00000000;
    13530 : 00000000;
    13531 : 00000000;
    13532 : 00000000;
    13533 : 00000000;
    13534 : 00000000;
    13535 : 00000000;
    13536 : 00000000;
    13537 : 00000000;
    13538 : 00000000;
    13539 : 00000000;
    13540 : 00000000;
    13541 : 00000000;
    13542 : 00000000;
    13543 : 00000000;
    13544 : 00000000;
    13545 : 00000000;
    13546 : 00000000;
    13547 : 00000000;
    13548 : 00000000;
    13549 : 00000000;
    13550 : 00000000;
    13551 : 00000000;
    13552 : 00000000;
    13553 : 00000000;
    13554 : 00000000;
    13555 : 00000000;
    13556 : 00000000;
    13557 : 00000000;
    13558 : 00000000;
    13559 : 00000000;
    13560 : 00000000;
    13561 : 00000000;
    13562 : 00000000;
    13563 : 00000000;
    13564 : 00000000;
    13565 : 00000000;
    13566 : 00000000;
    13567 : 00000000;
    13568 : 00000000;
    13569 : 00000000;
    13570 : 00000000;
    13571 : 00000000;
    13572 : 00000000;
    13573 : 00000000;
    13574 : 00000000;
    13575 : 00000000;
    13576 : 00000000;
    13577 : 00000000;
    13578 : 00000000;
    13579 : 00000000;
    13580 : 00000000;
    13581 : 00000000;
    13582 : 00000000;
    13583 : 00000000;
    13584 : 00000000;
    13585 : 00000000;
    13586 : 00000000;
    13587 : 00000000;
    13588 : 00000000;
    13589 : 00000000;
    13590 : 00000000;
    13591 : 00000000;
    13592 : 00000000;
    13593 : 00000000;
    13594 : 00000000;
    13595 : 00000000;
    13596 : 00000000;
    13597 : 00000000;
    13598 : 00000000;
    13599 : 00000000;
    13600 : 00000000;
    13601 : 00000000;
    13602 : 00000000;
    13603 : 00000000;
    13604 : 00000000;
    13605 : 00000000;
    13606 : 00000000;
    13607 : 00000000;
    13608 : 00000000;
    13609 : 00000000;
    13610 : 00000000;
    13611 : 00000000;
    13612 : 00000000;
    13613 : 00000000;
    13614 : 00000000;
    13615 : 00000000;
    13616 : 00000000;
    13617 : 00000000;
    13618 : 00000000;
    13619 : 00000000;
    13620 : 00000000;
    13621 : 00000000;
    13622 : 00000000;
    13623 : 00000000;
    13624 : 00000000;
    13625 : 00000000;
    13626 : 00000000;
    13627 : 00000000;
    13628 : 00000000;
    13629 : 00000000;
    13630 : 00000000;
    13631 : 00000000;
    13632 : 00000000;
    13633 : 00000000;
    13634 : 00000000;
    13635 : 00000000;
    13636 : 00000000;
    13637 : 00000000;
    13638 : 00000000;
    13639 : 00000000;
    13640 : 00000000;
    13641 : 00000000;
    13642 : 00000000;
    13643 : 00000000;
    13644 : 00000000;
    13645 : 00000000;
    13646 : 00000000;
    13647 : 00000000;
    13648 : 00000000;
    13649 : 00000000;
    13650 : 00000000;
    13651 : 00000000;
    13652 : 00000000;
    13653 : 00000000;
    13654 : 00000000;
    13655 : 00000000;
    13656 : 00000000;
    13657 : 00000000;
    13658 : 00000000;
    13659 : 00000000;
    13660 : 00000000;
    13661 : 00000000;
    13662 : 00000000;
    13663 : 00000000;
    13664 : 00000000;
    13665 : 00000000;
    13666 : 00000000;
    13667 : 00000000;
    13668 : 00000000;
    13669 : 00000000;
    13670 : 00000000;
    13671 : 00000000;
    13672 : 00000000;
    13673 : 00000000;
    13674 : 00000000;
    13675 : 00000000;
    13676 : 00000000;
    13677 : 00000000;
    13678 : 00000000;
    13679 : 00000000;
    13680 : 00000000;
    13681 : 00000000;
    13682 : 00000000;
    13683 : 00000000;
    13684 : 00000000;
    13685 : 00000000;
    13686 : 00000000;
    13687 : 00000000;
    13688 : 00000000;
    13689 : 00000000;
    13690 : 00000000;
    13691 : 00000000;
    13692 : 00000000;
    13693 : 00000000;
    13694 : 00000000;
    13695 : 00000000;
    13696 : 00000000;
    13697 : 00000000;
    13698 : 00000000;
    13699 : 00000000;
    13700 : 00000000;
    13701 : 00000000;
    13702 : 00000000;
    13703 : 00000000;
    13704 : 00000000;
    13705 : 00000000;
    13706 : 00000000;
    13707 : 00000000;
    13708 : 00000000;
    13709 : 00000000;
    13710 : 00000000;
    13711 : 00000000;
    13712 : 00000000;
    13713 : 00000000;
    13714 : 00000000;
    13715 : 00000000;
    13716 : 00000000;
    13717 : 00000000;
    13718 : 00000000;
    13719 : 00000000;
    13720 : 00000000;
    13721 : 00000000;
    13722 : 00000000;
    13723 : 00000000;
    13724 : 00000000;
    13725 : 00000000;
    13726 : 00000000;
    13727 : 00000000;
    13728 : 00000000;
    13729 : 00000000;
    13730 : 00000000;
    13731 : 00000000;
    13732 : 00000000;
    13733 : 00000000;
    13734 : 00000000;
    13735 : 00000000;
    13736 : 00000000;
    13737 : 00000000;
    13738 : 00000000;
    13739 : 00000000;
    13740 : 00000000;
    13741 : 00000000;
    13742 : 00000000;
    13743 : 00000000;
    13744 : 00000000;
    13745 : 00000000;
    13746 : 00000000;
    13747 : 00000000;
    13748 : 00000000;
    13749 : 00000000;
    13750 : 00000000;
    13751 : 00000000;
    13752 : 00000000;
    13753 : 00000000;
    13754 : 00000000;
    13755 : 00000000;
    13756 : 00000000;
    13757 : 00000000;
    13758 : 00000000;
    13759 : 00000000;
    13760 : 00000000;
    13761 : 00000000;
    13762 : 00000000;
    13763 : 00000000;
    13764 : 00000000;
    13765 : 00000000;
    13766 : 00000000;
    13767 : 00000000;
    13768 : 00000000;
    13769 : 00000000;
    13770 : 00000000;
    13771 : 00000000;
    13772 : 00000000;
    13773 : 00000000;
    13774 : 00000000;
    13775 : 00000000;
    13776 : 00000000;
    13777 : 00000000;
    13778 : 00000000;
    13779 : 00000000;
    13780 : 00000000;
    13781 : 00000000;
    13782 : 00000000;
    13783 : 00000000;
    13784 : 00000000;
    13785 : 00000000;
    13786 : 00000000;
    13787 : 00000000;
    13788 : 00000000;
    13789 : 00000000;
    13790 : 00000000;
    13791 : 00000000;
    13792 : 00000000;
    13793 : 00000000;
    13794 : 00000000;
    13795 : 00000000;
    13796 : 00000000;
    13797 : 00000000;
    13798 : 00000000;
    13799 : 00000000;
    13800 : 00000000;
    13801 : 00000000;
    13802 : 00000000;
    13803 : 00000000;
    13804 : 00000000;
    13805 : 00000000;
    13806 : 00000000;
    13807 : 00000000;
    13808 : 00000000;
    13809 : 00000000;
    13810 : 00000000;
    13811 : 00000000;
    13812 : 00000000;
    13813 : 00000000;
    13814 : 00000000;
    13815 : 00000000;
    13816 : 00000000;
    13817 : 00000000;
    13818 : 00000000;
    13819 : 00000000;
    13820 : 00000000;
    13821 : 00000000;
    13822 : 00000000;
    13823 : 00000000;
    13824 : 00000000;
    13825 : 00000000;
    13826 : 00000000;
    13827 : 00000000;
    13828 : 00000000;
    13829 : 00000000;
    13830 : 00000000;
    13831 : 00000000;
    13832 : 00000000;
    13833 : 00000000;
    13834 : 00000000;
    13835 : 00000000;
    13836 : 00000000;
    13837 : 00000000;
    13838 : 00000000;
    13839 : 00000000;
    13840 : 00000000;
    13841 : 00000000;
    13842 : 00000000;
    13843 : 00000000;
    13844 : 00000000;
    13845 : 00000000;
    13846 : 00000000;
    13847 : 00000000;
    13848 : 00000000;
    13849 : 00000000;
    13850 : 00000000;
    13851 : 00000000;
    13852 : 00000000;
    13853 : 00000000;
    13854 : 00000000;
    13855 : 00000000;
    13856 : 00000000;
    13857 : 00000000;
    13858 : 00000000;
    13859 : 00000000;
    13860 : 00000000;
    13861 : 00000000;
    13862 : 00000000;
    13863 : 00000000;
    13864 : 00000000;
    13865 : 00000000;
    13866 : 00000000;
    13867 : 00000000;
    13868 : 00000000;
    13869 : 00000000;
    13870 : 00000000;
    13871 : 00000000;
    13872 : 00000000;
    13873 : 00000000;
    13874 : 00000000;
    13875 : 00000000;
    13876 : 00000000;
    13877 : 00000000;
    13878 : 00000000;
    13879 : 00000000;
    13880 : 00000000;
    13881 : 00000000;
    13882 : 00000000;
    13883 : 00000000;
    13884 : 00000000;
    13885 : 00000000;
    13886 : 00000000;
    13887 : 00000000;
    13888 : 00000000;
    13889 : 00000000;
    13890 : 00000000;
    13891 : 00000000;
    13892 : 00000000;
    13893 : 00000000;
    13894 : 00000000;
    13895 : 00000000;
    13896 : 00000000;
    13897 : 00000000;
    13898 : 00000000;
    13899 : 00000000;
    13900 : 00000000;
    13901 : 00000000;
    13902 : 00000000;
    13903 : 00000000;
    13904 : 00000000;
    13905 : 00000000;
    13906 : 00000000;
    13907 : 00000000;
    13908 : 00000000;
    13909 : 00000000;
    13910 : 00000000;
    13911 : 00000000;
    13912 : 00000000;
    13913 : 00000000;
    13914 : 00000000;
    13915 : 00000000;
    13916 : 00000000;
    13917 : 00000000;
    13918 : 00000000;
    13919 : 00000000;
    13920 : 00000000;
    13921 : 00000000;
    13922 : 00000000;
    13923 : 00000000;
    13924 : 00000000;
    13925 : 00000000;
    13926 : 00000000;
    13927 : 00000000;
    13928 : 00000000;
    13929 : 00000000;
    13930 : 00000000;
    13931 : 00000000;
    13932 : 00000000;
    13933 : 00000000;
    13934 : 00000000;
    13935 : 00000000;
    13936 : 00000000;
    13937 : 00000000;
    13938 : 00000000;
    13939 : 00000000;
    13940 : 00000000;
    13941 : 00000000;
    13942 : 00000000;
    13943 : 00000000;
    13944 : 00000000;
    13945 : 00000000;
    13946 : 00000000;
    13947 : 00000000;
    13948 : 00000000;
    13949 : 00000000;
    13950 : 00000000;
    13951 : 00000000;
    13952 : 00000000;
    13953 : 00000000;
    13954 : 00000000;
    13955 : 00000000;
    13956 : 00000000;
    13957 : 00000000;
    13958 : 00000000;
    13959 : 00000000;
    13960 : 00000000;
    13961 : 00000000;
    13962 : 00000000;
    13963 : 00000000;
    13964 : 00000000;
    13965 : 00000000;
    13966 : 00000000;
    13967 : 00000000;
    13968 : 00000000;
    13969 : 00000000;
    13970 : 00000000;
    13971 : 00000000;
    13972 : 00000000;
    13973 : 00000000;
    13974 : 00000000;
    13975 : 00000000;
    13976 : 00000000;
    13977 : 00000000;
    13978 : 00000000;
    13979 : 00000000;
    13980 : 00000000;
    13981 : 00000000;
    13982 : 00000000;
    13983 : 00000000;
    13984 : 00000000;
    13985 : 00000000;
    13986 : 00000000;
    13987 : 00000000;
    13988 : 00000000;
    13989 : 00000000;
    13990 : 00000000;
    13991 : 00000000;
    13992 : 00000000;
    13993 : 00000000;
    13994 : 00000000;
    13995 : 00000000;
    13996 : 00000000;
    13997 : 00000000;
    13998 : 00000000;
    13999 : 00000000;
    14000 : 00000000;
    14001 : 00000000;
    14002 : 00000000;
    14003 : 00000000;
    14004 : 00000000;
    14005 : 00000000;
    14006 : 00000000;
    14007 : 00000000;
    14008 : 00000000;
    14009 : 00000000;
    14010 : 00000000;
    14011 : 00000000;
    14012 : 00000000;
    14013 : 00000000;
    14014 : 00000000;
    14015 : 00000000;
    14016 : 00000000;
    14017 : 00000000;
    14018 : 00000000;
    14019 : 00000000;
    14020 : 00000000;
    14021 : 00000000;
    14022 : 00000000;
    14023 : 00000000;
    14024 : 00000000;
    14025 : 00000000;
    14026 : 00000000;
    14027 : 00000000;
    14028 : 00000000;
    14029 : 00000000;
    14030 : 00000000;
    14031 : 00000000;
    14032 : 00000000;
    14033 : 00000000;
    14034 : 00000000;
    14035 : 00000000;
    14036 : 00000000;
    14037 : 00000000;
    14038 : 00000000;
    14039 : 00000000;
    14040 : 00000000;
    14041 : 00000000;
    14042 : 00000000;
    14043 : 00000000;
    14044 : 00000000;
    14045 : 00000000;
    14046 : 00000000;
    14047 : 00000000;
    14048 : 00000000;
    14049 : 00000000;
    14050 : 00000000;
    14051 : 00000000;
    14052 : 00000000;
    14053 : 00000000;
    14054 : 00000000;
    14055 : 00000000;
    14056 : 00000000;
    14057 : 00000000;
    14058 : 00000000;
    14059 : 00000000;
    14060 : 00000000;
    14061 : 00000000;
    14062 : 00000000;
    14063 : 00000000;
    14064 : 00000000;
    14065 : 00000000;
    14066 : 00000000;
    14067 : 00000000;
    14068 : 00000000;
    14069 : 00000000;
    14070 : 00000000;
    14071 : 00000000;
    14072 : 00000000;
    14073 : 00000000;
    14074 : 00000000;
    14075 : 00000000;
    14076 : 00000000;
    14077 : 00000000;
    14078 : 00000000;
    14079 : 00000000;
    14080 : 00000000;
    14081 : 00000000;
    14082 : 00000000;
    14083 : 00000000;
    14084 : 00000000;
    14085 : 00000000;
    14086 : 00000000;
    14087 : 00000000;
    14088 : 00000000;
    14089 : 00000000;
    14090 : 00000000;
    14091 : 00000000;
    14092 : 00000000;
    14093 : 00000000;
    14094 : 00000000;
    14095 : 00000000;
    14096 : 00000000;
    14097 : 00000000;
    14098 : 00000000;
    14099 : 00000000;
    14100 : 00000000;
    14101 : 00000000;
    14102 : 00000000;
    14103 : 00000000;
    14104 : 00000000;
    14105 : 00000000;
    14106 : 00000000;
    14107 : 00000000;
    14108 : 00000000;
    14109 : 00000000;
    14110 : 00000000;
    14111 : 00000000;
    14112 : 00000000;
    14113 : 00000000;
    14114 : 00000000;
    14115 : 00000000;
    14116 : 00000000;
    14117 : 00000000;
    14118 : 00000000;
    14119 : 00000000;
    14120 : 00000000;
    14121 : 00000000;
    14122 : 00000000;
    14123 : 00000000;
    14124 : 00000000;
    14125 : 00000000;
    14126 : 00000000;
    14127 : 00000000;
    14128 : 00000000;
    14129 : 00000000;
    14130 : 00000000;
    14131 : 00000000;
    14132 : 00000000;
    14133 : 00000000;
    14134 : 00000000;
    14135 : 00000000;
    14136 : 00000000;
    14137 : 00000000;
    14138 : 00000000;
    14139 : 00000000;
    14140 : 00000000;
    14141 : 00000000;
    14142 : 00000000;
    14143 : 00000000;
    14144 : 00000000;
    14145 : 00000000;
    14146 : 00000000;
    14147 : 00000000;
    14148 : 00000000;
    14149 : 00000000;
    14150 : 00000000;
    14151 : 00000000;
    14152 : 00000000;
    14153 : 00000000;
    14154 : 00000000;
    14155 : 00000000;
    14156 : 00000000;
    14157 : 00000000;
    14158 : 00000000;
    14159 : 00000000;
    14160 : 00000000;
    14161 : 00000000;
    14162 : 00000000;
    14163 : 00000000;
    14164 : 00000000;
    14165 : 00000000;
    14166 : 00000000;
    14167 : 00000000;
    14168 : 00000000;
    14169 : 00000000;
    14170 : 00000000;
    14171 : 00000000;
    14172 : 00000000;
    14173 : 00000000;
    14174 : 00000000;
    14175 : 00000000;
    14176 : 00000000;
    14177 : 00000000;
    14178 : 00000000;
    14179 : 00000000;
    14180 : 00000000;
    14181 : 00000000;
    14182 : 00000000;
    14183 : 00000000;
    14184 : 00000000;
    14185 : 00000000;
    14186 : 00000000;
    14187 : 00000000;
    14188 : 00000000;
    14189 : 00000000;
    14190 : 00000000;
    14191 : 00000000;
    14192 : 00000000;
    14193 : 00000000;
    14194 : 00000000;
    14195 : 00000000;
    14196 : 00000000;
    14197 : 00000000;
    14198 : 00000000;
    14199 : 00000000;
    14200 : 00000000;
    14201 : 00000000;
    14202 : 00000000;
    14203 : 00000000;
    14204 : 00000000;
    14205 : 00000000;
    14206 : 00000000;
    14207 : 00000000;
    14208 : 00000000;
    14209 : 00000000;
    14210 : 00000000;
    14211 : 00000000;
    14212 : 00000000;
    14213 : 00000000;
    14214 : 00000000;
    14215 : 00000000;
    14216 : 00000000;
    14217 : 00000000;
    14218 : 00000000;
    14219 : 00000000;
    14220 : 00000000;
    14221 : 00000000;
    14222 : 00000000;
    14223 : 00000000;
    14224 : 00000000;
    14225 : 00000000;
    14226 : 00000000;
    14227 : 00000000;
    14228 : 00000000;
    14229 : 00000000;
    14230 : 00000000;
    14231 : 00000000;
    14232 : 00000000;
    14233 : 00000000;
    14234 : 00000000;
    14235 : 00000000;
    14236 : 00000000;
    14237 : 00000000;
    14238 : 00000000;
    14239 : 00000000;
    14240 : 00000000;
    14241 : 00000000;
    14242 : 00000000;
    14243 : 00000000;
    14244 : 00000000;
    14245 : 00000000;
    14246 : 00000000;
    14247 : 00000000;
    14248 : 00000000;
    14249 : 00000000;
    14250 : 00000000;
    14251 : 00000000;
    14252 : 00000000;
    14253 : 00000000;
    14254 : 00000000;
    14255 : 00000000;
    14256 : 00000000;
    14257 : 00000000;
    14258 : 00000000;
    14259 : 00000000;
    14260 : 00000000;
    14261 : 00000000;
    14262 : 00000000;
    14263 : 00000000;
    14264 : 00000000;
    14265 : 00000000;
    14266 : 00000000;
    14267 : 00000000;
    14268 : 00000000;
    14269 : 00000000;
    14270 : 00000000;
    14271 : 00000000;
    14272 : 00000000;
    14273 : 00000000;
    14274 : 00000000;
    14275 : 00000000;
    14276 : 00000000;
    14277 : 00000000;
    14278 : 00000000;
    14279 : 00000000;
    14280 : 00000000;
    14281 : 00000000;
    14282 : 00000000;
    14283 : 00000000;
    14284 : 00000000;
    14285 : 00000000;
    14286 : 00000000;
    14287 : 00000000;
    14288 : 00000000;
    14289 : 00000000;
    14290 : 00000000;
    14291 : 00000000;
    14292 : 00000000;
    14293 : 00000000;
    14294 : 00000000;
    14295 : 00000000;
    14296 : 00000000;
    14297 : 00000000;
    14298 : 00000000;
    14299 : 00000000;
    14300 : 00000000;
    14301 : 00000000;
    14302 : 00000000;
    14303 : 00000000;
    14304 : 00000000;
    14305 : 00000000;
    14306 : 00000000;
    14307 : 00000000;
    14308 : 00000000;
    14309 : 00000000;
    14310 : 00000000;
    14311 : 00000000;
    14312 : 00000000;
    14313 : 00000000;
    14314 : 00000000;
    14315 : 00000000;
    14316 : 00000000;
    14317 : 00000000;
    14318 : 00000000;
    14319 : 00000000;
    14320 : 00000000;
    14321 : 00000000;
    14322 : 00000000;
    14323 : 00000000;
    14324 : 00000000;
    14325 : 00000000;
    14326 : 00000000;
    14327 : 00000000;
    14328 : 00000000;
    14329 : 00000000;
    14330 : 00000000;
    14331 : 00000000;
    14332 : 53494730;
    14333 : 000000A4;
    14334 : 000000D0;
    14335 : 0000002C;
    14336 : 35000293;
    14337 : 0000D037;
    14338 : CCC00013;
    14339 : 00C00FEF;
    14340 : 00012037;
    14341 : 3AB00013;
    14342 : 0002A023;
    14343 : 0000D0B7;
    14344 : CCC08093;
    14345 : 00C00F6F;
    14346 : 000120B7;
    14347 : 3AB08093;
    14348 : 0012A223;
    14349 : 0080006F;
    14350 : 0180006F;
    14351 : 0000D137;
    14352 : CCC10113;
    14353 : FF5FFEEF;
    14354 : 00012137;
    14355 : 3AB10113;
    14356 : 0022A423;
    14357 : 0000D1B7;
    14358 : CCC18193;
    14359 : 00C00E6F;
    14360 : 000121B7;
    14361 : 3AB18193;
    14362 : 0032A623;
    14363 : 0000D237;
    14364 : CCC20213;
    14365 : 00C00DEF;
    14366 : 00012237;
    14367 : 3AB20213;
    14368 : 0042A823;
    14369 : 36400093;
    14370 : 0000D2B7;
    14371 : CCC28293;
    14372 : 00C00D6F;
    14373 : 000122B7;
    14374 : 3AB28293;
    14375 : 0050A023;
    14376 : 0000D337;
    14377 : CCC30313;
    14378 : 00C00CEF;
    14379 : 00012337;
    14380 : 3AB30313;
    14381 : 0060A223;
    14382 : 0080006F;
    14383 : 0180006F;
    14384 : 0000D3B7;
    14385 : CCC38393;
    14386 : FF5FFC6F;
    14387 : 000123B7;
    14388 : 3AB38393;
    14389 : 0070A423;
    14390 : 0000D437;
    14391 : CCC40413;
    14392 : 00C00BEF;
    14393 : 00012437;
    14394 : 3AB40413;
    14395 : 0080A623;
    14396 : 0000D4B7;
    14397 : CCC48493;
    14398 : 00C00B6F;
    14399 : 000124B7;
    14400 : 3AB48493;
    14401 : 0090A823;
    14402 : 37800093;
    14403 : 0000D537;
    14404 : CCC50513;
    14405 : 00C00AEF;
    14406 : 00012537;
    14407 : 3AB50513;
    14408 : 00A0A023;
    14409 : 0000D5B7;
    14410 : CCC58593;
    14411 : 00C00A6F;
    14412 : 000125B7;
    14413 : 3AB58593;
    14414 : 00B0A223;
    14415 : 0080006F;
    14416 : 0180006F;
    14417 : 0000D637;
    14418 : CCC60613;
    14419 : FF5FF9EF;
    14420 : 00012637;
    14421 : 3AB60613;
    14422 : 00C0A423;
    14423 : 0000D6B7;
    14424 : CCC68693;
    14425 : 00C0096F;
    14426 : 000126B7;
    14427 : 3AB68693;
    14428 : 00D0A623;
    14429 : 0000D737;
    14430 : CCC70713;
    14431 : 00C008EF;
    14432 : 00012737;
    14433 : 3AB70713;
    14434 : 00E0A823;
    14435 : 38C00113;
    14436 : 0000D7B7;
    14437 : CCC78793;
    14438 : 00C0086F;
    14439 : 000127B7;
    14440 : 3AB78793;
    14441 : 00F12023;
    14442 : 0000D837;
    14443 : CCC80813;
    14444 : 00C007EF;
    14445 : 00012837;
    14446 : 3AB80813;
    14447 : 01012223;
    14448 : 0080006F;
    14449 : 0180006F;
    14450 : 0000D8B7;
    14451 : CCC88893;
    14452 : FF5FF76F;
    14453 : 000128B7;
    14454 : 3AB88893;
    14455 : 01112423;
    14456 : 0000D937;
    14457 : CCC90913;
    14458 : 00C006EF;
    14459 : 00012937;
    14460 : 3AB90913;
    14461 : 01212623;
    14462 : 0000D9B7;
    14463 : CCC98993;
    14464 : 00C0066F;
    14465 : 000129B7;
    14466 : 3AB98993;
    14467 : 01312823;
    14468 : 3A000093;
    14469 : 0000DA37;
    14470 : CCCA0A13;
    14471 : 00C005EF;
    14472 : 00012A37;
    14473 : 3ABA0A13;
    14474 : 0140A023;
    14475 : 0000DAB7;
    14476 : CCCA8A93;
    14477 : 00C0056F;
    14478 : 00012AB7;
    14479 : 3ABA8A93;
    14480 : 0150A223;
    14481 : 0080006F;
    14482 : 0180006F;
    14483 : 0000DB37;
    14484 : CCCB0B13;
    14485 : FF5FF4EF;
    14486 : 00012B37;
    14487 : 3ABB0B13;
    14488 : 0160A423;
    14489 : 0000DBB7;
    14490 : CCCB8B93;
    14491 : 00C0046F;
    14492 : 00012BB7;
    14493 : 3ABB8B93;
    14494 : 0170A623;
    14495 : 0000DC37;
    14496 : CCCC0C13;
    14497 : 00C003EF;
    14498 : 00012C37;
    14499 : 3ABC0C13;
    14500 : 0180A823;
    14501 : 3B400093;
    14502 : 0000DCB7;
    14503 : CCCC8C93;
    14504 : 00C0036F;
    14505 : 00012CB7;
    14506 : 3ABC8C93;
    14507 : 0190A023;
    14508 : 0000DD37;
    14509 : CCCD0D13;
    14510 : 00C002EF;
    14511 : 00012D37;
    14512 : 3ABD0D13;
    14513 : 01A0A223;
    14514 : 0080006F;
    14515 : 0180006F;
    14516 : 0000DDB7;
    14517 : CCCD8D93;
    14518 : FF5FF26F;
    14519 : 00012DB7;
    14520 : 3ABD8D93;
    14521 : 01B0A423;
    14522 : 0000DE37;
    14523 : CCCE0E13;
    14524 : 00C001EF;
    14525 : 00012E37;
    14526 : 3ABE0E13;
    14527 : 01C0A623;
    14528 : 0000DEB7;
    14529 : CCCE8E93;
    14530 : 00C0016F;
    14531 : 00012EB7;
    14532 : 3ABE8E93;
    14533 : 01D0A823;
    14534 : 3C800113;
    14535 : 0000DF37;
    14536 : CCCF0F13;
    14537 : 00C000EF;
    14538 : 00012F37;
    14539 : 3ABF0F13;
    14540 : 01E12023;
    14541 : 0000DFB7;
    14542 : CCCF8F93;
    14543 : 00C0006F;
    14544 : 00012FB7;
    14545 : 3ABF8F93;
    14546 : 01F12223;
    14547 : 00000073;
    14548 : FFFFFFFF;
    14549 : FFFFFFFF;
    14550 : FFFFFFFF;
    14551 : FFFFFFFF;
    14552 : FFFFFFFF;
    14553 : FFFFFFFF;
    14554 : FFFFFFFF;
    14555 : FFFFFFFF;
    14556 : FFFFFFFF;
    14557 : FFFFFFFF;
    14558 : FFFFFFFF;
    14559 : FFFFFFFF;
    14560 : FFFFFFFF;
    14561 : FFFFFFFF;
    14562 : FFFFFFFF;
    14563 : FFFFFFFF;
    14564 : FFFFFFFF;
    14565 : FFFFFFFF;
    14566 : FFFFFFFF;
    14567 : FFFFFFFF;
    14568 : FFFFFFFF;
    14569 : FFFFFFFF;
    14570 : FFFFFFFF;
    14571 : FFFFFFFF;
    14572 : FFFFFFFF;
    14573 : FFFFFFFF;
    14574 : FFFFFFFF;
    14575 : FFFFFFFF;
    14576 : FFFFFFFF;
    14577 : FFFFFFFF;
    14578 : FFFFFFFF;
    14579 : FFFFFFFF;
    14580 : FFFFFFFF;
    14581 : FFFFFFFF;
    14582 : FFFFFFFF;
    14583 : 00000000;
    14584 : 00000000;
    14585 : 00000000;
    14586 : 00000000;
    14587 : 00000000;
    14588 : 00000000;
    14589 : 00000000;
    14590 : 00000000;
    14591 : 00000000;
    14592 : 00000000;
    14593 : 00000000;
    14594 : 00000000;
    14595 : 00000000;
    14596 : 00000000;
    14597 : 00000000;
    14598 : 00000000;
    14599 : 00000000;
    14600 : 00000000;
    14601 : 00000000;
    14602 : 00000000;
    14603 : 00000000;
    14604 : 00000000;
    14605 : 00000000;
    14606 : 00000000;
    14607 : 00000000;
    14608 : 00000000;
    14609 : 00000000;
    14610 : 00000000;
    14611 : 00000000;
    14612 : 00000000;
    14613 : 00000000;
    14614 : 00000000;
    14615 : 00000000;
    14616 : 00000000;
    14617 : 00000000;
    14618 : 00000000;
    14619 : 00000000;
    14620 : 00000000;
    14621 : 00000000;
    14622 : 00000000;
    14623 : 00000000;
    14624 : 00000000;
    14625 : 00000000;
    14626 : 00000000;
    14627 : 00000000;
    14628 : 00000000;
    14629 : 00000000;
    14630 : 00000000;
    14631 : 00000000;
    14632 : 00000000;
    14633 : 00000000;
    14634 : 00000000;
    14635 : 00000000;
    14636 : 00000000;
    14637 : 00000000;
    14638 : 00000000;
    14639 : 00000000;
    14640 : 00000000;
    14641 : 00000000;
    14642 : 00000000;
    14643 : 00000000;
    14644 : 00000000;
    14645 : 00000000;
    14646 : 00000000;
    14647 : 00000000;
    14648 : 00000000;
    14649 : 00000000;
    14650 : 00000000;
    14651 : 00000000;
    14652 : 00000000;
    14653 : 00000000;
    14654 : 00000000;
    14655 : 00000000;
    14656 : 00000000;
    14657 : 00000000;
    14658 : 00000000;
    14659 : 00000000;
    14660 : 00000000;
    14661 : 00000000;
    14662 : 00000000;
    14663 : 00000000;
    14664 : 00000000;
    14665 : 00000000;
    14666 : 00000000;
    14667 : 00000000;
    14668 : 00000000;
    14669 : 00000000;
    14670 : 00000000;
    14671 : 00000000;
    14672 : 00000000;
    14673 : 00000000;
    14674 : 00000000;
    14675 : 00000000;
    14676 : 00000000;
    14677 : 00000000;
    14678 : 00000000;
    14679 : 00000000;
    14680 : 00000000;
    14681 : 00000000;
    14682 : 00000000;
    14683 : 00000000;
    14684 : 00000000;
    14685 : 00000000;
    14686 : 00000000;
    14687 : 00000000;
    14688 : 00000000;
    14689 : 00000000;
    14690 : 00000000;
    14691 : 00000000;
    14692 : 00000000;
    14693 : 00000000;
    14694 : 00000000;
    14695 : 00000000;
    14696 : 00000000;
    14697 : 00000000;
    14698 : 00000000;
    14699 : 00000000;
    14700 : 00000000;
    14701 : 00000000;
    14702 : 00000000;
    14703 : 00000000;
    14704 : 00000000;
    14705 : 00000000;
    14706 : 00000000;
    14707 : 00000000;
    14708 : 00000000;
    14709 : 00000000;
    14710 : 00000000;
    14711 : 00000000;
    14712 : 00000000;
    14713 : 00000000;
    14714 : 00000000;
    14715 : 00000000;
    14716 : 00000000;
    14717 : 00000000;
    14718 : 00000000;
    14719 : 00000000;
    14720 : 00000000;
    14721 : 00000000;
    14722 : 00000000;
    14723 : 00000000;
    14724 : 00000000;
    14725 : 00000000;
    14726 : 00000000;
    14727 : 00000000;
    14728 : 00000000;
    14729 : 00000000;
    14730 : 00000000;
    14731 : 00000000;
    14732 : 00000000;
    14733 : 00000000;
    14734 : 00000000;
    14735 : 00000000;
    14736 : 00000000;
    14737 : 00000000;
    14738 : 00000000;
    14739 : 00000000;
    14740 : 00000000;
    14741 : 00000000;
    14742 : 00000000;
    14743 : 00000000;
    14744 : 00000000;
    14745 : 00000000;
    14746 : 00000000;
    14747 : 00000000;
    14748 : 00000000;
    14749 : 00000000;
    14750 : 00000000;
    14751 : 00000000;
    14752 : 00000000;
    14753 : 00000000;
    14754 : 00000000;
    14755 : 00000000;
    14756 : 00000000;
    14757 : 00000000;
    14758 : 00000000;
    14759 : 00000000;
    14760 : 00000000;
    14761 : 00000000;
    14762 : 00000000;
    14763 : 00000000;
    14764 : 00000000;
    14765 : 00000000;
    14766 : 00000000;
    14767 : 00000000;
    14768 : 00000000;
    14769 : 00000000;
    14770 : 00000000;
    14771 : 00000000;
    14772 : 00000000;
    14773 : 00000000;
    14774 : 00000000;
    14775 : 00000000;
    14776 : 00000000;
    14777 : 00000000;
    14778 : 00000000;
    14779 : 00000000;
    14780 : 00000000;
    14781 : 00000000;
    14782 : 00000000;
    14783 : 00000000;
    14784 : 00000000;
    14785 : 00000000;
    14786 : 00000000;
    14787 : 00000000;
    14788 : 00000000;
    14789 : 00000000;
    14790 : 00000000;
    14791 : 00000000;
    14792 : 00000000;
    14793 : 00000000;
    14794 : 00000000;
    14795 : 00000000;
    14796 : 00000000;
    14797 : 00000000;
    14798 : 00000000;
    14799 : 00000000;
    14800 : 00000000;
    14801 : 00000000;
    14802 : 00000000;
    14803 : 00000000;
    14804 : 00000000;
    14805 : 00000000;
    14806 : 00000000;
    14807 : 00000000;
    14808 : 00000000;
    14809 : 00000000;
    14810 : 00000000;
    14811 : 00000000;
    14812 : 00000000;
    14813 : 00000000;
    14814 : 00000000;
    14815 : 00000000;
    14816 : 00000000;
    14817 : 00000000;
    14818 : 00000000;
    14819 : 00000000;
    14820 : 00000000;
    14821 : 00000000;
    14822 : 00000000;
    14823 : 00000000;
    14824 : 00000000;
    14825 : 00000000;
    14826 : 00000000;
    14827 : 00000000;
    14828 : 00000000;
    14829 : 00000000;
    14830 : 00000000;
    14831 : 00000000;
    14832 : 00000000;
    14833 : 00000000;
    14834 : 00000000;
    14835 : 00000000;
    14836 : 00000000;
    14837 : 00000000;
    14838 : 00000000;
    14839 : 00000000;
    14840 : 00000000;
    14841 : 00000000;
    14842 : 00000000;
    14843 : 00000000;
    14844 : 00000000;
    14845 : 00000000;
    14846 : 00000000;
    14847 : 00000000;
    14848 : 00000000;
    14849 : 00000000;
    14850 : 00000000;
    14851 : 00000000;
    14852 : 00000000;
    14853 : 00000000;
    14854 : 00000000;
    14855 : 00000000;
    14856 : 00000000;
    14857 : 00000000;
    14858 : 00000000;
    14859 : 00000000;
    14860 : 00000000;
    14861 : 00000000;
    14862 : 00000000;
    14863 : 00000000;
    14864 : 00000000;
    14865 : 00000000;
    14866 : 00000000;
    14867 : 00000000;
    14868 : 00000000;
    14869 : 00000000;
    14870 : 00000000;
    14871 : 00000000;
    14872 : 00000000;
    14873 : 00000000;
    14874 : 00000000;
    14875 : 00000000;
    14876 : 00000000;
    14877 : 00000000;
    14878 : 00000000;
    14879 : 00000000;
    14880 : 00000000;
    14881 : 00000000;
    14882 : 00000000;
    14883 : 00000000;
    14884 : 00000000;
    14885 : 00000000;
    14886 : 00000000;
    14887 : 00000000;
    14888 : 00000000;
    14889 : 00000000;
    14890 : 00000000;
    14891 : 00000000;
    14892 : 00000000;
    14893 : 00000000;
    14894 : 00000000;
    14895 : 00000000;
    14896 : 00000000;
    14897 : 00000000;
    14898 : 00000000;
    14899 : 00000000;
    14900 : 00000000;
    14901 : 00000000;
    14902 : 00000000;
    14903 : 00000000;
    14904 : 00000000;
    14905 : 00000000;
    14906 : 00000000;
    14907 : 00000000;
    14908 : 00000000;
    14909 : 00000000;
    14910 : 00000000;
    14911 : 00000000;
    14912 : 00000000;
    14913 : 00000000;
    14914 : 00000000;
    14915 : 00000000;
    14916 : 00000000;
    14917 : 00000000;
    14918 : 00000000;
    14919 : 00000000;
    14920 : 00000000;
    14921 : 00000000;
    14922 : 00000000;
    14923 : 00000000;
    14924 : 00000000;
    14925 : 00000000;
    14926 : 00000000;
    14927 : 00000000;
    14928 : 00000000;
    14929 : 00000000;
    14930 : 00000000;
    14931 : 00000000;
    14932 : 00000000;
    14933 : 00000000;
    14934 : 00000000;
    14935 : 00000000;
    14936 : 00000000;
    14937 : 00000000;
    14938 : 00000000;
    14939 : 00000000;
    14940 : 00000000;
    14941 : 00000000;
    14942 : 00000000;
    14943 : 00000000;
    14944 : 00000000;
    14945 : 00000000;
    14946 : 00000000;
    14947 : 00000000;
    14948 : 00000000;
    14949 : 00000000;
    14950 : 00000000;
    14951 : 00000000;
    14952 : 00000000;
    14953 : 00000000;
    14954 : 00000000;
    14955 : 00000000;
    14956 : 00000000;
    14957 : 00000000;
    14958 : 00000000;
    14959 : 00000000;
    14960 : 00000000;
    14961 : 00000000;
    14962 : 00000000;
    14963 : 00000000;
    14964 : 00000000;
    14965 : 00000000;
    14966 : 00000000;
    14967 : 00000000;
    14968 : 00000000;
    14969 : 00000000;
    14970 : 00000000;
    14971 : 00000000;
    14972 : 00000000;
    14973 : 00000000;
    14974 : 00000000;
    14975 : 00000000;
    14976 : 00000000;
    14977 : 00000000;
    14978 : 00000000;
    14979 : 00000000;
    14980 : 00000000;
    14981 : 00000000;
    14982 : 00000000;
    14983 : 00000000;
    14984 : 00000000;
    14985 : 00000000;
    14986 : 00000000;
    14987 : 00000000;
    14988 : 00000000;
    14989 : 00000000;
    14990 : 00000000;
    14991 : 00000000;
    14992 : 00000000;
    14993 : 00000000;
    14994 : 00000000;
    14995 : 00000000;
    14996 : 00000000;
    14997 : 00000000;
    14998 : 00000000;
    14999 : 00000000;
    15000 : 00000000;
    15001 : 00000000;
    15002 : 00000000;
    15003 : 00000000;
    15004 : 00000000;
    15005 : 00000000;
    15006 : 00000000;
    15007 : 00000000;
    15008 : 00000000;
    15009 : 00000000;
    15010 : 00000000;
    15011 : 00000000;
    15012 : 00000000;
    15013 : 00000000;
    15014 : 00000000;
    15015 : 00000000;
    15016 : 00000000;
    15017 : 00000000;
    15018 : 00000000;
    15019 : 00000000;
    15020 : 00000000;
    15021 : 00000000;
    15022 : 00000000;
    15023 : 00000000;
    15024 : 00000000;
    15025 : 00000000;
    15026 : 00000000;
    15027 : 00000000;
    15028 : 00000000;
    15029 : 00000000;
    15030 : 00000000;
    15031 : 00000000;
    15032 : 00000000;
    15033 : 00000000;
    15034 : 00000000;
    15035 : 00000000;
    15036 : 00000000;
    15037 : 00000000;
    15038 : 00000000;
    15039 : 00000000;
    15040 : 00000000;
    15041 : 00000000;
    15042 : 00000000;
    15043 : 00000000;
    15044 : 00000000;
    15045 : 00000000;
    15046 : 00000000;
    15047 : 00000000;
    15048 : 00000000;
    15049 : 00000000;
    15050 : 00000000;
    15051 : 00000000;
    15052 : 00000000;
    15053 : 00000000;
    15054 : 00000000;
    15055 : 00000000;
    15056 : 00000000;
    15057 : 00000000;
    15058 : 00000000;
    15059 : 00000000;
    15060 : 00000000;
    15061 : 00000000;
    15062 : 00000000;
    15063 : 00000000;
    15064 : 00000000;
    15065 : 00000000;
    15066 : 00000000;
    15067 : 00000000;
    15068 : 00000000;
    15069 : 00000000;
    15070 : 00000000;
    15071 : 00000000;
    15072 : 00000000;
    15073 : 00000000;
    15074 : 00000000;
    15075 : 00000000;
    15076 : 00000000;
    15077 : 00000000;
    15078 : 00000000;
    15079 : 00000000;
    15080 : 00000000;
    15081 : 00000000;
    15082 : 00000000;
    15083 : 00000000;
    15084 : 00000000;
    15085 : 00000000;
    15086 : 00000000;
    15087 : 00000000;
    15088 : 00000000;
    15089 : 00000000;
    15090 : 00000000;
    15091 : 00000000;
    15092 : 00000000;
    15093 : 00000000;
    15094 : 00000000;
    15095 : 00000000;
    15096 : 00000000;
    15097 : 00000000;
    15098 : 00000000;
    15099 : 00000000;
    15100 : 00000000;
    15101 : 00000000;
    15102 : 00000000;
    15103 : 00000000;
    15104 : 00000000;
    15105 : 00000000;
    15106 : 00000000;
    15107 : 00000000;
    15108 : 00000000;
    15109 : 00000000;
    15110 : 00000000;
    15111 : 00000000;
    15112 : 00000000;
    15113 : 00000000;
    15114 : 00000000;
    15115 : 00000000;
    15116 : 00000000;
    15117 : 00000000;
    15118 : 00000000;
    15119 : 00000000;
    15120 : 00000000;
    15121 : 00000000;
    15122 : 00000000;
    15123 : 00000000;
    15124 : 00000000;
    15125 : 00000000;
    15126 : 00000000;
    15127 : 00000000;
    15128 : 00000000;
    15129 : 00000000;
    15130 : 00000000;
    15131 : 00000000;
    15132 : 00000000;
    15133 : 00000000;
    15134 : 00000000;
    15135 : 00000000;
    15136 : 00000000;
    15137 : 00000000;
    15138 : 00000000;
    15139 : 00000000;
    15140 : 00000000;
    15141 : 00000000;
    15142 : 00000000;
    15143 : 00000000;
    15144 : 00000000;
    15145 : 00000000;
    15146 : 00000000;
    15147 : 00000000;
    15148 : 00000000;
    15149 : 00000000;
    15150 : 00000000;
    15151 : 00000000;
    15152 : 00000000;
    15153 : 00000000;
    15154 : 00000000;
    15155 : 00000000;
    15156 : 00000000;
    15157 : 00000000;
    15158 : 00000000;
    15159 : 00000000;
    15160 : 00000000;
    15161 : 00000000;
    15162 : 00000000;
    15163 : 00000000;
    15164 : 00000000;
    15165 : 00000000;
    15166 : 00000000;
    15167 : 00000000;
    15168 : 00000000;
    15169 : 00000000;
    15170 : 00000000;
    15171 : 00000000;
    15172 : 00000000;
    15173 : 00000000;
    15174 : 00000000;
    15175 : 00000000;
    15176 : 00000000;
    15177 : 00000000;
    15178 : 00000000;
    15179 : 00000000;
    15180 : 00000000;
    15181 : 00000000;
    15182 : 00000000;
    15183 : 00000000;
    15184 : 00000000;
    15185 : 00000000;
    15186 : 00000000;
    15187 : 00000000;
    15188 : 00000000;
    15189 : 00000000;
    15190 : 00000000;
    15191 : 00000000;
    15192 : 00000000;
    15193 : 00000000;
    15194 : 00000000;
    15195 : 00000000;
    15196 : 00000000;
    15197 : 00000000;
    15198 : 00000000;
    15199 : 00000000;
    15200 : 00000000;
    15201 : 00000000;
    15202 : 00000000;
    15203 : 00000000;
    15204 : 00000000;
    15205 : 00000000;
    15206 : 00000000;
    15207 : 00000000;
    15208 : 00000000;
    15209 : 00000000;
    15210 : 00000000;
    15211 : 00000000;
    15212 : 00000000;
    15213 : 00000000;
    15214 : 00000000;
    15215 : 00000000;
    15216 : 00000000;
    15217 : 00000000;
    15218 : 00000000;
    15219 : 00000000;
    15220 : 00000000;
    15221 : 00000000;
    15222 : 00000000;
    15223 : 00000000;
    15224 : 00000000;
    15225 : 00000000;
    15226 : 00000000;
    15227 : 00000000;
    15228 : 00000000;
    15229 : 00000000;
    15230 : 00000000;
    15231 : 00000000;
    15232 : 00000000;
    15233 : 00000000;
    15234 : 00000000;
    15235 : 00000000;
    15236 : 00000000;
    15237 : 00000000;
    15238 : 00000000;
    15239 : 00000000;
    15240 : 00000000;
    15241 : 00000000;
    15242 : 00000000;
    15243 : 00000000;
    15244 : 00000000;
    15245 : 00000000;
    15246 : 00000000;
    15247 : 00000000;
    15248 : 00000000;
    15249 : 00000000;
    15250 : 00000000;
    15251 : 00000000;
    15252 : 00000000;
    15253 : 00000000;
    15254 : 00000000;
    15255 : 00000000;
    15256 : 00000000;
    15257 : 00000000;
    15258 : 00000000;
    15259 : 00000000;
    15260 : 00000000;
    15261 : 00000000;
    15262 : 00000000;
    15263 : 00000000;
    15264 : 00000000;
    15265 : 00000000;
    15266 : 00000000;
    15267 : 00000000;
    15268 : 00000000;
    15269 : 00000000;
    15270 : 00000000;
    15271 : 00000000;
    15272 : 00000000;
    15273 : 00000000;
    15274 : 00000000;
    15275 : 00000000;
    15276 : 00000000;
    15277 : 00000000;
    15278 : 00000000;
    15279 : 00000000;
    15280 : 00000000;
    15281 : 00000000;
    15282 : 00000000;
    15283 : 00000000;
    15284 : 00000000;
    15285 : 00000000;
    15286 : 00000000;
    15287 : 00000000;
    15288 : 00000000;
    15289 : 00000000;
    15290 : 00000000;
    15291 : 00000000;
    15292 : 00000000;
    15293 : 00000000;
    15294 : 00000000;
    15295 : 00000000;
    15296 : 00000000;
    15297 : 00000000;
    15298 : 00000000;
    15299 : 00000000;
    15300 : 00000000;
    15301 : 00000000;
    15302 : 00000000;
    15303 : 00000000;
    15304 : 00000000;
    15305 : 00000000;
    15306 : 00000000;
    15307 : 00000000;
    15308 : 00000000;
    15309 : 00000000;
    15310 : 00000000;
    15311 : 00000000;
    15312 : 00000000;
    15313 : 00000000;
    15314 : 00000000;
    15315 : 00000000;
    15316 : 00000000;
    15317 : 00000000;
    15318 : 00000000;
    15319 : 00000000;
    15320 : 00000000;
    15321 : 00000000;
    15322 : 00000000;
    15323 : 00000000;
    15324 : 00000000;
    15325 : 00000000;
    15326 : 00000000;
    15327 : 00000000;
    15328 : 00000000;
    15329 : 00000000;
    15330 : 00000000;
    15331 : 00000000;
    15332 : 00000000;
    15333 : 00000000;
    15334 : 00000000;
    15335 : 00000000;
    15336 : 00000000;
    15337 : 00000000;
    15338 : 00000000;
    15339 : 00000000;
    15340 : 00000000;
    15341 : 00000000;
    15342 : 00000000;
    15343 : 00000000;
    15344 : 00000000;
    15345 : 00000000;
    15346 : 00000000;
    15347 : 00000000;
    15348 : 00000000;
    15349 : 00000000;
    15350 : 00000000;
    15351 : 00000000;
    15352 : 00000000;
    15353 : 00000000;
    15354 : 00000000;
    15355 : 00000000;
    15356 : 53494730;
    15357 : 000000D4;
    15358 : 000000F8;
    15359 : 00000024;
    15360 : 45000293;
    15361 : 0000DFB7;
    15362 : CCCF8F93;
    15363 : 00000817;
    15364 : 01480813;
    15365 : 00080067;
    15366 : 00012FB7;
    15367 : 3ABF8F93;
    15368 : 01F2A023;
    15369 : 0000DF37;
    15370 : CCCF0F13;
    15371 : 00000797;
    15372 : 01378793;
    15373 : 001780E7;
    15374 : 00012F37;
    15375 : 3ABF0F13;
    15376 : 01E2A223;
    15377 : 0080006F;
    15378 : 0200006F;
    15379 : 0000DEB7;
    15380 : CCCE8E93;
    15381 : 00000717;
    15382 : FF370713;
    15383 : 00170167;
    15384 : 00012EB7;
    15385 : 3ABE8E93;
    15386 : 01D2A423;
    15387 : 0000DE37;
    15388 : CCCE0E13;
    15389 : 00000697;
    15390 : 01068693;
    15391 : 004681E7;
    15392 : 00012E37;
    15393 : 3ABE0E13;
    15394 : 01C2A623;
    15395 : 0000DDB7;
    15396 : CCCD8D93;
    15397 : 00000617;
    15398 : 01260613;
    15399 : 00260267;
    15400 : 00012DB7;
    15401 : 3ABD8D93;
    15402 : 01B2A823;
    15403 : 46400093;
    15404 : 0000DD37;
    15405 : CCCD0D13;
    15406 : 00000597;
    15407 : 01058593;
    15408 : 004582E7;
    15409 : 00012D37;
    15410 : 3ABD0D13;
    15411 : 01A0A023;
    15412 : 0000DCB7;
    15413 : CCCC8C93;
    15414 : 00000517;
    15415 : 01150513;
    15416 : 00350367;
    15417 : 00012CB7;
    15418 : 3ABC8C93;
    15419 : 0190A223;
    15420 : 0080006F;
    15421 : 0200006F;
    15422 : 0000DC37;
    15423 : CCCC0C13;
    15424 : 00000497;
    15425 : FF248493;
    15426 : 002483E7;
    15427 : 00012C37;
    15428 : 3ABC0C13;
    15429 : 0180A423;
    15430 : 0000DBB7;
    15431 : CCCB8B93;
    15432 : 00000417;
    15433 : 01440413;
    15434 : 00040467;
    15435 : 00012BB7;
    15436 : 3ABB8B93;
    15437 : 0170A623;
    15438 : 0000DB37;
    15439 : CCCB0B13;
    15440 : 00000397;
    15441 : 01338393;
    15442 : 001384E7;
    15443 : 00012B37;
    15444 : 3ABB0B13;
    15445 : 0160A823;
    15446 : 47800093;
    15447 : 0000DAB7;
    15448 : CCCA8A93;
    15449 : 00000317;
    15450 : 01330313;
    15451 : 00130567;
    15452 : 00012AB7;
    15453 : 3ABA8A93;
    15454 : 0150A023;
    15455 : 0000DA37;
    15456 : CCCA0A13;
    15457 : 00000297;
    15458 : 01028293;
    15459 : 004285E7;
    15460 : 00012A37;
    15461 : 3ABA0A13;
    15462 : 0140A223;
    15463 : 0080006F;
    15464 : 0200006F;
    15465 : 0000D9B7;
    15466 : CCC98993;
    15467 : 00000217;
    15468 : FF220213;
    15469 : 00220667;
    15470 : 000129B7;
    15471 : 3AB98993;
    15472 : 0130A423;
    15473 : 0000D937;
    15474 : CCC90913;
    15475 : 00000197;
    15476 : 01018193;
    15477 : 004186E7;
    15478 : 00012937;
    15479 : 3AB90913;
    15480 : 0120A623;
    15481 : 0000D8B7;
    15482 : CCC88893;
    15483 : 00000117;
    15484 : 01110113;
    15485 : 00310767;
    15486 : 000128B7;
    15487 : 3AB88893;
    15488 : 0110A823;
    15489 : 48C00113;
    15490 : 0000D837;
    15491 : CCC80813;
    15492 : 00000097;
    15493 : 01208093;
    15494 : 002087E7;
    15495 : 00012837;
    15496 : 3AB80813;
    15497 : 01012023;
    15498 : 0000D7B7;
    15499 : CCC78793;
    15500 : 00000097;
    15501 : 01408093;
    15502 : 00008867;
    15503 : 000127B7;
    15504 : 3AB78793;
    15505 : 00F12223;
    15506 : 0080006F;
    15507 : 0200006F;
    15508 : 0000D737;
    15509 : CCC70713;
    15510 : 00000F97;
    15511 : FF3F8F93;
    15512 : 001F88E7;
    15513 : 00012737;
    15514 : 3AB70713;
    15515 : 00E12423;
    15516 : 0000D6B7;
    15517 : CCC68693;
    15518 : 00000F17;
    15519 : 013F0F13;
    15520 : 001F0967;
    15521 : 000126B7;
    15522 : 3AB68693;
    15523 : 00D12623;
    15524 : 0000D637;
    15525 : CCC60613;
    15526 : 00000E97;
    15527 : 010E8E93;
    15528 : 004E89E7;
    15529 : 00012637;
    15530 : 3AB60613;
    15531 : 00C12823;
    15532 : 4A000093;
    15533 : 0000D5B7;
    15534 : CCC58593;
    15535 : 00000E17;
    15536 : 012E0E13;
    15537 : 002E0A67;
    15538 : 000125B7;
    15539 : 3AB58593;
    15540 : 00B0A023;
    15541 : 0000D537;
    15542 : CCC50513;
    15543 : 00000D97;
    15544 : 010D8D93;
    15545 : 004D8AE7;
    15546 : 00012537;
    15547 : 3AB50513;
    15548 : 00A0A223;
    15549 : 0080006F;
    15550 : 0200006F;
    15551 : 0000D4B7;
    15552 : CCC48493;
    15553 : 00000D17;
    15554 : FF1D0D13;
    15555 : 003D0B67;
    15556 : 000124B7;
    15557 : 3AB48493;
    15558 : 0090A423;
    15559 : 0000D437;
    15560 : CCC40413;
    15561 : 00000C97;
    15562 : 012C8C93;
    15563 : 002C8BE7;
    15564 : 00012437;
    15565 : 3AB40413;
    15566 : 0080A623;
    15567 : 0000D3B7;
    15568 : CCC38393;
    15569 : 00000C17;
    15570 : 014C0C13;
    15571 : 000C0C67;
    15572 : 000123B7;
    15573 : 3AB38393;
    15574 : 0070A823;
    15575 : 4B400093;
    15576 : 0000D337;
    15577 : CCC30313;
    15578 : 00000B97;
    15579 : 013B8B93;
    15580 : 001B8CE7;
    15581 : 00012337;
    15582 : 3AB30313;
    15583 : 0060A023;
    15584 : 0000D2B7;
    15585 : CCC28293;
    15586 : 00000B17;
    15587 : 013B0B13;
    15588 : 001B0D67;
    15589 : 000122B7;
    15590 : 3AB28293;
    15591 : 0050A223;
    15592 : 0080006F;
    15593 : 0200006F;
    15594 : 0000D237;
    15595 : CCC20213;
    15596 : 00000A97;
    15597 : FF0A8A93;
    15598 : 004A8DE7;
    15599 : 00012237;
    15600 : 3AB20213;
    15601 : 0040A423;
    15602 : 0000D1B7;
    15603 : CCC18193;
    15604 : 00000A17;
    15605 : 012A0A13;
    15606 : 002A0E67;
    15607 : 000121B7;
    15608 : 3AB18193;
    15609 : 0030A623;
    15610 : 0000D137;
    15611 : CCC10113;
    15612 : 00000997;
    15613 : 01098993;
    15614 : 00498EE7;
    15615 : 00012137;
    15616 : 3AB10113;
    15617 : 0020A823;
    15618 : 4C800113;
    15619 : 0000D0B7;
    15620 : CCC08093;
    15621 : 00000917;
    15622 : 01190913;
    15623 : 00390F67;
    15624 : 000120B7;
    15625 : 3AB08093;
    15626 : 00112023;
    15627 : 0000D037;
    15628 : CCC00013;
    15629 : 00000897;
    15630 : 01288893;
    15631 : 00288FE7;
    15632 : 00012037;
    15633 : 3AB00013;
    15634 : 00012223;
    15635 : 00000073;
    15636 : FFFFFFFF;
    15637 : FFFFFFFF;
    15638 : FFFFFFFF;
    15639 : FFFFFFFF;
    15640 : FFFFFFFF;
    15641 : FFFFFFFF;
    15642 : FFFFFFFF;
    15643 : FFFFFFFF;
    15644 : FFFFFFFF;
    15645 : FFFFFFFF;
    15646 : FFFFFFFF;
    15647 : FFFFFFFF;
    15648 : FFFFFFFF;
    15649 : FFFFFFFF;
    15650 : FFFFFFFF;
    15651 : FFFFFFFF;
    15652 : FFFFFFFF;
    15653 : FFFFFFFF;
    15654 : FFFFFFFF;
    15655 : FFFFFFFF;
    15656 : FFFFFFFF;
    15657 : FFFFFFFF;
    15658 : FFFFFFFF;
    15659 : FFFFFFFF;
    15660 : FFFFFFFF;
    15661 : FFFFFFFF;
    15662 : FFFFFFFF;
    15663 : FFFFFFFF;
    15664 : FFFFFFFF;
    15665 : FFFFFFFF;
    15666 : FFFFFFFF;
    15667 : FFFFFFFF;
    15668 : FFFFFFFF;
    15669 : FFFFFFFF;
    15670 : FFFFFFFF;
    15671 : 00000000;
    15672 : 00000000;
    15673 : 00000000;
    15674 : 00000000;
    15675 : 00000000;
    15676 : 00000000;
    15677 : 00000000;
    15678 : 00000000;
    15679 : 00000000;
    15680 : 00000000;
    15681 : 00000000;
    15682 : 00000000;
    15683 : 00000000;
    15684 : 00000000;
    15685 : 00000000;
    15686 : 00000000;
    15687 : 00000000;
    15688 : 00000000;
    15689 : 00000000;
    15690 : 00000000;
    15691 : 00000000;
    15692 : 00000000;
    15693 : 00000000;
    15694 : 00000000;
    15695 : 00000000;
    15696 : 00000000;
    15697 : 00000000;
    15698 : 00000000;
    15699 : 00000000;
    15700 : 00000000;
    15701 : 00000000;
    15702 : 00000000;
    15703 : 00000000;
    15704 : 00000000;
    15705 : 00000000;
    15706 : 00000000;
    15707 : 00000000;
    15708 : 00000000;
    15709 : 00000000;
    15710 : 00000000;
    15711 : 00000000;
    15712 : 00000000;
    15713 : 00000000;
    15714 : 00000000;
    15715 : 00000000;
    15716 : 00000000;
    15717 : 00000000;
    15718 : 00000000;
    15719 : 00000000;
    15720 : 00000000;
    15721 : 00000000;
    15722 : 00000000;
    15723 : 00000000;
    15724 : 00000000;
    15725 : 00000000;
    15726 : 00000000;
    15727 : 00000000;
    15728 : 00000000;
    15729 : 00000000;
    15730 : 00000000;
    15731 : 00000000;
    15732 : 00000000;
    15733 : 00000000;
    15734 : 00000000;
    15735 : 00000000;
    15736 : 00000000;
    15737 : 00000000;
    15738 : 00000000;
    15739 : 00000000;
    15740 : 00000000;
    15741 : 00000000;
    15742 : 00000000;
    15743 : 00000000;
    15744 : 00000000;
    15745 : 00000000;
    15746 : 00000000;
    15747 : 00000000;
    15748 : 00000000;
    15749 : 00000000;
    15750 : 00000000;
    15751 : 00000000;
    15752 : 00000000;
    15753 : 00000000;
    15754 : 00000000;
    15755 : 00000000;
    15756 : 00000000;
    15757 : 00000000;
    15758 : 00000000;
    15759 : 00000000;
    15760 : 00000000;
    15761 : 00000000;
    15762 : 00000000;
    15763 : 00000000;
    15764 : 00000000;
    15765 : 00000000;
    15766 : 00000000;
    15767 : 00000000;
    15768 : 00000000;
    15769 : 00000000;
    15770 : 00000000;
    15771 : 00000000;
    15772 : 00000000;
    15773 : 00000000;
    15774 : 00000000;
    15775 : 00000000;
    15776 : 00000000;
    15777 : 00000000;
    15778 : 00000000;
    15779 : 00000000;
    15780 : 00000000;
    15781 : 00000000;
    15782 : 00000000;
    15783 : 00000000;
    15784 : 00000000;
    15785 : 00000000;
    15786 : 00000000;
    15787 : 00000000;
    15788 : 00000000;
    15789 : 00000000;
    15790 : 00000000;
    15791 : 00000000;
    15792 : 00000000;
    15793 : 00000000;
    15794 : 00000000;
    15795 : 00000000;
    15796 : 00000000;
    15797 : 00000000;
    15798 : 00000000;
    15799 : 00000000;
    15800 : 00000000;
    15801 : 00000000;
    15802 : 00000000;
    15803 : 00000000;
    15804 : 00000000;
    15805 : 00000000;
    15806 : 00000000;
    15807 : 00000000;
    15808 : 00000000;
    15809 : 00000000;
    15810 : 00000000;
    15811 : 00000000;
    15812 : 00000000;
    15813 : 00000000;
    15814 : 00000000;
    15815 : 00000000;
    15816 : 00000000;
    15817 : 00000000;
    15818 : 00000000;
    15819 : 00000000;
    15820 : 00000000;
    15821 : 00000000;
    15822 : 00000000;
    15823 : 00000000;
    15824 : 00000000;
    15825 : 00000000;
    15826 : 00000000;
    15827 : 00000000;
    15828 : 00000000;
    15829 : 00000000;
    15830 : 00000000;
    15831 : 00000000;
    15832 : 00000000;
    15833 : 00000000;
    15834 : 00000000;
    15835 : 00000000;
    15836 : 00000000;
    15837 : 00000000;
    15838 : 00000000;
    15839 : 00000000;
    15840 : 00000000;
    15841 : 00000000;
    15842 : 00000000;
    15843 : 00000000;
    15844 : 00000000;
    15845 : 00000000;
    15846 : 00000000;
    15847 : 00000000;
    15848 : 00000000;
    15849 : 00000000;
    15850 : 00000000;
    15851 : 00000000;
    15852 : 00000000;
    15853 : 00000000;
    15854 : 00000000;
    15855 : 00000000;
    15856 : 00000000;
    15857 : 00000000;
    15858 : 00000000;
    15859 : 00000000;
    15860 : 00000000;
    15861 : 00000000;
    15862 : 00000000;
    15863 : 00000000;
    15864 : 00000000;
    15865 : 00000000;
    15866 : 00000000;
    15867 : 00000000;
    15868 : 00000000;
    15869 : 00000000;
    15870 : 00000000;
    15871 : 00000000;
    15872 : 00000000;
    15873 : 00000000;
    15874 : 00000000;
    15875 : 00000000;
    15876 : 00000000;
    15877 : 00000000;
    15878 : 00000000;
    15879 : 00000000;
    15880 : 00000000;
    15881 : 00000000;
    15882 : 00000000;
    15883 : 00000000;
    15884 : 00000000;
    15885 : 00000000;
    15886 : 00000000;
    15887 : 00000000;
    15888 : 00000000;
    15889 : 00000000;
    15890 : 00000000;
    15891 : 00000000;
    15892 : 00000000;
    15893 : 00000000;
    15894 : 00000000;
    15895 : 00000000;
    15896 : 00000000;
    15897 : 00000000;
    15898 : 00000000;
    15899 : 00000000;
    15900 : 00000000;
    15901 : 00000000;
    15902 : 00000000;
    15903 : 00000000;
    15904 : 00000000;
    15905 : 00000000;
    15906 : 00000000;
    15907 : 00000000;
    15908 : 00000000;
    15909 : 00000000;
    15910 : 00000000;
    15911 : 00000000;
    15912 : 00000000;
    15913 : 00000000;
    15914 : 00000000;
    15915 : 00000000;
    15916 : 00000000;
    15917 : 00000000;
    15918 : 00000000;
    15919 : 00000000;
    15920 : 00000000;
    15921 : 00000000;
    15922 : 00000000;
    15923 : 00000000;
    15924 : 00000000;
    15925 : 00000000;
    15926 : 00000000;
    15927 : 00000000;
    15928 : 00000000;
    15929 : 00000000;
    15930 : 00000000;
    15931 : 00000000;
    15932 : 00000000;
    15933 : 00000000;
    15934 : 00000000;
    15935 : 00000000;
    15936 : 00000000;
    15937 : 00000000;
    15938 : 00000000;
    15939 : 00000000;
    15940 : 00000000;
    15941 : 00000000;
    15942 : 00000000;
    15943 : 00000000;
    15944 : 00000000;
    15945 : 00000000;
    15946 : 00000000;
    15947 : 00000000;
    15948 : 00000000;
    15949 : 00000000;
    15950 : 00000000;
    15951 : 00000000;
    15952 : 00000000;
    15953 : 00000000;
    15954 : 00000000;
    15955 : 00000000;
    15956 : 00000000;
    15957 : 00000000;
    15958 : 00000000;
    15959 : 00000000;
    15960 : 00000000;
    15961 : 00000000;
    15962 : 00000000;
    15963 : 00000000;
    15964 : 00000000;
    15965 : 00000000;
    15966 : 00000000;
    15967 : 00000000;
    15968 : 00000000;
    15969 : 00000000;
    15970 : 00000000;
    15971 : 00000000;
    15972 : 00000000;
    15973 : 00000000;
    15974 : 00000000;
    15975 : 00000000;
    15976 : 00000000;
    15977 : 00000000;
    15978 : 00000000;
    15979 : 00000000;
    15980 : 00000000;
    15981 : 00000000;
    15982 : 00000000;
    15983 : 00000000;
    15984 : 00000000;
    15985 : 00000000;
    15986 : 00000000;
    15987 : 00000000;
    15988 : 00000000;
    15989 : 00000000;
    15990 : 00000000;
    15991 : 00000000;
    15992 : 00000000;
    15993 : 00000000;
    15994 : 00000000;
    15995 : 00000000;
    15996 : 00000000;
    15997 : 00000000;
    15998 : 00000000;
    15999 : 00000000;
    16000 : 00000000;
    16001 : 00000000;
    16002 : 00000000;
    16003 : 00000000;
    16004 : 00000000;
    16005 : 00000000;
    16006 : 00000000;
    16007 : 00000000;
    16008 : 00000000;
    16009 : 00000000;
    16010 : 00000000;
    16011 : 00000000;
    16012 : 00000000;
    16013 : 00000000;
    16014 : 00000000;
    16015 : 00000000;
    16016 : 00000000;
    16017 : 00000000;
    16018 : 00000000;
    16019 : 00000000;
    16020 : 00000000;
    16021 : 00000000;
    16022 : 00000000;
    16023 : 00000000;
    16024 : 00000000;
    16025 : 00000000;
    16026 : 00000000;
    16027 : 00000000;
    16028 : 00000000;
    16029 : 00000000;
    16030 : 00000000;
    16031 : 00000000;
    16032 : 00000000;
    16033 : 00000000;
    16034 : 00000000;
    16035 : 00000000;
    16036 : 00000000;
    16037 : 00000000;
    16038 : 00000000;
    16039 : 00000000;
    16040 : 00000000;
    16041 : 00000000;
    16042 : 00000000;
    16043 : 00000000;
    16044 : 00000000;
    16045 : 00000000;
    16046 : 00000000;
    16047 : 00000000;
    16048 : 00000000;
    16049 : 00000000;
    16050 : 00000000;
    16051 : 00000000;
    16052 : 00000000;
    16053 : 00000000;
    16054 : 00000000;
    16055 : 00000000;
    16056 : 00000000;
    16057 : 00000000;
    16058 : 00000000;
    16059 : 00000000;
    16060 : 00000000;
    16061 : 00000000;
    16062 : 00000000;
    16063 : 00000000;
    16064 : 00000000;
    16065 : 00000000;
    16066 : 00000000;
    16067 : 00000000;
    16068 : 00000000;
    16069 : 00000000;
    16070 : 00000000;
    16071 : 00000000;
    16072 : 00000000;
    16073 : 00000000;
    16074 : 00000000;
    16075 : 00000000;
    16076 : 00000000;
    16077 : 00000000;
    16078 : 00000000;
    16079 : 00000000;
    16080 : 00000000;
    16081 : 00000000;
    16082 : 00000000;
    16083 : 00000000;
    16084 : 00000000;
    16085 : 00000000;
    16086 : 00000000;
    16087 : 00000000;
    16088 : 00000000;
    16089 : 00000000;
    16090 : 00000000;
    16091 : 00000000;
    16092 : 00000000;
    16093 : 00000000;
    16094 : 00000000;
    16095 : 00000000;
    16096 : 00000000;
    16097 : 00000000;
    16098 : 00000000;
    16099 : 00000000;
    16100 : 00000000;
    16101 : 00000000;
    16102 : 00000000;
    16103 : 00000000;
    16104 : 00000000;
    16105 : 00000000;
    16106 : 00000000;
    16107 : 00000000;
    16108 : 00000000;
    16109 : 00000000;
    16110 : 00000000;
    16111 : 00000000;
    16112 : 00000000;
    16113 : 00000000;
    16114 : 00000000;
    16115 : 00000000;
    16116 : 00000000;
    16117 : 00000000;
    16118 : 00000000;
    16119 : 00000000;
    16120 : 00000000;
    16121 : 00000000;
    16122 : 00000000;
    16123 : 00000000;
    16124 : 00000000;
    16125 : 00000000;
    16126 : 00000000;
    16127 : 00000000;
    16128 : 00000000;
    16129 : 00000000;
    16130 : 00000000;
    16131 : 00000000;
    16132 : 00000000;
    16133 : 00000000;
    16134 : 00000000;
    16135 : 00000000;
    16136 : 00000000;
    16137 : 00000000;
    16138 : 00000000;
    16139 : 00000000;
    16140 : 00000000;
    16141 : 00000000;
    16142 : 00000000;
    16143 : 00000000;
    16144 : 00000000;
    16145 : 00000000;
    16146 : 00000000;
    16147 : 00000000;
    16148 : 00000000;
    16149 : 00000000;
    16150 : 00000000;
    16151 : 00000000;
    16152 : 00000000;
    16153 : 00000000;
    16154 : 00000000;
    16155 : 00000000;
    16156 : 00000000;
    16157 : 00000000;
    16158 : 00000000;
    16159 : 00000000;
    16160 : 00000000;
    16161 : 00000000;
    16162 : 00000000;
    16163 : 00000000;
    16164 : 00000000;
    16165 : 00000000;
    16166 : 00000000;
    16167 : 00000000;
    16168 : 00000000;
    16169 : 00000000;
    16170 : 00000000;
    16171 : 00000000;
    16172 : 00000000;
    16173 : 00000000;
    16174 : 00000000;
    16175 : 00000000;
    16176 : 00000000;
    16177 : 00000000;
    16178 : 00000000;
    16179 : 00000000;
    16180 : 00000000;
    16181 : 00000000;
    16182 : 00000000;
    16183 : 00000000;
    16184 : 00000000;
    16185 : 00000000;
    16186 : 00000000;
    16187 : 00000000;
    16188 : 00000000;
    16189 : 00000000;
    16190 : 00000000;
    16191 : 00000000;
    16192 : 00000000;
    16193 : 00000000;
    16194 : 00000000;
    16195 : 00000000;
    16196 : 00000000;
    16197 : 00000000;
    16198 : 00000000;
    16199 : 00000000;
    16200 : 00000000;
    16201 : 00000000;
    16202 : 00000000;
    16203 : 00000000;
    16204 : 00000000;
    16205 : 00000000;
    16206 : 00000000;
    16207 : 00000000;
    16208 : 00000000;
    16209 : 00000000;
    16210 : 00000000;
    16211 : 00000000;
    16212 : 00000000;
    16213 : 00000000;
    16214 : 00000000;
    16215 : 00000000;
    16216 : 00000000;
    16217 : 00000000;
    16218 : 00000000;
    16219 : 00000000;
    16220 : 00000000;
    16221 : 00000000;
    16222 : 00000000;
    16223 : 00000000;
    16224 : 00000000;
    16225 : 00000000;
    16226 : 00000000;
    16227 : 00000000;
    16228 : 00000000;
    16229 : 00000000;
    16230 : 00000000;
    16231 : 00000000;
    16232 : 00000000;
    16233 : 00000000;
    16234 : 00000000;
    16235 : 00000000;
    16236 : 00000000;
    16237 : 00000000;
    16238 : 00000000;
    16239 : 00000000;
    16240 : 00000000;
    16241 : 00000000;
    16242 : 00000000;
    16243 : 00000000;
    16244 : 00000000;
    16245 : 00000000;
    16246 : 00000000;
    16247 : 00000000;
    16248 : 00000000;
    16249 : 00000000;
    16250 : 00000000;
    16251 : 00000000;
    16252 : 00000000;
    16253 : 00000000;
    16254 : 00000000;
    16255 : 00000000;
    16256 : 00000000;
    16257 : 00000000;
    16258 : 00000000;
    16259 : 00000000;
    16260 : 00000000;
    16261 : 00000000;
    16262 : 00000000;
    16263 : 00000000;
    16264 : 00000000;
    16265 : 00000000;
    16266 : 00000000;
    16267 : 00000000;
    16268 : 00000000;
    16269 : 00000000;
    16270 : 00000000;
    16271 : 00000000;
    16272 : 00000000;
    16273 : 00000000;
    16274 : 00000000;
    16275 : 00000000;
    16276 : 00000000;
    16277 : 00000000;
    16278 : 00000000;
    16279 : 00000000;
    16280 : 00000000;
    16281 : 00000000;
    16282 : 00000000;
    16283 : 00000000;
    16284 : 00000000;
    16285 : 00000000;
    16286 : 00000000;
    16287 : 00000000;
    16288 : 00000000;
    16289 : 00000000;
    16290 : 00000000;
    16291 : 00000000;
    16292 : 00000000;
    16293 : 00000000;
    16294 : 00000000;
    16295 : 00000000;
    16296 : 00000000;
    16297 : 00000000;
    16298 : 00000000;
    16299 : 00000000;
    16300 : 00000000;
    16301 : 00000000;
    16302 : 00000000;
    16303 : 00000000;
    16304 : 00000000;
    16305 : 00000000;
    16306 : 00000000;
    16307 : 00000000;
    16308 : 00000000;
    16309 : 00000000;
    16310 : 00000000;
    16311 : 00000000;
    16312 : 00000000;
    16313 : 00000000;
    16314 : 00000000;
    16315 : 00000000;
    16316 : 00000000;
    16317 : 00000000;
    16318 : 00000000;
    16319 : 00000000;
    16320 : 00000000;
    16321 : 00000000;
    16322 : 00000000;
    16323 : 00000000;
    16324 : 00000000;
    16325 : 00000000;
    16326 : 00000000;
    16327 : 00000000;
    16328 : 00000000;
    16329 : 00000000;
    16330 : 00000000;
    16331 : 00000000;
    16332 : 00000000;
    16333 : 00000000;
    16334 : 00000000;
    16335 : 00000000;
    16336 : 00000000;
    16337 : 00000000;
    16338 : 00000000;
    16339 : 00000000;
    16340 : 00000000;
    16341 : 00000000;
    16342 : 00000000;
    16343 : 00000000;
    16344 : 00000000;
    16345 : 00000000;
    16346 : 00000000;
    16347 : 00000000;
    16348 : 00000000;
    16349 : 00000000;
    16350 : 00000000;
    16351 : 00000000;
    16352 : 00000000;
    16353 : 00000000;
    16354 : 00000000;
    16355 : 00000000;
    16356 : 00000000;
    16357 : 00000000;
    16358 : 00000000;
    16359 : 00000000;
    16360 : 00000000;
    16361 : 00000000;
    16362 : 00000000;
    16363 : 00000000;
    16364 : 00000000;
    16365 : 00000000;
    16366 : 00000000;
    16367 : 00000000;
    16368 : 00000000;
    16369 : 00000000;
    16370 : 00000000;
    16371 : 00000000;
    16372 : 00000000;
    16373 : 00000000;
    16374 : 00000000;
    16375 : 00000000;
    16376 : 00000000;
    16377 : 00000000;
    16378 : 00000000;
    16379 : 00000000;
    16380 : 53494730;
    16381 : 00000114;
    16382 : 00000138;
    16383 : 00000024;
    16384 : 1D000293;
    16385 : 1B800F93;
    16386 : 000F8003;
    16387 : 0002A023;
    16388 : 1B800F13;
    16389 : FFEF0083;
    16390 : 0012A223;
    16391 : 1B800E93;
    16392 : 003E8103;
    16393 : 0022A423;
    16394 : 1B800E13;
    16395 : FFCE0183;
    16396 : 0032A623;
    16397 : 1B800D93;
    16398 : 002D8203;
    16399 : 0042A823;
    16400 : 1E400093;
    16401 : 1B800D13;
    16402 : 004D0283;
    16403 : 0050A023;
    16404 : 1B800C93;
    16405 : FFFC8303;
    16406 : 0060A223;
    16407 : 1B800C13;
    16408 : 001C0383;
    16409 : 0070A423;
    16410 : 1B800B93;
    16411 : 000B8403;
    16412 : 0080A623;
    16413 : 1B800B13;
    16414 : FFEB0483;
    16415 : 0090A823;
    16416 : 1F800093;
    16417 : 1B800A93;
    16418 : 003A8503;
    16419 : 00A0A023;
    16420 : 1B800A13;
    16421 : FFCA0583;
    16422 : 00B0A223;
    16423 : 1B800993;
    16424 : 00298603;
    16425 : 00C0A423;
    16426 : 1B800913;
    16427 : 00490683;
    16428 : 00D0A623;
    16429 : 1B800893;
    16430 : FFF88703;
    16431 : 00E0A823;
    16432 : 20C00113;
    16433 : 1B800813;
    16434 : 00180783;
    16435 : 00F12023;
    16436 : 1B800793;
    16437 : 00078803;
    16438 : 01012223;
    16439 : 1B800713;
    16440 : FFE70883;
    16441 : 01112423;
    16442 : 1B800693;
    16443 : 00368903;
    16444 : 01212623;
    16445 : 1B800613;
    16446 : FFC60983;
    16447 : 01312823;
    16448 : 22000093;
    16449 : 1B800593;
    16450 : 00258A03;
    16451 : 0140A023;
    16452 : 1B800513;
    16453 : 00450A83;
    16454 : 0150A223;
    16455 : 1B800493;
    16456 : FFF48B03;
    16457 : 0160A423;
    16458 : 1B800413;
    16459 : 00140B83;
    16460 : 0170A623;
    16461 : 1B800393;
    16462 : 00038C03;
    16463 : 0180A823;
    16464 : 23400093;
    16465 : 1B800313;
    16466 : FFE30C83;
    16467 : 0190A023;
    16468 : 1B800293;
    16469 : 00328D03;
    16470 : 01A0A223;
    16471 : 1B800213;
    16472 : FFC20D83;
    16473 : 01B0A423;
    16474 : 1B800193;
    16475 : 00218E03;
    16476 : 01C0A623;
    16477 : 1B800113;
    16478 : 00410E83;
    16479 : 01D0A823;
    16480 : 24800113;
    16481 : 1B800093;
    16482 : FFF08F03;
    16483 : 01E12023;
    16484 : 1B800093;
    16485 : 00108F83;
    16486 : 01F12223;
    16487 : 00000073;
    16488 : 11F1F222;
    16489 : F33344F4;
    16490 : 55F5F666;
    16491 : F77788F8;
    16492 : 99090AAA;
    16493 : 0BBBCC0C;
    16494 : DD0D0EEE;
    16495 : 0FFF00F0;
    16496 : 12345678;
    16497 : 9ABCDEF0;
    16498 : 76543210;
    16499 : FEDCBA98;
    16500 : FFFFFFFF;
    16501 : FFFFFFFF;
    16502 : FFFFFFFF;
    16503 : FFFFFFFF;
    16504 : FFFFFFFF;
    16505 : FFFFFFFF;
    16506 : FFFFFFFF;
    16507 : FFFFFFFF;
    16508 : FFFFFFFF;
    16509 : FFFFFFFF;
    16510 : FFFFFFFF;
    16511 : FFFFFFFF;
    16512 : FFFFFFFF;
    16513 : FFFFFFFF;
    16514 : FFFFFFFF;
    16515 : FFFFFFFF;
    16516 : FFFFFFFF;
    16517 : FFFFFFFF;
    16518 : FFFFFFFF;
    16519 : FFFFFFFF;
    16520 : FFFFFFFF;
    16521 : FFFFFFFF;
    16522 : FFFFFFFF;
    16523 : FFFFFFFF;
    16524 : FFFFFFFF;
    16525 : FFFFFFFF;
    16526 : FFFFFFFF;
    16527 : FFFFFFFF;
    16528 : FFFFFFFF;
    16529 : FFFFFFFF;
    16530 : FFFFFFFF;
    16531 : FFFFFFFF;
    16532 : FFFFFFFF;
    16533 : FFFFFFFF;
    16534 : FFFFFFFF;
    16535 : 00000000;
    16536 : 00000000;
    16537 : 00000000;
    16538 : 00000000;
    16539 : 00000000;
    16540 : 00000000;
    16541 : 00000000;
    16542 : 00000000;
    16543 : 00000000;
    16544 : 00000000;
    16545 : 00000000;
    16546 : 00000000;
    16547 : 00000000;
    16548 : 00000000;
    16549 : 00000000;
    16550 : 00000000;
    16551 : 00000000;
    16552 : 00000000;
    16553 : 00000000;
    16554 : 00000000;
    16555 : 00000000;
    16556 : 00000000;
    16557 : 00000000;
    16558 : 00000000;
    16559 : 00000000;
    16560 : 00000000;
    16561 : 00000000;
    16562 : 00000000;
    16563 : 00000000;
    16564 : 00000000;
    16565 : 00000000;
    16566 : 00000000;
    16567 : 00000000;
    16568 : 00000000;
    16569 : 00000000;
    16570 : 00000000;
    16571 : 00000000;
    16572 : 00000000;
    16573 : 00000000;
    16574 : 00000000;
    16575 : 00000000;
    16576 : 00000000;
    16577 : 00000000;
    16578 : 00000000;
    16579 : 00000000;
    16580 : 00000000;
    16581 : 00000000;
    16582 : 00000000;
    16583 : 00000000;
    16584 : 00000000;
    16585 : 00000000;
    16586 : 00000000;
    16587 : 00000000;
    16588 : 00000000;
    16589 : 00000000;
    16590 : 00000000;
    16591 : 00000000;
    16592 : 00000000;
    16593 : 00000000;
    16594 : 00000000;
    16595 : 00000000;
    16596 : 00000000;
    16597 : 00000000;
    16598 : 00000000;
    16599 : 00000000;
    16600 : 00000000;
    16601 : 00000000;
    16602 : 00000000;
    16603 : 00000000;
    16604 : 00000000;
    16605 : 00000000;
    16606 : 00000000;
    16607 : 00000000;
    16608 : 00000000;
    16609 : 00000000;
    16610 : 00000000;
    16611 : 00000000;
    16612 : 00000000;
    16613 : 00000000;
    16614 : 00000000;
    16615 : 00000000;
    16616 : 00000000;
    16617 : 00000000;
    16618 : 00000000;
    16619 : 00000000;
    16620 : 00000000;
    16621 : 00000000;
    16622 : 00000000;
    16623 : 00000000;
    16624 : 00000000;
    16625 : 00000000;
    16626 : 00000000;
    16627 : 00000000;
    16628 : 00000000;
    16629 : 00000000;
    16630 : 00000000;
    16631 : 00000000;
    16632 : 00000000;
    16633 : 00000000;
    16634 : 00000000;
    16635 : 00000000;
    16636 : 00000000;
    16637 : 00000000;
    16638 : 00000000;
    16639 : 00000000;
    16640 : 00000000;
    16641 : 00000000;
    16642 : 00000000;
    16643 : 00000000;
    16644 : 00000000;
    16645 : 00000000;
    16646 : 00000000;
    16647 : 00000000;
    16648 : 00000000;
    16649 : 00000000;
    16650 : 00000000;
    16651 : 00000000;
    16652 : 00000000;
    16653 : 00000000;
    16654 : 00000000;
    16655 : 00000000;
    16656 : 00000000;
    16657 : 00000000;
    16658 : 00000000;
    16659 : 00000000;
    16660 : 00000000;
    16661 : 00000000;
    16662 : 00000000;
    16663 : 00000000;
    16664 : 00000000;
    16665 : 00000000;
    16666 : 00000000;
    16667 : 00000000;
    16668 : 00000000;
    16669 : 00000000;
    16670 : 00000000;
    16671 : 00000000;
    16672 : 00000000;
    16673 : 00000000;
    16674 : 00000000;
    16675 : 00000000;
    16676 : 00000000;
    16677 : 00000000;
    16678 : 00000000;
    16679 : 00000000;
    16680 : 00000000;
    16681 : 00000000;
    16682 : 00000000;
    16683 : 00000000;
    16684 : 00000000;
    16685 : 00000000;
    16686 : 00000000;
    16687 : 00000000;
    16688 : 00000000;
    16689 : 00000000;
    16690 : 00000000;
    16691 : 00000000;
    16692 : 00000000;
    16693 : 00000000;
    16694 : 00000000;
    16695 : 00000000;
    16696 : 00000000;
    16697 : 00000000;
    16698 : 00000000;
    16699 : 00000000;
    16700 : 00000000;
    16701 : 00000000;
    16702 : 00000000;
    16703 : 00000000;
    16704 : 00000000;
    16705 : 00000000;
    16706 : 00000000;
    16707 : 00000000;
    16708 : 00000000;
    16709 : 00000000;
    16710 : 00000000;
    16711 : 00000000;
    16712 : 00000000;
    16713 : 00000000;
    16714 : 00000000;
    16715 : 00000000;
    16716 : 00000000;
    16717 : 00000000;
    16718 : 00000000;
    16719 : 00000000;
    16720 : 00000000;
    16721 : 00000000;
    16722 : 00000000;
    16723 : 00000000;
    16724 : 00000000;
    16725 : 00000000;
    16726 : 00000000;
    16727 : 00000000;
    16728 : 00000000;
    16729 : 00000000;
    16730 : 00000000;
    16731 : 00000000;
    16732 : 00000000;
    16733 : 00000000;
    16734 : 00000000;
    16735 : 00000000;
    16736 : 00000000;
    16737 : 00000000;
    16738 : 00000000;
    16739 : 00000000;
    16740 : 00000000;
    16741 : 00000000;
    16742 : 00000000;
    16743 : 00000000;
    16744 : 00000000;
    16745 : 00000000;
    16746 : 00000000;
    16747 : 00000000;
    16748 : 00000000;
    16749 : 00000000;
    16750 : 00000000;
    16751 : 00000000;
    16752 : 00000000;
    16753 : 00000000;
    16754 : 00000000;
    16755 : 00000000;
    16756 : 00000000;
    16757 : 00000000;
    16758 : 00000000;
    16759 : 00000000;
    16760 : 00000000;
    16761 : 00000000;
    16762 : 00000000;
    16763 : 00000000;
    16764 : 00000000;
    16765 : 00000000;
    16766 : 00000000;
    16767 : 00000000;
    16768 : 00000000;
    16769 : 00000000;
    16770 : 00000000;
    16771 : 00000000;
    16772 : 00000000;
    16773 : 00000000;
    16774 : 00000000;
    16775 : 00000000;
    16776 : 00000000;
    16777 : 00000000;
    16778 : 00000000;
    16779 : 00000000;
    16780 : 00000000;
    16781 : 00000000;
    16782 : 00000000;
    16783 : 00000000;
    16784 : 00000000;
    16785 : 00000000;
    16786 : 00000000;
    16787 : 00000000;
    16788 : 00000000;
    16789 : 00000000;
    16790 : 00000000;
    16791 : 00000000;
    16792 : 00000000;
    16793 : 00000000;
    16794 : 00000000;
    16795 : 00000000;
    16796 : 00000000;
    16797 : 00000000;
    16798 : 00000000;
    16799 : 00000000;
    16800 : 00000000;
    16801 : 00000000;
    16802 : 00000000;
    16803 : 00000000;
    16804 : 00000000;
    16805 : 00000000;
    16806 : 00000000;
    16807 : 00000000;
    16808 : 00000000;
    16809 : 00000000;
    16810 : 00000000;
    16811 : 00000000;
    16812 : 00000000;
    16813 : 00000000;
    16814 : 00000000;
    16815 : 00000000;
    16816 : 00000000;
    16817 : 00000000;
    16818 : 00000000;
    16819 : 00000000;
    16820 : 00000000;
    16821 : 00000000;
    16822 : 00000000;
    16823 : 00000000;
    16824 : 00000000;
    16825 : 00000000;
    16826 : 00000000;
    16827 : 00000000;
    16828 : 00000000;
    16829 : 00000000;
    16830 : 00000000;
    16831 : 00000000;
    16832 : 00000000;
    16833 : 00000000;
    16834 : 00000000;
    16835 : 00000000;
    16836 : 00000000;
    16837 : 00000000;
    16838 : 00000000;
    16839 : 00000000;
    16840 : 00000000;
    16841 : 00000000;
    16842 : 00000000;
    16843 : 00000000;
    16844 : 00000000;
    16845 : 00000000;
    16846 : 00000000;
    16847 : 00000000;
    16848 : 00000000;
    16849 : 00000000;
    16850 : 00000000;
    16851 : 00000000;
    16852 : 00000000;
    16853 : 00000000;
    16854 : 00000000;
    16855 : 00000000;
    16856 : 00000000;
    16857 : 00000000;
    16858 : 00000000;
    16859 : 00000000;
    16860 : 00000000;
    16861 : 00000000;
    16862 : 00000000;
    16863 : 00000000;
    16864 : 00000000;
    16865 : 00000000;
    16866 : 00000000;
    16867 : 00000000;
    16868 : 00000000;
    16869 : 00000000;
    16870 : 00000000;
    16871 : 00000000;
    16872 : 00000000;
    16873 : 00000000;
    16874 : 00000000;
    16875 : 00000000;
    16876 : 00000000;
    16877 : 00000000;
    16878 : 00000000;
    16879 : 00000000;
    16880 : 00000000;
    16881 : 00000000;
    16882 : 00000000;
    16883 : 00000000;
    16884 : 00000000;
    16885 : 00000000;
    16886 : 00000000;
    16887 : 00000000;
    16888 : 00000000;
    16889 : 00000000;
    16890 : 00000000;
    16891 : 00000000;
    16892 : 00000000;
    16893 : 00000000;
    16894 : 00000000;
    16895 : 00000000;
    16896 : 00000000;
    16897 : 00000000;
    16898 : 00000000;
    16899 : 00000000;
    16900 : 00000000;
    16901 : 00000000;
    16902 : 00000000;
    16903 : 00000000;
    16904 : 00000000;
    16905 : 00000000;
    16906 : 00000000;
    16907 : 00000000;
    16908 : 00000000;
    16909 : 00000000;
    16910 : 00000000;
    16911 : 00000000;
    16912 : 00000000;
    16913 : 00000000;
    16914 : 00000000;
    16915 : 00000000;
    16916 : 00000000;
    16917 : 00000000;
    16918 : 00000000;
    16919 : 00000000;
    16920 : 00000000;
    16921 : 00000000;
    16922 : 00000000;
    16923 : 00000000;
    16924 : 00000000;
    16925 : 00000000;
    16926 : 00000000;
    16927 : 00000000;
    16928 : 00000000;
    16929 : 00000000;
    16930 : 00000000;
    16931 : 00000000;
    16932 : 00000000;
    16933 : 00000000;
    16934 : 00000000;
    16935 : 00000000;
    16936 : 00000000;
    16937 : 00000000;
    16938 : 00000000;
    16939 : 00000000;
    16940 : 00000000;
    16941 : 00000000;
    16942 : 00000000;
    16943 : 00000000;
    16944 : 00000000;
    16945 : 00000000;
    16946 : 00000000;
    16947 : 00000000;
    16948 : 00000000;
    16949 : 00000000;
    16950 : 00000000;
    16951 : 00000000;
    16952 : 00000000;
    16953 : 00000000;
    16954 : 00000000;
    16955 : 00000000;
    16956 : 00000000;
    16957 : 00000000;
    16958 : 00000000;
    16959 : 00000000;
    16960 : 00000000;
    16961 : 00000000;
    16962 : 00000000;
    16963 : 00000000;
    16964 : 00000000;
    16965 : 00000000;
    16966 : 00000000;
    16967 : 00000000;
    16968 : 00000000;
    16969 : 00000000;
    16970 : 00000000;
    16971 : 00000000;
    16972 : 00000000;
    16973 : 00000000;
    16974 : 00000000;
    16975 : 00000000;
    16976 : 00000000;
    16977 : 00000000;
    16978 : 00000000;
    16979 : 00000000;
    16980 : 00000000;
    16981 : 00000000;
    16982 : 00000000;
    16983 : 00000000;
    16984 : 00000000;
    16985 : 00000000;
    16986 : 00000000;
    16987 : 00000000;
    16988 : 00000000;
    16989 : 00000000;
    16990 : 00000000;
    16991 : 00000000;
    16992 : 00000000;
    16993 : 00000000;
    16994 : 00000000;
    16995 : 00000000;
    16996 : 00000000;
    16997 : 00000000;
    16998 : 00000000;
    16999 : 00000000;
    17000 : 00000000;
    17001 : 00000000;
    17002 : 00000000;
    17003 : 00000000;
    17004 : 00000000;
    17005 : 00000000;
    17006 : 00000000;
    17007 : 00000000;
    17008 : 00000000;
    17009 : 00000000;
    17010 : 00000000;
    17011 : 00000000;
    17012 : 00000000;
    17013 : 00000000;
    17014 : 00000000;
    17015 : 00000000;
    17016 : 00000000;
    17017 : 00000000;
    17018 : 00000000;
    17019 : 00000000;
    17020 : 00000000;
    17021 : 00000000;
    17022 : 00000000;
    17023 : 00000000;
    17024 : 00000000;
    17025 : 00000000;
    17026 : 00000000;
    17027 : 00000000;
    17028 : 00000000;
    17029 : 00000000;
    17030 : 00000000;
    17031 : 00000000;
    17032 : 00000000;
    17033 : 00000000;
    17034 : 00000000;
    17035 : 00000000;
    17036 : 00000000;
    17037 : 00000000;
    17038 : 00000000;
    17039 : 00000000;
    17040 : 00000000;
    17041 : 00000000;
    17042 : 00000000;
    17043 : 00000000;
    17044 : 00000000;
    17045 : 00000000;
    17046 : 00000000;
    17047 : 00000000;
    17048 : 00000000;
    17049 : 00000000;
    17050 : 00000000;
    17051 : 00000000;
    17052 : 00000000;
    17053 : 00000000;
    17054 : 00000000;
    17055 : 00000000;
    17056 : 00000000;
    17057 : 00000000;
    17058 : 00000000;
    17059 : 00000000;
    17060 : 00000000;
    17061 : 00000000;
    17062 : 00000000;
    17063 : 00000000;
    17064 : 00000000;
    17065 : 00000000;
    17066 : 00000000;
    17067 : 00000000;
    17068 : 00000000;
    17069 : 00000000;
    17070 : 00000000;
    17071 : 00000000;
    17072 : 00000000;
    17073 : 00000000;
    17074 : 00000000;
    17075 : 00000000;
    17076 : 00000000;
    17077 : 00000000;
    17078 : 00000000;
    17079 : 00000000;
    17080 : 00000000;
    17081 : 00000000;
    17082 : 00000000;
    17083 : 00000000;
    17084 : 00000000;
    17085 : 00000000;
    17086 : 00000000;
    17087 : 00000000;
    17088 : 00000000;
    17089 : 00000000;
    17090 : 00000000;
    17091 : 00000000;
    17092 : 00000000;
    17093 : 00000000;
    17094 : 00000000;
    17095 : 00000000;
    17096 : 00000000;
    17097 : 00000000;
    17098 : 00000000;
    17099 : 00000000;
    17100 : 00000000;
    17101 : 00000000;
    17102 : 00000000;
    17103 : 00000000;
    17104 : 00000000;
    17105 : 00000000;
    17106 : 00000000;
    17107 : 00000000;
    17108 : 00000000;
    17109 : 00000000;
    17110 : 00000000;
    17111 : 00000000;
    17112 : 00000000;
    17113 : 00000000;
    17114 : 00000000;
    17115 : 00000000;
    17116 : 00000000;
    17117 : 00000000;
    17118 : 00000000;
    17119 : 00000000;
    17120 : 00000000;
    17121 : 00000000;
    17122 : 00000000;
    17123 : 00000000;
    17124 : 00000000;
    17125 : 00000000;
    17126 : 00000000;
    17127 : 00000000;
    17128 : 00000000;
    17129 : 00000000;
    17130 : 00000000;
    17131 : 00000000;
    17132 : 00000000;
    17133 : 00000000;
    17134 : 00000000;
    17135 : 00000000;
    17136 : 00000000;
    17137 : 00000000;
    17138 : 00000000;
    17139 : 00000000;
    17140 : 00000000;
    17141 : 00000000;
    17142 : 00000000;
    17143 : 00000000;
    17144 : 00000000;
    17145 : 00000000;
    17146 : 00000000;
    17147 : 00000000;
    17148 : 00000000;
    17149 : 00000000;
    17150 : 00000000;
    17151 : 00000000;
    17152 : 00000000;
    17153 : 00000000;
    17154 : 00000000;
    17155 : 00000000;
    17156 : 00000000;
    17157 : 00000000;
    17158 : 00000000;
    17159 : 00000000;
    17160 : 00000000;
    17161 : 00000000;
    17162 : 00000000;
    17163 : 00000000;
    17164 : 00000000;
    17165 : 00000000;
    17166 : 00000000;
    17167 : 00000000;
    17168 : 00000000;
    17169 : 00000000;
    17170 : 00000000;
    17171 : 00000000;
    17172 : 00000000;
    17173 : 00000000;
    17174 : 00000000;
    17175 : 00000000;
    17176 : 00000000;
    17177 : 00000000;
    17178 : 00000000;
    17179 : 00000000;
    17180 : 00000000;
    17181 : 00000000;
    17182 : 00000000;
    17183 : 00000000;
    17184 : 00000000;
    17185 : 00000000;
    17186 : 00000000;
    17187 : 00000000;
    17188 : 00000000;
    17189 : 00000000;
    17190 : 00000000;
    17191 : 00000000;
    17192 : 00000000;
    17193 : 00000000;
    17194 : 00000000;
    17195 : 00000000;
    17196 : 00000000;
    17197 : 00000000;
    17198 : 00000000;
    17199 : 00000000;
    17200 : 00000000;
    17201 : 00000000;
    17202 : 00000000;
    17203 : 00000000;
    17204 : 00000000;
    17205 : 00000000;
    17206 : 00000000;
    17207 : 00000000;
    17208 : 00000000;
    17209 : 00000000;
    17210 : 00000000;
    17211 : 00000000;
    17212 : 00000000;
    17213 : 00000000;
    17214 : 00000000;
    17215 : 00000000;
    17216 : 00000000;
    17217 : 00000000;
    17218 : 00000000;
    17219 : 00000000;
    17220 : 00000000;
    17221 : 00000000;
    17222 : 00000000;
    17223 : 00000000;
    17224 : 00000000;
    17225 : 00000000;
    17226 : 00000000;
    17227 : 00000000;
    17228 : 00000000;
    17229 : 00000000;
    17230 : 00000000;
    17231 : 00000000;
    17232 : 00000000;
    17233 : 00000000;
    17234 : 00000000;
    17235 : 00000000;
    17236 : 00000000;
    17237 : 00000000;
    17238 : 00000000;
    17239 : 00000000;
    17240 : 00000000;
    17241 : 00000000;
    17242 : 00000000;
    17243 : 00000000;
    17244 : 00000000;
    17245 : 00000000;
    17246 : 00000000;
    17247 : 00000000;
    17248 : 00000000;
    17249 : 00000000;
    17250 : 00000000;
    17251 : 00000000;
    17252 : 00000000;
    17253 : 00000000;
    17254 : 00000000;
    17255 : 00000000;
    17256 : 00000000;
    17257 : 00000000;
    17258 : 00000000;
    17259 : 00000000;
    17260 : 00000000;
    17261 : 00000000;
    17262 : 00000000;
    17263 : 00000000;
    17264 : 00000000;
    17265 : 00000000;
    17266 : 00000000;
    17267 : 00000000;
    17268 : 00000000;
    17269 : 00000000;
    17270 : 00000000;
    17271 : 00000000;
    17272 : 00000000;
    17273 : 00000000;
    17274 : 00000000;
    17275 : 00000000;
    17276 : 00000000;
    17277 : 00000000;
    17278 : 00000000;
    17279 : 00000000;
    17280 : 00000000;
    17281 : 00000000;
    17282 : 00000000;
    17283 : 00000000;
    17284 : 00000000;
    17285 : 00000000;
    17286 : 00000000;
    17287 : 00000000;
    17288 : 00000000;
    17289 : 00000000;
    17290 : 00000000;
    17291 : 00000000;
    17292 : 00000000;
    17293 : 00000000;
    17294 : 00000000;
    17295 : 00000000;
    17296 : 00000000;
    17297 : 00000000;
    17298 : 00000000;
    17299 : 00000000;
    17300 : 00000000;
    17301 : 00000000;
    17302 : 00000000;
    17303 : 00000000;
    17304 : 00000000;
    17305 : 00000000;
    17306 : 00000000;
    17307 : 00000000;
    17308 : 00000000;
    17309 : 00000000;
    17310 : 00000000;
    17311 : 00000000;
    17312 : 00000000;
    17313 : 00000000;
    17314 : 00000000;
    17315 : 00000000;
    17316 : 00000000;
    17317 : 00000000;
    17318 : 00000000;
    17319 : 00000000;
    17320 : 00000000;
    17321 : 00000000;
    17322 : 00000000;
    17323 : 00000000;
    17324 : 00000000;
    17325 : 00000000;
    17326 : 00000000;
    17327 : 00000000;
    17328 : 00000000;
    17329 : 00000000;
    17330 : 00000000;
    17331 : 00000000;
    17332 : 00000000;
    17333 : 00000000;
    17334 : 00000000;
    17335 : 00000000;
    17336 : 00000000;
    17337 : 00000000;
    17338 : 00000000;
    17339 : 00000000;
    17340 : 00000000;
    17341 : 00000000;
    17342 : 00000000;
    17343 : 00000000;
    17344 : 00000000;
    17345 : 00000000;
    17346 : 00000000;
    17347 : 00000000;
    17348 : 00000000;
    17349 : 00000000;
    17350 : 00000000;
    17351 : 00000000;
    17352 : 00000000;
    17353 : 00000000;
    17354 : 00000000;
    17355 : 00000000;
    17356 : 00000000;
    17357 : 00000000;
    17358 : 00000000;
    17359 : 00000000;
    17360 : 00000000;
    17361 : 00000000;
    17362 : 00000000;
    17363 : 00000000;
    17364 : 00000000;
    17365 : 00000000;
    17366 : 00000000;
    17367 : 00000000;
    17368 : 00000000;
    17369 : 00000000;
    17370 : 00000000;
    17371 : 00000000;
    17372 : 00000000;
    17373 : 00000000;
    17374 : 00000000;
    17375 : 00000000;
    17376 : 00000000;
    17377 : 00000000;
    17378 : 00000000;
    17379 : 00000000;
    17380 : 00000000;
    17381 : 00000000;
    17382 : 00000000;
    17383 : 00000000;
    17384 : 00000000;
    17385 : 00000000;
    17386 : 00000000;
    17387 : 00000000;
    17388 : 00000000;
    17389 : 00000000;
    17390 : 00000000;
    17391 : 00000000;
    17392 : 00000000;
    17393 : 00000000;
    17394 : 00000000;
    17395 : 00000000;
    17396 : 00000000;
    17397 : 00000000;
    17398 : 00000000;
    17399 : 00000000;
    17400 : 00000000;
    17401 : 00000000;
    17402 : 00000000;
    17403 : 00000000;
    17404 : 53494730;
    17405 : 00000074;
    17406 : 00000098;
    17407 : 00000024;
    17408 : 1D000293;
    17409 : 1B800F93;
    17410 : 000FC003;
    17411 : 0002A023;
    17412 : 1B800F13;
    17413 : FFEF4083;
    17414 : 0012A223;
    17415 : 1B800E93;
    17416 : 003EC103;
    17417 : 0022A423;
    17418 : 1B800E13;
    17419 : FFCE4183;
    17420 : 0032A623;
    17421 : 1B800D93;
    17422 : 002DC203;
    17423 : 0042A823;
    17424 : 1E400093;
    17425 : 1B800D13;
    17426 : 004D4283;
    17427 : 0050A023;
    17428 : 1B800C93;
    17429 : FFFCC303;
    17430 : 0060A223;
    17431 : 1B800C13;
    17432 : 001C4383;
    17433 : 0070A423;
    17434 : 1B800B93;
    17435 : 000BC403;
    17436 : 0080A623;
    17437 : 1B800B13;
    17438 : FFEB4483;
    17439 : 0090A823;
    17440 : 1F800093;
    17441 : 1B800A93;
    17442 : 003AC503;
    17443 : 00A0A023;
    17444 : 1B800A13;
    17445 : FFCA4583;
    17446 : 00B0A223;
    17447 : 1B800993;
    17448 : 0029C603;
    17449 : 00C0A423;
    17450 : 1B800913;
    17451 : 00494683;
    17452 : 00D0A623;
    17453 : 1B800893;
    17454 : FFF8C703;
    17455 : 00E0A823;
    17456 : 20C00113;
    17457 : 1B800813;
    17458 : 00184783;
    17459 : 00F12023;
    17460 : 1B800793;
    17461 : 0007C803;
    17462 : 01012223;
    17463 : 1B800713;
    17464 : FFE74883;
    17465 : 01112423;
    17466 : 1B800693;
    17467 : 0036C903;
    17468 : 01212623;
    17469 : 1B800613;
    17470 : FFC64983;
    17471 : 01312823;
    17472 : 22000093;
    17473 : 1B800593;
    17474 : 0025CA03;
    17475 : 0140A023;
    17476 : 1B800513;
    17477 : 00454A83;
    17478 : 0150A223;
    17479 : 1B800493;
    17480 : FFF4CB03;
    17481 : 0160A423;
    17482 : 1B800413;
    17483 : 00144B83;
    17484 : 0170A623;
    17485 : 1B800393;
    17486 : 0003CC03;
    17487 : 0180A823;
    17488 : 23400093;
    17489 : 1B800313;
    17490 : FFE34C83;
    17491 : 0190A023;
    17492 : 1B800293;
    17493 : 0032CD03;
    17494 : 01A0A223;
    17495 : 1B800213;
    17496 : FFC24D83;
    17497 : 01B0A423;
    17498 : 1B800193;
    17499 : 0021CE03;
    17500 : 01C0A623;
    17501 : 1B800113;
    17502 : 00414E83;
    17503 : 01D0A823;
    17504 : 24800113;
    17505 : 1B800093;
    17506 : FFF0CF03;
    17507 : 01E12023;
    17508 : 1B800093;
    17509 : 0010CF83;
    17510 : 01F12223;
    17511 : 00000073;
    17512 : 11F1F222;
    17513 : F33344F4;
    17514 : 55F5F666;
    17515 : F77788F8;
    17516 : 99090AAA;
    17517 : 0BBBCC0C;
    17518 : DD0D0EEE;
    17519 : 0FFF00F0;
    17520 : 12345678;
    17521 : 9ABCDEF0;
    17522 : 76543210;
    17523 : FEDCBA98;
    17524 : FFFFFFFF;
    17525 : FFFFFFFF;
    17526 : FFFFFFFF;
    17527 : FFFFFFFF;
    17528 : FFFFFFFF;
    17529 : FFFFFFFF;
    17530 : FFFFFFFF;
    17531 : FFFFFFFF;
    17532 : FFFFFFFF;
    17533 : FFFFFFFF;
    17534 : FFFFFFFF;
    17535 : FFFFFFFF;
    17536 : FFFFFFFF;
    17537 : FFFFFFFF;
    17538 : FFFFFFFF;
    17539 : FFFFFFFF;
    17540 : FFFFFFFF;
    17541 : FFFFFFFF;
    17542 : FFFFFFFF;
    17543 : FFFFFFFF;
    17544 : FFFFFFFF;
    17545 : FFFFFFFF;
    17546 : FFFFFFFF;
    17547 : FFFFFFFF;
    17548 : FFFFFFFF;
    17549 : FFFFFFFF;
    17550 : FFFFFFFF;
    17551 : FFFFFFFF;
    17552 : FFFFFFFF;
    17553 : FFFFFFFF;
    17554 : FFFFFFFF;
    17555 : FFFFFFFF;
    17556 : FFFFFFFF;
    17557 : FFFFFFFF;
    17558 : FFFFFFFF;
    17559 : 00000000;
    17560 : 00000000;
    17561 : 00000000;
    17562 : 00000000;
    17563 : 00000000;
    17564 : 00000000;
    17565 : 00000000;
    17566 : 00000000;
    17567 : 00000000;
    17568 : 00000000;
    17569 : 00000000;
    17570 : 00000000;
    17571 : 00000000;
    17572 : 00000000;
    17573 : 00000000;
    17574 : 00000000;
    17575 : 00000000;
    17576 : 00000000;
    17577 : 00000000;
    17578 : 00000000;
    17579 : 00000000;
    17580 : 00000000;
    17581 : 00000000;
    17582 : 00000000;
    17583 : 00000000;
    17584 : 00000000;
    17585 : 00000000;
    17586 : 00000000;
    17587 : 00000000;
    17588 : 00000000;
    17589 : 00000000;
    17590 : 00000000;
    17591 : 00000000;
    17592 : 00000000;
    17593 : 00000000;
    17594 : 00000000;
    17595 : 00000000;
    17596 : 00000000;
    17597 : 00000000;
    17598 : 00000000;
    17599 : 00000000;
    17600 : 00000000;
    17601 : 00000000;
    17602 : 00000000;
    17603 : 00000000;
    17604 : 00000000;
    17605 : 00000000;
    17606 : 00000000;
    17607 : 00000000;
    17608 : 00000000;
    17609 : 00000000;
    17610 : 00000000;
    17611 : 00000000;
    17612 : 00000000;
    17613 : 00000000;
    17614 : 00000000;
    17615 : 00000000;
    17616 : 00000000;
    17617 : 00000000;
    17618 : 00000000;
    17619 : 00000000;
    17620 : 00000000;
    17621 : 00000000;
    17622 : 00000000;
    17623 : 00000000;
    17624 : 00000000;
    17625 : 00000000;
    17626 : 00000000;
    17627 : 00000000;
    17628 : 00000000;
    17629 : 00000000;
    17630 : 00000000;
    17631 : 00000000;
    17632 : 00000000;
    17633 : 00000000;
    17634 : 00000000;
    17635 : 00000000;
    17636 : 00000000;
    17637 : 00000000;
    17638 : 00000000;
    17639 : 00000000;
    17640 : 00000000;
    17641 : 00000000;
    17642 : 00000000;
    17643 : 00000000;
    17644 : 00000000;
    17645 : 00000000;
    17646 : 00000000;
    17647 : 00000000;
    17648 : 00000000;
    17649 : 00000000;
    17650 : 00000000;
    17651 : 00000000;
    17652 : 00000000;
    17653 : 00000000;
    17654 : 00000000;
    17655 : 00000000;
    17656 : 00000000;
    17657 : 00000000;
    17658 : 00000000;
    17659 : 00000000;
    17660 : 00000000;
    17661 : 00000000;
    17662 : 00000000;
    17663 : 00000000;
    17664 : 00000000;
    17665 : 00000000;
    17666 : 00000000;
    17667 : 00000000;
    17668 : 00000000;
    17669 : 00000000;
    17670 : 00000000;
    17671 : 00000000;
    17672 : 00000000;
    17673 : 00000000;
    17674 : 00000000;
    17675 : 00000000;
    17676 : 00000000;
    17677 : 00000000;
    17678 : 00000000;
    17679 : 00000000;
    17680 : 00000000;
    17681 : 00000000;
    17682 : 00000000;
    17683 : 00000000;
    17684 : 00000000;
    17685 : 00000000;
    17686 : 00000000;
    17687 : 00000000;
    17688 : 00000000;
    17689 : 00000000;
    17690 : 00000000;
    17691 : 00000000;
    17692 : 00000000;
    17693 : 00000000;
    17694 : 00000000;
    17695 : 00000000;
    17696 : 00000000;
    17697 : 00000000;
    17698 : 00000000;
    17699 : 00000000;
    17700 : 00000000;
    17701 : 00000000;
    17702 : 00000000;
    17703 : 00000000;
    17704 : 00000000;
    17705 : 00000000;
    17706 : 00000000;
    17707 : 00000000;
    17708 : 00000000;
    17709 : 00000000;
    17710 : 00000000;
    17711 : 00000000;
    17712 : 00000000;
    17713 : 00000000;
    17714 : 00000000;
    17715 : 00000000;
    17716 : 00000000;
    17717 : 00000000;
    17718 : 00000000;
    17719 : 00000000;
    17720 : 00000000;
    17721 : 00000000;
    17722 : 00000000;
    17723 : 00000000;
    17724 : 00000000;
    17725 : 00000000;
    17726 : 00000000;
    17727 : 00000000;
    17728 : 00000000;
    17729 : 00000000;
    17730 : 00000000;
    17731 : 00000000;
    17732 : 00000000;
    17733 : 00000000;
    17734 : 00000000;
    17735 : 00000000;
    17736 : 00000000;
    17737 : 00000000;
    17738 : 00000000;
    17739 : 00000000;
    17740 : 00000000;
    17741 : 00000000;
    17742 : 00000000;
    17743 : 00000000;
    17744 : 00000000;
    17745 : 00000000;
    17746 : 00000000;
    17747 : 00000000;
    17748 : 00000000;
    17749 : 00000000;
    17750 : 00000000;
    17751 : 00000000;
    17752 : 00000000;
    17753 : 00000000;
    17754 : 00000000;
    17755 : 00000000;
    17756 : 00000000;
    17757 : 00000000;
    17758 : 00000000;
    17759 : 00000000;
    17760 : 00000000;
    17761 : 00000000;
    17762 : 00000000;
    17763 : 00000000;
    17764 : 00000000;
    17765 : 00000000;
    17766 : 00000000;
    17767 : 00000000;
    17768 : 00000000;
    17769 : 00000000;
    17770 : 00000000;
    17771 : 00000000;
    17772 : 00000000;
    17773 : 00000000;
    17774 : 00000000;
    17775 : 00000000;
    17776 : 00000000;
    17777 : 00000000;
    17778 : 00000000;
    17779 : 00000000;
    17780 : 00000000;
    17781 : 00000000;
    17782 : 00000000;
    17783 : 00000000;
    17784 : 00000000;
    17785 : 00000000;
    17786 : 00000000;
    17787 : 00000000;
    17788 : 00000000;
    17789 : 00000000;
    17790 : 00000000;
    17791 : 00000000;
    17792 : 00000000;
    17793 : 00000000;
    17794 : 00000000;
    17795 : 00000000;
    17796 : 00000000;
    17797 : 00000000;
    17798 : 00000000;
    17799 : 00000000;
    17800 : 00000000;
    17801 : 00000000;
    17802 : 00000000;
    17803 : 00000000;
    17804 : 00000000;
    17805 : 00000000;
    17806 : 00000000;
    17807 : 00000000;
    17808 : 00000000;
    17809 : 00000000;
    17810 : 00000000;
    17811 : 00000000;
    17812 : 00000000;
    17813 : 00000000;
    17814 : 00000000;
    17815 : 00000000;
    17816 : 00000000;
    17817 : 00000000;
    17818 : 00000000;
    17819 : 00000000;
    17820 : 00000000;
    17821 : 00000000;
    17822 : 00000000;
    17823 : 00000000;
    17824 : 00000000;
    17825 : 00000000;
    17826 : 00000000;
    17827 : 00000000;
    17828 : 00000000;
    17829 : 00000000;
    17830 : 00000000;
    17831 : 00000000;
    17832 : 00000000;
    17833 : 00000000;
    17834 : 00000000;
    17835 : 00000000;
    17836 : 00000000;
    17837 : 00000000;
    17838 : 00000000;
    17839 : 00000000;
    17840 : 00000000;
    17841 : 00000000;
    17842 : 00000000;
    17843 : 00000000;
    17844 : 00000000;
    17845 : 00000000;
    17846 : 00000000;
    17847 : 00000000;
    17848 : 00000000;
    17849 : 00000000;
    17850 : 00000000;
    17851 : 00000000;
    17852 : 00000000;
    17853 : 00000000;
    17854 : 00000000;
    17855 : 00000000;
    17856 : 00000000;
    17857 : 00000000;
    17858 : 00000000;
    17859 : 00000000;
    17860 : 00000000;
    17861 : 00000000;
    17862 : 00000000;
    17863 : 00000000;
    17864 : 00000000;
    17865 : 00000000;
    17866 : 00000000;
    17867 : 00000000;
    17868 : 00000000;
    17869 : 00000000;
    17870 : 00000000;
    17871 : 00000000;
    17872 : 00000000;
    17873 : 00000000;
    17874 : 00000000;
    17875 : 00000000;
    17876 : 00000000;
    17877 : 00000000;
    17878 : 00000000;
    17879 : 00000000;
    17880 : 00000000;
    17881 : 00000000;
    17882 : 00000000;
    17883 : 00000000;
    17884 : 00000000;
    17885 : 00000000;
    17886 : 00000000;
    17887 : 00000000;
    17888 : 00000000;
    17889 : 00000000;
    17890 : 00000000;
    17891 : 00000000;
    17892 : 00000000;
    17893 : 00000000;
    17894 : 00000000;
    17895 : 00000000;
    17896 : 00000000;
    17897 : 00000000;
    17898 : 00000000;
    17899 : 00000000;
    17900 : 00000000;
    17901 : 00000000;
    17902 : 00000000;
    17903 : 00000000;
    17904 : 00000000;
    17905 : 00000000;
    17906 : 00000000;
    17907 : 00000000;
    17908 : 00000000;
    17909 : 00000000;
    17910 : 00000000;
    17911 : 00000000;
    17912 : 00000000;
    17913 : 00000000;
    17914 : 00000000;
    17915 : 00000000;
    17916 : 00000000;
    17917 : 00000000;
    17918 : 00000000;
    17919 : 00000000;
    17920 : 00000000;
    17921 : 00000000;
    17922 : 00000000;
    17923 : 00000000;
    17924 : 00000000;
    17925 : 00000000;
    17926 : 00000000;
    17927 : 00000000;
    17928 : 00000000;
    17929 : 00000000;
    17930 : 00000000;
    17931 : 00000000;
    17932 : 00000000;
    17933 : 00000000;
    17934 : 00000000;
    17935 : 00000000;
    17936 : 00000000;
    17937 : 00000000;
    17938 : 00000000;
    17939 : 00000000;
    17940 : 00000000;
    17941 : 00000000;
    17942 : 00000000;
    17943 : 00000000;
    17944 : 00000000;
    17945 : 00000000;
    17946 : 00000000;
    17947 : 00000000;
    17948 : 00000000;
    17949 : 00000000;
    17950 : 00000000;
    17951 : 00000000;
    17952 : 00000000;
    17953 : 00000000;
    17954 : 00000000;
    17955 : 00000000;
    17956 : 00000000;
    17957 : 00000000;
    17958 : 00000000;
    17959 : 00000000;
    17960 : 00000000;
    17961 : 00000000;
    17962 : 00000000;
    17963 : 00000000;
    17964 : 00000000;
    17965 : 00000000;
    17966 : 00000000;
    17967 : 00000000;
    17968 : 00000000;
    17969 : 00000000;
    17970 : 00000000;
    17971 : 00000000;
    17972 : 00000000;
    17973 : 00000000;
    17974 : 00000000;
    17975 : 00000000;
    17976 : 00000000;
    17977 : 00000000;
    17978 : 00000000;
    17979 : 00000000;
    17980 : 00000000;
    17981 : 00000000;
    17982 : 00000000;
    17983 : 00000000;
    17984 : 00000000;
    17985 : 00000000;
    17986 : 00000000;
    17987 : 00000000;
    17988 : 00000000;
    17989 : 00000000;
    17990 : 00000000;
    17991 : 00000000;
    17992 : 00000000;
    17993 : 00000000;
    17994 : 00000000;
    17995 : 00000000;
    17996 : 00000000;
    17997 : 00000000;
    17998 : 00000000;
    17999 : 00000000;
    18000 : 00000000;
    18001 : 00000000;
    18002 : 00000000;
    18003 : 00000000;
    18004 : 00000000;
    18005 : 00000000;
    18006 : 00000000;
    18007 : 00000000;
    18008 : 00000000;
    18009 : 00000000;
    18010 : 00000000;
    18011 : 00000000;
    18012 : 00000000;
    18013 : 00000000;
    18014 : 00000000;
    18015 : 00000000;
    18016 : 00000000;
    18017 : 00000000;
    18018 : 00000000;
    18019 : 00000000;
    18020 : 00000000;
    18021 : 00000000;
    18022 : 00000000;
    18023 : 00000000;
    18024 : 00000000;
    18025 : 00000000;
    18026 : 00000000;
    18027 : 00000000;
    18028 : 00000000;
    18029 : 00000000;
    18030 : 00000000;
    18031 : 00000000;
    18032 : 00000000;
    18033 : 00000000;
    18034 : 00000000;
    18035 : 00000000;
    18036 : 00000000;
    18037 : 00000000;
    18038 : 00000000;
    18039 : 00000000;
    18040 : 00000000;
    18041 : 00000000;
    18042 : 00000000;
    18043 : 00000000;
    18044 : 00000000;
    18045 : 00000000;
    18046 : 00000000;
    18047 : 00000000;
    18048 : 00000000;
    18049 : 00000000;
    18050 : 00000000;
    18051 : 00000000;
    18052 : 00000000;
    18053 : 00000000;
    18054 : 00000000;
    18055 : 00000000;
    18056 : 00000000;
    18057 : 00000000;
    18058 : 00000000;
    18059 : 00000000;
    18060 : 00000000;
    18061 : 00000000;
    18062 : 00000000;
    18063 : 00000000;
    18064 : 00000000;
    18065 : 00000000;
    18066 : 00000000;
    18067 : 00000000;
    18068 : 00000000;
    18069 : 00000000;
    18070 : 00000000;
    18071 : 00000000;
    18072 : 00000000;
    18073 : 00000000;
    18074 : 00000000;
    18075 : 00000000;
    18076 : 00000000;
    18077 : 00000000;
    18078 : 00000000;
    18079 : 00000000;
    18080 : 00000000;
    18081 : 00000000;
    18082 : 00000000;
    18083 : 00000000;
    18084 : 00000000;
    18085 : 00000000;
    18086 : 00000000;
    18087 : 00000000;
    18088 : 00000000;
    18089 : 00000000;
    18090 : 00000000;
    18091 : 00000000;
    18092 : 00000000;
    18093 : 00000000;
    18094 : 00000000;
    18095 : 00000000;
    18096 : 00000000;
    18097 : 00000000;
    18098 : 00000000;
    18099 : 00000000;
    18100 : 00000000;
    18101 : 00000000;
    18102 : 00000000;
    18103 : 00000000;
    18104 : 00000000;
    18105 : 00000000;
    18106 : 00000000;
    18107 : 00000000;
    18108 : 00000000;
    18109 : 00000000;
    18110 : 00000000;
    18111 : 00000000;
    18112 : 00000000;
    18113 : 00000000;
    18114 : 00000000;
    18115 : 00000000;
    18116 : 00000000;
    18117 : 00000000;
    18118 : 00000000;
    18119 : 00000000;
    18120 : 00000000;
    18121 : 00000000;
    18122 : 00000000;
    18123 : 00000000;
    18124 : 00000000;
    18125 : 00000000;
    18126 : 00000000;
    18127 : 00000000;
    18128 : 00000000;
    18129 : 00000000;
    18130 : 00000000;
    18131 : 00000000;
    18132 : 00000000;
    18133 : 00000000;
    18134 : 00000000;
    18135 : 00000000;
    18136 : 00000000;
    18137 : 00000000;
    18138 : 00000000;
    18139 : 00000000;
    18140 : 00000000;
    18141 : 00000000;
    18142 : 00000000;
    18143 : 00000000;
    18144 : 00000000;
    18145 : 00000000;
    18146 : 00000000;
    18147 : 00000000;
    18148 : 00000000;
    18149 : 00000000;
    18150 : 00000000;
    18151 : 00000000;
    18152 : 00000000;
    18153 : 00000000;
    18154 : 00000000;
    18155 : 00000000;
    18156 : 00000000;
    18157 : 00000000;
    18158 : 00000000;
    18159 : 00000000;
    18160 : 00000000;
    18161 : 00000000;
    18162 : 00000000;
    18163 : 00000000;
    18164 : 00000000;
    18165 : 00000000;
    18166 : 00000000;
    18167 : 00000000;
    18168 : 00000000;
    18169 : 00000000;
    18170 : 00000000;
    18171 : 00000000;
    18172 : 00000000;
    18173 : 00000000;
    18174 : 00000000;
    18175 : 00000000;
    18176 : 00000000;
    18177 : 00000000;
    18178 : 00000000;
    18179 : 00000000;
    18180 : 00000000;
    18181 : 00000000;
    18182 : 00000000;
    18183 : 00000000;
    18184 : 00000000;
    18185 : 00000000;
    18186 : 00000000;
    18187 : 00000000;
    18188 : 00000000;
    18189 : 00000000;
    18190 : 00000000;
    18191 : 00000000;
    18192 : 00000000;
    18193 : 00000000;
    18194 : 00000000;
    18195 : 00000000;
    18196 : 00000000;
    18197 : 00000000;
    18198 : 00000000;
    18199 : 00000000;
    18200 : 00000000;
    18201 : 00000000;
    18202 : 00000000;
    18203 : 00000000;
    18204 : 00000000;
    18205 : 00000000;
    18206 : 00000000;
    18207 : 00000000;
    18208 : 00000000;
    18209 : 00000000;
    18210 : 00000000;
    18211 : 00000000;
    18212 : 00000000;
    18213 : 00000000;
    18214 : 00000000;
    18215 : 00000000;
    18216 : 00000000;
    18217 : 00000000;
    18218 : 00000000;
    18219 : 00000000;
    18220 : 00000000;
    18221 : 00000000;
    18222 : 00000000;
    18223 : 00000000;
    18224 : 00000000;
    18225 : 00000000;
    18226 : 00000000;
    18227 : 00000000;
    18228 : 00000000;
    18229 : 00000000;
    18230 : 00000000;
    18231 : 00000000;
    18232 : 00000000;
    18233 : 00000000;
    18234 : 00000000;
    18235 : 00000000;
    18236 : 00000000;
    18237 : 00000000;
    18238 : 00000000;
    18239 : 00000000;
    18240 : 00000000;
    18241 : 00000000;
    18242 : 00000000;
    18243 : 00000000;
    18244 : 00000000;
    18245 : 00000000;
    18246 : 00000000;
    18247 : 00000000;
    18248 : 00000000;
    18249 : 00000000;
    18250 : 00000000;
    18251 : 00000000;
    18252 : 00000000;
    18253 : 00000000;
    18254 : 00000000;
    18255 : 00000000;
    18256 : 00000000;
    18257 : 00000000;
    18258 : 00000000;
    18259 : 00000000;
    18260 : 00000000;
    18261 : 00000000;
    18262 : 00000000;
    18263 : 00000000;
    18264 : 00000000;
    18265 : 00000000;
    18266 : 00000000;
    18267 : 00000000;
    18268 : 00000000;
    18269 : 00000000;
    18270 : 00000000;
    18271 : 00000000;
    18272 : 00000000;
    18273 : 00000000;
    18274 : 00000000;
    18275 : 00000000;
    18276 : 00000000;
    18277 : 00000000;
    18278 : 00000000;
    18279 : 00000000;
    18280 : 00000000;
    18281 : 00000000;
    18282 : 00000000;
    18283 : 00000000;
    18284 : 00000000;
    18285 : 00000000;
    18286 : 00000000;
    18287 : 00000000;
    18288 : 00000000;
    18289 : 00000000;
    18290 : 00000000;
    18291 : 00000000;
    18292 : 00000000;
    18293 : 00000000;
    18294 : 00000000;
    18295 : 00000000;
    18296 : 00000000;
    18297 : 00000000;
    18298 : 00000000;
    18299 : 00000000;
    18300 : 00000000;
    18301 : 00000000;
    18302 : 00000000;
    18303 : 00000000;
    18304 : 00000000;
    18305 : 00000000;
    18306 : 00000000;
    18307 : 00000000;
    18308 : 00000000;
    18309 : 00000000;
    18310 : 00000000;
    18311 : 00000000;
    18312 : 00000000;
    18313 : 00000000;
    18314 : 00000000;
    18315 : 00000000;
    18316 : 00000000;
    18317 : 00000000;
    18318 : 00000000;
    18319 : 00000000;
    18320 : 00000000;
    18321 : 00000000;
    18322 : 00000000;
    18323 : 00000000;
    18324 : 00000000;
    18325 : 00000000;
    18326 : 00000000;
    18327 : 00000000;
    18328 : 00000000;
    18329 : 00000000;
    18330 : 00000000;
    18331 : 00000000;
    18332 : 00000000;
    18333 : 00000000;
    18334 : 00000000;
    18335 : 00000000;
    18336 : 00000000;
    18337 : 00000000;
    18338 : 00000000;
    18339 : 00000000;
    18340 : 00000000;
    18341 : 00000000;
    18342 : 00000000;
    18343 : 00000000;
    18344 : 00000000;
    18345 : 00000000;
    18346 : 00000000;
    18347 : 00000000;
    18348 : 00000000;
    18349 : 00000000;
    18350 : 00000000;
    18351 : 00000000;
    18352 : 00000000;
    18353 : 00000000;
    18354 : 00000000;
    18355 : 00000000;
    18356 : 00000000;
    18357 : 00000000;
    18358 : 00000000;
    18359 : 00000000;
    18360 : 00000000;
    18361 : 00000000;
    18362 : 00000000;
    18363 : 00000000;
    18364 : 00000000;
    18365 : 00000000;
    18366 : 00000000;
    18367 : 00000000;
    18368 : 00000000;
    18369 : 00000000;
    18370 : 00000000;
    18371 : 00000000;
    18372 : 00000000;
    18373 : 00000000;
    18374 : 00000000;
    18375 : 00000000;
    18376 : 00000000;
    18377 : 00000000;
    18378 : 00000000;
    18379 : 00000000;
    18380 : 00000000;
    18381 : 00000000;
    18382 : 00000000;
    18383 : 00000000;
    18384 : 00000000;
    18385 : 00000000;
    18386 : 00000000;
    18387 : 00000000;
    18388 : 00000000;
    18389 : 00000000;
    18390 : 00000000;
    18391 : 00000000;
    18392 : 00000000;
    18393 : 00000000;
    18394 : 00000000;
    18395 : 00000000;
    18396 : 00000000;
    18397 : 00000000;
    18398 : 00000000;
    18399 : 00000000;
    18400 : 00000000;
    18401 : 00000000;
    18402 : 00000000;
    18403 : 00000000;
    18404 : 00000000;
    18405 : 00000000;
    18406 : 00000000;
    18407 : 00000000;
    18408 : 00000000;
    18409 : 00000000;
    18410 : 00000000;
    18411 : 00000000;
    18412 : 00000000;
    18413 : 00000000;
    18414 : 00000000;
    18415 : 00000000;
    18416 : 00000000;
    18417 : 00000000;
    18418 : 00000000;
    18419 : 00000000;
    18420 : 00000000;
    18421 : 00000000;
    18422 : 00000000;
    18423 : 00000000;
    18424 : 00000000;
    18425 : 00000000;
    18426 : 00000000;
    18427 : 00000000;
    18428 : 53494730;
    18429 : 00000074;
    18430 : 00000098;
    18431 : 00000024;
    18432 : 1D000293;
    18433 : 1B800F93;
    18434 : 000F9003;
    18435 : 0002A023;
    18436 : 1B800F13;
    18437 : FFEF1083;
    18438 : 0012A223;
    18439 : 1B800E93;
    18440 : 002E9103;
    18441 : 0022A423;
    18442 : 1B800E13;
    18443 : FFCE1183;
    18444 : 0032A623;
    18445 : 1B800D93;
    18446 : 002D9203;
    18447 : 0042A823;
    18448 : 1E400093;
    18449 : 1B800D13;
    18450 : 004D1283;
    18451 : 0050A023;
    18452 : 1B800C93;
    18453 : 000C9303;
    18454 : 0060A223;
    18455 : 1B800C13;
    18456 : 000C1383;
    18457 : 0070A423;
    18458 : 1B800B93;
    18459 : 000B9403;
    18460 : 0080A623;
    18461 : 1B800B13;
    18462 : FFEB1483;
    18463 : 0090A823;
    18464 : 1F800093;
    18465 : 1B800A93;
    18466 : 002A9503;
    18467 : 00A0A023;
    18468 : 1B800A13;
    18469 : FFCA1583;
    18470 : 00B0A223;
    18471 : 1B800993;
    18472 : 00299603;
    18473 : 00C0A423;
    18474 : 1B800913;
    18475 : 00491683;
    18476 : 00D0A623;
    18477 : 1B800893;
    18478 : 00089703;
    18479 : 00E0A823;
    18480 : 20C00113;
    18481 : 1B800813;
    18482 : 00081783;
    18483 : 00F12023;
    18484 : 1B800793;
    18485 : 00079803;
    18486 : 01012223;
    18487 : 1B800713;
    18488 : FFE71883;
    18489 : 01112423;
    18490 : 1B800693;
    18491 : 00269903;
    18492 : 01212623;
    18493 : 1B800613;
    18494 : FFC61983;
    18495 : 01312823;
    18496 : 22000093;
    18497 : 1B800593;
    18498 : 00259A03;
    18499 : 0140A023;
    18500 : 1B800513;
    18501 : 00451A83;
    18502 : 0150A223;
    18503 : 1B800493;
    18504 : 00049B03;
    18505 : 0160A423;
    18506 : 1B800413;
    18507 : 00041B83;
    18508 : 0170A623;
    18509 : 1B800393;
    18510 : 00039C03;
    18511 : 0180A823;
    18512 : 23400093;
    18513 : 1B800313;
    18514 : FFE31C83;
    18515 : 0190A023;
    18516 : 1B800293;
    18517 : 00229D03;
    18518 : 01A0A223;
    18519 : 1B800213;
    18520 : FFC21D83;
    18521 : 01B0A423;
    18522 : 1B800193;
    18523 : 00219E03;
    18524 : 01C0A623;
    18525 : 1B800113;
    18526 : 00411E83;
    18527 : 01D0A823;
    18528 : 24800113;
    18529 : 1B800093;
    18530 : 00009F03;
    18531 : 01E12023;
    18532 : 1B800093;
    18533 : 00009F83;
    18534 : 01F12223;
    18535 : 00000073;
    18536 : 11F1F222;
    18537 : F33344F4;
    18538 : 55F5F666;
    18539 : F77788F8;
    18540 : 99090AAA;
    18541 : 0BBBCC0C;
    18542 : DD0D0EEE;
    18543 : 0FFF00F0;
    18544 : 12345678;
    18545 : 9ABCDEF0;
    18546 : 76543210;
    18547 : FEDCBA98;
    18548 : FFFFFFFF;
    18549 : FFFFFFFF;
    18550 : FFFFFFFF;
    18551 : FFFFFFFF;
    18552 : FFFFFFFF;
    18553 : FFFFFFFF;
    18554 : FFFFFFFF;
    18555 : FFFFFFFF;
    18556 : FFFFFFFF;
    18557 : FFFFFFFF;
    18558 : FFFFFFFF;
    18559 : FFFFFFFF;
    18560 : FFFFFFFF;
    18561 : FFFFFFFF;
    18562 : FFFFFFFF;
    18563 : FFFFFFFF;
    18564 : FFFFFFFF;
    18565 : FFFFFFFF;
    18566 : FFFFFFFF;
    18567 : FFFFFFFF;
    18568 : FFFFFFFF;
    18569 : FFFFFFFF;
    18570 : FFFFFFFF;
    18571 : FFFFFFFF;
    18572 : FFFFFFFF;
    18573 : FFFFFFFF;
    18574 : FFFFFFFF;
    18575 : FFFFFFFF;
    18576 : FFFFFFFF;
    18577 : FFFFFFFF;
    18578 : FFFFFFFF;
    18579 : FFFFFFFF;
    18580 : FFFFFFFF;
    18581 : FFFFFFFF;
    18582 : FFFFFFFF;
    18583 : 00000000;
    18584 : 00000000;
    18585 : 00000000;
    18586 : 00000000;
    18587 : 00000000;
    18588 : 00000000;
    18589 : 00000000;
    18590 : 00000000;
    18591 : 00000000;
    18592 : 00000000;
    18593 : 00000000;
    18594 : 00000000;
    18595 : 00000000;
    18596 : 00000000;
    18597 : 00000000;
    18598 : 00000000;
    18599 : 00000000;
    18600 : 00000000;
    18601 : 00000000;
    18602 : 00000000;
    18603 : 00000000;
    18604 : 00000000;
    18605 : 00000000;
    18606 : 00000000;
    18607 : 00000000;
    18608 : 00000000;
    18609 : 00000000;
    18610 : 00000000;
    18611 : 00000000;
    18612 : 00000000;
    18613 : 00000000;
    18614 : 00000000;
    18615 : 00000000;
    18616 : 00000000;
    18617 : 00000000;
    18618 : 00000000;
    18619 : 00000000;
    18620 : 00000000;
    18621 : 00000000;
    18622 : 00000000;
    18623 : 00000000;
    18624 : 00000000;
    18625 : 00000000;
    18626 : 00000000;
    18627 : 00000000;
    18628 : 00000000;
    18629 : 00000000;
    18630 : 00000000;
    18631 : 00000000;
    18632 : 00000000;
    18633 : 00000000;
    18634 : 00000000;
    18635 : 00000000;
    18636 : 00000000;
    18637 : 00000000;
    18638 : 00000000;
    18639 : 00000000;
    18640 : 00000000;
    18641 : 00000000;
    18642 : 00000000;
    18643 : 00000000;
    18644 : 00000000;
    18645 : 00000000;
    18646 : 00000000;
    18647 : 00000000;
    18648 : 00000000;
    18649 : 00000000;
    18650 : 00000000;
    18651 : 00000000;
    18652 : 00000000;
    18653 : 00000000;
    18654 : 00000000;
    18655 : 00000000;
    18656 : 00000000;
    18657 : 00000000;
    18658 : 00000000;
    18659 : 00000000;
    18660 : 00000000;
    18661 : 00000000;
    18662 : 00000000;
    18663 : 00000000;
    18664 : 00000000;
    18665 : 00000000;
    18666 : 00000000;
    18667 : 00000000;
    18668 : 00000000;
    18669 : 00000000;
    18670 : 00000000;
    18671 : 00000000;
    18672 : 00000000;
    18673 : 00000000;
    18674 : 00000000;
    18675 : 00000000;
    18676 : 00000000;
    18677 : 00000000;
    18678 : 00000000;
    18679 : 00000000;
    18680 : 00000000;
    18681 : 00000000;
    18682 : 00000000;
    18683 : 00000000;
    18684 : 00000000;
    18685 : 00000000;
    18686 : 00000000;
    18687 : 00000000;
    18688 : 00000000;
    18689 : 00000000;
    18690 : 00000000;
    18691 : 00000000;
    18692 : 00000000;
    18693 : 00000000;
    18694 : 00000000;
    18695 : 00000000;
    18696 : 00000000;
    18697 : 00000000;
    18698 : 00000000;
    18699 : 00000000;
    18700 : 00000000;
    18701 : 00000000;
    18702 : 00000000;
    18703 : 00000000;
    18704 : 00000000;
    18705 : 00000000;
    18706 : 00000000;
    18707 : 00000000;
    18708 : 00000000;
    18709 : 00000000;
    18710 : 00000000;
    18711 : 00000000;
    18712 : 00000000;
    18713 : 00000000;
    18714 : 00000000;
    18715 : 00000000;
    18716 : 00000000;
    18717 : 00000000;
    18718 : 00000000;
    18719 : 00000000;
    18720 : 00000000;
    18721 : 00000000;
    18722 : 00000000;
    18723 : 00000000;
    18724 : 00000000;
    18725 : 00000000;
    18726 : 00000000;
    18727 : 00000000;
    18728 : 00000000;
    18729 : 00000000;
    18730 : 00000000;
    18731 : 00000000;
    18732 : 00000000;
    18733 : 00000000;
    18734 : 00000000;
    18735 : 00000000;
    18736 : 00000000;
    18737 : 00000000;
    18738 : 00000000;
    18739 : 00000000;
    18740 : 00000000;
    18741 : 00000000;
    18742 : 00000000;
    18743 : 00000000;
    18744 : 00000000;
    18745 : 00000000;
    18746 : 00000000;
    18747 : 00000000;
    18748 : 00000000;
    18749 : 00000000;
    18750 : 00000000;
    18751 : 00000000;
    18752 : 00000000;
    18753 : 00000000;
    18754 : 00000000;
    18755 : 00000000;
    18756 : 00000000;
    18757 : 00000000;
    18758 : 00000000;
    18759 : 00000000;
    18760 : 00000000;
    18761 : 00000000;
    18762 : 00000000;
    18763 : 00000000;
    18764 : 00000000;
    18765 : 00000000;
    18766 : 00000000;
    18767 : 00000000;
    18768 : 00000000;
    18769 : 00000000;
    18770 : 00000000;
    18771 : 00000000;
    18772 : 00000000;
    18773 : 00000000;
    18774 : 00000000;
    18775 : 00000000;
    18776 : 00000000;
    18777 : 00000000;
    18778 : 00000000;
    18779 : 00000000;
    18780 : 00000000;
    18781 : 00000000;
    18782 : 00000000;
    18783 : 00000000;
    18784 : 00000000;
    18785 : 00000000;
    18786 : 00000000;
    18787 : 00000000;
    18788 : 00000000;
    18789 : 00000000;
    18790 : 00000000;
    18791 : 00000000;
    18792 : 00000000;
    18793 : 00000000;
    18794 : 00000000;
    18795 : 00000000;
    18796 : 00000000;
    18797 : 00000000;
    18798 : 00000000;
    18799 : 00000000;
    18800 : 00000000;
    18801 : 00000000;
    18802 : 00000000;
    18803 : 00000000;
    18804 : 00000000;
    18805 : 00000000;
    18806 : 00000000;
    18807 : 00000000;
    18808 : 00000000;
    18809 : 00000000;
    18810 : 00000000;
    18811 : 00000000;
    18812 : 00000000;
    18813 : 00000000;
    18814 : 00000000;
    18815 : 00000000;
    18816 : 00000000;
    18817 : 00000000;
    18818 : 00000000;
    18819 : 00000000;
    18820 : 00000000;
    18821 : 00000000;
    18822 : 00000000;
    18823 : 00000000;
    18824 : 00000000;
    18825 : 00000000;
    18826 : 00000000;
    18827 : 00000000;
    18828 : 00000000;
    18829 : 00000000;
    18830 : 00000000;
    18831 : 00000000;
    18832 : 00000000;
    18833 : 00000000;
    18834 : 00000000;
    18835 : 00000000;
    18836 : 00000000;
    18837 : 00000000;
    18838 : 00000000;
    18839 : 00000000;
    18840 : 00000000;
    18841 : 00000000;
    18842 : 00000000;
    18843 : 00000000;
    18844 : 00000000;
    18845 : 00000000;
    18846 : 00000000;
    18847 : 00000000;
    18848 : 00000000;
    18849 : 00000000;
    18850 : 00000000;
    18851 : 00000000;
    18852 : 00000000;
    18853 : 00000000;
    18854 : 00000000;
    18855 : 00000000;
    18856 : 00000000;
    18857 : 00000000;
    18858 : 00000000;
    18859 : 00000000;
    18860 : 00000000;
    18861 : 00000000;
    18862 : 00000000;
    18863 : 00000000;
    18864 : 00000000;
    18865 : 00000000;
    18866 : 00000000;
    18867 : 00000000;
    18868 : 00000000;
    18869 : 00000000;
    18870 : 00000000;
    18871 : 00000000;
    18872 : 00000000;
    18873 : 00000000;
    18874 : 00000000;
    18875 : 00000000;
    18876 : 00000000;
    18877 : 00000000;
    18878 : 00000000;
    18879 : 00000000;
    18880 : 00000000;
    18881 : 00000000;
    18882 : 00000000;
    18883 : 00000000;
    18884 : 00000000;
    18885 : 00000000;
    18886 : 00000000;
    18887 : 00000000;
    18888 : 00000000;
    18889 : 00000000;
    18890 : 00000000;
    18891 : 00000000;
    18892 : 00000000;
    18893 : 00000000;
    18894 : 00000000;
    18895 : 00000000;
    18896 : 00000000;
    18897 : 00000000;
    18898 : 00000000;
    18899 : 00000000;
    18900 : 00000000;
    18901 : 00000000;
    18902 : 00000000;
    18903 : 00000000;
    18904 : 00000000;
    18905 : 00000000;
    18906 : 00000000;
    18907 : 00000000;
    18908 : 00000000;
    18909 : 00000000;
    18910 : 00000000;
    18911 : 00000000;
    18912 : 00000000;
    18913 : 00000000;
    18914 : 00000000;
    18915 : 00000000;
    18916 : 00000000;
    18917 : 00000000;
    18918 : 00000000;
    18919 : 00000000;
    18920 : 00000000;
    18921 : 00000000;
    18922 : 00000000;
    18923 : 00000000;
    18924 : 00000000;
    18925 : 00000000;
    18926 : 00000000;
    18927 : 00000000;
    18928 : 00000000;
    18929 : 00000000;
    18930 : 00000000;
    18931 : 00000000;
    18932 : 00000000;
    18933 : 00000000;
    18934 : 00000000;
    18935 : 00000000;
    18936 : 00000000;
    18937 : 00000000;
    18938 : 00000000;
    18939 : 00000000;
    18940 : 00000000;
    18941 : 00000000;
    18942 : 00000000;
    18943 : 00000000;
    18944 : 00000000;
    18945 : 00000000;
    18946 : 00000000;
    18947 : 00000000;
    18948 : 00000000;
    18949 : 00000000;
    18950 : 00000000;
    18951 : 00000000;
    18952 : 00000000;
    18953 : 00000000;
    18954 : 00000000;
    18955 : 00000000;
    18956 : 00000000;
    18957 : 00000000;
    18958 : 00000000;
    18959 : 00000000;
    18960 : 00000000;
    18961 : 00000000;
    18962 : 00000000;
    18963 : 00000000;
    18964 : 00000000;
    18965 : 00000000;
    18966 : 00000000;
    18967 : 00000000;
    18968 : 00000000;
    18969 : 00000000;
    18970 : 00000000;
    18971 : 00000000;
    18972 : 00000000;
    18973 : 00000000;
    18974 : 00000000;
    18975 : 00000000;
    18976 : 00000000;
    18977 : 00000000;
    18978 : 00000000;
    18979 : 00000000;
    18980 : 00000000;
    18981 : 00000000;
    18982 : 00000000;
    18983 : 00000000;
    18984 : 00000000;
    18985 : 00000000;
    18986 : 00000000;
    18987 : 00000000;
    18988 : 00000000;
    18989 : 00000000;
    18990 : 00000000;
    18991 : 00000000;
    18992 : 00000000;
    18993 : 00000000;
    18994 : 00000000;
    18995 : 00000000;
    18996 : 00000000;
    18997 : 00000000;
    18998 : 00000000;
    18999 : 00000000;
    19000 : 00000000;
    19001 : 00000000;
    19002 : 00000000;
    19003 : 00000000;
    19004 : 00000000;
    19005 : 00000000;
    19006 : 00000000;
    19007 : 00000000;
    19008 : 00000000;
    19009 : 00000000;
    19010 : 00000000;
    19011 : 00000000;
    19012 : 00000000;
    19013 : 00000000;
    19014 : 00000000;
    19015 : 00000000;
    19016 : 00000000;
    19017 : 00000000;
    19018 : 00000000;
    19019 : 00000000;
    19020 : 00000000;
    19021 : 00000000;
    19022 : 00000000;
    19023 : 00000000;
    19024 : 00000000;
    19025 : 00000000;
    19026 : 00000000;
    19027 : 00000000;
    19028 : 00000000;
    19029 : 00000000;
    19030 : 00000000;
    19031 : 00000000;
    19032 : 00000000;
    19033 : 00000000;
    19034 : 00000000;
    19035 : 00000000;
    19036 : 00000000;
    19037 : 00000000;
    19038 : 00000000;
    19039 : 00000000;
    19040 : 00000000;
    19041 : 00000000;
    19042 : 00000000;
    19043 : 00000000;
    19044 : 00000000;
    19045 : 00000000;
    19046 : 00000000;
    19047 : 00000000;
    19048 : 00000000;
    19049 : 00000000;
    19050 : 00000000;
    19051 : 00000000;
    19052 : 00000000;
    19053 : 00000000;
    19054 : 00000000;
    19055 : 00000000;
    19056 : 00000000;
    19057 : 00000000;
    19058 : 00000000;
    19059 : 00000000;
    19060 : 00000000;
    19061 : 00000000;
    19062 : 00000000;
    19063 : 00000000;
    19064 : 00000000;
    19065 : 00000000;
    19066 : 00000000;
    19067 : 00000000;
    19068 : 00000000;
    19069 : 00000000;
    19070 : 00000000;
    19071 : 00000000;
    19072 : 00000000;
    19073 : 00000000;
    19074 : 00000000;
    19075 : 00000000;
    19076 : 00000000;
    19077 : 00000000;
    19078 : 00000000;
    19079 : 00000000;
    19080 : 00000000;
    19081 : 00000000;
    19082 : 00000000;
    19083 : 00000000;
    19084 : 00000000;
    19085 : 00000000;
    19086 : 00000000;
    19087 : 00000000;
    19088 : 00000000;
    19089 : 00000000;
    19090 : 00000000;
    19091 : 00000000;
    19092 : 00000000;
    19093 : 00000000;
    19094 : 00000000;
    19095 : 00000000;
    19096 : 00000000;
    19097 : 00000000;
    19098 : 00000000;
    19099 : 00000000;
    19100 : 00000000;
    19101 : 00000000;
    19102 : 00000000;
    19103 : 00000000;
    19104 : 00000000;
    19105 : 00000000;
    19106 : 00000000;
    19107 : 00000000;
    19108 : 00000000;
    19109 : 00000000;
    19110 : 00000000;
    19111 : 00000000;
    19112 : 00000000;
    19113 : 00000000;
    19114 : 00000000;
    19115 : 00000000;
    19116 : 00000000;
    19117 : 00000000;
    19118 : 00000000;
    19119 : 00000000;
    19120 : 00000000;
    19121 : 00000000;
    19122 : 00000000;
    19123 : 00000000;
    19124 : 00000000;
    19125 : 00000000;
    19126 : 00000000;
    19127 : 00000000;
    19128 : 00000000;
    19129 : 00000000;
    19130 : 00000000;
    19131 : 00000000;
    19132 : 00000000;
    19133 : 00000000;
    19134 : 00000000;
    19135 : 00000000;
    19136 : 00000000;
    19137 : 00000000;
    19138 : 00000000;
    19139 : 00000000;
    19140 : 00000000;
    19141 : 00000000;
    19142 : 00000000;
    19143 : 00000000;
    19144 : 00000000;
    19145 : 00000000;
    19146 : 00000000;
    19147 : 00000000;
    19148 : 00000000;
    19149 : 00000000;
    19150 : 00000000;
    19151 : 00000000;
    19152 : 00000000;
    19153 : 00000000;
    19154 : 00000000;
    19155 : 00000000;
    19156 : 00000000;
    19157 : 00000000;
    19158 : 00000000;
    19159 : 00000000;
    19160 : 00000000;
    19161 : 00000000;
    19162 : 00000000;
    19163 : 00000000;
    19164 : 00000000;
    19165 : 00000000;
    19166 : 00000000;
    19167 : 00000000;
    19168 : 00000000;
    19169 : 00000000;
    19170 : 00000000;
    19171 : 00000000;
    19172 : 00000000;
    19173 : 00000000;
    19174 : 00000000;
    19175 : 00000000;
    19176 : 00000000;
    19177 : 00000000;
    19178 : 00000000;
    19179 : 00000000;
    19180 : 00000000;
    19181 : 00000000;
    19182 : 00000000;
    19183 : 00000000;
    19184 : 00000000;
    19185 : 00000000;
    19186 : 00000000;
    19187 : 00000000;
    19188 : 00000000;
    19189 : 00000000;
    19190 : 00000000;
    19191 : 00000000;
    19192 : 00000000;
    19193 : 00000000;
    19194 : 00000000;
    19195 : 00000000;
    19196 : 00000000;
    19197 : 00000000;
    19198 : 00000000;
    19199 : 00000000;
    19200 : 00000000;
    19201 : 00000000;
    19202 : 00000000;
    19203 : 00000000;
    19204 : 00000000;
    19205 : 00000000;
    19206 : 00000000;
    19207 : 00000000;
    19208 : 00000000;
    19209 : 00000000;
    19210 : 00000000;
    19211 : 00000000;
    19212 : 00000000;
    19213 : 00000000;
    19214 : 00000000;
    19215 : 00000000;
    19216 : 00000000;
    19217 : 00000000;
    19218 : 00000000;
    19219 : 00000000;
    19220 : 00000000;
    19221 : 00000000;
    19222 : 00000000;
    19223 : 00000000;
    19224 : 00000000;
    19225 : 00000000;
    19226 : 00000000;
    19227 : 00000000;
    19228 : 00000000;
    19229 : 00000000;
    19230 : 00000000;
    19231 : 00000000;
    19232 : 00000000;
    19233 : 00000000;
    19234 : 00000000;
    19235 : 00000000;
    19236 : 00000000;
    19237 : 00000000;
    19238 : 00000000;
    19239 : 00000000;
    19240 : 00000000;
    19241 : 00000000;
    19242 : 00000000;
    19243 : 00000000;
    19244 : 00000000;
    19245 : 00000000;
    19246 : 00000000;
    19247 : 00000000;
    19248 : 00000000;
    19249 : 00000000;
    19250 : 00000000;
    19251 : 00000000;
    19252 : 00000000;
    19253 : 00000000;
    19254 : 00000000;
    19255 : 00000000;
    19256 : 00000000;
    19257 : 00000000;
    19258 : 00000000;
    19259 : 00000000;
    19260 : 00000000;
    19261 : 00000000;
    19262 : 00000000;
    19263 : 00000000;
    19264 : 00000000;
    19265 : 00000000;
    19266 : 00000000;
    19267 : 00000000;
    19268 : 00000000;
    19269 : 00000000;
    19270 : 00000000;
    19271 : 00000000;
    19272 : 00000000;
    19273 : 00000000;
    19274 : 00000000;
    19275 : 00000000;
    19276 : 00000000;
    19277 : 00000000;
    19278 : 00000000;
    19279 : 00000000;
    19280 : 00000000;
    19281 : 00000000;
    19282 : 00000000;
    19283 : 00000000;
    19284 : 00000000;
    19285 : 00000000;
    19286 : 00000000;
    19287 : 00000000;
    19288 : 00000000;
    19289 : 00000000;
    19290 : 00000000;
    19291 : 00000000;
    19292 : 00000000;
    19293 : 00000000;
    19294 : 00000000;
    19295 : 00000000;
    19296 : 00000000;
    19297 : 00000000;
    19298 : 00000000;
    19299 : 00000000;
    19300 : 00000000;
    19301 : 00000000;
    19302 : 00000000;
    19303 : 00000000;
    19304 : 00000000;
    19305 : 00000000;
    19306 : 00000000;
    19307 : 00000000;
    19308 : 00000000;
    19309 : 00000000;
    19310 : 00000000;
    19311 : 00000000;
    19312 : 00000000;
    19313 : 00000000;
    19314 : 00000000;
    19315 : 00000000;
    19316 : 00000000;
    19317 : 00000000;
    19318 : 00000000;
    19319 : 00000000;
    19320 : 00000000;
    19321 : 00000000;
    19322 : 00000000;
    19323 : 00000000;
    19324 : 00000000;
    19325 : 00000000;
    19326 : 00000000;
    19327 : 00000000;
    19328 : 00000000;
    19329 : 00000000;
    19330 : 00000000;
    19331 : 00000000;
    19332 : 00000000;
    19333 : 00000000;
    19334 : 00000000;
    19335 : 00000000;
    19336 : 00000000;
    19337 : 00000000;
    19338 : 00000000;
    19339 : 00000000;
    19340 : 00000000;
    19341 : 00000000;
    19342 : 00000000;
    19343 : 00000000;
    19344 : 00000000;
    19345 : 00000000;
    19346 : 00000000;
    19347 : 00000000;
    19348 : 00000000;
    19349 : 00000000;
    19350 : 00000000;
    19351 : 00000000;
    19352 : 00000000;
    19353 : 00000000;
    19354 : 00000000;
    19355 : 00000000;
    19356 : 00000000;
    19357 : 00000000;
    19358 : 00000000;
    19359 : 00000000;
    19360 : 00000000;
    19361 : 00000000;
    19362 : 00000000;
    19363 : 00000000;
    19364 : 00000000;
    19365 : 00000000;
    19366 : 00000000;
    19367 : 00000000;
    19368 : 00000000;
    19369 : 00000000;
    19370 : 00000000;
    19371 : 00000000;
    19372 : 00000000;
    19373 : 00000000;
    19374 : 00000000;
    19375 : 00000000;
    19376 : 00000000;
    19377 : 00000000;
    19378 : 00000000;
    19379 : 00000000;
    19380 : 00000000;
    19381 : 00000000;
    19382 : 00000000;
    19383 : 00000000;
    19384 : 00000000;
    19385 : 00000000;
    19386 : 00000000;
    19387 : 00000000;
    19388 : 00000000;
    19389 : 00000000;
    19390 : 00000000;
    19391 : 00000000;
    19392 : 00000000;
    19393 : 00000000;
    19394 : 00000000;
    19395 : 00000000;
    19396 : 00000000;
    19397 : 00000000;
    19398 : 00000000;
    19399 : 00000000;
    19400 : 00000000;
    19401 : 00000000;
    19402 : 00000000;
    19403 : 00000000;
    19404 : 00000000;
    19405 : 00000000;
    19406 : 00000000;
    19407 : 00000000;
    19408 : 00000000;
    19409 : 00000000;
    19410 : 00000000;
    19411 : 00000000;
    19412 : 00000000;
    19413 : 00000000;
    19414 : 00000000;
    19415 : 00000000;
    19416 : 00000000;
    19417 : 00000000;
    19418 : 00000000;
    19419 : 00000000;
    19420 : 00000000;
    19421 : 00000000;
    19422 : 00000000;
    19423 : 00000000;
    19424 : 00000000;
    19425 : 00000000;
    19426 : 00000000;
    19427 : 00000000;
    19428 : 00000000;
    19429 : 00000000;
    19430 : 00000000;
    19431 : 00000000;
    19432 : 00000000;
    19433 : 00000000;
    19434 : 00000000;
    19435 : 00000000;
    19436 : 00000000;
    19437 : 00000000;
    19438 : 00000000;
    19439 : 00000000;
    19440 : 00000000;
    19441 : 00000000;
    19442 : 00000000;
    19443 : 00000000;
    19444 : 00000000;
    19445 : 00000000;
    19446 : 00000000;
    19447 : 00000000;
    19448 : 00000000;
    19449 : 00000000;
    19450 : 00000000;
    19451 : 00000000;
    19452 : 53494730;
    19453 : 00000074;
    19454 : 00000098;
    19455 : 00000024;
    19456 : 1D000293;
    19457 : 1B800F93;
    19458 : 000FD003;
    19459 : 0002A023;
    19460 : 1B800F13;
    19461 : FFEF5083;
    19462 : 0012A223;
    19463 : 1B800E93;
    19464 : 002ED103;
    19465 : 0022A423;
    19466 : 1B800E13;
    19467 : FFCE5183;
    19468 : 0032A623;
    19469 : 1B800D93;
    19470 : 002DD203;
    19471 : 0042A823;
    19472 : 1E400093;
    19473 : 1B800D13;
    19474 : 004D5283;
    19475 : 0050A023;
    19476 : 1B800C93;
    19477 : 000CD303;
    19478 : 0060A223;
    19479 : 1B800C13;
    19480 : 000C5383;
    19481 : 0070A423;
    19482 : 1B800B93;
    19483 : 000BD403;
    19484 : 0080A623;
    19485 : 1B800B13;
    19486 : FFEB5483;
    19487 : 0090A823;
    19488 : 1F800093;
    19489 : 1B800A93;
    19490 : 002AD503;
    19491 : 00A0A023;
    19492 : 1B800A13;
    19493 : FFCA5583;
    19494 : 00B0A223;
    19495 : 1B800993;
    19496 : 0029D603;
    19497 : 00C0A423;
    19498 : 1B800913;
    19499 : 00495683;
    19500 : 00D0A623;
    19501 : 1B800893;
    19502 : 0008D703;
    19503 : 00E0A823;
    19504 : 20C00113;
    19505 : 1B800813;
    19506 : 00085783;
    19507 : 00F12023;
    19508 : 1B800793;
    19509 : 0007D803;
    19510 : 01012223;
    19511 : 1B800713;
    19512 : FFE75883;
    19513 : 01112423;
    19514 : 1B800693;
    19515 : 0026D903;
    19516 : 01212623;
    19517 : 1B800613;
    19518 : FFC65983;
    19519 : 01312823;
    19520 : 22000093;
    19521 : 1B800593;
    19522 : 0025DA03;
    19523 : 0140A023;
    19524 : 1B800513;
    19525 : 00455A83;
    19526 : 0150A223;
    19527 : 1B800493;
    19528 : 0004DB03;
    19529 : 0160A423;
    19530 : 1B800413;
    19531 : 00045B83;
    19532 : 0170A623;
    19533 : 1B800393;
    19534 : 0003DC03;
    19535 : 0180A823;
    19536 : 23400093;
    19537 : 1B800313;
    19538 : FFE35C83;
    19539 : 0190A023;
    19540 : 1B800293;
    19541 : 0022DD03;
    19542 : 01A0A223;
    19543 : 1B800213;
    19544 : FFC25D83;
    19545 : 01B0A423;
    19546 : 1B800193;
    19547 : 0021DE03;
    19548 : 01C0A623;
    19549 : 1B800113;
    19550 : 00415E83;
    19551 : 01D0A823;
    19552 : 24800113;
    19553 : 1B800093;
    19554 : 0000DF03;
    19555 : 01E12023;
    19556 : 1B800093;
    19557 : 0000DF83;
    19558 : 01F12223;
    19559 : 00000073;
    19560 : 11F1F222;
    19561 : F33344F4;
    19562 : 55F5F666;
    19563 : F77788F8;
    19564 : 99090AAA;
    19565 : 0BBBCC0C;
    19566 : DD0D0EEE;
    19567 : 0FFF00F0;
    19568 : 12345678;
    19569 : 9ABCDEF0;
    19570 : 76543210;
    19571 : FEDCBA98;
    19572 : FFFFFFFF;
    19573 : FFFFFFFF;
    19574 : FFFFFFFF;
    19575 : FFFFFFFF;
    19576 : FFFFFFFF;
    19577 : FFFFFFFF;
    19578 : FFFFFFFF;
    19579 : FFFFFFFF;
    19580 : FFFFFFFF;
    19581 : FFFFFFFF;
    19582 : FFFFFFFF;
    19583 : FFFFFFFF;
    19584 : FFFFFFFF;
    19585 : FFFFFFFF;
    19586 : FFFFFFFF;
    19587 : FFFFFFFF;
    19588 : FFFFFFFF;
    19589 : FFFFFFFF;
    19590 : FFFFFFFF;
    19591 : FFFFFFFF;
    19592 : FFFFFFFF;
    19593 : FFFFFFFF;
    19594 : FFFFFFFF;
    19595 : FFFFFFFF;
    19596 : FFFFFFFF;
    19597 : FFFFFFFF;
    19598 : FFFFFFFF;
    19599 : FFFFFFFF;
    19600 : FFFFFFFF;
    19601 : FFFFFFFF;
    19602 : FFFFFFFF;
    19603 : FFFFFFFF;
    19604 : FFFFFFFF;
    19605 : FFFFFFFF;
    19606 : FFFFFFFF;
    19607 : 00000000;
    19608 : 00000000;
    19609 : 00000000;
    19610 : 00000000;
    19611 : 00000000;
    19612 : 00000000;
    19613 : 00000000;
    19614 : 00000000;
    19615 : 00000000;
    19616 : 00000000;
    19617 : 00000000;
    19618 : 00000000;
    19619 : 00000000;
    19620 : 00000000;
    19621 : 00000000;
    19622 : 00000000;
    19623 : 00000000;
    19624 : 00000000;
    19625 : 00000000;
    19626 : 00000000;
    19627 : 00000000;
    19628 : 00000000;
    19629 : 00000000;
    19630 : 00000000;
    19631 : 00000000;
    19632 : 00000000;
    19633 : 00000000;
    19634 : 00000000;
    19635 : 00000000;
    19636 : 00000000;
    19637 : 00000000;
    19638 : 00000000;
    19639 : 00000000;
    19640 : 00000000;
    19641 : 00000000;
    19642 : 00000000;
    19643 : 00000000;
    19644 : 00000000;
    19645 : 00000000;
    19646 : 00000000;
    19647 : 00000000;
    19648 : 00000000;
    19649 : 00000000;
    19650 : 00000000;
    19651 : 00000000;
    19652 : 00000000;
    19653 : 00000000;
    19654 : 00000000;
    19655 : 00000000;
    19656 : 00000000;
    19657 : 00000000;
    19658 : 00000000;
    19659 : 00000000;
    19660 : 00000000;
    19661 : 00000000;
    19662 : 00000000;
    19663 : 00000000;
    19664 : 00000000;
    19665 : 00000000;
    19666 : 00000000;
    19667 : 00000000;
    19668 : 00000000;
    19669 : 00000000;
    19670 : 00000000;
    19671 : 00000000;
    19672 : 00000000;
    19673 : 00000000;
    19674 : 00000000;
    19675 : 00000000;
    19676 : 00000000;
    19677 : 00000000;
    19678 : 00000000;
    19679 : 00000000;
    19680 : 00000000;
    19681 : 00000000;
    19682 : 00000000;
    19683 : 00000000;
    19684 : 00000000;
    19685 : 00000000;
    19686 : 00000000;
    19687 : 00000000;
    19688 : 00000000;
    19689 : 00000000;
    19690 : 00000000;
    19691 : 00000000;
    19692 : 00000000;
    19693 : 00000000;
    19694 : 00000000;
    19695 : 00000000;
    19696 : 00000000;
    19697 : 00000000;
    19698 : 00000000;
    19699 : 00000000;
    19700 : 00000000;
    19701 : 00000000;
    19702 : 00000000;
    19703 : 00000000;
    19704 : 00000000;
    19705 : 00000000;
    19706 : 00000000;
    19707 : 00000000;
    19708 : 00000000;
    19709 : 00000000;
    19710 : 00000000;
    19711 : 00000000;
    19712 : 00000000;
    19713 : 00000000;
    19714 : 00000000;
    19715 : 00000000;
    19716 : 00000000;
    19717 : 00000000;
    19718 : 00000000;
    19719 : 00000000;
    19720 : 00000000;
    19721 : 00000000;
    19722 : 00000000;
    19723 : 00000000;
    19724 : 00000000;
    19725 : 00000000;
    19726 : 00000000;
    19727 : 00000000;
    19728 : 00000000;
    19729 : 00000000;
    19730 : 00000000;
    19731 : 00000000;
    19732 : 00000000;
    19733 : 00000000;
    19734 : 00000000;
    19735 : 00000000;
    19736 : 00000000;
    19737 : 00000000;
    19738 : 00000000;
    19739 : 00000000;
    19740 : 00000000;
    19741 : 00000000;
    19742 : 00000000;
    19743 : 00000000;
    19744 : 00000000;
    19745 : 00000000;
    19746 : 00000000;
    19747 : 00000000;
    19748 : 00000000;
    19749 : 00000000;
    19750 : 00000000;
    19751 : 00000000;
    19752 : 00000000;
    19753 : 00000000;
    19754 : 00000000;
    19755 : 00000000;
    19756 : 00000000;
    19757 : 00000000;
    19758 : 00000000;
    19759 : 00000000;
    19760 : 00000000;
    19761 : 00000000;
    19762 : 00000000;
    19763 : 00000000;
    19764 : 00000000;
    19765 : 00000000;
    19766 : 00000000;
    19767 : 00000000;
    19768 : 00000000;
    19769 : 00000000;
    19770 : 00000000;
    19771 : 00000000;
    19772 : 00000000;
    19773 : 00000000;
    19774 : 00000000;
    19775 : 00000000;
    19776 : 00000000;
    19777 : 00000000;
    19778 : 00000000;
    19779 : 00000000;
    19780 : 00000000;
    19781 : 00000000;
    19782 : 00000000;
    19783 : 00000000;
    19784 : 00000000;
    19785 : 00000000;
    19786 : 00000000;
    19787 : 00000000;
    19788 : 00000000;
    19789 : 00000000;
    19790 : 00000000;
    19791 : 00000000;
    19792 : 00000000;
    19793 : 00000000;
    19794 : 00000000;
    19795 : 00000000;
    19796 : 00000000;
    19797 : 00000000;
    19798 : 00000000;
    19799 : 00000000;
    19800 : 00000000;
    19801 : 00000000;
    19802 : 00000000;
    19803 : 00000000;
    19804 : 00000000;
    19805 : 00000000;
    19806 : 00000000;
    19807 : 00000000;
    19808 : 00000000;
    19809 : 00000000;
    19810 : 00000000;
    19811 : 00000000;
    19812 : 00000000;
    19813 : 00000000;
    19814 : 00000000;
    19815 : 00000000;
    19816 : 00000000;
    19817 : 00000000;
    19818 : 00000000;
    19819 : 00000000;
    19820 : 00000000;
    19821 : 00000000;
    19822 : 00000000;
    19823 : 00000000;
    19824 : 00000000;
    19825 : 00000000;
    19826 : 00000000;
    19827 : 00000000;
    19828 : 00000000;
    19829 : 00000000;
    19830 : 00000000;
    19831 : 00000000;
    19832 : 00000000;
    19833 : 00000000;
    19834 : 00000000;
    19835 : 00000000;
    19836 : 00000000;
    19837 : 00000000;
    19838 : 00000000;
    19839 : 00000000;
    19840 : 00000000;
    19841 : 00000000;
    19842 : 00000000;
    19843 : 00000000;
    19844 : 00000000;
    19845 : 00000000;
    19846 : 00000000;
    19847 : 00000000;
    19848 : 00000000;
    19849 : 00000000;
    19850 : 00000000;
    19851 : 00000000;
    19852 : 00000000;
    19853 : 00000000;
    19854 : 00000000;
    19855 : 00000000;
    19856 : 00000000;
    19857 : 00000000;
    19858 : 00000000;
    19859 : 00000000;
    19860 : 00000000;
    19861 : 00000000;
    19862 : 00000000;
    19863 : 00000000;
    19864 : 00000000;
    19865 : 00000000;
    19866 : 00000000;
    19867 : 00000000;
    19868 : 00000000;
    19869 : 00000000;
    19870 : 00000000;
    19871 : 00000000;
    19872 : 00000000;
    19873 : 00000000;
    19874 : 00000000;
    19875 : 00000000;
    19876 : 00000000;
    19877 : 00000000;
    19878 : 00000000;
    19879 : 00000000;
    19880 : 00000000;
    19881 : 00000000;
    19882 : 00000000;
    19883 : 00000000;
    19884 : 00000000;
    19885 : 00000000;
    19886 : 00000000;
    19887 : 00000000;
    19888 : 00000000;
    19889 : 00000000;
    19890 : 00000000;
    19891 : 00000000;
    19892 : 00000000;
    19893 : 00000000;
    19894 : 00000000;
    19895 : 00000000;
    19896 : 00000000;
    19897 : 00000000;
    19898 : 00000000;
    19899 : 00000000;
    19900 : 00000000;
    19901 : 00000000;
    19902 : 00000000;
    19903 : 00000000;
    19904 : 00000000;
    19905 : 00000000;
    19906 : 00000000;
    19907 : 00000000;
    19908 : 00000000;
    19909 : 00000000;
    19910 : 00000000;
    19911 : 00000000;
    19912 : 00000000;
    19913 : 00000000;
    19914 : 00000000;
    19915 : 00000000;
    19916 : 00000000;
    19917 : 00000000;
    19918 : 00000000;
    19919 : 00000000;
    19920 : 00000000;
    19921 : 00000000;
    19922 : 00000000;
    19923 : 00000000;
    19924 : 00000000;
    19925 : 00000000;
    19926 : 00000000;
    19927 : 00000000;
    19928 : 00000000;
    19929 : 00000000;
    19930 : 00000000;
    19931 : 00000000;
    19932 : 00000000;
    19933 : 00000000;
    19934 : 00000000;
    19935 : 00000000;
    19936 : 00000000;
    19937 : 00000000;
    19938 : 00000000;
    19939 : 00000000;
    19940 : 00000000;
    19941 : 00000000;
    19942 : 00000000;
    19943 : 00000000;
    19944 : 00000000;
    19945 : 00000000;
    19946 : 00000000;
    19947 : 00000000;
    19948 : 00000000;
    19949 : 00000000;
    19950 : 00000000;
    19951 : 00000000;
    19952 : 00000000;
    19953 : 00000000;
    19954 : 00000000;
    19955 : 00000000;
    19956 : 00000000;
    19957 : 00000000;
    19958 : 00000000;
    19959 : 00000000;
    19960 : 00000000;
    19961 : 00000000;
    19962 : 00000000;
    19963 : 00000000;
    19964 : 00000000;
    19965 : 00000000;
    19966 : 00000000;
    19967 : 00000000;
    19968 : 00000000;
    19969 : 00000000;
    19970 : 00000000;
    19971 : 00000000;
    19972 : 00000000;
    19973 : 00000000;
    19974 : 00000000;
    19975 : 00000000;
    19976 : 00000000;
    19977 : 00000000;
    19978 : 00000000;
    19979 : 00000000;
    19980 : 00000000;
    19981 : 00000000;
    19982 : 00000000;
    19983 : 00000000;
    19984 : 00000000;
    19985 : 00000000;
    19986 : 00000000;
    19987 : 00000000;
    19988 : 00000000;
    19989 : 00000000;
    19990 : 00000000;
    19991 : 00000000;
    19992 : 00000000;
    19993 : 00000000;
    19994 : 00000000;
    19995 : 00000000;
    19996 : 00000000;
    19997 : 00000000;
    19998 : 00000000;
    19999 : 00000000;
    20000 : 00000000;
    20001 : 00000000;
    20002 : 00000000;
    20003 : 00000000;
    20004 : 00000000;
    20005 : 00000000;
    20006 : 00000000;
    20007 : 00000000;
    20008 : 00000000;
    20009 : 00000000;
    20010 : 00000000;
    20011 : 00000000;
    20012 : 00000000;
    20013 : 00000000;
    20014 : 00000000;
    20015 : 00000000;
    20016 : 00000000;
    20017 : 00000000;
    20018 : 00000000;
    20019 : 00000000;
    20020 : 00000000;
    20021 : 00000000;
    20022 : 00000000;
    20023 : 00000000;
    20024 : 00000000;
    20025 : 00000000;
    20026 : 00000000;
    20027 : 00000000;
    20028 : 00000000;
    20029 : 00000000;
    20030 : 00000000;
    20031 : 00000000;
    20032 : 00000000;
    20033 : 00000000;
    20034 : 00000000;
    20035 : 00000000;
    20036 : 00000000;
    20037 : 00000000;
    20038 : 00000000;
    20039 : 00000000;
    20040 : 00000000;
    20041 : 00000000;
    20042 : 00000000;
    20043 : 00000000;
    20044 : 00000000;
    20045 : 00000000;
    20046 : 00000000;
    20047 : 00000000;
    20048 : 00000000;
    20049 : 00000000;
    20050 : 00000000;
    20051 : 00000000;
    20052 : 00000000;
    20053 : 00000000;
    20054 : 00000000;
    20055 : 00000000;
    20056 : 00000000;
    20057 : 00000000;
    20058 : 00000000;
    20059 : 00000000;
    20060 : 00000000;
    20061 : 00000000;
    20062 : 00000000;
    20063 : 00000000;
    20064 : 00000000;
    20065 : 00000000;
    20066 : 00000000;
    20067 : 00000000;
    20068 : 00000000;
    20069 : 00000000;
    20070 : 00000000;
    20071 : 00000000;
    20072 : 00000000;
    20073 : 00000000;
    20074 : 00000000;
    20075 : 00000000;
    20076 : 00000000;
    20077 : 00000000;
    20078 : 00000000;
    20079 : 00000000;
    20080 : 00000000;
    20081 : 00000000;
    20082 : 00000000;
    20083 : 00000000;
    20084 : 00000000;
    20085 : 00000000;
    20086 : 00000000;
    20087 : 00000000;
    20088 : 00000000;
    20089 : 00000000;
    20090 : 00000000;
    20091 : 00000000;
    20092 : 00000000;
    20093 : 00000000;
    20094 : 00000000;
    20095 : 00000000;
    20096 : 00000000;
    20097 : 00000000;
    20098 : 00000000;
    20099 : 00000000;
    20100 : 00000000;
    20101 : 00000000;
    20102 : 00000000;
    20103 : 00000000;
    20104 : 00000000;
    20105 : 00000000;
    20106 : 00000000;
    20107 : 00000000;
    20108 : 00000000;
    20109 : 00000000;
    20110 : 00000000;
    20111 : 00000000;
    20112 : 00000000;
    20113 : 00000000;
    20114 : 00000000;
    20115 : 00000000;
    20116 : 00000000;
    20117 : 00000000;
    20118 : 00000000;
    20119 : 00000000;
    20120 : 00000000;
    20121 : 00000000;
    20122 : 00000000;
    20123 : 00000000;
    20124 : 00000000;
    20125 : 00000000;
    20126 : 00000000;
    20127 : 00000000;
    20128 : 00000000;
    20129 : 00000000;
    20130 : 00000000;
    20131 : 00000000;
    20132 : 00000000;
    20133 : 00000000;
    20134 : 00000000;
    20135 : 00000000;
    20136 : 00000000;
    20137 : 00000000;
    20138 : 00000000;
    20139 : 00000000;
    20140 : 00000000;
    20141 : 00000000;
    20142 : 00000000;
    20143 : 00000000;
    20144 : 00000000;
    20145 : 00000000;
    20146 : 00000000;
    20147 : 00000000;
    20148 : 00000000;
    20149 : 00000000;
    20150 : 00000000;
    20151 : 00000000;
    20152 : 00000000;
    20153 : 00000000;
    20154 : 00000000;
    20155 : 00000000;
    20156 : 00000000;
    20157 : 00000000;
    20158 : 00000000;
    20159 : 00000000;
    20160 : 00000000;
    20161 : 00000000;
    20162 : 00000000;
    20163 : 00000000;
    20164 : 00000000;
    20165 : 00000000;
    20166 : 00000000;
    20167 : 00000000;
    20168 : 00000000;
    20169 : 00000000;
    20170 : 00000000;
    20171 : 00000000;
    20172 : 00000000;
    20173 : 00000000;
    20174 : 00000000;
    20175 : 00000000;
    20176 : 00000000;
    20177 : 00000000;
    20178 : 00000000;
    20179 : 00000000;
    20180 : 00000000;
    20181 : 00000000;
    20182 : 00000000;
    20183 : 00000000;
    20184 : 00000000;
    20185 : 00000000;
    20186 : 00000000;
    20187 : 00000000;
    20188 : 00000000;
    20189 : 00000000;
    20190 : 00000000;
    20191 : 00000000;
    20192 : 00000000;
    20193 : 00000000;
    20194 : 00000000;
    20195 : 00000000;
    20196 : 00000000;
    20197 : 00000000;
    20198 : 00000000;
    20199 : 00000000;
    20200 : 00000000;
    20201 : 00000000;
    20202 : 00000000;
    20203 : 00000000;
    20204 : 00000000;
    20205 : 00000000;
    20206 : 00000000;
    20207 : 00000000;
    20208 : 00000000;
    20209 : 00000000;
    20210 : 00000000;
    20211 : 00000000;
    20212 : 00000000;
    20213 : 00000000;
    20214 : 00000000;
    20215 : 00000000;
    20216 : 00000000;
    20217 : 00000000;
    20218 : 00000000;
    20219 : 00000000;
    20220 : 00000000;
    20221 : 00000000;
    20222 : 00000000;
    20223 : 00000000;
    20224 : 00000000;
    20225 : 00000000;
    20226 : 00000000;
    20227 : 00000000;
    20228 : 00000000;
    20229 : 00000000;
    20230 : 00000000;
    20231 : 00000000;
    20232 : 00000000;
    20233 : 00000000;
    20234 : 00000000;
    20235 : 00000000;
    20236 : 00000000;
    20237 : 00000000;
    20238 : 00000000;
    20239 : 00000000;
    20240 : 00000000;
    20241 : 00000000;
    20242 : 00000000;
    20243 : 00000000;
    20244 : 00000000;
    20245 : 00000000;
    20246 : 00000000;
    20247 : 00000000;
    20248 : 00000000;
    20249 : 00000000;
    20250 : 00000000;
    20251 : 00000000;
    20252 : 00000000;
    20253 : 00000000;
    20254 : 00000000;
    20255 : 00000000;
    20256 : 00000000;
    20257 : 00000000;
    20258 : 00000000;
    20259 : 00000000;
    20260 : 00000000;
    20261 : 00000000;
    20262 : 00000000;
    20263 : 00000000;
    20264 : 00000000;
    20265 : 00000000;
    20266 : 00000000;
    20267 : 00000000;
    20268 : 00000000;
    20269 : 00000000;
    20270 : 00000000;
    20271 : 00000000;
    20272 : 00000000;
    20273 : 00000000;
    20274 : 00000000;
    20275 : 00000000;
    20276 : 00000000;
    20277 : 00000000;
    20278 : 00000000;
    20279 : 00000000;
    20280 : 00000000;
    20281 : 00000000;
    20282 : 00000000;
    20283 : 00000000;
    20284 : 00000000;
    20285 : 00000000;
    20286 : 00000000;
    20287 : 00000000;
    20288 : 00000000;
    20289 : 00000000;
    20290 : 00000000;
    20291 : 00000000;
    20292 : 00000000;
    20293 : 00000000;
    20294 : 00000000;
    20295 : 00000000;
    20296 : 00000000;
    20297 : 00000000;
    20298 : 00000000;
    20299 : 00000000;
    20300 : 00000000;
    20301 : 00000000;
    20302 : 00000000;
    20303 : 00000000;
    20304 : 00000000;
    20305 : 00000000;
    20306 : 00000000;
    20307 : 00000000;
    20308 : 00000000;
    20309 : 00000000;
    20310 : 00000000;
    20311 : 00000000;
    20312 : 00000000;
    20313 : 00000000;
    20314 : 00000000;
    20315 : 00000000;
    20316 : 00000000;
    20317 : 00000000;
    20318 : 00000000;
    20319 : 00000000;
    20320 : 00000000;
    20321 : 00000000;
    20322 : 00000000;
    20323 : 00000000;
    20324 : 00000000;
    20325 : 00000000;
    20326 : 00000000;
    20327 : 00000000;
    20328 : 00000000;
    20329 : 00000000;
    20330 : 00000000;
    20331 : 00000000;
    20332 : 00000000;
    20333 : 00000000;
    20334 : 00000000;
    20335 : 00000000;
    20336 : 00000000;
    20337 : 00000000;
    20338 : 00000000;
    20339 : 00000000;
    20340 : 00000000;
    20341 : 00000000;
    20342 : 00000000;
    20343 : 00000000;
    20344 : 00000000;
    20345 : 00000000;
    20346 : 00000000;
    20347 : 00000000;
    20348 : 00000000;
    20349 : 00000000;
    20350 : 00000000;
    20351 : 00000000;
    20352 : 00000000;
    20353 : 00000000;
    20354 : 00000000;
    20355 : 00000000;
    20356 : 00000000;
    20357 : 00000000;
    20358 : 00000000;
    20359 : 00000000;
    20360 : 00000000;
    20361 : 00000000;
    20362 : 00000000;
    20363 : 00000000;
    20364 : 00000000;
    20365 : 00000000;
    20366 : 00000000;
    20367 : 00000000;
    20368 : 00000000;
    20369 : 00000000;
    20370 : 00000000;
    20371 : 00000000;
    20372 : 00000000;
    20373 : 00000000;
    20374 : 00000000;
    20375 : 00000000;
    20376 : 00000000;
    20377 : 00000000;
    20378 : 00000000;
    20379 : 00000000;
    20380 : 00000000;
    20381 : 00000000;
    20382 : 00000000;
    20383 : 00000000;
    20384 : 00000000;
    20385 : 00000000;
    20386 : 00000000;
    20387 : 00000000;
    20388 : 00000000;
    20389 : 00000000;
    20390 : 00000000;
    20391 : 00000000;
    20392 : 00000000;
    20393 : 00000000;
    20394 : 00000000;
    20395 : 00000000;
    20396 : 00000000;
    20397 : 00000000;
    20398 : 00000000;
    20399 : 00000000;
    20400 : 00000000;
    20401 : 00000000;
    20402 : 00000000;
    20403 : 00000000;
    20404 : 00000000;
    20405 : 00000000;
    20406 : 00000000;
    20407 : 00000000;
    20408 : 00000000;
    20409 : 00000000;
    20410 : 00000000;
    20411 : 00000000;
    20412 : 00000000;
    20413 : 00000000;
    20414 : 00000000;
    20415 : 00000000;
    20416 : 00000000;
    20417 : 00000000;
    20418 : 00000000;
    20419 : 00000000;
    20420 : 00000000;
    20421 : 00000000;
    20422 : 00000000;
    20423 : 00000000;
    20424 : 00000000;
    20425 : 00000000;
    20426 : 00000000;
    20427 : 00000000;
    20428 : 00000000;
    20429 : 00000000;
    20430 : 00000000;
    20431 : 00000000;
    20432 : 00000000;
    20433 : 00000000;
    20434 : 00000000;
    20435 : 00000000;
    20436 : 00000000;
    20437 : 00000000;
    20438 : 00000000;
    20439 : 00000000;
    20440 : 00000000;
    20441 : 00000000;
    20442 : 00000000;
    20443 : 00000000;
    20444 : 00000000;
    20445 : 00000000;
    20446 : 00000000;
    20447 : 00000000;
    20448 : 00000000;
    20449 : 00000000;
    20450 : 00000000;
    20451 : 00000000;
    20452 : 00000000;
    20453 : 00000000;
    20454 : 00000000;
    20455 : 00000000;
    20456 : 00000000;
    20457 : 00000000;
    20458 : 00000000;
    20459 : 00000000;
    20460 : 00000000;
    20461 : 00000000;
    20462 : 00000000;
    20463 : 00000000;
    20464 : 00000000;
    20465 : 00000000;
    20466 : 00000000;
    20467 : 00000000;
    20468 : 00000000;
    20469 : 00000000;
    20470 : 00000000;
    20471 : 00000000;
    20472 : 00000000;
    20473 : 00000000;
    20474 : 00000000;
    20475 : 00000000;
    20476 : 53494730;
    20477 : 00000074;
    20478 : 00000098;
    20479 : 00000024;
    20480 : 12000293;
    20481 : 00000037;
    20482 : 0002A023;
    20483 : 000000B7;
    20484 : 0012A223;
    20485 : 007FF137;
    20486 : 0022A423;
    20487 : 000011B7;
    20488 : 0032A623;
    20489 : 01234237;
    20490 : 0042A823;
    20491 : 13400093;
    20492 : 800002B7;
    20493 : 0050A023;
    20494 : 01234337;
    20495 : 0060A223;
    20496 : FFFFF3B7;
    20497 : 0070A423;
    20498 : 00001437;
    20499 : 0080A623;
    20500 : 7FFFF4B7;
    20501 : 0090A823;
    20502 : 14800093;
    20503 : 54321537;
    20504 : 00A0A023;
    20505 : 008005B7;
    20506 : 00B0A223;
    20507 : 00000637;
    20508 : 00C0A423;
    20509 : 007FF6B7;
    20510 : 00D0A623;
    20511 : 00000737;
    20512 : 00E0A823;
    20513 : 15C00113;
    20514 : 000017B7;
    20515 : 00F12023;
    20516 : 00000837;
    20517 : 01012223;
    20518 : 000008B7;
    20519 : 01112423;
    20520 : 007FF937;
    20521 : 01212623;
    20522 : 000019B7;
    20523 : 01312823;
    20524 : 17000093;
    20525 : 01234A37;
    20526 : 0140A023;
    20527 : 80000AB7;
    20528 : 0150A223;
    20529 : 01234B37;
    20530 : 0160A423;
    20531 : FFFFFBB7;
    20532 : 0170A623;
    20533 : 00001C37;
    20534 : 0180A823;
    20535 : 18400093;
    20536 : 7FFFFCB7;
    20537 : 0190A023;
    20538 : 54321D37;
    20539 : 01A0A223;
    20540 : 00800DB7;
    20541 : 01B0A423;
    20542 : 00000E37;
    20543 : 01C0A623;
    20544 : 007FFEB7;
    20545 : 01D0A823;
    20546 : 19800113;
    20547 : 00000F37;
    20548 : 01E12023;
    20549 : 00001FB7;
    20550 : 01F12223;
    20551 : 00000073;
    20552 : FFFFFFFF;
    20553 : FFFFFFFF;
    20554 : FFFFFFFF;
    20555 : FFFFFFFF;
    20556 : FFFFFFFF;
    20557 : FFFFFFFF;
    20558 : FFFFFFFF;
    20559 : FFFFFFFF;
    20560 : FFFFFFFF;
    20561 : FFFFFFFF;
    20562 : FFFFFFFF;
    20563 : FFFFFFFF;
    20564 : FFFFFFFF;
    20565 : FFFFFFFF;
    20566 : FFFFFFFF;
    20567 : FFFFFFFF;
    20568 : FFFFFFFF;
    20569 : FFFFFFFF;
    20570 : FFFFFFFF;
    20571 : FFFFFFFF;
    20572 : FFFFFFFF;
    20573 : FFFFFFFF;
    20574 : FFFFFFFF;
    20575 : FFFFFFFF;
    20576 : FFFFFFFF;
    20577 : FFFFFFFF;
    20578 : FFFFFFFF;
    20579 : FFFFFFFF;
    20580 : FFFFFFFF;
    20581 : FFFFFFFF;
    20582 : FFFFFFFF;
    20583 : FFFFFFFF;
    20584 : FFFFFFFF;
    20585 : FFFFFFFF;
    20586 : FFFFFFFF;
    20587 : 00000000;
    20588 : 00000000;
    20589 : 00000000;
    20590 : 00000000;
    20591 : 00000000;
    20592 : 00000000;
    20593 : 00000000;
    20594 : 00000000;
    20595 : 00000000;
    20596 : 00000000;
    20597 : 00000000;
    20598 : 00000000;
    20599 : 00000000;
    20600 : 00000000;
    20601 : 00000000;
    20602 : 00000000;
    20603 : 00000000;
    20604 : 00000000;
    20605 : 00000000;
    20606 : 00000000;
    20607 : 00000000;
    20608 : 00000000;
    20609 : 00000000;
    20610 : 00000000;
    20611 : 00000000;
    20612 : 00000000;
    20613 : 00000000;
    20614 : 00000000;
    20615 : 00000000;
    20616 : 00000000;
    20617 : 00000000;
    20618 : 00000000;
    20619 : 00000000;
    20620 : 00000000;
    20621 : 00000000;
    20622 : 00000000;
    20623 : 00000000;
    20624 : 00000000;
    20625 : 00000000;
    20626 : 00000000;
    20627 : 00000000;
    20628 : 00000000;
    20629 : 00000000;
    20630 : 00000000;
    20631 : 00000000;
    20632 : 00000000;
    20633 : 00000000;
    20634 : 00000000;
    20635 : 00000000;
    20636 : 00000000;
    20637 : 00000000;
    20638 : 00000000;
    20639 : 00000000;
    20640 : 00000000;
    20641 : 00000000;
    20642 : 00000000;
    20643 : 00000000;
    20644 : 00000000;
    20645 : 00000000;
    20646 : 00000000;
    20647 : 00000000;
    20648 : 00000000;
    20649 : 00000000;
    20650 : 00000000;
    20651 : 00000000;
    20652 : 00000000;
    20653 : 00000000;
    20654 : 00000000;
    20655 : 00000000;
    20656 : 00000000;
    20657 : 00000000;
    20658 : 00000000;
    20659 : 00000000;
    20660 : 00000000;
    20661 : 00000000;
    20662 : 00000000;
    20663 : 00000000;
    20664 : 00000000;
    20665 : 00000000;
    20666 : 00000000;
    20667 : 00000000;
    20668 : 00000000;
    20669 : 00000000;
    20670 : 00000000;
    20671 : 00000000;
    20672 : 00000000;
    20673 : 00000000;
    20674 : 00000000;
    20675 : 00000000;
    20676 : 00000000;
    20677 : 00000000;
    20678 : 00000000;
    20679 : 00000000;
    20680 : 00000000;
    20681 : 00000000;
    20682 : 00000000;
    20683 : 00000000;
    20684 : 00000000;
    20685 : 00000000;
    20686 : 00000000;
    20687 : 00000000;
    20688 : 00000000;
    20689 : 00000000;
    20690 : 00000000;
    20691 : 00000000;
    20692 : 00000000;
    20693 : 00000000;
    20694 : 00000000;
    20695 : 00000000;
    20696 : 00000000;
    20697 : 00000000;
    20698 : 00000000;
    20699 : 00000000;
    20700 : 00000000;
    20701 : 00000000;
    20702 : 00000000;
    20703 : 00000000;
    20704 : 00000000;
    20705 : 00000000;
    20706 : 00000000;
    20707 : 00000000;
    20708 : 00000000;
    20709 : 00000000;
    20710 : 00000000;
    20711 : 00000000;
    20712 : 00000000;
    20713 : 00000000;
    20714 : 00000000;
    20715 : 00000000;
    20716 : 00000000;
    20717 : 00000000;
    20718 : 00000000;
    20719 : 00000000;
    20720 : 00000000;
    20721 : 00000000;
    20722 : 00000000;
    20723 : 00000000;
    20724 : 00000000;
    20725 : 00000000;
    20726 : 00000000;
    20727 : 00000000;
    20728 : 00000000;
    20729 : 00000000;
    20730 : 00000000;
    20731 : 00000000;
    20732 : 00000000;
    20733 : 00000000;
    20734 : 00000000;
    20735 : 00000000;
    20736 : 00000000;
    20737 : 00000000;
    20738 : 00000000;
    20739 : 00000000;
    20740 : 00000000;
    20741 : 00000000;
    20742 : 00000000;
    20743 : 00000000;
    20744 : 00000000;
    20745 : 00000000;
    20746 : 00000000;
    20747 : 00000000;
    20748 : 00000000;
    20749 : 00000000;
    20750 : 00000000;
    20751 : 00000000;
    20752 : 00000000;
    20753 : 00000000;
    20754 : 00000000;
    20755 : 00000000;
    20756 : 00000000;
    20757 : 00000000;
    20758 : 00000000;
    20759 : 00000000;
    20760 : 00000000;
    20761 : 00000000;
    20762 : 00000000;
    20763 : 00000000;
    20764 : 00000000;
    20765 : 00000000;
    20766 : 00000000;
    20767 : 00000000;
    20768 : 00000000;
    20769 : 00000000;
    20770 : 00000000;
    20771 : 00000000;
    20772 : 00000000;
    20773 : 00000000;
    20774 : 00000000;
    20775 : 00000000;
    20776 : 00000000;
    20777 : 00000000;
    20778 : 00000000;
    20779 : 00000000;
    20780 : 00000000;
    20781 : 00000000;
    20782 : 00000000;
    20783 : 00000000;
    20784 : 00000000;
    20785 : 00000000;
    20786 : 00000000;
    20787 : 00000000;
    20788 : 00000000;
    20789 : 00000000;
    20790 : 00000000;
    20791 : 00000000;
    20792 : 00000000;
    20793 : 00000000;
    20794 : 00000000;
    20795 : 00000000;
    20796 : 00000000;
    20797 : 00000000;
    20798 : 00000000;
    20799 : 00000000;
    20800 : 00000000;
    20801 : 00000000;
    20802 : 00000000;
    20803 : 00000000;
    20804 : 00000000;
    20805 : 00000000;
    20806 : 00000000;
    20807 : 00000000;
    20808 : 00000000;
    20809 : 00000000;
    20810 : 00000000;
    20811 : 00000000;
    20812 : 00000000;
    20813 : 00000000;
    20814 : 00000000;
    20815 : 00000000;
    20816 : 00000000;
    20817 : 00000000;
    20818 : 00000000;
    20819 : 00000000;
    20820 : 00000000;
    20821 : 00000000;
    20822 : 00000000;
    20823 : 00000000;
    20824 : 00000000;
    20825 : 00000000;
    20826 : 00000000;
    20827 : 00000000;
    20828 : 00000000;
    20829 : 00000000;
    20830 : 00000000;
    20831 : 00000000;
    20832 : 00000000;
    20833 : 00000000;
    20834 : 00000000;
    20835 : 00000000;
    20836 : 00000000;
    20837 : 00000000;
    20838 : 00000000;
    20839 : 00000000;
    20840 : 00000000;
    20841 : 00000000;
    20842 : 00000000;
    20843 : 00000000;
    20844 : 00000000;
    20845 : 00000000;
    20846 : 00000000;
    20847 : 00000000;
    20848 : 00000000;
    20849 : 00000000;
    20850 : 00000000;
    20851 : 00000000;
    20852 : 00000000;
    20853 : 00000000;
    20854 : 00000000;
    20855 : 00000000;
    20856 : 00000000;
    20857 : 00000000;
    20858 : 00000000;
    20859 : 00000000;
    20860 : 00000000;
    20861 : 00000000;
    20862 : 00000000;
    20863 : 00000000;
    20864 : 00000000;
    20865 : 00000000;
    20866 : 00000000;
    20867 : 00000000;
    20868 : 00000000;
    20869 : 00000000;
    20870 : 00000000;
    20871 : 00000000;
    20872 : 00000000;
    20873 : 00000000;
    20874 : 00000000;
    20875 : 00000000;
    20876 : 00000000;
    20877 : 00000000;
    20878 : 00000000;
    20879 : 00000000;
    20880 : 00000000;
    20881 : 00000000;
    20882 : 00000000;
    20883 : 00000000;
    20884 : 00000000;
    20885 : 00000000;
    20886 : 00000000;
    20887 : 00000000;
    20888 : 00000000;
    20889 : 00000000;
    20890 : 00000000;
    20891 : 00000000;
    20892 : 00000000;
    20893 : 00000000;
    20894 : 00000000;
    20895 : 00000000;
    20896 : 00000000;
    20897 : 00000000;
    20898 : 00000000;
    20899 : 00000000;
    20900 : 00000000;
    20901 : 00000000;
    20902 : 00000000;
    20903 : 00000000;
    20904 : 00000000;
    20905 : 00000000;
    20906 : 00000000;
    20907 : 00000000;
    20908 : 00000000;
    20909 : 00000000;
    20910 : 00000000;
    20911 : 00000000;
    20912 : 00000000;
    20913 : 00000000;
    20914 : 00000000;
    20915 : 00000000;
    20916 : 00000000;
    20917 : 00000000;
    20918 : 00000000;
    20919 : 00000000;
    20920 : 00000000;
    20921 : 00000000;
    20922 : 00000000;
    20923 : 00000000;
    20924 : 00000000;
    20925 : 00000000;
    20926 : 00000000;
    20927 : 00000000;
    20928 : 00000000;
    20929 : 00000000;
    20930 : 00000000;
    20931 : 00000000;
    20932 : 00000000;
    20933 : 00000000;
    20934 : 00000000;
    20935 : 00000000;
    20936 : 00000000;
    20937 : 00000000;
    20938 : 00000000;
    20939 : 00000000;
    20940 : 00000000;
    20941 : 00000000;
    20942 : 00000000;
    20943 : 00000000;
    20944 : 00000000;
    20945 : 00000000;
    20946 : 00000000;
    20947 : 00000000;
    20948 : 00000000;
    20949 : 00000000;
    20950 : 00000000;
    20951 : 00000000;
    20952 : 00000000;
    20953 : 00000000;
    20954 : 00000000;
    20955 : 00000000;
    20956 : 00000000;
    20957 : 00000000;
    20958 : 00000000;
    20959 : 00000000;
    20960 : 00000000;
    20961 : 00000000;
    20962 : 00000000;
    20963 : 00000000;
    20964 : 00000000;
    20965 : 00000000;
    20966 : 00000000;
    20967 : 00000000;
    20968 : 00000000;
    20969 : 00000000;
    20970 : 00000000;
    20971 : 00000000;
    20972 : 00000000;
    20973 : 00000000;
    20974 : 00000000;
    20975 : 00000000;
    20976 : 00000000;
    20977 : 00000000;
    20978 : 00000000;
    20979 : 00000000;
    20980 : 00000000;
    20981 : 00000000;
    20982 : 00000000;
    20983 : 00000000;
    20984 : 00000000;
    20985 : 00000000;
    20986 : 00000000;
    20987 : 00000000;
    20988 : 00000000;
    20989 : 00000000;
    20990 : 00000000;
    20991 : 00000000;
    20992 : 00000000;
    20993 : 00000000;
    20994 : 00000000;
    20995 : 00000000;
    20996 : 00000000;
    20997 : 00000000;
    20998 : 00000000;
    20999 : 00000000;
    21000 : 00000000;
    21001 : 00000000;
    21002 : 00000000;
    21003 : 00000000;
    21004 : 00000000;
    21005 : 00000000;
    21006 : 00000000;
    21007 : 00000000;
    21008 : 00000000;
    21009 : 00000000;
    21010 : 00000000;
    21011 : 00000000;
    21012 : 00000000;
    21013 : 00000000;
    21014 : 00000000;
    21015 : 00000000;
    21016 : 00000000;
    21017 : 00000000;
    21018 : 00000000;
    21019 : 00000000;
    21020 : 00000000;
    21021 : 00000000;
    21022 : 00000000;
    21023 : 00000000;
    21024 : 00000000;
    21025 : 00000000;
    21026 : 00000000;
    21027 : 00000000;
    21028 : 00000000;
    21029 : 00000000;
    21030 : 00000000;
    21031 : 00000000;
    21032 : 00000000;
    21033 : 00000000;
    21034 : 00000000;
    21035 : 00000000;
    21036 : 00000000;
    21037 : 00000000;
    21038 : 00000000;
    21039 : 00000000;
    21040 : 00000000;
    21041 : 00000000;
    21042 : 00000000;
    21043 : 00000000;
    21044 : 00000000;
    21045 : 00000000;
    21046 : 00000000;
    21047 : 00000000;
    21048 : 00000000;
    21049 : 00000000;
    21050 : 00000000;
    21051 : 00000000;
    21052 : 00000000;
    21053 : 00000000;
    21054 : 00000000;
    21055 : 00000000;
    21056 : 00000000;
    21057 : 00000000;
    21058 : 00000000;
    21059 : 00000000;
    21060 : 00000000;
    21061 : 00000000;
    21062 : 00000000;
    21063 : 00000000;
    21064 : 00000000;
    21065 : 00000000;
    21066 : 00000000;
    21067 : 00000000;
    21068 : 00000000;
    21069 : 00000000;
    21070 : 00000000;
    21071 : 00000000;
    21072 : 00000000;
    21073 : 00000000;
    21074 : 00000000;
    21075 : 00000000;
    21076 : 00000000;
    21077 : 00000000;
    21078 : 00000000;
    21079 : 00000000;
    21080 : 00000000;
    21081 : 00000000;
    21082 : 00000000;
    21083 : 00000000;
    21084 : 00000000;
    21085 : 00000000;
    21086 : 00000000;
    21087 : 00000000;
    21088 : 00000000;
    21089 : 00000000;
    21090 : 00000000;
    21091 : 00000000;
    21092 : 00000000;
    21093 : 00000000;
    21094 : 00000000;
    21095 : 00000000;
    21096 : 00000000;
    21097 : 00000000;
    21098 : 00000000;
    21099 : 00000000;
    21100 : 00000000;
    21101 : 00000000;
    21102 : 00000000;
    21103 : 00000000;
    21104 : 00000000;
    21105 : 00000000;
    21106 : 00000000;
    21107 : 00000000;
    21108 : 00000000;
    21109 : 00000000;
    21110 : 00000000;
    21111 : 00000000;
    21112 : 00000000;
    21113 : 00000000;
    21114 : 00000000;
    21115 : 00000000;
    21116 : 00000000;
    21117 : 00000000;
    21118 : 00000000;
    21119 : 00000000;
    21120 : 00000000;
    21121 : 00000000;
    21122 : 00000000;
    21123 : 00000000;
    21124 : 00000000;
    21125 : 00000000;
    21126 : 00000000;
    21127 : 00000000;
    21128 : 00000000;
    21129 : 00000000;
    21130 : 00000000;
    21131 : 00000000;
    21132 : 00000000;
    21133 : 00000000;
    21134 : 00000000;
    21135 : 00000000;
    21136 : 00000000;
    21137 : 00000000;
    21138 : 00000000;
    21139 : 00000000;
    21140 : 00000000;
    21141 : 00000000;
    21142 : 00000000;
    21143 : 00000000;
    21144 : 00000000;
    21145 : 00000000;
    21146 : 00000000;
    21147 : 00000000;
    21148 : 00000000;
    21149 : 00000000;
    21150 : 00000000;
    21151 : 00000000;
    21152 : 00000000;
    21153 : 00000000;
    21154 : 00000000;
    21155 : 00000000;
    21156 : 00000000;
    21157 : 00000000;
    21158 : 00000000;
    21159 : 00000000;
    21160 : 00000000;
    21161 : 00000000;
    21162 : 00000000;
    21163 : 00000000;
    21164 : 00000000;
    21165 : 00000000;
    21166 : 00000000;
    21167 : 00000000;
    21168 : 00000000;
    21169 : 00000000;
    21170 : 00000000;
    21171 : 00000000;
    21172 : 00000000;
    21173 : 00000000;
    21174 : 00000000;
    21175 : 00000000;
    21176 : 00000000;
    21177 : 00000000;
    21178 : 00000000;
    21179 : 00000000;
    21180 : 00000000;
    21181 : 00000000;
    21182 : 00000000;
    21183 : 00000000;
    21184 : 00000000;
    21185 : 00000000;
    21186 : 00000000;
    21187 : 00000000;
    21188 : 00000000;
    21189 : 00000000;
    21190 : 00000000;
    21191 : 00000000;
    21192 : 00000000;
    21193 : 00000000;
    21194 : 00000000;
    21195 : 00000000;
    21196 : 00000000;
    21197 : 00000000;
    21198 : 00000000;
    21199 : 00000000;
    21200 : 00000000;
    21201 : 00000000;
    21202 : 00000000;
    21203 : 00000000;
    21204 : 00000000;
    21205 : 00000000;
    21206 : 00000000;
    21207 : 00000000;
    21208 : 00000000;
    21209 : 00000000;
    21210 : 00000000;
    21211 : 00000000;
    21212 : 00000000;
    21213 : 00000000;
    21214 : 00000000;
    21215 : 00000000;
    21216 : 00000000;
    21217 : 00000000;
    21218 : 00000000;
    21219 : 00000000;
    21220 : 00000000;
    21221 : 00000000;
    21222 : 00000000;
    21223 : 00000000;
    21224 : 00000000;
    21225 : 00000000;
    21226 : 00000000;
    21227 : 00000000;
    21228 : 00000000;
    21229 : 00000000;
    21230 : 00000000;
    21231 : 00000000;
    21232 : 00000000;
    21233 : 00000000;
    21234 : 00000000;
    21235 : 00000000;
    21236 : 00000000;
    21237 : 00000000;
    21238 : 00000000;
    21239 : 00000000;
    21240 : 00000000;
    21241 : 00000000;
    21242 : 00000000;
    21243 : 00000000;
    21244 : 00000000;
    21245 : 00000000;
    21246 : 00000000;
    21247 : 00000000;
    21248 : 00000000;
    21249 : 00000000;
    21250 : 00000000;
    21251 : 00000000;
    21252 : 00000000;
    21253 : 00000000;
    21254 : 00000000;
    21255 : 00000000;
    21256 : 00000000;
    21257 : 00000000;
    21258 : 00000000;
    21259 : 00000000;
    21260 : 00000000;
    21261 : 00000000;
    21262 : 00000000;
    21263 : 00000000;
    21264 : 00000000;
    21265 : 00000000;
    21266 : 00000000;
    21267 : 00000000;
    21268 : 00000000;
    21269 : 00000000;
    21270 : 00000000;
    21271 : 00000000;
    21272 : 00000000;
    21273 : 00000000;
    21274 : 00000000;
    21275 : 00000000;
    21276 : 00000000;
    21277 : 00000000;
    21278 : 00000000;
    21279 : 00000000;
    21280 : 00000000;
    21281 : 00000000;
    21282 : 00000000;
    21283 : 00000000;
    21284 : 00000000;
    21285 : 00000000;
    21286 : 00000000;
    21287 : 00000000;
    21288 : 00000000;
    21289 : 00000000;
    21290 : 00000000;
    21291 : 00000000;
    21292 : 00000000;
    21293 : 00000000;
    21294 : 00000000;
    21295 : 00000000;
    21296 : 00000000;
    21297 : 00000000;
    21298 : 00000000;
    21299 : 00000000;
    21300 : 00000000;
    21301 : 00000000;
    21302 : 00000000;
    21303 : 00000000;
    21304 : 00000000;
    21305 : 00000000;
    21306 : 00000000;
    21307 : 00000000;
    21308 : 00000000;
    21309 : 00000000;
    21310 : 00000000;
    21311 : 00000000;
    21312 : 00000000;
    21313 : 00000000;
    21314 : 00000000;
    21315 : 00000000;
    21316 : 00000000;
    21317 : 00000000;
    21318 : 00000000;
    21319 : 00000000;
    21320 : 00000000;
    21321 : 00000000;
    21322 : 00000000;
    21323 : 00000000;
    21324 : 00000000;
    21325 : 00000000;
    21326 : 00000000;
    21327 : 00000000;
    21328 : 00000000;
    21329 : 00000000;
    21330 : 00000000;
    21331 : 00000000;
    21332 : 00000000;
    21333 : 00000000;
    21334 : 00000000;
    21335 : 00000000;
    21336 : 00000000;
    21337 : 00000000;
    21338 : 00000000;
    21339 : 00000000;
    21340 : 00000000;
    21341 : 00000000;
    21342 : 00000000;
    21343 : 00000000;
    21344 : 00000000;
    21345 : 00000000;
    21346 : 00000000;
    21347 : 00000000;
    21348 : 00000000;
    21349 : 00000000;
    21350 : 00000000;
    21351 : 00000000;
    21352 : 00000000;
    21353 : 00000000;
    21354 : 00000000;
    21355 : 00000000;
    21356 : 00000000;
    21357 : 00000000;
    21358 : 00000000;
    21359 : 00000000;
    21360 : 00000000;
    21361 : 00000000;
    21362 : 00000000;
    21363 : 00000000;
    21364 : 00000000;
    21365 : 00000000;
    21366 : 00000000;
    21367 : 00000000;
    21368 : 00000000;
    21369 : 00000000;
    21370 : 00000000;
    21371 : 00000000;
    21372 : 00000000;
    21373 : 00000000;
    21374 : 00000000;
    21375 : 00000000;
    21376 : 00000000;
    21377 : 00000000;
    21378 : 00000000;
    21379 : 00000000;
    21380 : 00000000;
    21381 : 00000000;
    21382 : 00000000;
    21383 : 00000000;
    21384 : 00000000;
    21385 : 00000000;
    21386 : 00000000;
    21387 : 00000000;
    21388 : 00000000;
    21389 : 00000000;
    21390 : 00000000;
    21391 : 00000000;
    21392 : 00000000;
    21393 : 00000000;
    21394 : 00000000;
    21395 : 00000000;
    21396 : 00000000;
    21397 : 00000000;
    21398 : 00000000;
    21399 : 00000000;
    21400 : 00000000;
    21401 : 00000000;
    21402 : 00000000;
    21403 : 00000000;
    21404 : 00000000;
    21405 : 00000000;
    21406 : 00000000;
    21407 : 00000000;
    21408 : 00000000;
    21409 : 00000000;
    21410 : 00000000;
    21411 : 00000000;
    21412 : 00000000;
    21413 : 00000000;
    21414 : 00000000;
    21415 : 00000000;
    21416 : 00000000;
    21417 : 00000000;
    21418 : 00000000;
    21419 : 00000000;
    21420 : 00000000;
    21421 : 00000000;
    21422 : 00000000;
    21423 : 00000000;
    21424 : 00000000;
    21425 : 00000000;
    21426 : 00000000;
    21427 : 00000000;
    21428 : 00000000;
    21429 : 00000000;
    21430 : 00000000;
    21431 : 00000000;
    21432 : 00000000;
    21433 : 00000000;
    21434 : 00000000;
    21435 : 00000000;
    21436 : 00000000;
    21437 : 00000000;
    21438 : 00000000;
    21439 : 00000000;
    21440 : 00000000;
    21441 : 00000000;
    21442 : 00000000;
    21443 : 00000000;
    21444 : 00000000;
    21445 : 00000000;
    21446 : 00000000;
    21447 : 00000000;
    21448 : 00000000;
    21449 : 00000000;
    21450 : 00000000;
    21451 : 00000000;
    21452 : 00000000;
    21453 : 00000000;
    21454 : 00000000;
    21455 : 00000000;
    21456 : 00000000;
    21457 : 00000000;
    21458 : 00000000;
    21459 : 00000000;
    21460 : 00000000;
    21461 : 00000000;
    21462 : 00000000;
    21463 : 00000000;
    21464 : 00000000;
    21465 : 00000000;
    21466 : 00000000;
    21467 : 00000000;
    21468 : 00000000;
    21469 : 00000000;
    21470 : 00000000;
    21471 : 00000000;
    21472 : 00000000;
    21473 : 00000000;
    21474 : 00000000;
    21475 : 00000000;
    21476 : 00000000;
    21477 : 00000000;
    21478 : 00000000;
    21479 : 00000000;
    21480 : 00000000;
    21481 : 00000000;
    21482 : 00000000;
    21483 : 00000000;
    21484 : 00000000;
    21485 : 00000000;
    21486 : 00000000;
    21487 : 00000000;
    21488 : 00000000;
    21489 : 00000000;
    21490 : 00000000;
    21491 : 00000000;
    21492 : 00000000;
    21493 : 00000000;
    21494 : 00000000;
    21495 : 00000000;
    21496 : 00000000;
    21497 : 00000000;
    21498 : 00000000;
    21499 : 00000000;
    21500 : 53494730;
    21501 : 00000048;
    21502 : 0000006C;
    21503 : 00000024;
    21504 : 1D000293;
    21505 : 1B800F93;
    21506 : 000FA003;
    21507 : 0002A023;
    21508 : 1B800F13;
    21509 : 000F2083;
    21510 : 0012A223;
    21511 : 1B800E93;
    21512 : 000EA103;
    21513 : 0022A423;
    21514 : 1B800E13;
    21515 : FFCE2183;
    21516 : 0032A623;
    21517 : 1B800D93;
    21518 : 000DA203;
    21519 : 0042A823;
    21520 : 1E400093;
    21521 : 1B800D13;
    21522 : 004D2283;
    21523 : 0050A023;
    21524 : 1B800C93;
    21525 : 000CA303;
    21526 : 0060A223;
    21527 : 1B800C13;
    21528 : 000C2383;
    21529 : 0070A423;
    21530 : 1B800B93;
    21531 : 000BA403;
    21532 : 0080A623;
    21533 : 1B800B13;
    21534 : 000B2483;
    21535 : 0090A823;
    21536 : 1F800093;
    21537 : 1B800A93;
    21538 : 000AA503;
    21539 : 00A0A023;
    21540 : 1B800A13;
    21541 : FFCA2583;
    21542 : 00B0A223;
    21543 : 1B800993;
    21544 : 0009A603;
    21545 : 00C0A423;
    21546 : 1B800913;
    21547 : 00492683;
    21548 : 00D0A623;
    21549 : 1B800893;
    21550 : 0008A703;
    21551 : 00E0A823;
    21552 : 20C00113;
    21553 : 1B800813;
    21554 : 00082783;
    21555 : 00F12023;
    21556 : 1B800793;
    21557 : 0007A803;
    21558 : 01012223;
    21559 : 1B800713;
    21560 : 00072883;
    21561 : 01112423;
    21562 : 1B800693;
    21563 : 0006A903;
    21564 : 01212623;
    21565 : 1B800613;
    21566 : FFC62983;
    21567 : 01312823;
    21568 : 22000093;
    21569 : 1B800593;
    21570 : 0005AA03;
    21571 : 0140A023;
    21572 : 1B800513;
    21573 : 00452A83;
    21574 : 0150A223;
    21575 : 1B800493;
    21576 : 0004AB03;
    21577 : 0160A423;
    21578 : 1B800413;
    21579 : 00042B83;
    21580 : 0170A623;
    21581 : 1B800393;
    21582 : 0003AC03;
    21583 : 0180A823;
    21584 : 23400093;
    21585 : 1B800313;
    21586 : 00032C83;
    21587 : 0190A023;
    21588 : 1B800293;
    21589 : 0002AD03;
    21590 : 01A0A223;
    21591 : 1B800213;
    21592 : FFC22D83;
    21593 : 01B0A423;
    21594 : 1B800193;
    21595 : 0001AE03;
    21596 : 01C0A623;
    21597 : 1B800113;
    21598 : 00412E83;
    21599 : 01D0A823;
    21600 : 24800113;
    21601 : 1B800093;
    21602 : 0000AF03;
    21603 : 01E12023;
    21604 : 1B800093;
    21605 : 0000AF83;
    21606 : 01F12223;
    21607 : 00000073;
    21608 : 11F1F222;
    21609 : F33344F4;
    21610 : 55F5F666;
    21611 : F77788F8;
    21612 : 99090AAA;
    21613 : 0BBBCC0C;
    21614 : DD0D0EEE;
    21615 : 0FFF00F0;
    21616 : 12345678;
    21617 : 9ABCDEF0;
    21618 : 76543210;
    21619 : FEDCBA98;
    21620 : FFFFFFFF;
    21621 : FFFFFFFF;
    21622 : FFFFFFFF;
    21623 : FFFFFFFF;
    21624 : FFFFFFFF;
    21625 : FFFFFFFF;
    21626 : FFFFFFFF;
    21627 : FFFFFFFF;
    21628 : FFFFFFFF;
    21629 : FFFFFFFF;
    21630 : FFFFFFFF;
    21631 : FFFFFFFF;
    21632 : FFFFFFFF;
    21633 : FFFFFFFF;
    21634 : FFFFFFFF;
    21635 : FFFFFFFF;
    21636 : FFFFFFFF;
    21637 : FFFFFFFF;
    21638 : FFFFFFFF;
    21639 : FFFFFFFF;
    21640 : FFFFFFFF;
    21641 : FFFFFFFF;
    21642 : FFFFFFFF;
    21643 : FFFFFFFF;
    21644 : FFFFFFFF;
    21645 : FFFFFFFF;
    21646 : FFFFFFFF;
    21647 : FFFFFFFF;
    21648 : FFFFFFFF;
    21649 : FFFFFFFF;
    21650 : FFFFFFFF;
    21651 : FFFFFFFF;
    21652 : FFFFFFFF;
    21653 : FFFFFFFF;
    21654 : FFFFFFFF;
    21655 : 00000000;
    21656 : 00000000;
    21657 : 00000000;
    21658 : 00000000;
    21659 : 00000000;
    21660 : 00000000;
    21661 : 00000000;
    21662 : 00000000;
    21663 : 00000000;
    21664 : 00000000;
    21665 : 00000000;
    21666 : 00000000;
    21667 : 00000000;
    21668 : 00000000;
    21669 : 00000000;
    21670 : 00000000;
    21671 : 00000000;
    21672 : 00000000;
    21673 : 00000000;
    21674 : 00000000;
    21675 : 00000000;
    21676 : 00000000;
    21677 : 00000000;
    21678 : 00000000;
    21679 : 00000000;
    21680 : 00000000;
    21681 : 00000000;
    21682 : 00000000;
    21683 : 00000000;
    21684 : 00000000;
    21685 : 00000000;
    21686 : 00000000;
    21687 : 00000000;
    21688 : 00000000;
    21689 : 00000000;
    21690 : 00000000;
    21691 : 00000000;
    21692 : 00000000;
    21693 : 00000000;
    21694 : 00000000;
    21695 : 00000000;
    21696 : 00000000;
    21697 : 00000000;
    21698 : 00000000;
    21699 : 00000000;
    21700 : 00000000;
    21701 : 00000000;
    21702 : 00000000;
    21703 : 00000000;
    21704 : 00000000;
    21705 : 00000000;
    21706 : 00000000;
    21707 : 00000000;
    21708 : 00000000;
    21709 : 00000000;
    21710 : 00000000;
    21711 : 00000000;
    21712 : 00000000;
    21713 : 00000000;
    21714 : 00000000;
    21715 : 00000000;
    21716 : 00000000;
    21717 : 00000000;
    21718 : 00000000;
    21719 : 00000000;
    21720 : 00000000;
    21721 : 00000000;
    21722 : 00000000;
    21723 : 00000000;
    21724 : 00000000;
    21725 : 00000000;
    21726 : 00000000;
    21727 : 00000000;
    21728 : 00000000;
    21729 : 00000000;
    21730 : 00000000;
    21731 : 00000000;
    21732 : 00000000;
    21733 : 00000000;
    21734 : 00000000;
    21735 : 00000000;
    21736 : 00000000;
    21737 : 00000000;
    21738 : 00000000;
    21739 : 00000000;
    21740 : 00000000;
    21741 : 00000000;
    21742 : 00000000;
    21743 : 00000000;
    21744 : 00000000;
    21745 : 00000000;
    21746 : 00000000;
    21747 : 00000000;
    21748 : 00000000;
    21749 : 00000000;
    21750 : 00000000;
    21751 : 00000000;
    21752 : 00000000;
    21753 : 00000000;
    21754 : 00000000;
    21755 : 00000000;
    21756 : 00000000;
    21757 : 00000000;
    21758 : 00000000;
    21759 : 00000000;
    21760 : 00000000;
    21761 : 00000000;
    21762 : 00000000;
    21763 : 00000000;
    21764 : 00000000;
    21765 : 00000000;
    21766 : 00000000;
    21767 : 00000000;
    21768 : 00000000;
    21769 : 00000000;
    21770 : 00000000;
    21771 : 00000000;
    21772 : 00000000;
    21773 : 00000000;
    21774 : 00000000;
    21775 : 00000000;
    21776 : 00000000;
    21777 : 00000000;
    21778 : 00000000;
    21779 : 00000000;
    21780 : 00000000;
    21781 : 00000000;
    21782 : 00000000;
    21783 : 00000000;
    21784 : 00000000;
    21785 : 00000000;
    21786 : 00000000;
    21787 : 00000000;
    21788 : 00000000;
    21789 : 00000000;
    21790 : 00000000;
    21791 : 00000000;
    21792 : 00000000;
    21793 : 00000000;
    21794 : 00000000;
    21795 : 00000000;
    21796 : 00000000;
    21797 : 00000000;
    21798 : 00000000;
    21799 : 00000000;
    21800 : 00000000;
    21801 : 00000000;
    21802 : 00000000;
    21803 : 00000000;
    21804 : 00000000;
    21805 : 00000000;
    21806 : 00000000;
    21807 : 00000000;
    21808 : 00000000;
    21809 : 00000000;
    21810 : 00000000;
    21811 : 00000000;
    21812 : 00000000;
    21813 : 00000000;
    21814 : 00000000;
    21815 : 00000000;
    21816 : 00000000;
    21817 : 00000000;
    21818 : 00000000;
    21819 : 00000000;
    21820 : 00000000;
    21821 : 00000000;
    21822 : 00000000;
    21823 : 00000000;
    21824 : 00000000;
    21825 : 00000000;
    21826 : 00000000;
    21827 : 00000000;
    21828 : 00000000;
    21829 : 00000000;
    21830 : 00000000;
    21831 : 00000000;
    21832 : 00000000;
    21833 : 00000000;
    21834 : 00000000;
    21835 : 00000000;
    21836 : 00000000;
    21837 : 00000000;
    21838 : 00000000;
    21839 : 00000000;
    21840 : 00000000;
    21841 : 00000000;
    21842 : 00000000;
    21843 : 00000000;
    21844 : 00000000;
    21845 : 00000000;
    21846 : 00000000;
    21847 : 00000000;
    21848 : 00000000;
    21849 : 00000000;
    21850 : 00000000;
    21851 : 00000000;
    21852 : 00000000;
    21853 : 00000000;
    21854 : 00000000;
    21855 : 00000000;
    21856 : 00000000;
    21857 : 00000000;
    21858 : 00000000;
    21859 : 00000000;
    21860 : 00000000;
    21861 : 00000000;
    21862 : 00000000;
    21863 : 00000000;
    21864 : 00000000;
    21865 : 00000000;
    21866 : 00000000;
    21867 : 00000000;
    21868 : 00000000;
    21869 : 00000000;
    21870 : 00000000;
    21871 : 00000000;
    21872 : 00000000;
    21873 : 00000000;
    21874 : 00000000;
    21875 : 00000000;
    21876 : 00000000;
    21877 : 00000000;
    21878 : 00000000;
    21879 : 00000000;
    21880 : 00000000;
    21881 : 00000000;
    21882 : 00000000;
    21883 : 00000000;
    21884 : 00000000;
    21885 : 00000000;
    21886 : 00000000;
    21887 : 00000000;
    21888 : 00000000;
    21889 : 00000000;
    21890 : 00000000;
    21891 : 00000000;
    21892 : 00000000;
    21893 : 00000000;
    21894 : 00000000;
    21895 : 00000000;
    21896 : 00000000;
    21897 : 00000000;
    21898 : 00000000;
    21899 : 00000000;
    21900 : 00000000;
    21901 : 00000000;
    21902 : 00000000;
    21903 : 00000000;
    21904 : 00000000;
    21905 : 00000000;
    21906 : 00000000;
    21907 : 00000000;
    21908 : 00000000;
    21909 : 00000000;
    21910 : 00000000;
    21911 : 00000000;
    21912 : 00000000;
    21913 : 00000000;
    21914 : 00000000;
    21915 : 00000000;
    21916 : 00000000;
    21917 : 00000000;
    21918 : 00000000;
    21919 : 00000000;
    21920 : 00000000;
    21921 : 00000000;
    21922 : 00000000;
    21923 : 00000000;
    21924 : 00000000;
    21925 : 00000000;
    21926 : 00000000;
    21927 : 00000000;
    21928 : 00000000;
    21929 : 00000000;
    21930 : 00000000;
    21931 : 00000000;
    21932 : 00000000;
    21933 : 00000000;
    21934 : 00000000;
    21935 : 00000000;
    21936 : 00000000;
    21937 : 00000000;
    21938 : 00000000;
    21939 : 00000000;
    21940 : 00000000;
    21941 : 00000000;
    21942 : 00000000;
    21943 : 00000000;
    21944 : 00000000;
    21945 : 00000000;
    21946 : 00000000;
    21947 : 00000000;
    21948 : 00000000;
    21949 : 00000000;
    21950 : 00000000;
    21951 : 00000000;
    21952 : 00000000;
    21953 : 00000000;
    21954 : 00000000;
    21955 : 00000000;
    21956 : 00000000;
    21957 : 00000000;
    21958 : 00000000;
    21959 : 00000000;
    21960 : 00000000;
    21961 : 00000000;
    21962 : 00000000;
    21963 : 00000000;
    21964 : 00000000;
    21965 : 00000000;
    21966 : 00000000;
    21967 : 00000000;
    21968 : 00000000;
    21969 : 00000000;
    21970 : 00000000;
    21971 : 00000000;
    21972 : 00000000;
    21973 : 00000000;
    21974 : 00000000;
    21975 : 00000000;
    21976 : 00000000;
    21977 : 00000000;
    21978 : 00000000;
    21979 : 00000000;
    21980 : 00000000;
    21981 : 00000000;
    21982 : 00000000;
    21983 : 00000000;
    21984 : 00000000;
    21985 : 00000000;
    21986 : 00000000;
    21987 : 00000000;
    21988 : 00000000;
    21989 : 00000000;
    21990 : 00000000;
    21991 : 00000000;
    21992 : 00000000;
    21993 : 00000000;
    21994 : 00000000;
    21995 : 00000000;
    21996 : 00000000;
    21997 : 00000000;
    21998 : 00000000;
    21999 : 00000000;
    22000 : 00000000;
    22001 : 00000000;
    22002 : 00000000;
    22003 : 00000000;
    22004 : 00000000;
    22005 : 00000000;
    22006 : 00000000;
    22007 : 00000000;
    22008 : 00000000;
    22009 : 00000000;
    22010 : 00000000;
    22011 : 00000000;
    22012 : 00000000;
    22013 : 00000000;
    22014 : 00000000;
    22015 : 00000000;
    22016 : 00000000;
    22017 : 00000000;
    22018 : 00000000;
    22019 : 00000000;
    22020 : 00000000;
    22021 : 00000000;
    22022 : 00000000;
    22023 : 00000000;
    22024 : 00000000;
    22025 : 00000000;
    22026 : 00000000;
    22027 : 00000000;
    22028 : 00000000;
    22029 : 00000000;
    22030 : 00000000;
    22031 : 00000000;
    22032 : 00000000;
    22033 : 00000000;
    22034 : 00000000;
    22035 : 00000000;
    22036 : 00000000;
    22037 : 00000000;
    22038 : 00000000;
    22039 : 00000000;
    22040 : 00000000;
    22041 : 00000000;
    22042 : 00000000;
    22043 : 00000000;
    22044 : 00000000;
    22045 : 00000000;
    22046 : 00000000;
    22047 : 00000000;
    22048 : 00000000;
    22049 : 00000000;
    22050 : 00000000;
    22051 : 00000000;
    22052 : 00000000;
    22053 : 00000000;
    22054 : 00000000;
    22055 : 00000000;
    22056 : 00000000;
    22057 : 00000000;
    22058 : 00000000;
    22059 : 00000000;
    22060 : 00000000;
    22061 : 00000000;
    22062 : 00000000;
    22063 : 00000000;
    22064 : 00000000;
    22065 : 00000000;
    22066 : 00000000;
    22067 : 00000000;
    22068 : 00000000;
    22069 : 00000000;
    22070 : 00000000;
    22071 : 00000000;
    22072 : 00000000;
    22073 : 00000000;
    22074 : 00000000;
    22075 : 00000000;
    22076 : 00000000;
    22077 : 00000000;
    22078 : 00000000;
    22079 : 00000000;
    22080 : 00000000;
    22081 : 00000000;
    22082 : 00000000;
    22083 : 00000000;
    22084 : 00000000;
    22085 : 00000000;
    22086 : 00000000;
    22087 : 00000000;
    22088 : 00000000;
    22089 : 00000000;
    22090 : 00000000;
    22091 : 00000000;
    22092 : 00000000;
    22093 : 00000000;
    22094 : 00000000;
    22095 : 00000000;
    22096 : 00000000;
    22097 : 00000000;
    22098 : 00000000;
    22099 : 00000000;
    22100 : 00000000;
    22101 : 00000000;
    22102 : 00000000;
    22103 : 00000000;
    22104 : 00000000;
    22105 : 00000000;
    22106 : 00000000;
    22107 : 00000000;
    22108 : 00000000;
    22109 : 00000000;
    22110 : 00000000;
    22111 : 00000000;
    22112 : 00000000;
    22113 : 00000000;
    22114 : 00000000;
    22115 : 00000000;
    22116 : 00000000;
    22117 : 00000000;
    22118 : 00000000;
    22119 : 00000000;
    22120 : 00000000;
    22121 : 00000000;
    22122 : 00000000;
    22123 : 00000000;
    22124 : 00000000;
    22125 : 00000000;
    22126 : 00000000;
    22127 : 00000000;
    22128 : 00000000;
    22129 : 00000000;
    22130 : 00000000;
    22131 : 00000000;
    22132 : 00000000;
    22133 : 00000000;
    22134 : 00000000;
    22135 : 00000000;
    22136 : 00000000;
    22137 : 00000000;
    22138 : 00000000;
    22139 : 00000000;
    22140 : 00000000;
    22141 : 00000000;
    22142 : 00000000;
    22143 : 00000000;
    22144 : 00000000;
    22145 : 00000000;
    22146 : 00000000;
    22147 : 00000000;
    22148 : 00000000;
    22149 : 00000000;
    22150 : 00000000;
    22151 : 00000000;
    22152 : 00000000;
    22153 : 00000000;
    22154 : 00000000;
    22155 : 00000000;
    22156 : 00000000;
    22157 : 00000000;
    22158 : 00000000;
    22159 : 00000000;
    22160 : 00000000;
    22161 : 00000000;
    22162 : 00000000;
    22163 : 00000000;
    22164 : 00000000;
    22165 : 00000000;
    22166 : 00000000;
    22167 : 00000000;
    22168 : 00000000;
    22169 : 00000000;
    22170 : 00000000;
    22171 : 00000000;
    22172 : 00000000;
    22173 : 00000000;
    22174 : 00000000;
    22175 : 00000000;
    22176 : 00000000;
    22177 : 00000000;
    22178 : 00000000;
    22179 : 00000000;
    22180 : 00000000;
    22181 : 00000000;
    22182 : 00000000;
    22183 : 00000000;
    22184 : 00000000;
    22185 : 00000000;
    22186 : 00000000;
    22187 : 00000000;
    22188 : 00000000;
    22189 : 00000000;
    22190 : 00000000;
    22191 : 00000000;
    22192 : 00000000;
    22193 : 00000000;
    22194 : 00000000;
    22195 : 00000000;
    22196 : 00000000;
    22197 : 00000000;
    22198 : 00000000;
    22199 : 00000000;
    22200 : 00000000;
    22201 : 00000000;
    22202 : 00000000;
    22203 : 00000000;
    22204 : 00000000;
    22205 : 00000000;
    22206 : 00000000;
    22207 : 00000000;
    22208 : 00000000;
    22209 : 00000000;
    22210 : 00000000;
    22211 : 00000000;
    22212 : 00000000;
    22213 : 00000000;
    22214 : 00000000;
    22215 : 00000000;
    22216 : 00000000;
    22217 : 00000000;
    22218 : 00000000;
    22219 : 00000000;
    22220 : 00000000;
    22221 : 00000000;
    22222 : 00000000;
    22223 : 00000000;
    22224 : 00000000;
    22225 : 00000000;
    22226 : 00000000;
    22227 : 00000000;
    22228 : 00000000;
    22229 : 00000000;
    22230 : 00000000;
    22231 : 00000000;
    22232 : 00000000;
    22233 : 00000000;
    22234 : 00000000;
    22235 : 00000000;
    22236 : 00000000;
    22237 : 00000000;
    22238 : 00000000;
    22239 : 00000000;
    22240 : 00000000;
    22241 : 00000000;
    22242 : 00000000;
    22243 : 00000000;
    22244 : 00000000;
    22245 : 00000000;
    22246 : 00000000;
    22247 : 00000000;
    22248 : 00000000;
    22249 : 00000000;
    22250 : 00000000;
    22251 : 00000000;
    22252 : 00000000;
    22253 : 00000000;
    22254 : 00000000;
    22255 : 00000000;
    22256 : 00000000;
    22257 : 00000000;
    22258 : 00000000;
    22259 : 00000000;
    22260 : 00000000;
    22261 : 00000000;
    22262 : 00000000;
    22263 : 00000000;
    22264 : 00000000;
    22265 : 00000000;
    22266 : 00000000;
    22267 : 00000000;
    22268 : 00000000;
    22269 : 00000000;
    22270 : 00000000;
    22271 : 00000000;
    22272 : 00000000;
    22273 : 00000000;
    22274 : 00000000;
    22275 : 00000000;
    22276 : 00000000;
    22277 : 00000000;
    22278 : 00000000;
    22279 : 00000000;
    22280 : 00000000;
    22281 : 00000000;
    22282 : 00000000;
    22283 : 00000000;
    22284 : 00000000;
    22285 : 00000000;
    22286 : 00000000;
    22287 : 00000000;
    22288 : 00000000;
    22289 : 00000000;
    22290 : 00000000;
    22291 : 00000000;
    22292 : 00000000;
    22293 : 00000000;
    22294 : 00000000;
    22295 : 00000000;
    22296 : 00000000;
    22297 : 00000000;
    22298 : 00000000;
    22299 : 00000000;
    22300 : 00000000;
    22301 : 00000000;
    22302 : 00000000;
    22303 : 00000000;
    22304 : 00000000;
    22305 : 00000000;
    22306 : 00000000;
    22307 : 00000000;
    22308 : 00000000;
    22309 : 00000000;
    22310 : 00000000;
    22311 : 00000000;
    22312 : 00000000;
    22313 : 00000000;
    22314 : 00000000;
    22315 : 00000000;
    22316 : 00000000;
    22317 : 00000000;
    22318 : 00000000;
    22319 : 00000000;
    22320 : 00000000;
    22321 : 00000000;
    22322 : 00000000;
    22323 : 00000000;
    22324 : 00000000;
    22325 : 00000000;
    22326 : 00000000;
    22327 : 00000000;
    22328 : 00000000;
    22329 : 00000000;
    22330 : 00000000;
    22331 : 00000000;
    22332 : 00000000;
    22333 : 00000000;
    22334 : 00000000;
    22335 : 00000000;
    22336 : 00000000;
    22337 : 00000000;
    22338 : 00000000;
    22339 : 00000000;
    22340 : 00000000;
    22341 : 00000000;
    22342 : 00000000;
    22343 : 00000000;
    22344 : 00000000;
    22345 : 00000000;
    22346 : 00000000;
    22347 : 00000000;
    22348 : 00000000;
    22349 : 00000000;
    22350 : 00000000;
    22351 : 00000000;
    22352 : 00000000;
    22353 : 00000000;
    22354 : 00000000;
    22355 : 00000000;
    22356 : 00000000;
    22357 : 00000000;
    22358 : 00000000;
    22359 : 00000000;
    22360 : 00000000;
    22361 : 00000000;
    22362 : 00000000;
    22363 : 00000000;
    22364 : 00000000;
    22365 : 00000000;
    22366 : 00000000;
    22367 : 00000000;
    22368 : 00000000;
    22369 : 00000000;
    22370 : 00000000;
    22371 : 00000000;
    22372 : 00000000;
    22373 : 00000000;
    22374 : 00000000;
    22375 : 00000000;
    22376 : 00000000;
    22377 : 00000000;
    22378 : 00000000;
    22379 : 00000000;
    22380 : 00000000;
    22381 : 00000000;
    22382 : 00000000;
    22383 : 00000000;
    22384 : 00000000;
    22385 : 00000000;
    22386 : 00000000;
    22387 : 00000000;
    22388 : 00000000;
    22389 : 00000000;
    22390 : 00000000;
    22391 : 00000000;
    22392 : 00000000;
    22393 : 00000000;
    22394 : 00000000;
    22395 : 00000000;
    22396 : 00000000;
    22397 : 00000000;
    22398 : 00000000;
    22399 : 00000000;
    22400 : 00000000;
    22401 : 00000000;
    22402 : 00000000;
    22403 : 00000000;
    22404 : 00000000;
    22405 : 00000000;
    22406 : 00000000;
    22407 : 00000000;
    22408 : 00000000;
    22409 : 00000000;
    22410 : 00000000;
    22411 : 00000000;
    22412 : 00000000;
    22413 : 00000000;
    22414 : 00000000;
    22415 : 00000000;
    22416 : 00000000;
    22417 : 00000000;
    22418 : 00000000;
    22419 : 00000000;
    22420 : 00000000;
    22421 : 00000000;
    22422 : 00000000;
    22423 : 00000000;
    22424 : 00000000;
    22425 : 00000000;
    22426 : 00000000;
    22427 : 00000000;
    22428 : 00000000;
    22429 : 00000000;
    22430 : 00000000;
    22431 : 00000000;
    22432 : 00000000;
    22433 : 00000000;
    22434 : 00000000;
    22435 : 00000000;
    22436 : 00000000;
    22437 : 00000000;
    22438 : 00000000;
    22439 : 00000000;
    22440 : 00000000;
    22441 : 00000000;
    22442 : 00000000;
    22443 : 00000000;
    22444 : 00000000;
    22445 : 00000000;
    22446 : 00000000;
    22447 : 00000000;
    22448 : 00000000;
    22449 : 00000000;
    22450 : 00000000;
    22451 : 00000000;
    22452 : 00000000;
    22453 : 00000000;
    22454 : 00000000;
    22455 : 00000000;
    22456 : 00000000;
    22457 : 00000000;
    22458 : 00000000;
    22459 : 00000000;
    22460 : 00000000;
    22461 : 00000000;
    22462 : 00000000;
    22463 : 00000000;
    22464 : 00000000;
    22465 : 00000000;
    22466 : 00000000;
    22467 : 00000000;
    22468 : 00000000;
    22469 : 00000000;
    22470 : 00000000;
    22471 : 00000000;
    22472 : 00000000;
    22473 : 00000000;
    22474 : 00000000;
    22475 : 00000000;
    22476 : 00000000;
    22477 : 00000000;
    22478 : 00000000;
    22479 : 00000000;
    22480 : 00000000;
    22481 : 00000000;
    22482 : 00000000;
    22483 : 00000000;
    22484 : 00000000;
    22485 : 00000000;
    22486 : 00000000;
    22487 : 00000000;
    22488 : 00000000;
    22489 : 00000000;
    22490 : 00000000;
    22491 : 00000000;
    22492 : 00000000;
    22493 : 00000000;
    22494 : 00000000;
    22495 : 00000000;
    22496 : 00000000;
    22497 : 00000000;
    22498 : 00000000;
    22499 : 00000000;
    22500 : 00000000;
    22501 : 00000000;
    22502 : 00000000;
    22503 : 00000000;
    22504 : 00000000;
    22505 : 00000000;
    22506 : 00000000;
    22507 : 00000000;
    22508 : 00000000;
    22509 : 00000000;
    22510 : 00000000;
    22511 : 00000000;
    22512 : 00000000;
    22513 : 00000000;
    22514 : 00000000;
    22515 : 00000000;
    22516 : 00000000;
    22517 : 00000000;
    22518 : 00000000;
    22519 : 00000000;
    22520 : 00000000;
    22521 : 00000000;
    22522 : 00000000;
    22523 : 00000000;
    22524 : 53494730;
    22525 : 00000074;
    22526 : 00000098;
    22527 : 00000024;
    22528 : 14000093;
    22529 : 00200113;
    22530 : 00300193;
    22531 : 00400213;
    22532 : 00500293;
    22533 : 00600313;
    22534 : 00700393;
    22535 : 00800413;
    22536 : 00900493;
    22537 : 00A00513;
    22538 : 00B00593;
    22539 : 00C00613;
    22540 : 00D00693;
    22541 : 00E00713;
    22542 : 00F00793;
    22543 : 01000813;
    22544 : 01100893;
    22545 : 01200913;
    22546 : 01300993;
    22547 : 01400A13;
    22548 : 01500A93;
    22549 : 01600B13;
    22550 : 01700B93;
    22551 : 01800C13;
    22552 : 01900C93;
    22553 : 01A00D13;
    22554 : 01B00D93;
    22555 : 01C00E13;
    22556 : 01D00E93;
    22557 : 01E00F13;
    22558 : 01F00F93;
    22559 : 00000013;
    22560 : 00000013;
    22561 : 00000013;
    22562 : 00000013;
    22563 : 00000013;
    22564 : 00000013;
    22565 : 0000A023;
    22566 : 0020A223;
    22567 : 0030A423;
    22568 : 0040A623;
    22569 : 0050A823;
    22570 : 0060AA23;
    22571 : 0070AC23;
    22572 : 0080AE23;
    22573 : 0290A023;
    22574 : 02A0A223;
    22575 : 02B0A423;
    22576 : 02C0A623;
    22577 : 02D0A823;
    22578 : 02E0AA23;
    22579 : 02F0AC23;
    22580 : 0300AE23;
    22581 : 0510A023;
    22582 : 0520A223;
    22583 : 0530A423;
    22584 : 0540A623;
    22585 : 0550A823;
    22586 : 0560AA23;
    22587 : 0570AC23;
    22588 : 0580AE23;
    22589 : 0790A023;
    22590 : 07A0A223;
    22591 : 07B0A423;
    22592 : 07C0A623;
    22593 : 07D0A823;
    22594 : 07E0AA23;
    22595 : 07F0AC23;
    22596 : 1BC00193;
    22597 : 00000417;
    22598 : 00000013;
    22599 : 00000013;
    22600 : 00000013;
    22601 : 00000013;
    22602 : 00000013;
    22603 : 00000497;
    22604 : 408484B3;
    22605 : 0091A023;
    22606 : 00000073;
    22607 : 00000000;
    22608 : FFFFFFFF;
    22609 : FFFFFFFF;
    22610 : FFFFFFFF;
    22611 : FFFFFFFF;
    22612 : FFFFFFFF;
    22613 : FFFFFFFF;
    22614 : FFFFFFFF;
    22615 : FFFFFFFF;
    22616 : FFFFFFFF;
    22617 : FFFFFFFF;
    22618 : FFFFFFFF;
    22619 : FFFFFFFF;
    22620 : FFFFFFFF;
    22621 : FFFFFFFF;
    22622 : FFFFFFFF;
    22623 : FFFFFFFF;
    22624 : FFFFFFFF;
    22625 : FFFFFFFF;
    22626 : FFFFFFFF;
    22627 : FFFFFFFF;
    22628 : FFFFFFFF;
    22629 : FFFFFFFF;
    22630 : FFFFFFFF;
    22631 : FFFFFFFF;
    22632 : FFFFFFFF;
    22633 : FFFFFFFF;
    22634 : FFFFFFFF;
    22635 : FFFFFFFF;
    22636 : FFFFFFFF;
    22637 : FFFFFFFF;
    22638 : FFFFFFFF;
    22639 : FFFFFFFF;
    22640 : 00000000;
    22641 : 00000000;
    22642 : 00000000;
    22643 : 00000000;
    22644 : 00000000;
    22645 : 00000000;
    22646 : 00000000;
    22647 : 00000000;
    22648 : 00000000;
    22649 : 00000000;
    22650 : 00000000;
    22651 : 00000000;
    22652 : 00000000;
    22653 : 00000000;
    22654 : 00000000;
    22655 : 00000000;
    22656 : 00000000;
    22657 : 00000000;
    22658 : 00000000;
    22659 : 00000000;
    22660 : 00000000;
    22661 : 00000000;
    22662 : 00000000;
    22663 : 00000000;
    22664 : 00000000;
    22665 : 00000000;
    22666 : 00000000;
    22667 : 00000000;
    22668 : 00000000;
    22669 : 00000000;
    22670 : 00000000;
    22671 : 00000000;
    22672 : 00000000;
    22673 : 00000000;
    22674 : 00000000;
    22675 : 00000000;
    22676 : 00000000;
    22677 : 00000000;
    22678 : 00000000;
    22679 : 00000000;
    22680 : 00000000;
    22681 : 00000000;
    22682 : 00000000;
    22683 : 00000000;
    22684 : 00000000;
    22685 : 00000000;
    22686 : 00000000;
    22687 : 00000000;
    22688 : 00000000;
    22689 : 00000000;
    22690 : 00000000;
    22691 : 00000000;
    22692 : 00000000;
    22693 : 00000000;
    22694 : 00000000;
    22695 : 00000000;
    22696 : 00000000;
    22697 : 00000000;
    22698 : 00000000;
    22699 : 00000000;
    22700 : 00000000;
    22701 : 00000000;
    22702 : 00000000;
    22703 : 00000000;
    22704 : 00000000;
    22705 : 00000000;
    22706 : 00000000;
    22707 : 00000000;
    22708 : 00000000;
    22709 : 00000000;
    22710 : 00000000;
    22711 : 00000000;
    22712 : 00000000;
    22713 : 00000000;
    22714 : 00000000;
    22715 : 00000000;
    22716 : 00000000;
    22717 : 00000000;
    22718 : 00000000;
    22719 : 00000000;
    22720 : 00000000;
    22721 : 00000000;
    22722 : 00000000;
    22723 : 00000000;
    22724 : 00000000;
    22725 : 00000000;
    22726 : 00000000;
    22727 : 00000000;
    22728 : 00000000;
    22729 : 00000000;
    22730 : 00000000;
    22731 : 00000000;
    22732 : 00000000;
    22733 : 00000000;
    22734 : 00000000;
    22735 : 00000000;
    22736 : 00000000;
    22737 : 00000000;
    22738 : 00000000;
    22739 : 00000000;
    22740 : 00000000;
    22741 : 00000000;
    22742 : 00000000;
    22743 : 00000000;
    22744 : 00000000;
    22745 : 00000000;
    22746 : 00000000;
    22747 : 00000000;
    22748 : 00000000;
    22749 : 00000000;
    22750 : 00000000;
    22751 : 00000000;
    22752 : 00000000;
    22753 : 00000000;
    22754 : 00000000;
    22755 : 00000000;
    22756 : 00000000;
    22757 : 00000000;
    22758 : 00000000;
    22759 : 00000000;
    22760 : 00000000;
    22761 : 00000000;
    22762 : 00000000;
    22763 : 00000000;
    22764 : 00000000;
    22765 : 00000000;
    22766 : 00000000;
    22767 : 00000000;
    22768 : 00000000;
    22769 : 00000000;
    22770 : 00000000;
    22771 : 00000000;
    22772 : 00000000;
    22773 : 00000000;
    22774 : 00000000;
    22775 : 00000000;
    22776 : 00000000;
    22777 : 00000000;
    22778 : 00000000;
    22779 : 00000000;
    22780 : 00000000;
    22781 : 00000000;
    22782 : 00000000;
    22783 : 00000000;
    22784 : 00000000;
    22785 : 00000000;
    22786 : 00000000;
    22787 : 00000000;
    22788 : 00000000;
    22789 : 00000000;
    22790 : 00000000;
    22791 : 00000000;
    22792 : 00000000;
    22793 : 00000000;
    22794 : 00000000;
    22795 : 00000000;
    22796 : 00000000;
    22797 : 00000000;
    22798 : 00000000;
    22799 : 00000000;
    22800 : 00000000;
    22801 : 00000000;
    22802 : 00000000;
    22803 : 00000000;
    22804 : 00000000;
    22805 : 00000000;
    22806 : 00000000;
    22807 : 00000000;
    22808 : 00000000;
    22809 : 00000000;
    22810 : 00000000;
    22811 : 00000000;
    22812 : 00000000;
    22813 : 00000000;
    22814 : 00000000;
    22815 : 00000000;
    22816 : 00000000;
    22817 : 00000000;
    22818 : 00000000;
    22819 : 00000000;
    22820 : 00000000;
    22821 : 00000000;
    22822 : 00000000;
    22823 : 00000000;
    22824 : 00000000;
    22825 : 00000000;
    22826 : 00000000;
    22827 : 00000000;
    22828 : 00000000;
    22829 : 00000000;
    22830 : 00000000;
    22831 : 00000000;
    22832 : 00000000;
    22833 : 00000000;
    22834 : 00000000;
    22835 : 00000000;
    22836 : 00000000;
    22837 : 00000000;
    22838 : 00000000;
    22839 : 00000000;
    22840 : 00000000;
    22841 : 00000000;
    22842 : 00000000;
    22843 : 00000000;
    22844 : 00000000;
    22845 : 00000000;
    22846 : 00000000;
    22847 : 00000000;
    22848 : 00000000;
    22849 : 00000000;
    22850 : 00000000;
    22851 : 00000000;
    22852 : 00000000;
    22853 : 00000000;
    22854 : 00000000;
    22855 : 00000000;
    22856 : 00000000;
    22857 : 00000000;
    22858 : 00000000;
    22859 : 00000000;
    22860 : 00000000;
    22861 : 00000000;
    22862 : 00000000;
    22863 : 00000000;
    22864 : 00000000;
    22865 : 00000000;
    22866 : 00000000;
    22867 : 00000000;
    22868 : 00000000;
    22869 : 00000000;
    22870 : 00000000;
    22871 : 00000000;
    22872 : 00000000;
    22873 : 00000000;
    22874 : 00000000;
    22875 : 00000000;
    22876 : 00000000;
    22877 : 00000000;
    22878 : 00000000;
    22879 : 00000000;
    22880 : 00000000;
    22881 : 00000000;
    22882 : 00000000;
    22883 : 00000000;
    22884 : 00000000;
    22885 : 00000000;
    22886 : 00000000;
    22887 : 00000000;
    22888 : 00000000;
    22889 : 00000000;
    22890 : 00000000;
    22891 : 00000000;
    22892 : 00000000;
    22893 : 00000000;
    22894 : 00000000;
    22895 : 00000000;
    22896 : 00000000;
    22897 : 00000000;
    22898 : 00000000;
    22899 : 00000000;
    22900 : 00000000;
    22901 : 00000000;
    22902 : 00000000;
    22903 : 00000000;
    22904 : 00000000;
    22905 : 00000000;
    22906 : 00000000;
    22907 : 00000000;
    22908 : 00000000;
    22909 : 00000000;
    22910 : 00000000;
    22911 : 00000000;
    22912 : 00000000;
    22913 : 00000000;
    22914 : 00000000;
    22915 : 00000000;
    22916 : 00000000;
    22917 : 00000000;
    22918 : 00000000;
    22919 : 00000000;
    22920 : 00000000;
    22921 : 00000000;
    22922 : 00000000;
    22923 : 00000000;
    22924 : 00000000;
    22925 : 00000000;
    22926 : 00000000;
    22927 : 00000000;
    22928 : 00000000;
    22929 : 00000000;
    22930 : 00000000;
    22931 : 00000000;
    22932 : 00000000;
    22933 : 00000000;
    22934 : 00000000;
    22935 : 00000000;
    22936 : 00000000;
    22937 : 00000000;
    22938 : 00000000;
    22939 : 00000000;
    22940 : 00000000;
    22941 : 00000000;
    22942 : 00000000;
    22943 : 00000000;
    22944 : 00000000;
    22945 : 00000000;
    22946 : 00000000;
    22947 : 00000000;
    22948 : 00000000;
    22949 : 00000000;
    22950 : 00000000;
    22951 : 00000000;
    22952 : 00000000;
    22953 : 00000000;
    22954 : 00000000;
    22955 : 00000000;
    22956 : 00000000;
    22957 : 00000000;
    22958 : 00000000;
    22959 : 00000000;
    22960 : 00000000;
    22961 : 00000000;
    22962 : 00000000;
    22963 : 00000000;
    22964 : 00000000;
    22965 : 00000000;
    22966 : 00000000;
    22967 : 00000000;
    22968 : 00000000;
    22969 : 00000000;
    22970 : 00000000;
    22971 : 00000000;
    22972 : 00000000;
    22973 : 00000000;
    22974 : 00000000;
    22975 : 00000000;
    22976 : 00000000;
    22977 : 00000000;
    22978 : 00000000;
    22979 : 00000000;
    22980 : 00000000;
    22981 : 00000000;
    22982 : 00000000;
    22983 : 00000000;
    22984 : 00000000;
    22985 : 00000000;
    22986 : 00000000;
    22987 : 00000000;
    22988 : 00000000;
    22989 : 00000000;
    22990 : 00000000;
    22991 : 00000000;
    22992 : 00000000;
    22993 : 00000000;
    22994 : 00000000;
    22995 : 00000000;
    22996 : 00000000;
    22997 : 00000000;
    22998 : 00000000;
    22999 : 00000000;
    23000 : 00000000;
    23001 : 00000000;
    23002 : 00000000;
    23003 : 00000000;
    23004 : 00000000;
    23005 : 00000000;
    23006 : 00000000;
    23007 : 00000000;
    23008 : 00000000;
    23009 : 00000000;
    23010 : 00000000;
    23011 : 00000000;
    23012 : 00000000;
    23013 : 00000000;
    23014 : 00000000;
    23015 : 00000000;
    23016 : 00000000;
    23017 : 00000000;
    23018 : 00000000;
    23019 : 00000000;
    23020 : 00000000;
    23021 : 00000000;
    23022 : 00000000;
    23023 : 00000000;
    23024 : 00000000;
    23025 : 00000000;
    23026 : 00000000;
    23027 : 00000000;
    23028 : 00000000;
    23029 : 00000000;
    23030 : 00000000;
    23031 : 00000000;
    23032 : 00000000;
    23033 : 00000000;
    23034 : 00000000;
    23035 : 00000000;
    23036 : 00000000;
    23037 : 00000000;
    23038 : 00000000;
    23039 : 00000000;
    23040 : 00000000;
    23041 : 00000000;
    23042 : 00000000;
    23043 : 00000000;
    23044 : 00000000;
    23045 : 00000000;
    23046 : 00000000;
    23047 : 00000000;
    23048 : 00000000;
    23049 : 00000000;
    23050 : 00000000;
    23051 : 00000000;
    23052 : 00000000;
    23053 : 00000000;
    23054 : 00000000;
    23055 : 00000000;
    23056 : 00000000;
    23057 : 00000000;
    23058 : 00000000;
    23059 : 00000000;
    23060 : 00000000;
    23061 : 00000000;
    23062 : 00000000;
    23063 : 00000000;
    23064 : 00000000;
    23065 : 00000000;
    23066 : 00000000;
    23067 : 00000000;
    23068 : 00000000;
    23069 : 00000000;
    23070 : 00000000;
    23071 : 00000000;
    23072 : 00000000;
    23073 : 00000000;
    23074 : 00000000;
    23075 : 00000000;
    23076 : 00000000;
    23077 : 00000000;
    23078 : 00000000;
    23079 : 00000000;
    23080 : 00000000;
    23081 : 00000000;
    23082 : 00000000;
    23083 : 00000000;
    23084 : 00000000;
    23085 : 00000000;
    23086 : 00000000;
    23087 : 00000000;
    23088 : 00000000;
    23089 : 00000000;
    23090 : 00000000;
    23091 : 00000000;
    23092 : 00000000;
    23093 : 00000000;
    23094 : 00000000;
    23095 : 00000000;
    23096 : 00000000;
    23097 : 00000000;
    23098 : 00000000;
    23099 : 00000000;
    23100 : 00000000;
    23101 : 00000000;
    23102 : 00000000;
    23103 : 00000000;
    23104 : 00000000;
    23105 : 00000000;
    23106 : 00000000;
    23107 : 00000000;
    23108 : 00000000;
    23109 : 00000000;
    23110 : 00000000;
    23111 : 00000000;
    23112 : 00000000;
    23113 : 00000000;
    23114 : 00000000;
    23115 : 00000000;
    23116 : 00000000;
    23117 : 00000000;
    23118 : 00000000;
    23119 : 00000000;
    23120 : 00000000;
    23121 : 00000000;
    23122 : 00000000;
    23123 : 00000000;
    23124 : 00000000;
    23125 : 00000000;
    23126 : 00000000;
    23127 : 00000000;
    23128 : 00000000;
    23129 : 00000000;
    23130 : 00000000;
    23131 : 00000000;
    23132 : 00000000;
    23133 : 00000000;
    23134 : 00000000;
    23135 : 00000000;
    23136 : 00000000;
    23137 : 00000000;
    23138 : 00000000;
    23139 : 00000000;
    23140 : 00000000;
    23141 : 00000000;
    23142 : 00000000;
    23143 : 00000000;
    23144 : 00000000;
    23145 : 00000000;
    23146 : 00000000;
    23147 : 00000000;
    23148 : 00000000;
    23149 : 00000000;
    23150 : 00000000;
    23151 : 00000000;
    23152 : 00000000;
    23153 : 00000000;
    23154 : 00000000;
    23155 : 00000000;
    23156 : 00000000;
    23157 : 00000000;
    23158 : 00000000;
    23159 : 00000000;
    23160 : 00000000;
    23161 : 00000000;
    23162 : 00000000;
    23163 : 00000000;
    23164 : 00000000;
    23165 : 00000000;
    23166 : 00000000;
    23167 : 00000000;
    23168 : 00000000;
    23169 : 00000000;
    23170 : 00000000;
    23171 : 00000000;
    23172 : 00000000;
    23173 : 00000000;
    23174 : 00000000;
    23175 : 00000000;
    23176 : 00000000;
    23177 : 00000000;
    23178 : 00000000;
    23179 : 00000000;
    23180 : 00000000;
    23181 : 00000000;
    23182 : 00000000;
    23183 : 00000000;
    23184 : 00000000;
    23185 : 00000000;
    23186 : 00000000;
    23187 : 00000000;
    23188 : 00000000;
    23189 : 00000000;
    23190 : 00000000;
    23191 : 00000000;
    23192 : 00000000;
    23193 : 00000000;
    23194 : 00000000;
    23195 : 00000000;
    23196 : 00000000;
    23197 : 00000000;
    23198 : 00000000;
    23199 : 00000000;
    23200 : 00000000;
    23201 : 00000000;
    23202 : 00000000;
    23203 : 00000000;
    23204 : 00000000;
    23205 : 00000000;
    23206 : 00000000;
    23207 : 00000000;
    23208 : 00000000;
    23209 : 00000000;
    23210 : 00000000;
    23211 : 00000000;
    23212 : 00000000;
    23213 : 00000000;
    23214 : 00000000;
    23215 : 00000000;
    23216 : 00000000;
    23217 : 00000000;
    23218 : 00000000;
    23219 : 00000000;
    23220 : 00000000;
    23221 : 00000000;
    23222 : 00000000;
    23223 : 00000000;
    23224 : 00000000;
    23225 : 00000000;
    23226 : 00000000;
    23227 : 00000000;
    23228 : 00000000;
    23229 : 00000000;
    23230 : 00000000;
    23231 : 00000000;
    23232 : 00000000;
    23233 : 00000000;
    23234 : 00000000;
    23235 : 00000000;
    23236 : 00000000;
    23237 : 00000000;
    23238 : 00000000;
    23239 : 00000000;
    23240 : 00000000;
    23241 : 00000000;
    23242 : 00000000;
    23243 : 00000000;
    23244 : 00000000;
    23245 : 00000000;
    23246 : 00000000;
    23247 : 00000000;
    23248 : 00000000;
    23249 : 00000000;
    23250 : 00000000;
    23251 : 00000000;
    23252 : 00000000;
    23253 : 00000000;
    23254 : 00000000;
    23255 : 00000000;
    23256 : 00000000;
    23257 : 00000000;
    23258 : 00000000;
    23259 : 00000000;
    23260 : 00000000;
    23261 : 00000000;
    23262 : 00000000;
    23263 : 00000000;
    23264 : 00000000;
    23265 : 00000000;
    23266 : 00000000;
    23267 : 00000000;
    23268 : 00000000;
    23269 : 00000000;
    23270 : 00000000;
    23271 : 00000000;
    23272 : 00000000;
    23273 : 00000000;
    23274 : 00000000;
    23275 : 00000000;
    23276 : 00000000;
    23277 : 00000000;
    23278 : 00000000;
    23279 : 00000000;
    23280 : 00000000;
    23281 : 00000000;
    23282 : 00000000;
    23283 : 00000000;
    23284 : 00000000;
    23285 : 00000000;
    23286 : 00000000;
    23287 : 00000000;
    23288 : 00000000;
    23289 : 00000000;
    23290 : 00000000;
    23291 : 00000000;
    23292 : 00000000;
    23293 : 00000000;
    23294 : 00000000;
    23295 : 00000000;
    23296 : 00000000;
    23297 : 00000000;
    23298 : 00000000;
    23299 : 00000000;
    23300 : 00000000;
    23301 : 00000000;
    23302 : 00000000;
    23303 : 00000000;
    23304 : 00000000;
    23305 : 00000000;
    23306 : 00000000;
    23307 : 00000000;
    23308 : 00000000;
    23309 : 00000000;
    23310 : 00000000;
    23311 : 00000000;
    23312 : 00000000;
    23313 : 00000000;
    23314 : 00000000;
    23315 : 00000000;
    23316 : 00000000;
    23317 : 00000000;
    23318 : 00000000;
    23319 : 00000000;
    23320 : 00000000;
    23321 : 00000000;
    23322 : 00000000;
    23323 : 00000000;
    23324 : 00000000;
    23325 : 00000000;
    23326 : 00000000;
    23327 : 00000000;
    23328 : 00000000;
    23329 : 00000000;
    23330 : 00000000;
    23331 : 00000000;
    23332 : 00000000;
    23333 : 00000000;
    23334 : 00000000;
    23335 : 00000000;
    23336 : 00000000;
    23337 : 00000000;
    23338 : 00000000;
    23339 : 00000000;
    23340 : 00000000;
    23341 : 00000000;
    23342 : 00000000;
    23343 : 00000000;
    23344 : 00000000;
    23345 : 00000000;
    23346 : 00000000;
    23347 : 00000000;
    23348 : 00000000;
    23349 : 00000000;
    23350 : 00000000;
    23351 : 00000000;
    23352 : 00000000;
    23353 : 00000000;
    23354 : 00000000;
    23355 : 00000000;
    23356 : 00000000;
    23357 : 00000000;
    23358 : 00000000;
    23359 : 00000000;
    23360 : 00000000;
    23361 : 00000000;
    23362 : 00000000;
    23363 : 00000000;
    23364 : 00000000;
    23365 : 00000000;
    23366 : 00000000;
    23367 : 00000000;
    23368 : 00000000;
    23369 : 00000000;
    23370 : 00000000;
    23371 : 00000000;
    23372 : 00000000;
    23373 : 00000000;
    23374 : 00000000;
    23375 : 00000000;
    23376 : 00000000;
    23377 : 00000000;
    23378 : 00000000;
    23379 : 00000000;
    23380 : 00000000;
    23381 : 00000000;
    23382 : 00000000;
    23383 : 00000000;
    23384 : 00000000;
    23385 : 00000000;
    23386 : 00000000;
    23387 : 00000000;
    23388 : 00000000;
    23389 : 00000000;
    23390 : 00000000;
    23391 : 00000000;
    23392 : 00000000;
    23393 : 00000000;
    23394 : 00000000;
    23395 : 00000000;
    23396 : 00000000;
    23397 : 00000000;
    23398 : 00000000;
    23399 : 00000000;
    23400 : 00000000;
    23401 : 00000000;
    23402 : 00000000;
    23403 : 00000000;
    23404 : 00000000;
    23405 : 00000000;
    23406 : 00000000;
    23407 : 00000000;
    23408 : 00000000;
    23409 : 00000000;
    23410 : 00000000;
    23411 : 00000000;
    23412 : 00000000;
    23413 : 00000000;
    23414 : 00000000;
    23415 : 00000000;
    23416 : 00000000;
    23417 : 00000000;
    23418 : 00000000;
    23419 : 00000000;
    23420 : 00000000;
    23421 : 00000000;
    23422 : 00000000;
    23423 : 00000000;
    23424 : 00000000;
    23425 : 00000000;
    23426 : 00000000;
    23427 : 00000000;
    23428 : 00000000;
    23429 : 00000000;
    23430 : 00000000;
    23431 : 00000000;
    23432 : 00000000;
    23433 : 00000000;
    23434 : 00000000;
    23435 : 00000000;
    23436 : 00000000;
    23437 : 00000000;
    23438 : 00000000;
    23439 : 00000000;
    23440 : 00000000;
    23441 : 00000000;
    23442 : 00000000;
    23443 : 00000000;
    23444 : 00000000;
    23445 : 00000000;
    23446 : 00000000;
    23447 : 00000000;
    23448 : 00000000;
    23449 : 00000000;
    23450 : 00000000;
    23451 : 00000000;
    23452 : 00000000;
    23453 : 00000000;
    23454 : 00000000;
    23455 : 00000000;
    23456 : 00000000;
    23457 : 00000000;
    23458 : 00000000;
    23459 : 00000000;
    23460 : 00000000;
    23461 : 00000000;
    23462 : 00000000;
    23463 : 00000000;
    23464 : 00000000;
    23465 : 00000000;
    23466 : 00000000;
    23467 : 00000000;
    23468 : 00000000;
    23469 : 00000000;
    23470 : 00000000;
    23471 : 00000000;
    23472 : 00000000;
    23473 : 00000000;
    23474 : 00000000;
    23475 : 00000000;
    23476 : 00000000;
    23477 : 00000000;
    23478 : 00000000;
    23479 : 00000000;
    23480 : 00000000;
    23481 : 00000000;
    23482 : 00000000;
    23483 : 00000000;
    23484 : 00000000;
    23485 : 00000000;
    23486 : 00000000;
    23487 : 00000000;
    23488 : 00000000;
    23489 : 00000000;
    23490 : 00000000;
    23491 : 00000000;
    23492 : 00000000;
    23493 : 00000000;
    23494 : 00000000;
    23495 : 00000000;
    23496 : 00000000;
    23497 : 00000000;
    23498 : 00000000;
    23499 : 00000000;
    23500 : 00000000;
    23501 : 00000000;
    23502 : 00000000;
    23503 : 00000000;
    23504 : 00000000;
    23505 : 00000000;
    23506 : 00000000;
    23507 : 00000000;
    23508 : 00000000;
    23509 : 00000000;
    23510 : 00000000;
    23511 : 00000000;
    23512 : 00000000;
    23513 : 00000000;
    23514 : 00000000;
    23515 : 00000000;
    23516 : 00000000;
    23517 : 00000000;
    23518 : 00000000;
    23519 : 00000000;
    23520 : 00000000;
    23521 : 00000000;
    23522 : 00000000;
    23523 : 00000000;
    23524 : 00000000;
    23525 : 00000000;
    23526 : 00000000;
    23527 : 00000000;
    23528 : 00000000;
    23529 : 00000000;
    23530 : 00000000;
    23531 : 00000000;
    23532 : 00000000;
    23533 : 00000000;
    23534 : 00000000;
    23535 : 00000000;
    23536 : 00000000;
    23537 : 00000000;
    23538 : 00000000;
    23539 : 00000000;
    23540 : 00000000;
    23541 : 00000000;
    23542 : 00000000;
    23543 : 00000000;
    23544 : 00000000;
    23545 : 00000000;
    23546 : 00000000;
    23547 : 00000000;
    23548 : 53494730;
    23549 : 00000050;
    23550 : 00000070;
    23551 : 00000020;
    23552 : 27000293;
    23553 : FFF00F93;
    23554 : 00000813;
    23555 : 010FE033;
    23556 : 0002A023;
    23557 : 00100F13;
    23558 : 80100793;
    23559 : 00FF60B3;
    23560 : 0012A223;
    23561 : 00000E93;
    23562 : FFF00713;
    23563 : 00EEE133;
    23564 : 0022A423;
    23565 : 7FF00E13;
    23566 : FFFFF6B7;
    23567 : DCC68693;
    23568 : 00DE61B3;
    23569 : 0032A623;
    23570 : 00000D93;
    23571 : 80000637;
    23572 : 00CDE233;
    23573 : 0042A823;
    23574 : 28400093;
    23575 : 00001D37;
    23576 : 800D0D13;
    23577 : 000015B7;
    23578 : 23458593;
    23579 : 00BD62B3;
    23580 : 0050A023;
    23581 : 07654CB7;
    23582 : 321C8C93;
    23583 : FFF00513;
    23584 : 00ACE333;
    23585 : 0060A223;
    23586 : 80000C37;
    23587 : FFFC0C13;
    23588 : 00100493;
    23589 : 009C63B3;
    23590 : 0070A423;
    23591 : 00100B93;
    23592 : 80000437;
    23593 : FFF40413;
    23594 : 008BE433;
    23595 : 0080A623;
    23596 : FFF00B13;
    23597 : 076543B7;
    23598 : 32138393;
    23599 : 007B64B3;
    23600 : 0090A823;
    23601 : 29800093;
    23602 : 00001AB7;
    23603 : 234A8A93;
    23604 : 00001337;
    23605 : 80030313;
    23606 : 006AE533;
    23607 : 00A0A023;
    23608 : 80000A37;
    23609 : 00000293;
    23610 : 005A65B3;
    23611 : 00B0A223;
    23612 : FFFFF9B7;
    23613 : DCC98993;
    23614 : 7FF00213;
    23615 : 0049E633;
    23616 : 00C0A423;
    23617 : FFF00913;
    23618 : FFF00193;
    23619 : 003966B3;
    23620 : 00D0A623;
    23621 : 80100893;
    23622 : 00100113;
    23623 : 0028E733;
    23624 : 00E0A823;
    23625 : 2AC00113;
    23626 : 00000813;
    23627 : 00000093;
    23628 : 001867B3;
    23629 : 00F12023;
    23630 : FFF00793;
    23631 : 00000013;
    23632 : 0007E833;
    23633 : 01012223;
    23634 : 00100713;
    23635 : 80100F93;
    23636 : 01F768B3;
    23637 : 01112423;
    23638 : 00000693;
    23639 : FFF00F13;
    23640 : 01E6E933;
    23641 : 01212623;
    23642 : 7FF00613;
    23643 : FFFFFEB7;
    23644 : DCCE8E93;
    23645 : 01D669B3;
    23646 : 01312823;
    23647 : 2C000093;
    23648 : 00000593;
    23649 : 80000E37;
    23650 : 01C5EA33;
    23651 : 0140A023;
    23652 : 00001537;
    23653 : 80050513;
    23654 : 00001DB7;
    23655 : 234D8D93;
    23656 : 01B56AB3;
    23657 : 0150A223;
    23658 : 076544B7;
    23659 : 32148493;
    23660 : FFF00D13;
    23661 : 01A4EB33;
    23662 : 0160A423;
    23663 : 80000437;
    23664 : FFF40413;
    23665 : 00100C93;
    23666 : 01946BB3;
    23667 : 0170A623;
    23668 : 00100393;
    23669 : 80000C37;
    23670 : FFFC0C13;
    23671 : 0183EC33;
    23672 : 0180A823;
    23673 : 2D400093;
    23674 : FFF00313;
    23675 : 07654BB7;
    23676 : 321B8B93;
    23677 : 01736CB3;
    23678 : 0190A023;
    23679 : 000012B7;
    23680 : 23428293;
    23681 : 00001B37;
    23682 : 800B0B13;
    23683 : 0162ED33;
    23684 : 01A0A223;
    23685 : 80000237;
    23686 : 00000A93;
    23687 : 01526DB3;
    23688 : 01B0A423;
    23689 : FFFFF1B7;
    23690 : DCC18193;
    23691 : 7FF00A13;
    23692 : 0141EE33;
    23693 : 01C0A623;
    23694 : FFF00113;
    23695 : FFF00993;
    23696 : 01316EB3;
    23697 : 01D0A823;
    23698 : 2E800113;
    23699 : 80100093;
    23700 : 00100913;
    23701 : 0120EF33;
    23702 : 01E12023;
    23703 : 00000013;
    23704 : 00000893;
    23705 : 01106FB3;
    23706 : 01F12223;
    23707 : 00000073;
    23708 : FFFFFFFF;
    23709 : FFFFFFFF;
    23710 : FFFFFFFF;
    23711 : FFFFFFFF;
    23712 : FFFFFFFF;
    23713 : FFFFFFFF;
    23714 : FFFFFFFF;
    23715 : FFFFFFFF;
    23716 : FFFFFFFF;
    23717 : FFFFFFFF;
    23718 : FFFFFFFF;
    23719 : FFFFFFFF;
    23720 : FFFFFFFF;
    23721 : FFFFFFFF;
    23722 : FFFFFFFF;
    23723 : FFFFFFFF;
    23724 : FFFFFFFF;
    23725 : FFFFFFFF;
    23726 : FFFFFFFF;
    23727 : FFFFFFFF;
    23728 : FFFFFFFF;
    23729 : FFFFFFFF;
    23730 : FFFFFFFF;
    23731 : FFFFFFFF;
    23732 : FFFFFFFF;
    23733 : FFFFFFFF;
    23734 : FFFFFFFF;
    23735 : FFFFFFFF;
    23736 : FFFFFFFF;
    23737 : FFFFFFFF;
    23738 : FFFFFFFF;
    23739 : FFFFFFFF;
    23740 : FFFFFFFF;
    23741 : FFFFFFFF;
    23742 : FFFFFFFF;
    23743 : 00000000;
    23744 : 00000000;
    23745 : 00000000;
    23746 : 00000000;
    23747 : 00000000;
    23748 : 00000000;
    23749 : 00000000;
    23750 : 00000000;
    23751 : 00000000;
    23752 : 00000000;
    23753 : 00000000;
    23754 : 00000000;
    23755 : 00000000;
    23756 : 00000000;
    23757 : 00000000;
    23758 : 00000000;
    23759 : 00000000;
    23760 : 00000000;
    23761 : 00000000;
    23762 : 00000000;
    23763 : 00000000;
    23764 : 00000000;
    23765 : 00000000;
    23766 : 00000000;
    23767 : 00000000;
    23768 : 00000000;
    23769 : 00000000;
    23770 : 00000000;
    23771 : 00000000;
    23772 : 00000000;
    23773 : 00000000;
    23774 : 00000000;
    23775 : 00000000;
    23776 : 00000000;
    23777 : 00000000;
    23778 : 00000000;
    23779 : 00000000;
    23780 : 00000000;
    23781 : 00000000;
    23782 : 00000000;
    23783 : 00000000;
    23784 : 00000000;
    23785 : 00000000;
    23786 : 00000000;
    23787 : 00000000;
    23788 : 00000000;
    23789 : 00000000;
    23790 : 00000000;
    23791 : 00000000;
    23792 : 00000000;
    23793 : 00000000;
    23794 : 00000000;
    23795 : 00000000;
    23796 : 00000000;
    23797 : 00000000;
    23798 : 00000000;
    23799 : 00000000;
    23800 : 00000000;
    23801 : 00000000;
    23802 : 00000000;
    23803 : 00000000;
    23804 : 00000000;
    23805 : 00000000;
    23806 : 00000000;
    23807 : 00000000;
    23808 : 00000000;
    23809 : 00000000;
    23810 : 00000000;
    23811 : 00000000;
    23812 : 00000000;
    23813 : 00000000;
    23814 : 00000000;
    23815 : 00000000;
    23816 : 00000000;
    23817 : 00000000;
    23818 : 00000000;
    23819 : 00000000;
    23820 : 00000000;
    23821 : 00000000;
    23822 : 00000000;
    23823 : 00000000;
    23824 : 00000000;
    23825 : 00000000;
    23826 : 00000000;
    23827 : 00000000;
    23828 : 00000000;
    23829 : 00000000;
    23830 : 00000000;
    23831 : 00000000;
    23832 : 00000000;
    23833 : 00000000;
    23834 : 00000000;
    23835 : 00000000;
    23836 : 00000000;
    23837 : 00000000;
    23838 : 00000000;
    23839 : 00000000;
    23840 : 00000000;
    23841 : 00000000;
    23842 : 00000000;
    23843 : 00000000;
    23844 : 00000000;
    23845 : 00000000;
    23846 : 00000000;
    23847 : 00000000;
    23848 : 00000000;
    23849 : 00000000;
    23850 : 00000000;
    23851 : 00000000;
    23852 : 00000000;
    23853 : 00000000;
    23854 : 00000000;
    23855 : 00000000;
    23856 : 00000000;
    23857 : 00000000;
    23858 : 00000000;
    23859 : 00000000;
    23860 : 00000000;
    23861 : 00000000;
    23862 : 00000000;
    23863 : 00000000;
    23864 : 00000000;
    23865 : 00000000;
    23866 : 00000000;
    23867 : 00000000;
    23868 : 00000000;
    23869 : 00000000;
    23870 : 00000000;
    23871 : 00000000;
    23872 : 00000000;
    23873 : 00000000;
    23874 : 00000000;
    23875 : 00000000;
    23876 : 00000000;
    23877 : 00000000;
    23878 : 00000000;
    23879 : 00000000;
    23880 : 00000000;
    23881 : 00000000;
    23882 : 00000000;
    23883 : 00000000;
    23884 : 00000000;
    23885 : 00000000;
    23886 : 00000000;
    23887 : 00000000;
    23888 : 00000000;
    23889 : 00000000;
    23890 : 00000000;
    23891 : 00000000;
    23892 : 00000000;
    23893 : 00000000;
    23894 : 00000000;
    23895 : 00000000;
    23896 : 00000000;
    23897 : 00000000;
    23898 : 00000000;
    23899 : 00000000;
    23900 : 00000000;
    23901 : 00000000;
    23902 : 00000000;
    23903 : 00000000;
    23904 : 00000000;
    23905 : 00000000;
    23906 : 00000000;
    23907 : 00000000;
    23908 : 00000000;
    23909 : 00000000;
    23910 : 00000000;
    23911 : 00000000;
    23912 : 00000000;
    23913 : 00000000;
    23914 : 00000000;
    23915 : 00000000;
    23916 : 00000000;
    23917 : 00000000;
    23918 : 00000000;
    23919 : 00000000;
    23920 : 00000000;
    23921 : 00000000;
    23922 : 00000000;
    23923 : 00000000;
    23924 : 00000000;
    23925 : 00000000;
    23926 : 00000000;
    23927 : 00000000;
    23928 : 00000000;
    23929 : 00000000;
    23930 : 00000000;
    23931 : 00000000;
    23932 : 00000000;
    23933 : 00000000;
    23934 : 00000000;
    23935 : 00000000;
    23936 : 00000000;
    23937 : 00000000;
    23938 : 00000000;
    23939 : 00000000;
    23940 : 00000000;
    23941 : 00000000;
    23942 : 00000000;
    23943 : 00000000;
    23944 : 00000000;
    23945 : 00000000;
    23946 : 00000000;
    23947 : 00000000;
    23948 : 00000000;
    23949 : 00000000;
    23950 : 00000000;
    23951 : 00000000;
    23952 : 00000000;
    23953 : 00000000;
    23954 : 00000000;
    23955 : 00000000;
    23956 : 00000000;
    23957 : 00000000;
    23958 : 00000000;
    23959 : 00000000;
    23960 : 00000000;
    23961 : 00000000;
    23962 : 00000000;
    23963 : 00000000;
    23964 : 00000000;
    23965 : 00000000;
    23966 : 00000000;
    23967 : 00000000;
    23968 : 00000000;
    23969 : 00000000;
    23970 : 00000000;
    23971 : 00000000;
    23972 : 00000000;
    23973 : 00000000;
    23974 : 00000000;
    23975 : 00000000;
    23976 : 00000000;
    23977 : 00000000;
    23978 : 00000000;
    23979 : 00000000;
    23980 : 00000000;
    23981 : 00000000;
    23982 : 00000000;
    23983 : 00000000;
    23984 : 00000000;
    23985 : 00000000;
    23986 : 00000000;
    23987 : 00000000;
    23988 : 00000000;
    23989 : 00000000;
    23990 : 00000000;
    23991 : 00000000;
    23992 : 00000000;
    23993 : 00000000;
    23994 : 00000000;
    23995 : 00000000;
    23996 : 00000000;
    23997 : 00000000;
    23998 : 00000000;
    23999 : 00000000;
    24000 : 00000000;
    24001 : 00000000;
    24002 : 00000000;
    24003 : 00000000;
    24004 : 00000000;
    24005 : 00000000;
    24006 : 00000000;
    24007 : 00000000;
    24008 : 00000000;
    24009 : 00000000;
    24010 : 00000000;
    24011 : 00000000;
    24012 : 00000000;
    24013 : 00000000;
    24014 : 00000000;
    24015 : 00000000;
    24016 : 00000000;
    24017 : 00000000;
    24018 : 00000000;
    24019 : 00000000;
    24020 : 00000000;
    24021 : 00000000;
    24022 : 00000000;
    24023 : 00000000;
    24024 : 00000000;
    24025 : 00000000;
    24026 : 00000000;
    24027 : 00000000;
    24028 : 00000000;
    24029 : 00000000;
    24030 : 00000000;
    24031 : 00000000;
    24032 : 00000000;
    24033 : 00000000;
    24034 : 00000000;
    24035 : 00000000;
    24036 : 00000000;
    24037 : 00000000;
    24038 : 00000000;
    24039 : 00000000;
    24040 : 00000000;
    24041 : 00000000;
    24042 : 00000000;
    24043 : 00000000;
    24044 : 00000000;
    24045 : 00000000;
    24046 : 00000000;
    24047 : 00000000;
    24048 : 00000000;
    24049 : 00000000;
    24050 : 00000000;
    24051 : 00000000;
    24052 : 00000000;
    24053 : 00000000;
    24054 : 00000000;
    24055 : 00000000;
    24056 : 00000000;
    24057 : 00000000;
    24058 : 00000000;
    24059 : 00000000;
    24060 : 00000000;
    24061 : 00000000;
    24062 : 00000000;
    24063 : 00000000;
    24064 : 00000000;
    24065 : 00000000;
    24066 : 00000000;
    24067 : 00000000;
    24068 : 00000000;
    24069 : 00000000;
    24070 : 00000000;
    24071 : 00000000;
    24072 : 00000000;
    24073 : 00000000;
    24074 : 00000000;
    24075 : 00000000;
    24076 : 00000000;
    24077 : 00000000;
    24078 : 00000000;
    24079 : 00000000;
    24080 : 00000000;
    24081 : 00000000;
    24082 : 00000000;
    24083 : 00000000;
    24084 : 00000000;
    24085 : 00000000;
    24086 : 00000000;
    24087 : 00000000;
    24088 : 00000000;
    24089 : 00000000;
    24090 : 00000000;
    24091 : 00000000;
    24092 : 00000000;
    24093 : 00000000;
    24094 : 00000000;
    24095 : 00000000;
    24096 : 00000000;
    24097 : 00000000;
    24098 : 00000000;
    24099 : 00000000;
    24100 : 00000000;
    24101 : 00000000;
    24102 : 00000000;
    24103 : 00000000;
    24104 : 00000000;
    24105 : 00000000;
    24106 : 00000000;
    24107 : 00000000;
    24108 : 00000000;
    24109 : 00000000;
    24110 : 00000000;
    24111 : 00000000;
    24112 : 00000000;
    24113 : 00000000;
    24114 : 00000000;
    24115 : 00000000;
    24116 : 00000000;
    24117 : 00000000;
    24118 : 00000000;
    24119 : 00000000;
    24120 : 00000000;
    24121 : 00000000;
    24122 : 00000000;
    24123 : 00000000;
    24124 : 00000000;
    24125 : 00000000;
    24126 : 00000000;
    24127 : 00000000;
    24128 : 00000000;
    24129 : 00000000;
    24130 : 00000000;
    24131 : 00000000;
    24132 : 00000000;
    24133 : 00000000;
    24134 : 00000000;
    24135 : 00000000;
    24136 : 00000000;
    24137 : 00000000;
    24138 : 00000000;
    24139 : 00000000;
    24140 : 00000000;
    24141 : 00000000;
    24142 : 00000000;
    24143 : 00000000;
    24144 : 00000000;
    24145 : 00000000;
    24146 : 00000000;
    24147 : 00000000;
    24148 : 00000000;
    24149 : 00000000;
    24150 : 00000000;
    24151 : 00000000;
    24152 : 00000000;
    24153 : 00000000;
    24154 : 00000000;
    24155 : 00000000;
    24156 : 00000000;
    24157 : 00000000;
    24158 : 00000000;
    24159 : 00000000;
    24160 : 00000000;
    24161 : 00000000;
    24162 : 00000000;
    24163 : 00000000;
    24164 : 00000000;
    24165 : 00000000;
    24166 : 00000000;
    24167 : 00000000;
    24168 : 00000000;
    24169 : 00000000;
    24170 : 00000000;
    24171 : 00000000;
    24172 : 00000000;
    24173 : 00000000;
    24174 : 00000000;
    24175 : 00000000;
    24176 : 00000000;
    24177 : 00000000;
    24178 : 00000000;
    24179 : 00000000;
    24180 : 00000000;
    24181 : 00000000;
    24182 : 00000000;
    24183 : 00000000;
    24184 : 00000000;
    24185 : 00000000;
    24186 : 00000000;
    24187 : 00000000;
    24188 : 00000000;
    24189 : 00000000;
    24190 : 00000000;
    24191 : 00000000;
    24192 : 00000000;
    24193 : 00000000;
    24194 : 00000000;
    24195 : 00000000;
    24196 : 00000000;
    24197 : 00000000;
    24198 : 00000000;
    24199 : 00000000;
    24200 : 00000000;
    24201 : 00000000;
    24202 : 00000000;
    24203 : 00000000;
    24204 : 00000000;
    24205 : 00000000;
    24206 : 00000000;
    24207 : 00000000;
    24208 : 00000000;
    24209 : 00000000;
    24210 : 00000000;
    24211 : 00000000;
    24212 : 00000000;
    24213 : 00000000;
    24214 : 00000000;
    24215 : 00000000;
    24216 : 00000000;
    24217 : 00000000;
    24218 : 00000000;
    24219 : 00000000;
    24220 : 00000000;
    24221 : 00000000;
    24222 : 00000000;
    24223 : 00000000;
    24224 : 00000000;
    24225 : 00000000;
    24226 : 00000000;
    24227 : 00000000;
    24228 : 00000000;
    24229 : 00000000;
    24230 : 00000000;
    24231 : 00000000;
    24232 : 00000000;
    24233 : 00000000;
    24234 : 00000000;
    24235 : 00000000;
    24236 : 00000000;
    24237 : 00000000;
    24238 : 00000000;
    24239 : 00000000;
    24240 : 00000000;
    24241 : 00000000;
    24242 : 00000000;
    24243 : 00000000;
    24244 : 00000000;
    24245 : 00000000;
    24246 : 00000000;
    24247 : 00000000;
    24248 : 00000000;
    24249 : 00000000;
    24250 : 00000000;
    24251 : 00000000;
    24252 : 00000000;
    24253 : 00000000;
    24254 : 00000000;
    24255 : 00000000;
    24256 : 00000000;
    24257 : 00000000;
    24258 : 00000000;
    24259 : 00000000;
    24260 : 00000000;
    24261 : 00000000;
    24262 : 00000000;
    24263 : 00000000;
    24264 : 00000000;
    24265 : 00000000;
    24266 : 00000000;
    24267 : 00000000;
    24268 : 00000000;
    24269 : 00000000;
    24270 : 00000000;
    24271 : 00000000;
    24272 : 00000000;
    24273 : 00000000;
    24274 : 00000000;
    24275 : 00000000;
    24276 : 00000000;
    24277 : 00000000;
    24278 : 00000000;
    24279 : 00000000;
    24280 : 00000000;
    24281 : 00000000;
    24282 : 00000000;
    24283 : 00000000;
    24284 : 00000000;
    24285 : 00000000;
    24286 : 00000000;
    24287 : 00000000;
    24288 : 00000000;
    24289 : 00000000;
    24290 : 00000000;
    24291 : 00000000;
    24292 : 00000000;
    24293 : 00000000;
    24294 : 00000000;
    24295 : 00000000;
    24296 : 00000000;
    24297 : 00000000;
    24298 : 00000000;
    24299 : 00000000;
    24300 : 00000000;
    24301 : 00000000;
    24302 : 00000000;
    24303 : 00000000;
    24304 : 00000000;
    24305 : 00000000;
    24306 : 00000000;
    24307 : 00000000;
    24308 : 00000000;
    24309 : 00000000;
    24310 : 00000000;
    24311 : 00000000;
    24312 : 00000000;
    24313 : 00000000;
    24314 : 00000000;
    24315 : 00000000;
    24316 : 00000000;
    24317 : 00000000;
    24318 : 00000000;
    24319 : 00000000;
    24320 : 00000000;
    24321 : 00000000;
    24322 : 00000000;
    24323 : 00000000;
    24324 : 00000000;
    24325 : 00000000;
    24326 : 00000000;
    24327 : 00000000;
    24328 : 00000000;
    24329 : 00000000;
    24330 : 00000000;
    24331 : 00000000;
    24332 : 00000000;
    24333 : 00000000;
    24334 : 00000000;
    24335 : 00000000;
    24336 : 00000000;
    24337 : 00000000;
    24338 : 00000000;
    24339 : 00000000;
    24340 : 00000000;
    24341 : 00000000;
    24342 : 00000000;
    24343 : 00000000;
    24344 : 00000000;
    24345 : 00000000;
    24346 : 00000000;
    24347 : 00000000;
    24348 : 00000000;
    24349 : 00000000;
    24350 : 00000000;
    24351 : 00000000;
    24352 : 00000000;
    24353 : 00000000;
    24354 : 00000000;
    24355 : 00000000;
    24356 : 00000000;
    24357 : 00000000;
    24358 : 00000000;
    24359 : 00000000;
    24360 : 00000000;
    24361 : 00000000;
    24362 : 00000000;
    24363 : 00000000;
    24364 : 00000000;
    24365 : 00000000;
    24366 : 00000000;
    24367 : 00000000;
    24368 : 00000000;
    24369 : 00000000;
    24370 : 00000000;
    24371 : 00000000;
    24372 : 00000000;
    24373 : 00000000;
    24374 : 00000000;
    24375 : 00000000;
    24376 : 00000000;
    24377 : 00000000;
    24378 : 00000000;
    24379 : 00000000;
    24380 : 00000000;
    24381 : 00000000;
    24382 : 00000000;
    24383 : 00000000;
    24384 : 00000000;
    24385 : 00000000;
    24386 : 00000000;
    24387 : 00000000;
    24388 : 00000000;
    24389 : 00000000;
    24390 : 00000000;
    24391 : 00000000;
    24392 : 00000000;
    24393 : 00000000;
    24394 : 00000000;
    24395 : 00000000;
    24396 : 00000000;
    24397 : 00000000;
    24398 : 00000000;
    24399 : 00000000;
    24400 : 00000000;
    24401 : 00000000;
    24402 : 00000000;
    24403 : 00000000;
    24404 : 00000000;
    24405 : 00000000;
    24406 : 00000000;
    24407 : 00000000;
    24408 : 00000000;
    24409 : 00000000;
    24410 : 00000000;
    24411 : 00000000;
    24412 : 00000000;
    24413 : 00000000;
    24414 : 00000000;
    24415 : 00000000;
    24416 : 00000000;
    24417 : 00000000;
    24418 : 00000000;
    24419 : 00000000;
    24420 : 00000000;
    24421 : 00000000;
    24422 : 00000000;
    24423 : 00000000;
    24424 : 00000000;
    24425 : 00000000;
    24426 : 00000000;
    24427 : 00000000;
    24428 : 00000000;
    24429 : 00000000;
    24430 : 00000000;
    24431 : 00000000;
    24432 : 00000000;
    24433 : 00000000;
    24434 : 00000000;
    24435 : 00000000;
    24436 : 00000000;
    24437 : 00000000;
    24438 : 00000000;
    24439 : 00000000;
    24440 : 00000000;
    24441 : 00000000;
    24442 : 00000000;
    24443 : 00000000;
    24444 : 00000000;
    24445 : 00000000;
    24446 : 00000000;
    24447 : 00000000;
    24448 : 00000000;
    24449 : 00000000;
    24450 : 00000000;
    24451 : 00000000;
    24452 : 00000000;
    24453 : 00000000;
    24454 : 00000000;
    24455 : 00000000;
    24456 : 00000000;
    24457 : 00000000;
    24458 : 00000000;
    24459 : 00000000;
    24460 : 00000000;
    24461 : 00000000;
    24462 : 00000000;
    24463 : 00000000;
    24464 : 00000000;
    24465 : 00000000;
    24466 : 00000000;
    24467 : 00000000;
    24468 : 00000000;
    24469 : 00000000;
    24470 : 00000000;
    24471 : 00000000;
    24472 : 00000000;
    24473 : 00000000;
    24474 : 00000000;
    24475 : 00000000;
    24476 : 00000000;
    24477 : 00000000;
    24478 : 00000000;
    24479 : 00000000;
    24480 : 00000000;
    24481 : 00000000;
    24482 : 00000000;
    24483 : 00000000;
    24484 : 00000000;
    24485 : 00000000;
    24486 : 00000000;
    24487 : 00000000;
    24488 : 00000000;
    24489 : 00000000;
    24490 : 00000000;
    24491 : 00000000;
    24492 : 00000000;
    24493 : 00000000;
    24494 : 00000000;
    24495 : 00000000;
    24496 : 00000000;
    24497 : 00000000;
    24498 : 00000000;
    24499 : 00000000;
    24500 : 00000000;
    24501 : 00000000;
    24502 : 00000000;
    24503 : 00000000;
    24504 : 00000000;
    24505 : 00000000;
    24506 : 00000000;
    24507 : 00000000;
    24508 : 00000000;
    24509 : 00000000;
    24510 : 00000000;
    24511 : 00000000;
    24512 : 00000000;
    24513 : 00000000;
    24514 : 00000000;
    24515 : 00000000;
    24516 : 00000000;
    24517 : 00000000;
    24518 : 00000000;
    24519 : 00000000;
    24520 : 00000000;
    24521 : 00000000;
    24522 : 00000000;
    24523 : 00000000;
    24524 : 00000000;
    24525 : 00000000;
    24526 : 00000000;
    24527 : 00000000;
    24528 : 00000000;
    24529 : 00000000;
    24530 : 00000000;
    24531 : 00000000;
    24532 : 00000000;
    24533 : 00000000;
    24534 : 00000000;
    24535 : 00000000;
    24536 : 00000000;
    24537 : 00000000;
    24538 : 00000000;
    24539 : 00000000;
    24540 : 00000000;
    24541 : 00000000;
    24542 : 00000000;
    24543 : 00000000;
    24544 : 00000000;
    24545 : 00000000;
    24546 : 00000000;
    24547 : 00000000;
    24548 : 00000000;
    24549 : 00000000;
    24550 : 00000000;
    24551 : 00000000;
    24552 : 00000000;
    24553 : 00000000;
    24554 : 00000000;
    24555 : 00000000;
    24556 : 00000000;
    24557 : 00000000;
    24558 : 00000000;
    24559 : 00000000;
    24560 : 00000000;
    24561 : 00000000;
    24562 : 00000000;
    24563 : 00000000;
    24564 : 00000000;
    24565 : 00000000;
    24566 : 00000000;
    24567 : 00000000;
    24568 : 00000000;
    24569 : 00000000;
    24570 : 00000000;
    24571 : 00000000;
    24572 : 53494730;
    24573 : 0000009C;
    24574 : 000000C0;
    24575 : 00000024;
    24576 : 1D000293;
    24577 : FFF00F93;
    24578 : 000FE013;
    24579 : 0002A023;
    24580 : 00100F13;
    24581 : 801F6093;
    24582 : 0012A223;
    24583 : 00000E93;
    24584 : FFFEE113;
    24585 : 0022A423;
    24586 : 7FF00E13;
    24587 : 800E6193;
    24588 : 0032A623;
    24589 : 00000D93;
    24590 : 800DE213;
    24591 : 0042A823;
    24592 : 1E400093;
    24593 : 00001D37;
    24594 : 800D0D13;
    24595 : 800D6293;
    24596 : 0050A023;
    24597 : 07654CB7;
    24598 : 321C8C93;
    24599 : 800CE313;
    24600 : 0060A223;
    24601 : 80000C37;
    24602 : FFFC0C13;
    24603 : 001C6393;
    24604 : 0070A423;
    24605 : 00100B93;
    24606 : 800BE413;
    24607 : 0080A623;
    24608 : FFF00B13;
    24609 : 800B6493;
    24610 : 0090A823;
    24611 : 1F800093;
    24612 : 00001AB7;
    24613 : 234A8A93;
    24614 : 800AE513;
    24615 : 00A0A023;
    24616 : 80000A37;
    24617 : 000A6593;
    24618 : 00B0A223;
    24619 : FFFFF9B7;
    24620 : DCC98993;
    24621 : 7FF9E613;
    24622 : 00C0A423;
    24623 : FFF00913;
    24624 : FFF96693;
    24625 : 00D0A623;
    24626 : 80100893;
    24627 : 0018E713;
    24628 : 00E0A823;
    24629 : 20C00113;
    24630 : 00000813;
    24631 : 00086793;
    24632 : 00F12023;
    24633 : FFF00793;
    24634 : 0007E813;
    24635 : 01012223;
    24636 : 00100713;
    24637 : 80176893;
    24638 : 01112423;
    24639 : 00000693;
    24640 : FFF6E913;
    24641 : 01212623;
    24642 : 7FF00613;
    24643 : 80066993;
    24644 : 01312823;
    24645 : 22000093;
    24646 : 00000593;
    24647 : 8005EA13;
    24648 : 0140A023;
    24649 : 00001537;
    24650 : 80050513;
    24651 : 80056A93;
    24652 : 0150A223;
    24653 : 076544B7;
    24654 : 32148493;
    24655 : 8004EB13;
    24656 : 0160A423;
    24657 : 80000437;
    24658 : FFF40413;
    24659 : 00146B93;
    24660 : 0170A623;
    24661 : 00100393;
    24662 : 8003EC13;
    24663 : 0180A823;
    24664 : 23400093;
    24665 : FFF00313;
    24666 : 80036C93;
    24667 : 0190A023;
    24668 : 000012B7;
    24669 : 23428293;
    24670 : 8002ED13;
    24671 : 01A0A223;
    24672 : 80000237;
    24673 : 00026D93;
    24674 : 01B0A423;
    24675 : FFFFF1B7;
    24676 : DCC18193;
    24677 : 7FF1EE13;
    24678 : 01C0A623;
    24679 : FFF00113;
    24680 : FFF16E93;
    24681 : 01D0A823;
    24682 : 24800113;
    24683 : 80100093;
    24684 : 0010EF13;
    24685 : 01E12023;
    24686 : 00000013;
    24687 : 00006F93;
    24688 : 01F12223;
    24689 : 00000073;
    24690 : 00000000;
    24691 : 00000000;
    24692 : FFFFFFFF;
    24693 : FFFFFFFF;
    24694 : FFFFFFFF;
    24695 : FFFFFFFF;
    24696 : FFFFFFFF;
    24697 : FFFFFFFF;
    24698 : FFFFFFFF;
    24699 : FFFFFFFF;
    24700 : FFFFFFFF;
    24701 : FFFFFFFF;
    24702 : FFFFFFFF;
    24703 : FFFFFFFF;
    24704 : FFFFFFFF;
    24705 : FFFFFFFF;
    24706 : FFFFFFFF;
    24707 : FFFFFFFF;
    24708 : FFFFFFFF;
    24709 : FFFFFFFF;
    24710 : FFFFFFFF;
    24711 : FFFFFFFF;
    24712 : FFFFFFFF;
    24713 : FFFFFFFF;
    24714 : FFFFFFFF;
    24715 : FFFFFFFF;
    24716 : FFFFFFFF;
    24717 : FFFFFFFF;
    24718 : FFFFFFFF;
    24719 : FFFFFFFF;
    24720 : FFFFFFFF;
    24721 : FFFFFFFF;
    24722 : FFFFFFFF;
    24723 : FFFFFFFF;
    24724 : FFFFFFFF;
    24725 : FFFFFFFF;
    24726 : FFFFFFFF;
    24727 : 00000000;
    24728 : 00000000;
    24729 : 00000000;
    24730 : 00000000;
    24731 : 00000000;
    24732 : 00000000;
    24733 : 00000000;
    24734 : 00000000;
    24735 : 00000000;
    24736 : 00000000;
    24737 : 00000000;
    24738 : 00000000;
    24739 : 00000000;
    24740 : 00000000;
    24741 : 00000000;
    24742 : 00000000;
    24743 : 00000000;
    24744 : 00000000;
    24745 : 00000000;
    24746 : 00000000;
    24747 : 00000000;
    24748 : 00000000;
    24749 : 00000000;
    24750 : 00000000;
    24751 : 00000000;
    24752 : 00000000;
    24753 : 00000000;
    24754 : 00000000;
    24755 : 00000000;
    24756 : 00000000;
    24757 : 00000000;
    24758 : 00000000;
    24759 : 00000000;
    24760 : 00000000;
    24761 : 00000000;
    24762 : 00000000;
    24763 : 00000000;
    24764 : 00000000;
    24765 : 00000000;
    24766 : 00000000;
    24767 : 00000000;
    24768 : 00000000;
    24769 : 00000000;
    24770 : 00000000;
    24771 : 00000000;
    24772 : 00000000;
    24773 : 00000000;
    24774 : 00000000;
    24775 : 00000000;
    24776 : 00000000;
    24777 : 00000000;
    24778 : 00000000;
    24779 : 00000000;
    24780 : 00000000;
    24781 : 00000000;
    24782 : 00000000;
    24783 : 00000000;
    24784 : 00000000;
    24785 : 00000000;
    24786 : 00000000;
    24787 : 00000000;
    24788 : 00000000;
    24789 : 00000000;
    24790 : 00000000;
    24791 : 00000000;
    24792 : 00000000;
    24793 : 00000000;
    24794 : 00000000;
    24795 : 00000000;
    24796 : 00000000;
    24797 : 00000000;
    24798 : 00000000;
    24799 : 00000000;
    24800 : 00000000;
    24801 : 00000000;
    24802 : 00000000;
    24803 : 00000000;
    24804 : 00000000;
    24805 : 00000000;
    24806 : 00000000;
    24807 : 00000000;
    24808 : 00000000;
    24809 : 00000000;
    24810 : 00000000;
    24811 : 00000000;
    24812 : 00000000;
    24813 : 00000000;
    24814 : 00000000;
    24815 : 00000000;
    24816 : 00000000;
    24817 : 00000000;
    24818 : 00000000;
    24819 : 00000000;
    24820 : 00000000;
    24821 : 00000000;
    24822 : 00000000;
    24823 : 00000000;
    24824 : 00000000;
    24825 : 00000000;
    24826 : 00000000;
    24827 : 00000000;
    24828 : 00000000;
    24829 : 00000000;
    24830 : 00000000;
    24831 : 00000000;
    24832 : 00000000;
    24833 : 00000000;
    24834 : 00000000;
    24835 : 00000000;
    24836 : 00000000;
    24837 : 00000000;
    24838 : 00000000;
    24839 : 00000000;
    24840 : 00000000;
    24841 : 00000000;
    24842 : 00000000;
    24843 : 00000000;
    24844 : 00000000;
    24845 : 00000000;
    24846 : 00000000;
    24847 : 00000000;
    24848 : 00000000;
    24849 : 00000000;
    24850 : 00000000;
    24851 : 00000000;
    24852 : 00000000;
    24853 : 00000000;
    24854 : 00000000;
    24855 : 00000000;
    24856 : 00000000;
    24857 : 00000000;
    24858 : 00000000;
    24859 : 00000000;
    24860 : 00000000;
    24861 : 00000000;
    24862 : 00000000;
    24863 : 00000000;
    24864 : 00000000;
    24865 : 00000000;
    24866 : 00000000;
    24867 : 00000000;
    24868 : 00000000;
    24869 : 00000000;
    24870 : 00000000;
    24871 : 00000000;
    24872 : 00000000;
    24873 : 00000000;
    24874 : 00000000;
    24875 : 00000000;
    24876 : 00000000;
    24877 : 00000000;
    24878 : 00000000;
    24879 : 00000000;
    24880 : 00000000;
    24881 : 00000000;
    24882 : 00000000;
    24883 : 00000000;
    24884 : 00000000;
    24885 : 00000000;
    24886 : 00000000;
    24887 : 00000000;
    24888 : 00000000;
    24889 : 00000000;
    24890 : 00000000;
    24891 : 00000000;
    24892 : 00000000;
    24893 : 00000000;
    24894 : 00000000;
    24895 : 00000000;
    24896 : 00000000;
    24897 : 00000000;
    24898 : 00000000;
    24899 : 00000000;
    24900 : 00000000;
    24901 : 00000000;
    24902 : 00000000;
    24903 : 00000000;
    24904 : 00000000;
    24905 : 00000000;
    24906 : 00000000;
    24907 : 00000000;
    24908 : 00000000;
    24909 : 00000000;
    24910 : 00000000;
    24911 : 00000000;
    24912 : 00000000;
    24913 : 00000000;
    24914 : 00000000;
    24915 : 00000000;
    24916 : 00000000;
    24917 : 00000000;
    24918 : 00000000;
    24919 : 00000000;
    24920 : 00000000;
    24921 : 00000000;
    24922 : 00000000;
    24923 : 00000000;
    24924 : 00000000;
    24925 : 00000000;
    24926 : 00000000;
    24927 : 00000000;
    24928 : 00000000;
    24929 : 00000000;
    24930 : 00000000;
    24931 : 00000000;
    24932 : 00000000;
    24933 : 00000000;
    24934 : 00000000;
    24935 : 00000000;
    24936 : 00000000;
    24937 : 00000000;
    24938 : 00000000;
    24939 : 00000000;
    24940 : 00000000;
    24941 : 00000000;
    24942 : 00000000;
    24943 : 00000000;
    24944 : 00000000;
    24945 : 00000000;
    24946 : 00000000;
    24947 : 00000000;
    24948 : 00000000;
    24949 : 00000000;
    24950 : 00000000;
    24951 : 00000000;
    24952 : 00000000;
    24953 : 00000000;
    24954 : 00000000;
    24955 : 00000000;
    24956 : 00000000;
    24957 : 00000000;
    24958 : 00000000;
    24959 : 00000000;
    24960 : 00000000;
    24961 : 00000000;
    24962 : 00000000;
    24963 : 00000000;
    24964 : 00000000;
    24965 : 00000000;
    24966 : 00000000;
    24967 : 00000000;
    24968 : 00000000;
    24969 : 00000000;
    24970 : 00000000;
    24971 : 00000000;
    24972 : 00000000;
    24973 : 00000000;
    24974 : 00000000;
    24975 : 00000000;
    24976 : 00000000;
    24977 : 00000000;
    24978 : 00000000;
    24979 : 00000000;
    24980 : 00000000;
    24981 : 00000000;
    24982 : 00000000;
    24983 : 00000000;
    24984 : 00000000;
    24985 : 00000000;
    24986 : 00000000;
    24987 : 00000000;
    24988 : 00000000;
    24989 : 00000000;
    24990 : 00000000;
    24991 : 00000000;
    24992 : 00000000;
    24993 : 00000000;
    24994 : 00000000;
    24995 : 00000000;
    24996 : 00000000;
    24997 : 00000000;
    24998 : 00000000;
    24999 : 00000000;
    25000 : 00000000;
    25001 : 00000000;
    25002 : 00000000;
    25003 : 00000000;
    25004 : 00000000;
    25005 : 00000000;
    25006 : 00000000;
    25007 : 00000000;
    25008 : 00000000;
    25009 : 00000000;
    25010 : 00000000;
    25011 : 00000000;
    25012 : 00000000;
    25013 : 00000000;
    25014 : 00000000;
    25015 : 00000000;
    25016 : 00000000;
    25017 : 00000000;
    25018 : 00000000;
    25019 : 00000000;
    25020 : 00000000;
    25021 : 00000000;
    25022 : 00000000;
    25023 : 00000000;
    25024 : 00000000;
    25025 : 00000000;
    25026 : 00000000;
    25027 : 00000000;
    25028 : 00000000;
    25029 : 00000000;
    25030 : 00000000;
    25031 : 00000000;
    25032 : 00000000;
    25033 : 00000000;
    25034 : 00000000;
    25035 : 00000000;
    25036 : 00000000;
    25037 : 00000000;
    25038 : 00000000;
    25039 : 00000000;
    25040 : 00000000;
    25041 : 00000000;
    25042 : 00000000;
    25043 : 00000000;
    25044 : 00000000;
    25045 : 00000000;
    25046 : 00000000;
    25047 : 00000000;
    25048 : 00000000;
    25049 : 00000000;
    25050 : 00000000;
    25051 : 00000000;
    25052 : 00000000;
    25053 : 00000000;
    25054 : 00000000;
    25055 : 00000000;
    25056 : 00000000;
    25057 : 00000000;
    25058 : 00000000;
    25059 : 00000000;
    25060 : 00000000;
    25061 : 00000000;
    25062 : 00000000;
    25063 : 00000000;
    25064 : 00000000;
    25065 : 00000000;
    25066 : 00000000;
    25067 : 00000000;
    25068 : 00000000;
    25069 : 00000000;
    25070 : 00000000;
    25071 : 00000000;
    25072 : 00000000;
    25073 : 00000000;
    25074 : 00000000;
    25075 : 00000000;
    25076 : 00000000;
    25077 : 00000000;
    25078 : 00000000;
    25079 : 00000000;
    25080 : 00000000;
    25081 : 00000000;
    25082 : 00000000;
    25083 : 00000000;
    25084 : 00000000;
    25085 : 00000000;
    25086 : 00000000;
    25087 : 00000000;
    25088 : 00000000;
    25089 : 00000000;
    25090 : 00000000;
    25091 : 00000000;
    25092 : 00000000;
    25093 : 00000000;
    25094 : 00000000;
    25095 : 00000000;
    25096 : 00000000;
    25097 : 00000000;
    25098 : 00000000;
    25099 : 00000000;
    25100 : 00000000;
    25101 : 00000000;
    25102 : 00000000;
    25103 : 00000000;
    25104 : 00000000;
    25105 : 00000000;
    25106 : 00000000;
    25107 : 00000000;
    25108 : 00000000;
    25109 : 00000000;
    25110 : 00000000;
    25111 : 00000000;
    25112 : 00000000;
    25113 : 00000000;
    25114 : 00000000;
    25115 : 00000000;
    25116 : 00000000;
    25117 : 00000000;
    25118 : 00000000;
    25119 : 00000000;
    25120 : 00000000;
    25121 : 00000000;
    25122 : 00000000;
    25123 : 00000000;
    25124 : 00000000;
    25125 : 00000000;
    25126 : 00000000;
    25127 : 00000000;
    25128 : 00000000;
    25129 : 00000000;
    25130 : 00000000;
    25131 : 00000000;
    25132 : 00000000;
    25133 : 00000000;
    25134 : 00000000;
    25135 : 00000000;
    25136 : 00000000;
    25137 : 00000000;
    25138 : 00000000;
    25139 : 00000000;
    25140 : 00000000;
    25141 : 00000000;
    25142 : 00000000;
    25143 : 00000000;
    25144 : 00000000;
    25145 : 00000000;
    25146 : 00000000;
    25147 : 00000000;
    25148 : 00000000;
    25149 : 00000000;
    25150 : 00000000;
    25151 : 00000000;
    25152 : 00000000;
    25153 : 00000000;
    25154 : 00000000;
    25155 : 00000000;
    25156 : 00000000;
    25157 : 00000000;
    25158 : 00000000;
    25159 : 00000000;
    25160 : 00000000;
    25161 : 00000000;
    25162 : 00000000;
    25163 : 00000000;
    25164 : 00000000;
    25165 : 00000000;
    25166 : 00000000;
    25167 : 00000000;
    25168 : 00000000;
    25169 : 00000000;
    25170 : 00000000;
    25171 : 00000000;
    25172 : 00000000;
    25173 : 00000000;
    25174 : 00000000;
    25175 : 00000000;
    25176 : 00000000;
    25177 : 00000000;
    25178 : 00000000;
    25179 : 00000000;
    25180 : 00000000;
    25181 : 00000000;
    25182 : 00000000;
    25183 : 00000000;
    25184 : 00000000;
    25185 : 00000000;
    25186 : 00000000;
    25187 : 00000000;
    25188 : 00000000;
    25189 : 00000000;
    25190 : 00000000;
    25191 : 00000000;
    25192 : 00000000;
    25193 : 00000000;
    25194 : 00000000;
    25195 : 00000000;
    25196 : 00000000;
    25197 : 00000000;
    25198 : 00000000;
    25199 : 00000000;
    25200 : 00000000;
    25201 : 00000000;
    25202 : 00000000;
    25203 : 00000000;
    25204 : 00000000;
    25205 : 00000000;
    25206 : 00000000;
    25207 : 00000000;
    25208 : 00000000;
    25209 : 00000000;
    25210 : 00000000;
    25211 : 00000000;
    25212 : 00000000;
    25213 : 00000000;
    25214 : 00000000;
    25215 : 00000000;
    25216 : 00000000;
    25217 : 00000000;
    25218 : 00000000;
    25219 : 00000000;
    25220 : 00000000;
    25221 : 00000000;
    25222 : 00000000;
    25223 : 00000000;
    25224 : 00000000;
    25225 : 00000000;
    25226 : 00000000;
    25227 : 00000000;
    25228 : 00000000;
    25229 : 00000000;
    25230 : 00000000;
    25231 : 00000000;
    25232 : 00000000;
    25233 : 00000000;
    25234 : 00000000;
    25235 : 00000000;
    25236 : 00000000;
    25237 : 00000000;
    25238 : 00000000;
    25239 : 00000000;
    25240 : 00000000;
    25241 : 00000000;
    25242 : 00000000;
    25243 : 00000000;
    25244 : 00000000;
    25245 : 00000000;
    25246 : 00000000;
    25247 : 00000000;
    25248 : 00000000;
    25249 : 00000000;
    25250 : 00000000;
    25251 : 00000000;
    25252 : 00000000;
    25253 : 00000000;
    25254 : 00000000;
    25255 : 00000000;
    25256 : 00000000;
    25257 : 00000000;
    25258 : 00000000;
    25259 : 00000000;
    25260 : 00000000;
    25261 : 00000000;
    25262 : 00000000;
    25263 : 00000000;
    25264 : 00000000;
    25265 : 00000000;
    25266 : 00000000;
    25267 : 00000000;
    25268 : 00000000;
    25269 : 00000000;
    25270 : 00000000;
    25271 : 00000000;
    25272 : 00000000;
    25273 : 00000000;
    25274 : 00000000;
    25275 : 00000000;
    25276 : 00000000;
    25277 : 00000000;
    25278 : 00000000;
    25279 : 00000000;
    25280 : 00000000;
    25281 : 00000000;
    25282 : 00000000;
    25283 : 00000000;
    25284 : 00000000;
    25285 : 00000000;
    25286 : 00000000;
    25287 : 00000000;
    25288 : 00000000;
    25289 : 00000000;
    25290 : 00000000;
    25291 : 00000000;
    25292 : 00000000;
    25293 : 00000000;
    25294 : 00000000;
    25295 : 00000000;
    25296 : 00000000;
    25297 : 00000000;
    25298 : 00000000;
    25299 : 00000000;
    25300 : 00000000;
    25301 : 00000000;
    25302 : 00000000;
    25303 : 00000000;
    25304 : 00000000;
    25305 : 00000000;
    25306 : 00000000;
    25307 : 00000000;
    25308 : 00000000;
    25309 : 00000000;
    25310 : 00000000;
    25311 : 00000000;
    25312 : 00000000;
    25313 : 00000000;
    25314 : 00000000;
    25315 : 00000000;
    25316 : 00000000;
    25317 : 00000000;
    25318 : 00000000;
    25319 : 00000000;
    25320 : 00000000;
    25321 : 00000000;
    25322 : 00000000;
    25323 : 00000000;
    25324 : 00000000;
    25325 : 00000000;
    25326 : 00000000;
    25327 : 00000000;
    25328 : 00000000;
    25329 : 00000000;
    25330 : 00000000;
    25331 : 00000000;
    25332 : 00000000;
    25333 : 00000000;
    25334 : 00000000;
    25335 : 00000000;
    25336 : 00000000;
    25337 : 00000000;
    25338 : 00000000;
    25339 : 00000000;
    25340 : 00000000;
    25341 : 00000000;
    25342 : 00000000;
    25343 : 00000000;
    25344 : 00000000;
    25345 : 00000000;
    25346 : 00000000;
    25347 : 00000000;
    25348 : 00000000;
    25349 : 00000000;
    25350 : 00000000;
    25351 : 00000000;
    25352 : 00000000;
    25353 : 00000000;
    25354 : 00000000;
    25355 : 00000000;
    25356 : 00000000;
    25357 : 00000000;
    25358 : 00000000;
    25359 : 00000000;
    25360 : 00000000;
    25361 : 00000000;
    25362 : 00000000;
    25363 : 00000000;
    25364 : 00000000;
    25365 : 00000000;
    25366 : 00000000;
    25367 : 00000000;
    25368 : 00000000;
    25369 : 00000000;
    25370 : 00000000;
    25371 : 00000000;
    25372 : 00000000;
    25373 : 00000000;
    25374 : 00000000;
    25375 : 00000000;
    25376 : 00000000;
    25377 : 00000000;
    25378 : 00000000;
    25379 : 00000000;
    25380 : 00000000;
    25381 : 00000000;
    25382 : 00000000;
    25383 : 00000000;
    25384 : 00000000;
    25385 : 00000000;
    25386 : 00000000;
    25387 : 00000000;
    25388 : 00000000;
    25389 : 00000000;
    25390 : 00000000;
    25391 : 00000000;
    25392 : 00000000;
    25393 : 00000000;
    25394 : 00000000;
    25395 : 00000000;
    25396 : 00000000;
    25397 : 00000000;
    25398 : 00000000;
    25399 : 00000000;
    25400 : 00000000;
    25401 : 00000000;
    25402 : 00000000;
    25403 : 00000000;
    25404 : 00000000;
    25405 : 00000000;
    25406 : 00000000;
    25407 : 00000000;
    25408 : 00000000;
    25409 : 00000000;
    25410 : 00000000;
    25411 : 00000000;
    25412 : 00000000;
    25413 : 00000000;
    25414 : 00000000;
    25415 : 00000000;
    25416 : 00000000;
    25417 : 00000000;
    25418 : 00000000;
    25419 : 00000000;
    25420 : 00000000;
    25421 : 00000000;
    25422 : 00000000;
    25423 : 00000000;
    25424 : 00000000;
    25425 : 00000000;
    25426 : 00000000;
    25427 : 00000000;
    25428 : 00000000;
    25429 : 00000000;
    25430 : 00000000;
    25431 : 00000000;
    25432 : 00000000;
    25433 : 00000000;
    25434 : 00000000;
    25435 : 00000000;
    25436 : 00000000;
    25437 : 00000000;
    25438 : 00000000;
    25439 : 00000000;
    25440 : 00000000;
    25441 : 00000000;
    25442 : 00000000;
    25443 : 00000000;
    25444 : 00000000;
    25445 : 00000000;
    25446 : 00000000;
    25447 : 00000000;
    25448 : 00000000;
    25449 : 00000000;
    25450 : 00000000;
    25451 : 00000000;
    25452 : 00000000;
    25453 : 00000000;
    25454 : 00000000;
    25455 : 00000000;
    25456 : 00000000;
    25457 : 00000000;
    25458 : 00000000;
    25459 : 00000000;
    25460 : 00000000;
    25461 : 00000000;
    25462 : 00000000;
    25463 : 00000000;
    25464 : 00000000;
    25465 : 00000000;
    25466 : 00000000;
    25467 : 00000000;
    25468 : 00000000;
    25469 : 00000000;
    25470 : 00000000;
    25471 : 00000000;
    25472 : 00000000;
    25473 : 00000000;
    25474 : 00000000;
    25475 : 00000000;
    25476 : 00000000;
    25477 : 00000000;
    25478 : 00000000;
    25479 : 00000000;
    25480 : 00000000;
    25481 : 00000000;
    25482 : 00000000;
    25483 : 00000000;
    25484 : 00000000;
    25485 : 00000000;
    25486 : 00000000;
    25487 : 00000000;
    25488 : 00000000;
    25489 : 00000000;
    25490 : 00000000;
    25491 : 00000000;
    25492 : 00000000;
    25493 : 00000000;
    25494 : 00000000;
    25495 : 00000000;
    25496 : 00000000;
    25497 : 00000000;
    25498 : 00000000;
    25499 : 00000000;
    25500 : 00000000;
    25501 : 00000000;
    25502 : 00000000;
    25503 : 00000000;
    25504 : 00000000;
    25505 : 00000000;
    25506 : 00000000;
    25507 : 00000000;
    25508 : 00000000;
    25509 : 00000000;
    25510 : 00000000;
    25511 : 00000000;
    25512 : 00000000;
    25513 : 00000000;
    25514 : 00000000;
    25515 : 00000000;
    25516 : 00000000;
    25517 : 00000000;
    25518 : 00000000;
    25519 : 00000000;
    25520 : 00000000;
    25521 : 00000000;
    25522 : 00000000;
    25523 : 00000000;
    25524 : 00000000;
    25525 : 00000000;
    25526 : 00000000;
    25527 : 00000000;
    25528 : 00000000;
    25529 : 00000000;
    25530 : 00000000;
    25531 : 00000000;
    25532 : 00000000;
    25533 : 00000000;
    25534 : 00000000;
    25535 : 00000000;
    25536 : 00000000;
    25537 : 00000000;
    25538 : 00000000;
    25539 : 00000000;
    25540 : 00000000;
    25541 : 00000000;
    25542 : 00000000;
    25543 : 00000000;
    25544 : 00000000;
    25545 : 00000000;
    25546 : 00000000;
    25547 : 00000000;
    25548 : 00000000;
    25549 : 00000000;
    25550 : 00000000;
    25551 : 00000000;
    25552 : 00000000;
    25553 : 00000000;
    25554 : 00000000;
    25555 : 00000000;
    25556 : 00000000;
    25557 : 00000000;
    25558 : 00000000;
    25559 : 00000000;
    25560 : 00000000;
    25561 : 00000000;
    25562 : 00000000;
    25563 : 00000000;
    25564 : 00000000;
    25565 : 00000000;
    25566 : 00000000;
    25567 : 00000000;
    25568 : 00000000;
    25569 : 00000000;
    25570 : 00000000;
    25571 : 00000000;
    25572 : 00000000;
    25573 : 00000000;
    25574 : 00000000;
    25575 : 00000000;
    25576 : 00000000;
    25577 : 00000000;
    25578 : 00000000;
    25579 : 00000000;
    25580 : 00000000;
    25581 : 00000000;
    25582 : 00000000;
    25583 : 00000000;
    25584 : 00000000;
    25585 : 00000000;
    25586 : 00000000;
    25587 : 00000000;
    25588 : 00000000;
    25589 : 00000000;
    25590 : 00000000;
    25591 : 00000000;
    25592 : 00000000;
    25593 : 00000000;
    25594 : 00000000;
    25595 : 00000000;
    25596 : 53494730;
    25597 : 00000074;
    25598 : 00000098;
    25599 : 00000024;
    25600 : 1A000813;
    25601 : 42727037;
    25602 : E6F00013;
    25603 : 563330B7;
    25604 : 24908093;
    25605 : 2D562137;
    25606 : 05210113;
    25607 : 526971B7;
    25608 : 36318193;
    25609 : 736B8237;
    25610 : 92020213;
    25611 : 737462B7;
    25612 : 57228293;
    25613 : 6E205337;
    25614 : E6F30313;
    25615 : 4D6973B7;
    25616 : C6138393;
    25617 : 6F646437;
    25618 : 17340413;
    25619 : 6B7944B7;
    25620 : 06348493;
    25621 : 74657537;
    25622 : 27350513;
    25623 : 286E75B7;
    25624 : F7358593;
    25625 : 656B2637;
    25626 : 04860613;
    25627 : 205266B7;
    25628 : 16468693;
    25629 : 6F6D3737;
    25630 : 92C70713;
    25631 : 697037B7;
    25632 : E6378793;
    25633 : 00082023;
    25634 : 00182223;
    25635 : 00282423;
    25636 : 00382623;
    25637 : 00482823;
    25638 : 00582A23;
    25639 : 00682C23;
    25640 : 00782E23;
    25641 : 02882023;
    25642 : 02982223;
    25643 : 02A82423;
    25644 : 02B82623;
    25645 : 02C82823;
    25646 : 02D82A23;
    25647 : 02E82C23;
    25648 : 02F82E23;
    25649 : 1E000213;
    25650 : 636F6837;
    25651 : 46180813;
    25652 : 6A6578B7;
    25653 : B4088893;
    25654 : 20287937;
    25655 : 86190913;
    25656 : 616A69B7;
    25657 : 56B98993;
    25658 : 61766A37;
    25659 : 520A0A13;
    25660 : 2E205AB7;
    25661 : C65A8A93;
    25662 : 636F7B37;
    25663 : D29B0B13;
    25664 : 73697BB7;
    25665 : 02EB8B93;
    25666 : 66208C37;
    25667 : 96FC0C13;
    25668 : 67652CB7;
    25669 : 069C8C93;
    25670 : 65737D37;
    25671 : 361D0D13;
    25672 : 75732DB7;
    25673 : 06DD8D93;
    25674 : 3A291E37;
    25675 : D0AE0E13;
    25676 : 68697EB7;
    25677 : 320E8E93;
    25678 : 61642F37;
    25679 : 074F0F13;
    25680 : 75207FB7;
    25681 : 265F8F93;
    25682 : 01022023;
    25683 : 01122223;
    25684 : 01222423;
    25685 : 01322623;
    25686 : 01422823;
    25687 : 01522A23;
    25688 : 01622C23;
    25689 : 01722E23;
    25690 : 03822023;
    25691 : 03922223;
    25692 : 03A22423;
    25693 : 03B22623;
    25694 : 03C22823;
    25695 : 03D22A23;
    25696 : 03E22C23;
    25697 : 03F22E23;
    25698 : 22000213;
    25699 : 00022023;
    25700 : 00122223;
    25701 : 00222423;
    25702 : 00322623;
    25703 : 00000073;
    25704 : FFFFFFFF;
    25705 : FFFFFFFF;
    25706 : FFFFFFFF;
    25707 : FFFFFFFF;
    25708 : FFFFFFFF;
    25709 : FFFFFFFF;
    25710 : FFFFFFFF;
    25711 : FFFFFFFF;
    25712 : FFFFFFFF;
    25713 : FFFFFFFF;
    25714 : FFFFFFFF;
    25715 : FFFFFFFF;
    25716 : FFFFFFFF;
    25717 : FFFFFFFF;
    25718 : FFFFFFFF;
    25719 : FFFFFFFF;
    25720 : FFFFFFFF;
    25721 : FFFFFFFF;
    25722 : FFFFFFFF;
    25723 : FFFFFFFF;
    25724 : FFFFFFFF;
    25725 : FFFFFFFF;
    25726 : FFFFFFFF;
    25727 : FFFFFFFF;
    25728 : FFFFFFFF;
    25729 : FFFFFFFF;
    25730 : FFFFFFFF;
    25731 : FFFFFFFF;
    25732 : FFFFFFFF;
    25733 : FFFFFFFF;
    25734 : FFFFFFFF;
    25735 : FFFFFFFF;
    25736 : FFFFFFFF;
    25737 : FFFFFFFF;
    25738 : FFFFFFFF;
    25739 : FFFFFFFF;
    25740 : 00000000;
    25741 : 00000000;
    25742 : 00000000;
    25743 : 00000000;
    25744 : 00000000;
    25745 : 00000000;
    25746 : 00000000;
    25747 : 00000000;
    25748 : 00000000;
    25749 : 00000000;
    25750 : 00000000;
    25751 : 00000000;
    25752 : 00000000;
    25753 : 00000000;
    25754 : 00000000;
    25755 : 00000000;
    25756 : 00000000;
    25757 : 00000000;
    25758 : 00000000;
    25759 : 00000000;
    25760 : 00000000;
    25761 : 00000000;
    25762 : 00000000;
    25763 : 00000000;
    25764 : 00000000;
    25765 : 00000000;
    25766 : 00000000;
    25767 : 00000000;
    25768 : 00000000;
    25769 : 00000000;
    25770 : 00000000;
    25771 : 00000000;
    25772 : 00000000;
    25773 : 00000000;
    25774 : 00000000;
    25775 : 00000000;
    25776 : 00000000;
    25777 : 00000000;
    25778 : 00000000;
    25779 : 00000000;
    25780 : 00000000;
    25781 : 00000000;
    25782 : 00000000;
    25783 : 00000000;
    25784 : 00000000;
    25785 : 00000000;
    25786 : 00000000;
    25787 : 00000000;
    25788 : 00000000;
    25789 : 00000000;
    25790 : 00000000;
    25791 : 00000000;
    25792 : 00000000;
    25793 : 00000000;
    25794 : 00000000;
    25795 : 00000000;
    25796 : 00000000;
    25797 : 00000000;
    25798 : 00000000;
    25799 : 00000000;
    25800 : 00000000;
    25801 : 00000000;
    25802 : 00000000;
    25803 : 00000000;
    25804 : 00000000;
    25805 : 00000000;
    25806 : 00000000;
    25807 : 00000000;
    25808 : 00000000;
    25809 : 00000000;
    25810 : 00000000;
    25811 : 00000000;
    25812 : 00000000;
    25813 : 00000000;
    25814 : 00000000;
    25815 : 00000000;
    25816 : 00000000;
    25817 : 00000000;
    25818 : 00000000;
    25819 : 00000000;
    25820 : 00000000;
    25821 : 00000000;
    25822 : 00000000;
    25823 : 00000000;
    25824 : 00000000;
    25825 : 00000000;
    25826 : 00000000;
    25827 : 00000000;
    25828 : 00000000;
    25829 : 00000000;
    25830 : 00000000;
    25831 : 00000000;
    25832 : 00000000;
    25833 : 00000000;
    25834 : 00000000;
    25835 : 00000000;
    25836 : 00000000;
    25837 : 00000000;
    25838 : 00000000;
    25839 : 00000000;
    25840 : 00000000;
    25841 : 00000000;
    25842 : 00000000;
    25843 : 00000000;
    25844 : 00000000;
    25845 : 00000000;
    25846 : 00000000;
    25847 : 00000000;
    25848 : 00000000;
    25849 : 00000000;
    25850 : 00000000;
    25851 : 00000000;
    25852 : 00000000;
    25853 : 00000000;
    25854 : 00000000;
    25855 : 00000000;
    25856 : 00000000;
    25857 : 00000000;
    25858 : 00000000;
    25859 : 00000000;
    25860 : 00000000;
    25861 : 00000000;
    25862 : 00000000;
    25863 : 00000000;
    25864 : 00000000;
    25865 : 00000000;
    25866 : 00000000;
    25867 : 00000000;
    25868 : 00000000;
    25869 : 00000000;
    25870 : 00000000;
    25871 : 00000000;
    25872 : 00000000;
    25873 : 00000000;
    25874 : 00000000;
    25875 : 00000000;
    25876 : 00000000;
    25877 : 00000000;
    25878 : 00000000;
    25879 : 00000000;
    25880 : 00000000;
    25881 : 00000000;
    25882 : 00000000;
    25883 : 00000000;
    25884 : 00000000;
    25885 : 00000000;
    25886 : 00000000;
    25887 : 00000000;
    25888 : 00000000;
    25889 : 00000000;
    25890 : 00000000;
    25891 : 00000000;
    25892 : 00000000;
    25893 : 00000000;
    25894 : 00000000;
    25895 : 00000000;
    25896 : 00000000;
    25897 : 00000000;
    25898 : 00000000;
    25899 : 00000000;
    25900 : 00000000;
    25901 : 00000000;
    25902 : 00000000;
    25903 : 00000000;
    25904 : 00000000;
    25905 : 00000000;
    25906 : 00000000;
    25907 : 00000000;
    25908 : 00000000;
    25909 : 00000000;
    25910 : 00000000;
    25911 : 00000000;
    25912 : 00000000;
    25913 : 00000000;
    25914 : 00000000;
    25915 : 00000000;
    25916 : 00000000;
    25917 : 00000000;
    25918 : 00000000;
    25919 : 00000000;
    25920 : 00000000;
    25921 : 00000000;
    25922 : 00000000;
    25923 : 00000000;
    25924 : 00000000;
    25925 : 00000000;
    25926 : 00000000;
    25927 : 00000000;
    25928 : 00000000;
    25929 : 00000000;
    25930 : 00000000;
    25931 : 00000000;
    25932 : 00000000;
    25933 : 00000000;
    25934 : 00000000;
    25935 : 00000000;
    25936 : 00000000;
    25937 : 00000000;
    25938 : 00000000;
    25939 : 00000000;
    25940 : 00000000;
    25941 : 00000000;
    25942 : 00000000;
    25943 : 00000000;
    25944 : 00000000;
    25945 : 00000000;
    25946 : 00000000;
    25947 : 00000000;
    25948 : 00000000;
    25949 : 00000000;
    25950 : 00000000;
    25951 : 00000000;
    25952 : 00000000;
    25953 : 00000000;
    25954 : 00000000;
    25955 : 00000000;
    25956 : 00000000;
    25957 : 00000000;
    25958 : 00000000;
    25959 : 00000000;
    25960 : 00000000;
    25961 : 00000000;
    25962 : 00000000;
    25963 : 00000000;
    25964 : 00000000;
    25965 : 00000000;
    25966 : 00000000;
    25967 : 00000000;
    25968 : 00000000;
    25969 : 00000000;
    25970 : 00000000;
    25971 : 00000000;
    25972 : 00000000;
    25973 : 00000000;
    25974 : 00000000;
    25975 : 00000000;
    25976 : 00000000;
    25977 : 00000000;
    25978 : 00000000;
    25979 : 00000000;
    25980 : 00000000;
    25981 : 00000000;
    25982 : 00000000;
    25983 : 00000000;
    25984 : 00000000;
    25985 : 00000000;
    25986 : 00000000;
    25987 : 00000000;
    25988 : 00000000;
    25989 : 00000000;
    25990 : 00000000;
    25991 : 00000000;
    25992 : 00000000;
    25993 : 00000000;
    25994 : 00000000;
    25995 : 00000000;
    25996 : 00000000;
    25997 : 00000000;
    25998 : 00000000;
    25999 : 00000000;
    26000 : 00000000;
    26001 : 00000000;
    26002 : 00000000;
    26003 : 00000000;
    26004 : 00000000;
    26005 : 00000000;
    26006 : 00000000;
    26007 : 00000000;
    26008 : 00000000;
    26009 : 00000000;
    26010 : 00000000;
    26011 : 00000000;
    26012 : 00000000;
    26013 : 00000000;
    26014 : 00000000;
    26015 : 00000000;
    26016 : 00000000;
    26017 : 00000000;
    26018 : 00000000;
    26019 : 00000000;
    26020 : 00000000;
    26021 : 00000000;
    26022 : 00000000;
    26023 : 00000000;
    26024 : 00000000;
    26025 : 00000000;
    26026 : 00000000;
    26027 : 00000000;
    26028 : 00000000;
    26029 : 00000000;
    26030 : 00000000;
    26031 : 00000000;
    26032 : 00000000;
    26033 : 00000000;
    26034 : 00000000;
    26035 : 00000000;
    26036 : 00000000;
    26037 : 00000000;
    26038 : 00000000;
    26039 : 00000000;
    26040 : 00000000;
    26041 : 00000000;
    26042 : 00000000;
    26043 : 00000000;
    26044 : 00000000;
    26045 : 00000000;
    26046 : 00000000;
    26047 : 00000000;
    26048 : 00000000;
    26049 : 00000000;
    26050 : 00000000;
    26051 : 00000000;
    26052 : 00000000;
    26053 : 00000000;
    26054 : 00000000;
    26055 : 00000000;
    26056 : 00000000;
    26057 : 00000000;
    26058 : 00000000;
    26059 : 00000000;
    26060 : 00000000;
    26061 : 00000000;
    26062 : 00000000;
    26063 : 00000000;
    26064 : 00000000;
    26065 : 00000000;
    26066 : 00000000;
    26067 : 00000000;
    26068 : 00000000;
    26069 : 00000000;
    26070 : 00000000;
    26071 : 00000000;
    26072 : 00000000;
    26073 : 00000000;
    26074 : 00000000;
    26075 : 00000000;
    26076 : 00000000;
    26077 : 00000000;
    26078 : 00000000;
    26079 : 00000000;
    26080 : 00000000;
    26081 : 00000000;
    26082 : 00000000;
    26083 : 00000000;
    26084 : 00000000;
    26085 : 00000000;
    26086 : 00000000;
    26087 : 00000000;
    26088 : 00000000;
    26089 : 00000000;
    26090 : 00000000;
    26091 : 00000000;
    26092 : 00000000;
    26093 : 00000000;
    26094 : 00000000;
    26095 : 00000000;
    26096 : 00000000;
    26097 : 00000000;
    26098 : 00000000;
    26099 : 00000000;
    26100 : 00000000;
    26101 : 00000000;
    26102 : 00000000;
    26103 : 00000000;
    26104 : 00000000;
    26105 : 00000000;
    26106 : 00000000;
    26107 : 00000000;
    26108 : 00000000;
    26109 : 00000000;
    26110 : 00000000;
    26111 : 00000000;
    26112 : 00000000;
    26113 : 00000000;
    26114 : 00000000;
    26115 : 00000000;
    26116 : 00000000;
    26117 : 00000000;
    26118 : 00000000;
    26119 : 00000000;
    26120 : 00000000;
    26121 : 00000000;
    26122 : 00000000;
    26123 : 00000000;
    26124 : 00000000;
    26125 : 00000000;
    26126 : 00000000;
    26127 : 00000000;
    26128 : 00000000;
    26129 : 00000000;
    26130 : 00000000;
    26131 : 00000000;
    26132 : 00000000;
    26133 : 00000000;
    26134 : 00000000;
    26135 : 00000000;
    26136 : 00000000;
    26137 : 00000000;
    26138 : 00000000;
    26139 : 00000000;
    26140 : 00000000;
    26141 : 00000000;
    26142 : 00000000;
    26143 : 00000000;
    26144 : 00000000;
    26145 : 00000000;
    26146 : 00000000;
    26147 : 00000000;
    26148 : 00000000;
    26149 : 00000000;
    26150 : 00000000;
    26151 : 00000000;
    26152 : 00000000;
    26153 : 00000000;
    26154 : 00000000;
    26155 : 00000000;
    26156 : 00000000;
    26157 : 00000000;
    26158 : 00000000;
    26159 : 00000000;
    26160 : 00000000;
    26161 : 00000000;
    26162 : 00000000;
    26163 : 00000000;
    26164 : 00000000;
    26165 : 00000000;
    26166 : 00000000;
    26167 : 00000000;
    26168 : 00000000;
    26169 : 00000000;
    26170 : 00000000;
    26171 : 00000000;
    26172 : 00000000;
    26173 : 00000000;
    26174 : 00000000;
    26175 : 00000000;
    26176 : 00000000;
    26177 : 00000000;
    26178 : 00000000;
    26179 : 00000000;
    26180 : 00000000;
    26181 : 00000000;
    26182 : 00000000;
    26183 : 00000000;
    26184 : 00000000;
    26185 : 00000000;
    26186 : 00000000;
    26187 : 00000000;
    26188 : 00000000;
    26189 : 00000000;
    26190 : 00000000;
    26191 : 00000000;
    26192 : 00000000;
    26193 : 00000000;
    26194 : 00000000;
    26195 : 00000000;
    26196 : 00000000;
    26197 : 00000000;
    26198 : 00000000;
    26199 : 00000000;
    26200 : 00000000;
    26201 : 00000000;
    26202 : 00000000;
    26203 : 00000000;
    26204 : 00000000;
    26205 : 00000000;
    26206 : 00000000;
    26207 : 00000000;
    26208 : 00000000;
    26209 : 00000000;
    26210 : 00000000;
    26211 : 00000000;
    26212 : 00000000;
    26213 : 00000000;
    26214 : 00000000;
    26215 : 00000000;
    26216 : 00000000;
    26217 : 00000000;
    26218 : 00000000;
    26219 : 00000000;
    26220 : 00000000;
    26221 : 00000000;
    26222 : 00000000;
    26223 : 00000000;
    26224 : 00000000;
    26225 : 00000000;
    26226 : 00000000;
    26227 : 00000000;
    26228 : 00000000;
    26229 : 00000000;
    26230 : 00000000;
    26231 : 00000000;
    26232 : 00000000;
    26233 : 00000000;
    26234 : 00000000;
    26235 : 00000000;
    26236 : 00000000;
    26237 : 00000000;
    26238 : 00000000;
    26239 : 00000000;
    26240 : 00000000;
    26241 : 00000000;
    26242 : 00000000;
    26243 : 00000000;
    26244 : 00000000;
    26245 : 00000000;
    26246 : 00000000;
    26247 : 00000000;
    26248 : 00000000;
    26249 : 00000000;
    26250 : 00000000;
    26251 : 00000000;
    26252 : 00000000;
    26253 : 00000000;
    26254 : 00000000;
    26255 : 00000000;
    26256 : 00000000;
    26257 : 00000000;
    26258 : 00000000;
    26259 : 00000000;
    26260 : 00000000;
    26261 : 00000000;
    26262 : 00000000;
    26263 : 00000000;
    26264 : 00000000;
    26265 : 00000000;
    26266 : 00000000;
    26267 : 00000000;
    26268 : 00000000;
    26269 : 00000000;
    26270 : 00000000;
    26271 : 00000000;
    26272 : 00000000;
    26273 : 00000000;
    26274 : 00000000;
    26275 : 00000000;
    26276 : 00000000;
    26277 : 00000000;
    26278 : 00000000;
    26279 : 00000000;
    26280 : 00000000;
    26281 : 00000000;
    26282 : 00000000;
    26283 : 00000000;
    26284 : 00000000;
    26285 : 00000000;
    26286 : 00000000;
    26287 : 00000000;
    26288 : 00000000;
    26289 : 00000000;
    26290 : 00000000;
    26291 : 00000000;
    26292 : 00000000;
    26293 : 00000000;
    26294 : 00000000;
    26295 : 00000000;
    26296 : 00000000;
    26297 : 00000000;
    26298 : 00000000;
    26299 : 00000000;
    26300 : 00000000;
    26301 : 00000000;
    26302 : 00000000;
    26303 : 00000000;
    26304 : 00000000;
    26305 : 00000000;
    26306 : 00000000;
    26307 : 00000000;
    26308 : 00000000;
    26309 : 00000000;
    26310 : 00000000;
    26311 : 00000000;
    26312 : 00000000;
    26313 : 00000000;
    26314 : 00000000;
    26315 : 00000000;
    26316 : 00000000;
    26317 : 00000000;
    26318 : 00000000;
    26319 : 00000000;
    26320 : 00000000;
    26321 : 00000000;
    26322 : 00000000;
    26323 : 00000000;
    26324 : 00000000;
    26325 : 00000000;
    26326 : 00000000;
    26327 : 00000000;
    26328 : 00000000;
    26329 : 00000000;
    26330 : 00000000;
    26331 : 00000000;
    26332 : 00000000;
    26333 : 00000000;
    26334 : 00000000;
    26335 : 00000000;
    26336 : 00000000;
    26337 : 00000000;
    26338 : 00000000;
    26339 : 00000000;
    26340 : 00000000;
    26341 : 00000000;
    26342 : 00000000;
    26343 : 00000000;
    26344 : 00000000;
    26345 : 00000000;
    26346 : 00000000;
    26347 : 00000000;
    26348 : 00000000;
    26349 : 00000000;
    26350 : 00000000;
    26351 : 00000000;
    26352 : 00000000;
    26353 : 00000000;
    26354 : 00000000;
    26355 : 00000000;
    26356 : 00000000;
    26357 : 00000000;
    26358 : 00000000;
    26359 : 00000000;
    26360 : 00000000;
    26361 : 00000000;
    26362 : 00000000;
    26363 : 00000000;
    26364 : 00000000;
    26365 : 00000000;
    26366 : 00000000;
    26367 : 00000000;
    26368 : 00000000;
    26369 : 00000000;
    26370 : 00000000;
    26371 : 00000000;
    26372 : 00000000;
    26373 : 00000000;
    26374 : 00000000;
    26375 : 00000000;
    26376 : 00000000;
    26377 : 00000000;
    26378 : 00000000;
    26379 : 00000000;
    26380 : 00000000;
    26381 : 00000000;
    26382 : 00000000;
    26383 : 00000000;
    26384 : 00000000;
    26385 : 00000000;
    26386 : 00000000;
    26387 : 00000000;
    26388 : 00000000;
    26389 : 00000000;
    26390 : 00000000;
    26391 : 00000000;
    26392 : 00000000;
    26393 : 00000000;
    26394 : 00000000;
    26395 : 00000000;
    26396 : 00000000;
    26397 : 00000000;
    26398 : 00000000;
    26399 : 00000000;
    26400 : 00000000;
    26401 : 00000000;
    26402 : 00000000;
    26403 : 00000000;
    26404 : 00000000;
    26405 : 00000000;
    26406 : 00000000;
    26407 : 00000000;
    26408 : 00000000;
    26409 : 00000000;
    26410 : 00000000;
    26411 : 00000000;
    26412 : 00000000;
    26413 : 00000000;
    26414 : 00000000;
    26415 : 00000000;
    26416 : 00000000;
    26417 : 00000000;
    26418 : 00000000;
    26419 : 00000000;
    26420 : 00000000;
    26421 : 00000000;
    26422 : 00000000;
    26423 : 00000000;
    26424 : 00000000;
    26425 : 00000000;
    26426 : 00000000;
    26427 : 00000000;
    26428 : 00000000;
    26429 : 00000000;
    26430 : 00000000;
    26431 : 00000000;
    26432 : 00000000;
    26433 : 00000000;
    26434 : 00000000;
    26435 : 00000000;
    26436 : 00000000;
    26437 : 00000000;
    26438 : 00000000;
    26439 : 00000000;
    26440 : 00000000;
    26441 : 00000000;
    26442 : 00000000;
    26443 : 00000000;
    26444 : 00000000;
    26445 : 00000000;
    26446 : 00000000;
    26447 : 00000000;
    26448 : 00000000;
    26449 : 00000000;
    26450 : 00000000;
    26451 : 00000000;
    26452 : 00000000;
    26453 : 00000000;
    26454 : 00000000;
    26455 : 00000000;
    26456 : 00000000;
    26457 : 00000000;
    26458 : 00000000;
    26459 : 00000000;
    26460 : 00000000;
    26461 : 00000000;
    26462 : 00000000;
    26463 : 00000000;
    26464 : 00000000;
    26465 : 00000000;
    26466 : 00000000;
    26467 : 00000000;
    26468 : 00000000;
    26469 : 00000000;
    26470 : 00000000;
    26471 : 00000000;
    26472 : 00000000;
    26473 : 00000000;
    26474 : 00000000;
    26475 : 00000000;
    26476 : 00000000;
    26477 : 00000000;
    26478 : 00000000;
    26479 : 00000000;
    26480 : 00000000;
    26481 : 00000000;
    26482 : 00000000;
    26483 : 00000000;
    26484 : 00000000;
    26485 : 00000000;
    26486 : 00000000;
    26487 : 00000000;
    26488 : 00000000;
    26489 : 00000000;
    26490 : 00000000;
    26491 : 00000000;
    26492 : 00000000;
    26493 : 00000000;
    26494 : 00000000;
    26495 : 00000000;
    26496 : 00000000;
    26497 : 00000000;
    26498 : 00000000;
    26499 : 00000000;
    26500 : 00000000;
    26501 : 00000000;
    26502 : 00000000;
    26503 : 00000000;
    26504 : 00000000;
    26505 : 00000000;
    26506 : 00000000;
    26507 : 00000000;
    26508 : 00000000;
    26509 : 00000000;
    26510 : 00000000;
    26511 : 00000000;
    26512 : 00000000;
    26513 : 00000000;
    26514 : 00000000;
    26515 : 00000000;
    26516 : 00000000;
    26517 : 00000000;
    26518 : 00000000;
    26519 : 00000000;
    26520 : 00000000;
    26521 : 00000000;
    26522 : 00000000;
    26523 : 00000000;
    26524 : 00000000;
    26525 : 00000000;
    26526 : 00000000;
    26527 : 00000000;
    26528 : 00000000;
    26529 : 00000000;
    26530 : 00000000;
    26531 : 00000000;
    26532 : 00000000;
    26533 : 00000000;
    26534 : 00000000;
    26535 : 00000000;
    26536 : 00000000;
    26537 : 00000000;
    26538 : 00000000;
    26539 : 00000000;
    26540 : 00000000;
    26541 : 00000000;
    26542 : 00000000;
    26543 : 00000000;
    26544 : 00000000;
    26545 : 00000000;
    26546 : 00000000;
    26547 : 00000000;
    26548 : 00000000;
    26549 : 00000000;
    26550 : 00000000;
    26551 : 00000000;
    26552 : 00000000;
    26553 : 00000000;
    26554 : 00000000;
    26555 : 00000000;
    26556 : 00000000;
    26557 : 00000000;
    26558 : 00000000;
    26559 : 00000000;
    26560 : 00000000;
    26561 : 00000000;
    26562 : 00000000;
    26563 : 00000000;
    26564 : 00000000;
    26565 : 00000000;
    26566 : 00000000;
    26567 : 00000000;
    26568 : 00000000;
    26569 : 00000000;
    26570 : 00000000;
    26571 : 00000000;
    26572 : 00000000;
    26573 : 00000000;
    26574 : 00000000;
    26575 : 00000000;
    26576 : 00000000;
    26577 : 00000000;
    26578 : 00000000;
    26579 : 00000000;
    26580 : 00000000;
    26581 : 00000000;
    26582 : 00000000;
    26583 : 00000000;
    26584 : 00000000;
    26585 : 00000000;
    26586 : 00000000;
    26587 : 00000000;
    26588 : 00000000;
    26589 : 00000000;
    26590 : 00000000;
    26591 : 00000000;
    26592 : 00000000;
    26593 : 00000000;
    26594 : 00000000;
    26595 : 00000000;
    26596 : 00000000;
    26597 : 00000000;
    26598 : 00000000;
    26599 : 00000000;
    26600 : 00000000;
    26601 : 00000000;
    26602 : 00000000;
    26603 : 00000000;
    26604 : 00000000;
    26605 : 00000000;
    26606 : 00000000;
    26607 : 00000000;
    26608 : 00000000;
    26609 : 00000000;
    26610 : 00000000;
    26611 : 00000000;
    26612 : 00000000;
    26613 : 00000000;
    26614 : 00000000;
    26615 : 00000000;
    26616 : 00000000;
    26617 : 00000000;
    26618 : 00000000;
    26619 : 00000000;
    26620 : 53494730;
    26621 : 00000068;
    26622 : 0000008C;
    26623 : 00000024;
    26624 : 28000813;
    26625 : 00100013;
    26626 : 00100093;
    26627 : 00100113;
    26628 : 00100193;
    26629 : 00100213;
    26630 : 00100293;
    26631 : 00100313;
    26632 : 00100393;
    26633 : 00100413;
    26634 : 00100493;
    26635 : 00100513;
    26636 : 00100593;
    26637 : 00100613;
    26638 : 00100693;
    26639 : 00100713;
    26640 : 00100793;
    26641 : 01F09093;
    26642 : 0000C463;
    26643 : 00000093;
    26644 : 01F11113;
    26645 : 00014463;
    26646 : 00000113;
    26647 : 01F19193;
    26648 : 0001C463;
    26649 : 00000193;
    26650 : 01F21213;
    26651 : 00024463;
    26652 : 00000213;
    26653 : 01F29293;
    26654 : 0002C463;
    26655 : 00000293;
    26656 : 01F31313;
    26657 : 00034463;
    26658 : 00000313;
    26659 : 01F39393;
    26660 : 0003C463;
    26661 : 00000393;
    26662 : 01F41413;
    26663 : 00044463;
    26664 : 00000413;
    26665 : 01F49493;
    26666 : 0004C463;
    26667 : 00000493;
    26668 : 01F51513;
    26669 : 00054463;
    26670 : 00000513;
    26671 : 01F59593;
    26672 : 0005C463;
    26673 : 00000593;
    26674 : 01F61613;
    26675 : 00064463;
    26676 : 00000613;
    26677 : 01F69693;
    26678 : 0006C463;
    26679 : 00000693;
    26680 : 01F71713;
    26681 : 00074463;
    26682 : 00000713;
    26683 : 01F79793;
    26684 : 0007C463;
    26685 : 00000793;
    26686 : 00082023;
    26687 : 00182223;
    26688 : 00282423;
    26689 : 00382623;
    26690 : 00482823;
    26691 : 00582A23;
    26692 : 00682C23;
    26693 : 00782E23;
    26694 : 02882023;
    26695 : 02982223;
    26696 : 02A82423;
    26697 : 02B82623;
    26698 : 02C82823;
    26699 : 02D82A23;
    26700 : 02E82C23;
    26701 : 02F82E23;
    26702 : 2C000093;
    26703 : 00100813;
    26704 : 00100893;
    26705 : 00100913;
    26706 : 00100993;
    26707 : 00100A13;
    26708 : 00100A93;
    26709 : 00100B13;
    26710 : 00100B93;
    26711 : 00100C13;
    26712 : 00100C93;
    26713 : 00100D13;
    26714 : 00100D93;
    26715 : 00100E13;
    26716 : 00100E93;
    26717 : 00100F13;
    26718 : 00100F93;
    26719 : 01F81813;
    26720 : 00084463;
    26721 : 00000813;
    26722 : 01F89893;
    26723 : 0008C463;
    26724 : 00000893;
    26725 : 01F91913;
    26726 : 00094463;
    26727 : 00000913;
    26728 : 01F99993;
    26729 : 0009C463;
    26730 : 00000993;
    26731 : 01FA1A13;
    26732 : 000A4463;
    26733 : 00000A13;
    26734 : 01FA9A93;
    26735 : 000AC463;
    26736 : 00000A93;
    26737 : 01FB1B13;
    26738 : 000B4463;
    26739 : 00000B13;
    26740 : 01FB9B93;
    26741 : 000BC463;
    26742 : 00000B93;
    26743 : 01FC1C13;
    26744 : 000C4463;
    26745 : 00000C13;
    26746 : 01FC9C93;
    26747 : 000CC463;
    26748 : 00000C93;
    26749 : 01FD1D13;
    26750 : 000D4463;
    26751 : 00000D13;
    26752 : 01FD9D93;
    26753 : 000DC463;
    26754 : 00000D93;
    26755 : 01FE1E13;
    26756 : 000E4463;
    26757 : 00000E13;
    26758 : 01FE9E93;
    26759 : 000EC463;
    26760 : 00000E93;
    26761 : 01FF1F13;
    26762 : 000F4463;
    26763 : 00000F13;
    26764 : 01FF9F93;
    26765 : 000FC463;
    26766 : 00000F93;
    26767 : 0100A023;
    26768 : 0110A223;
    26769 : 0120A423;
    26770 : 0130A623;
    26771 : 0140A823;
    26772 : 0150AA23;
    26773 : 0160AC23;
    26774 : 0170AE23;
    26775 : 0380A023;
    26776 : 0390A223;
    26777 : 03A0A423;
    26778 : 03B0A623;
    26779 : 03C0A823;
    26780 : 03D0AA23;
    26781 : 03E0AC23;
    26782 : 03F0AE23;
    26783 : 00000073;
    26784 : FFFFFFFF;
    26785 : FFFFFFFF;
    26786 : FFFFFFFF;
    26787 : FFFFFFFF;
    26788 : FFFFFFFF;
    26789 : FFFFFFFF;
    26790 : FFFFFFFF;
    26791 : FFFFFFFF;
    26792 : FFFFFFFF;
    26793 : FFFFFFFF;
    26794 : FFFFFFFF;
    26795 : FFFFFFFF;
    26796 : FFFFFFFF;
    26797 : FFFFFFFF;
    26798 : FFFFFFFF;
    26799 : FFFFFFFF;
    26800 : FFFFFFFF;
    26801 : FFFFFFFF;
    26802 : FFFFFFFF;
    26803 : FFFFFFFF;
    26804 : FFFFFFFF;
    26805 : FFFFFFFF;
    26806 : FFFFFFFF;
    26807 : FFFFFFFF;
    26808 : FFFFFFFF;
    26809 : FFFFFFFF;
    26810 : FFFFFFFF;
    26811 : FFFFFFFF;
    26812 : FFFFFFFF;
    26813 : FFFFFFFF;
    26814 : FFFFFFFF;
    26815 : FFFFFFFF;
    26816 : 00000000;
    26817 : 00000000;
    26818 : 00000000;
    26819 : 00000000;
    26820 : 00000000;
    26821 : 00000000;
    26822 : 00000000;
    26823 : 00000000;
    26824 : 00000000;
    26825 : 00000000;
    26826 : 00000000;
    26827 : 00000000;
    26828 : 00000000;
    26829 : 00000000;
    26830 : 00000000;
    26831 : 00000000;
    26832 : 00000000;
    26833 : 00000000;
    26834 : 00000000;
    26835 : 00000000;
    26836 : 00000000;
    26837 : 00000000;
    26838 : 00000000;
    26839 : 00000000;
    26840 : 00000000;
    26841 : 00000000;
    26842 : 00000000;
    26843 : 00000000;
    26844 : 00000000;
    26845 : 00000000;
    26846 : 00000000;
    26847 : 00000000;
    26848 : 00000000;
    26849 : 00000000;
    26850 : 00000000;
    26851 : 00000000;
    26852 : 00000000;
    26853 : 00000000;
    26854 : 00000000;
    26855 : 00000000;
    26856 : 00000000;
    26857 : 00000000;
    26858 : 00000000;
    26859 : 00000000;
    26860 : 00000000;
    26861 : 00000000;
    26862 : 00000000;
    26863 : 00000000;
    26864 : 00000000;
    26865 : 00000000;
    26866 : 00000000;
    26867 : 00000000;
    26868 : 00000000;
    26869 : 00000000;
    26870 : 00000000;
    26871 : 00000000;
    26872 : 00000000;
    26873 : 00000000;
    26874 : 00000000;
    26875 : 00000000;
    26876 : 00000000;
    26877 : 00000000;
    26878 : 00000000;
    26879 : 00000000;
    26880 : 00000000;
    26881 : 00000000;
    26882 : 00000000;
    26883 : 00000000;
    26884 : 00000000;
    26885 : 00000000;
    26886 : 00000000;
    26887 : 00000000;
    26888 : 00000000;
    26889 : 00000000;
    26890 : 00000000;
    26891 : 00000000;
    26892 : 00000000;
    26893 : 00000000;
    26894 : 00000000;
    26895 : 00000000;
    26896 : 00000000;
    26897 : 00000000;
    26898 : 00000000;
    26899 : 00000000;
    26900 : 00000000;
    26901 : 00000000;
    26902 : 00000000;
    26903 : 00000000;
    26904 : 00000000;
    26905 : 00000000;
    26906 : 00000000;
    26907 : 00000000;
    26908 : 00000000;
    26909 : 00000000;
    26910 : 00000000;
    26911 : 00000000;
    26912 : 00000000;
    26913 : 00000000;
    26914 : 00000000;
    26915 : 00000000;
    26916 : 00000000;
    26917 : 00000000;
    26918 : 00000000;
    26919 : 00000000;
    26920 : 00000000;
    26921 : 00000000;
    26922 : 00000000;
    26923 : 00000000;
    26924 : 00000000;
    26925 : 00000000;
    26926 : 00000000;
    26927 : 00000000;
    26928 : 00000000;
    26929 : 00000000;
    26930 : 00000000;
    26931 : 00000000;
    26932 : 00000000;
    26933 : 00000000;
    26934 : 00000000;
    26935 : 00000000;
    26936 : 00000000;
    26937 : 00000000;
    26938 : 00000000;
    26939 : 00000000;
    26940 : 00000000;
    26941 : 00000000;
    26942 : 00000000;
    26943 : 00000000;
    26944 : 00000000;
    26945 : 00000000;
    26946 : 00000000;
    26947 : 00000000;
    26948 : 00000000;
    26949 : 00000000;
    26950 : 00000000;
    26951 : 00000000;
    26952 : 00000000;
    26953 : 00000000;
    26954 : 00000000;
    26955 : 00000000;
    26956 : 00000000;
    26957 : 00000000;
    26958 : 00000000;
    26959 : 00000000;
    26960 : 00000000;
    26961 : 00000000;
    26962 : 00000000;
    26963 : 00000000;
    26964 : 00000000;
    26965 : 00000000;
    26966 : 00000000;
    26967 : 00000000;
    26968 : 00000000;
    26969 : 00000000;
    26970 : 00000000;
    26971 : 00000000;
    26972 : 00000000;
    26973 : 00000000;
    26974 : 00000000;
    26975 : 00000000;
    26976 : 00000000;
    26977 : 00000000;
    26978 : 00000000;
    26979 : 00000000;
    26980 : 00000000;
    26981 : 00000000;
    26982 : 00000000;
    26983 : 00000000;
    26984 : 00000000;
    26985 : 00000000;
    26986 : 00000000;
    26987 : 00000000;
    26988 : 00000000;
    26989 : 00000000;
    26990 : 00000000;
    26991 : 00000000;
    26992 : 00000000;
    26993 : 00000000;
    26994 : 00000000;
    26995 : 00000000;
    26996 : 00000000;
    26997 : 00000000;
    26998 : 00000000;
    26999 : 00000000;
    27000 : 00000000;
    27001 : 00000000;
    27002 : 00000000;
    27003 : 00000000;
    27004 : 00000000;
    27005 : 00000000;
    27006 : 00000000;
    27007 : 00000000;
    27008 : 00000000;
    27009 : 00000000;
    27010 : 00000000;
    27011 : 00000000;
    27012 : 00000000;
    27013 : 00000000;
    27014 : 00000000;
    27015 : 00000000;
    27016 : 00000000;
    27017 : 00000000;
    27018 : 00000000;
    27019 : 00000000;
    27020 : 00000000;
    27021 : 00000000;
    27022 : 00000000;
    27023 : 00000000;
    27024 : 00000000;
    27025 : 00000000;
    27026 : 00000000;
    27027 : 00000000;
    27028 : 00000000;
    27029 : 00000000;
    27030 : 00000000;
    27031 : 00000000;
    27032 : 00000000;
    27033 : 00000000;
    27034 : 00000000;
    27035 : 00000000;
    27036 : 00000000;
    27037 : 00000000;
    27038 : 00000000;
    27039 : 00000000;
    27040 : 00000000;
    27041 : 00000000;
    27042 : 00000000;
    27043 : 00000000;
    27044 : 00000000;
    27045 : 00000000;
    27046 : 00000000;
    27047 : 00000000;
    27048 : 00000000;
    27049 : 00000000;
    27050 : 00000000;
    27051 : 00000000;
    27052 : 00000000;
    27053 : 00000000;
    27054 : 00000000;
    27055 : 00000000;
    27056 : 00000000;
    27057 : 00000000;
    27058 : 00000000;
    27059 : 00000000;
    27060 : 00000000;
    27061 : 00000000;
    27062 : 00000000;
    27063 : 00000000;
    27064 : 00000000;
    27065 : 00000000;
    27066 : 00000000;
    27067 : 00000000;
    27068 : 00000000;
    27069 : 00000000;
    27070 : 00000000;
    27071 : 00000000;
    27072 : 00000000;
    27073 : 00000000;
    27074 : 00000000;
    27075 : 00000000;
    27076 : 00000000;
    27077 : 00000000;
    27078 : 00000000;
    27079 : 00000000;
    27080 : 00000000;
    27081 : 00000000;
    27082 : 00000000;
    27083 : 00000000;
    27084 : 00000000;
    27085 : 00000000;
    27086 : 00000000;
    27087 : 00000000;
    27088 : 00000000;
    27089 : 00000000;
    27090 : 00000000;
    27091 : 00000000;
    27092 : 00000000;
    27093 : 00000000;
    27094 : 00000000;
    27095 : 00000000;
    27096 : 00000000;
    27097 : 00000000;
    27098 : 00000000;
    27099 : 00000000;
    27100 : 00000000;
    27101 : 00000000;
    27102 : 00000000;
    27103 : 00000000;
    27104 : 00000000;
    27105 : 00000000;
    27106 : 00000000;
    27107 : 00000000;
    27108 : 00000000;
    27109 : 00000000;
    27110 : 00000000;
    27111 : 00000000;
    27112 : 00000000;
    27113 : 00000000;
    27114 : 00000000;
    27115 : 00000000;
    27116 : 00000000;
    27117 : 00000000;
    27118 : 00000000;
    27119 : 00000000;
    27120 : 00000000;
    27121 : 00000000;
    27122 : 00000000;
    27123 : 00000000;
    27124 : 00000000;
    27125 : 00000000;
    27126 : 00000000;
    27127 : 00000000;
    27128 : 00000000;
    27129 : 00000000;
    27130 : 00000000;
    27131 : 00000000;
    27132 : 00000000;
    27133 : 00000000;
    27134 : 00000000;
    27135 : 00000000;
    27136 : 00000000;
    27137 : 00000000;
    27138 : 00000000;
    27139 : 00000000;
    27140 : 00000000;
    27141 : 00000000;
    27142 : 00000000;
    27143 : 00000000;
    27144 : 00000000;
    27145 : 00000000;
    27146 : 00000000;
    27147 : 00000000;
    27148 : 00000000;
    27149 : 00000000;
    27150 : 00000000;
    27151 : 00000000;
    27152 : 00000000;
    27153 : 00000000;
    27154 : 00000000;
    27155 : 00000000;
    27156 : 00000000;
    27157 : 00000000;
    27158 : 00000000;
    27159 : 00000000;
    27160 : 00000000;
    27161 : 00000000;
    27162 : 00000000;
    27163 : 00000000;
    27164 : 00000000;
    27165 : 00000000;
    27166 : 00000000;
    27167 : 00000000;
    27168 : 00000000;
    27169 : 00000000;
    27170 : 00000000;
    27171 : 00000000;
    27172 : 00000000;
    27173 : 00000000;
    27174 : 00000000;
    27175 : 00000000;
    27176 : 00000000;
    27177 : 00000000;
    27178 : 00000000;
    27179 : 00000000;
    27180 : 00000000;
    27181 : 00000000;
    27182 : 00000000;
    27183 : 00000000;
    27184 : 00000000;
    27185 : 00000000;
    27186 : 00000000;
    27187 : 00000000;
    27188 : 00000000;
    27189 : 00000000;
    27190 : 00000000;
    27191 : 00000000;
    27192 : 00000000;
    27193 : 00000000;
    27194 : 00000000;
    27195 : 00000000;
    27196 : 00000000;
    27197 : 00000000;
    27198 : 00000000;
    27199 : 00000000;
    27200 : 00000000;
    27201 : 00000000;
    27202 : 00000000;
    27203 : 00000000;
    27204 : 00000000;
    27205 : 00000000;
    27206 : 00000000;
    27207 : 00000000;
    27208 : 00000000;
    27209 : 00000000;
    27210 : 00000000;
    27211 : 00000000;
    27212 : 00000000;
    27213 : 00000000;
    27214 : 00000000;
    27215 : 00000000;
    27216 : 00000000;
    27217 : 00000000;
    27218 : 00000000;
    27219 : 00000000;
    27220 : 00000000;
    27221 : 00000000;
    27222 : 00000000;
    27223 : 00000000;
    27224 : 00000000;
    27225 : 00000000;
    27226 : 00000000;
    27227 : 00000000;
    27228 : 00000000;
    27229 : 00000000;
    27230 : 00000000;
    27231 : 00000000;
    27232 : 00000000;
    27233 : 00000000;
    27234 : 00000000;
    27235 : 00000000;
    27236 : 00000000;
    27237 : 00000000;
    27238 : 00000000;
    27239 : 00000000;
    27240 : 00000000;
    27241 : 00000000;
    27242 : 00000000;
    27243 : 00000000;
    27244 : 00000000;
    27245 : 00000000;
    27246 : 00000000;
    27247 : 00000000;
    27248 : 00000000;
    27249 : 00000000;
    27250 : 00000000;
    27251 : 00000000;
    27252 : 00000000;
    27253 : 00000000;
    27254 : 00000000;
    27255 : 00000000;
    27256 : 00000000;
    27257 : 00000000;
    27258 : 00000000;
    27259 : 00000000;
    27260 : 00000000;
    27261 : 00000000;
    27262 : 00000000;
    27263 : 00000000;
    27264 : 00000000;
    27265 : 00000000;
    27266 : 00000000;
    27267 : 00000000;
    27268 : 00000000;
    27269 : 00000000;
    27270 : 00000000;
    27271 : 00000000;
    27272 : 00000000;
    27273 : 00000000;
    27274 : 00000000;
    27275 : 00000000;
    27276 : 00000000;
    27277 : 00000000;
    27278 : 00000000;
    27279 : 00000000;
    27280 : 00000000;
    27281 : 00000000;
    27282 : 00000000;
    27283 : 00000000;
    27284 : 00000000;
    27285 : 00000000;
    27286 : 00000000;
    27287 : 00000000;
    27288 : 00000000;
    27289 : 00000000;
    27290 : 00000000;
    27291 : 00000000;
    27292 : 00000000;
    27293 : 00000000;
    27294 : 00000000;
    27295 : 00000000;
    27296 : 00000000;
    27297 : 00000000;
    27298 : 00000000;
    27299 : 00000000;
    27300 : 00000000;
    27301 : 00000000;
    27302 : 00000000;
    27303 : 00000000;
    27304 : 00000000;
    27305 : 00000000;
    27306 : 00000000;
    27307 : 00000000;
    27308 : 00000000;
    27309 : 00000000;
    27310 : 00000000;
    27311 : 00000000;
    27312 : 00000000;
    27313 : 00000000;
    27314 : 00000000;
    27315 : 00000000;
    27316 : 00000000;
    27317 : 00000000;
    27318 : 00000000;
    27319 : 00000000;
    27320 : 00000000;
    27321 : 00000000;
    27322 : 00000000;
    27323 : 00000000;
    27324 : 00000000;
    27325 : 00000000;
    27326 : 00000000;
    27327 : 00000000;
    27328 : 00000000;
    27329 : 00000000;
    27330 : 00000000;
    27331 : 00000000;
    27332 : 00000000;
    27333 : 00000000;
    27334 : 00000000;
    27335 : 00000000;
    27336 : 00000000;
    27337 : 00000000;
    27338 : 00000000;
    27339 : 00000000;
    27340 : 00000000;
    27341 : 00000000;
    27342 : 00000000;
    27343 : 00000000;
    27344 : 00000000;
    27345 : 00000000;
    27346 : 00000000;
    27347 : 00000000;
    27348 : 00000000;
    27349 : 00000000;
    27350 : 00000000;
    27351 : 00000000;
    27352 : 00000000;
    27353 : 00000000;
    27354 : 00000000;
    27355 : 00000000;
    27356 : 00000000;
    27357 : 00000000;
    27358 : 00000000;
    27359 : 00000000;
    27360 : 00000000;
    27361 : 00000000;
    27362 : 00000000;
    27363 : 00000000;
    27364 : 00000000;
    27365 : 00000000;
    27366 : 00000000;
    27367 : 00000000;
    27368 : 00000000;
    27369 : 00000000;
    27370 : 00000000;
    27371 : 00000000;
    27372 : 00000000;
    27373 : 00000000;
    27374 : 00000000;
    27375 : 00000000;
    27376 : 00000000;
    27377 : 00000000;
    27378 : 00000000;
    27379 : 00000000;
    27380 : 00000000;
    27381 : 00000000;
    27382 : 00000000;
    27383 : 00000000;
    27384 : 00000000;
    27385 : 00000000;
    27386 : 00000000;
    27387 : 00000000;
    27388 : 00000000;
    27389 : 00000000;
    27390 : 00000000;
    27391 : 00000000;
    27392 : 00000000;
    27393 : 00000000;
    27394 : 00000000;
    27395 : 00000000;
    27396 : 00000000;
    27397 : 00000000;
    27398 : 00000000;
    27399 : 00000000;
    27400 : 00000000;
    27401 : 00000000;
    27402 : 00000000;
    27403 : 00000000;
    27404 : 00000000;
    27405 : 00000000;
    27406 : 00000000;
    27407 : 00000000;
    27408 : 00000000;
    27409 : 00000000;
    27410 : 00000000;
    27411 : 00000000;
    27412 : 00000000;
    27413 : 00000000;
    27414 : 00000000;
    27415 : 00000000;
    27416 : 00000000;
    27417 : 00000000;
    27418 : 00000000;
    27419 : 00000000;
    27420 : 00000000;
    27421 : 00000000;
    27422 : 00000000;
    27423 : 00000000;
    27424 : 00000000;
    27425 : 00000000;
    27426 : 00000000;
    27427 : 00000000;
    27428 : 00000000;
    27429 : 00000000;
    27430 : 00000000;
    27431 : 00000000;
    27432 : 00000000;
    27433 : 00000000;
    27434 : 00000000;
    27435 : 00000000;
    27436 : 00000000;
    27437 : 00000000;
    27438 : 00000000;
    27439 : 00000000;
    27440 : 00000000;
    27441 : 00000000;
    27442 : 00000000;
    27443 : 00000000;
    27444 : 00000000;
    27445 : 00000000;
    27446 : 00000000;
    27447 : 00000000;
    27448 : 00000000;
    27449 : 00000000;
    27450 : 00000000;
    27451 : 00000000;
    27452 : 00000000;
    27453 : 00000000;
    27454 : 00000000;
    27455 : 00000000;
    27456 : 00000000;
    27457 : 00000000;
    27458 : 00000000;
    27459 : 00000000;
    27460 : 00000000;
    27461 : 00000000;
    27462 : 00000000;
    27463 : 00000000;
    27464 : 00000000;
    27465 : 00000000;
    27466 : 00000000;
    27467 : 00000000;
    27468 : 00000000;
    27469 : 00000000;
    27470 : 00000000;
    27471 : 00000000;
    27472 : 00000000;
    27473 : 00000000;
    27474 : 00000000;
    27475 : 00000000;
    27476 : 00000000;
    27477 : 00000000;
    27478 : 00000000;
    27479 : 00000000;
    27480 : 00000000;
    27481 : 00000000;
    27482 : 00000000;
    27483 : 00000000;
    27484 : 00000000;
    27485 : 00000000;
    27486 : 00000000;
    27487 : 00000000;
    27488 : 00000000;
    27489 : 00000000;
    27490 : 00000000;
    27491 : 00000000;
    27492 : 00000000;
    27493 : 00000000;
    27494 : 00000000;
    27495 : 00000000;
    27496 : 00000000;
    27497 : 00000000;
    27498 : 00000000;
    27499 : 00000000;
    27500 : 00000000;
    27501 : 00000000;
    27502 : 00000000;
    27503 : 00000000;
    27504 : 00000000;
    27505 : 00000000;
    27506 : 00000000;
    27507 : 00000000;
    27508 : 00000000;
    27509 : 00000000;
    27510 : 00000000;
    27511 : 00000000;
    27512 : 00000000;
    27513 : 00000000;
    27514 : 00000000;
    27515 : 00000000;
    27516 : 00000000;
    27517 : 00000000;
    27518 : 00000000;
    27519 : 00000000;
    27520 : 00000000;
    27521 : 00000000;
    27522 : 00000000;
    27523 : 00000000;
    27524 : 00000000;
    27525 : 00000000;
    27526 : 00000000;
    27527 : 00000000;
    27528 : 00000000;
    27529 : 00000000;
    27530 : 00000000;
    27531 : 00000000;
    27532 : 00000000;
    27533 : 00000000;
    27534 : 00000000;
    27535 : 00000000;
    27536 : 00000000;
    27537 : 00000000;
    27538 : 00000000;
    27539 : 00000000;
    27540 : 00000000;
    27541 : 00000000;
    27542 : 00000000;
    27543 : 00000000;
    27544 : 00000000;
    27545 : 00000000;
    27546 : 00000000;
    27547 : 00000000;
    27548 : 00000000;
    27549 : 00000000;
    27550 : 00000000;
    27551 : 00000000;
    27552 : 00000000;
    27553 : 00000000;
    27554 : 00000000;
    27555 : 00000000;
    27556 : 00000000;
    27557 : 00000000;
    27558 : 00000000;
    27559 : 00000000;
    27560 : 00000000;
    27561 : 00000000;
    27562 : 00000000;
    27563 : 00000000;
    27564 : 00000000;
    27565 : 00000000;
    27566 : 00000000;
    27567 : 00000000;
    27568 : 00000000;
    27569 : 00000000;
    27570 : 00000000;
    27571 : 00000000;
    27572 : 00000000;
    27573 : 00000000;
    27574 : 00000000;
    27575 : 00000000;
    27576 : 00000000;
    27577 : 00000000;
    27578 : 00000000;
    27579 : 00000000;
    27580 : 00000000;
    27581 : 00000000;
    27582 : 00000000;
    27583 : 00000000;
    27584 : 00000000;
    27585 : 00000000;
    27586 : 00000000;
    27587 : 00000000;
    27588 : 00000000;
    27589 : 00000000;
    27590 : 00000000;
    27591 : 00000000;
    27592 : 00000000;
    27593 : 00000000;
    27594 : 00000000;
    27595 : 00000000;
    27596 : 00000000;
    27597 : 00000000;
    27598 : 00000000;
    27599 : 00000000;
    27600 : 00000000;
    27601 : 00000000;
    27602 : 00000000;
    27603 : 00000000;
    27604 : 00000000;
    27605 : 00000000;
    27606 : 00000000;
    27607 : 00000000;
    27608 : 00000000;
    27609 : 00000000;
    27610 : 00000000;
    27611 : 00000000;
    27612 : 00000000;
    27613 : 00000000;
    27614 : 00000000;
    27615 : 00000000;
    27616 : 00000000;
    27617 : 00000000;
    27618 : 00000000;
    27619 : 00000000;
    27620 : 00000000;
    27621 : 00000000;
    27622 : 00000000;
    27623 : 00000000;
    27624 : 00000000;
    27625 : 00000000;
    27626 : 00000000;
    27627 : 00000000;
    27628 : 00000000;
    27629 : 00000000;
    27630 : 00000000;
    27631 : 00000000;
    27632 : 00000000;
    27633 : 00000000;
    27634 : 00000000;
    27635 : 00000000;
    27636 : 00000000;
    27637 : 00000000;
    27638 : 00000000;
    27639 : 00000000;
    27640 : 00000000;
    27641 : 00000000;
    27642 : 00000000;
    27643 : 00000000;
    27644 : 53494730;
    27645 : 000000A0;
    27646 : 000000C0;
    27647 : 00000020;
    27648 : 10000F93;
    27649 : ABCDE037;
    27650 : 00100013;
    27651 : 7F006013;
    27652 : 53F07013;
    27653 : 80304013;
    27654 : 00501013;
    27655 : 40205013;
    27656 : 00405013;
    27657 : 000FA023;
    27658 : 10400F93;
    27659 : 00100093;
    27660 : 7F000113;
    27661 : 53F00193;
    27662 : 80300213;
    27663 : 00500293;
    27664 : 00200313;
    27665 : 00400393;
    27666 : 01800413;
    27667 : ABCDE017;
    27668 : 00100033;
    27669 : 00206033;
    27670 : 00307033;
    27671 : 00404033;
    27672 : 00501033;
    27673 : 40605033;
    27674 : 00705033;
    27675 : 40800033;
    27676 : 000FA023;
    27677 : 10800F93;
    27678 : 00100093;
    27679 : 00200113;
    27680 : 0020A033;
    27681 : 000FA023;
    27682 : 0020B033;
    27683 : 000FA223;
    27684 : 0020A013;
    27685 : 000FA423;
    27686 : 0020B013;
    27687 : 000FA623;
    27688 : 11800F93;
    27689 : 0040006F;
    27690 : 000FA023;
    27691 : 00000097;
    27692 : 00C08093;
    27693 : 00008067;
    27694 : 000FA223;
    27695 : 0F000093;
    27696 : 12000F93;
    27697 : 0000A003;
    27698 : 000FA023;
    27699 : 00009003;
    27700 : 000FA223;
    27701 : 00008003;
    27702 : 000FA423;
    27703 : 0000C003;
    27704 : 000FA623;
    27705 : 00000073;
    27706 : 00000000;
    27707 : 00000000;
    27708 : 42524E4F;
    27709 : 00000000;
    27710 : 00000000;
    27711 : 00000000;
    27712 : FFFFFFFF;
    27713 : FFFFFFFF;
    27714 : FFFFFFFF;
    27715 : FFFFFFFF;
    27716 : FFFFFFFF;
    27717 : FFFFFFFF;
    27718 : FFFFFFFF;
    27719 : FFFFFFFF;
    27720 : FFFFFFFF;
    27721 : FFFFFFFF;
    27722 : FFFFFFFF;
    27723 : FFFFFFFF;
    27724 : 00000000;
    27725 : 00000000;
    27726 : 00000000;
    27727 : 00000000;
    27728 : 00000000;
    27729 : 00000000;
    27730 : 00000000;
    27731 : 00000000;
    27732 : 00000000;
    27733 : 00000000;
    27734 : 00000000;
    27735 : 00000000;
    27736 : 00000000;
    27737 : 00000000;
    27738 : 00000000;
    27739 : 00000000;
    27740 : 00000000;
    27741 : 00000000;
    27742 : 00000000;
    27743 : 00000000;
    27744 : 00000000;
    27745 : 00000000;
    27746 : 00000000;
    27747 : 00000000;
    27748 : 00000000;
    27749 : 00000000;
    27750 : 00000000;
    27751 : 00000000;
    27752 : 00000000;
    27753 : 00000000;
    27754 : 00000000;
    27755 : 00000000;
    27756 : 00000000;
    27757 : 00000000;
    27758 : 00000000;
    27759 : 00000000;
    27760 : 00000000;
    27761 : 00000000;
    27762 : 00000000;
    27763 : 00000000;
    27764 : 00000000;
    27765 : 00000000;
    27766 : 00000000;
    27767 : 00000000;
    27768 : 00000000;
    27769 : 00000000;
    27770 : 00000000;
    27771 : 00000000;
    27772 : 00000000;
    27773 : 00000000;
    27774 : 00000000;
    27775 : 00000000;
    27776 : 00000000;
    27777 : 00000000;
    27778 : 00000000;
    27779 : 00000000;
    27780 : 00000000;
    27781 : 00000000;
    27782 : 00000000;
    27783 : 00000000;
    27784 : 00000000;
    27785 : 00000000;
    27786 : 00000000;
    27787 : 00000000;
    27788 : 00000000;
    27789 : 00000000;
    27790 : 00000000;
    27791 : 00000000;
    27792 : 00000000;
    27793 : 00000000;
    27794 : 00000000;
    27795 : 00000000;
    27796 : 00000000;
    27797 : 00000000;
    27798 : 00000000;
    27799 : 00000000;
    27800 : 00000000;
    27801 : 00000000;
    27802 : 00000000;
    27803 : 00000000;
    27804 : 00000000;
    27805 : 00000000;
    27806 : 00000000;
    27807 : 00000000;
    27808 : 00000000;
    27809 : 00000000;
    27810 : 00000000;
    27811 : 00000000;
    27812 : 00000000;
    27813 : 00000000;
    27814 : 00000000;
    27815 : 00000000;
    27816 : 00000000;
    27817 : 00000000;
    27818 : 00000000;
    27819 : 00000000;
    27820 : 00000000;
    27821 : 00000000;
    27822 : 00000000;
    27823 : 00000000;
    27824 : 00000000;
    27825 : 00000000;
    27826 : 00000000;
    27827 : 00000000;
    27828 : 00000000;
    27829 : 00000000;
    27830 : 00000000;
    27831 : 00000000;
    27832 : 00000000;
    27833 : 00000000;
    27834 : 00000000;
    27835 : 00000000;
    27836 : 00000000;
    27837 : 00000000;
    27838 : 00000000;
    27839 : 00000000;
    27840 : 00000000;
    27841 : 00000000;
    27842 : 00000000;
    27843 : 00000000;
    27844 : 00000000;
    27845 : 00000000;
    27846 : 00000000;
    27847 : 00000000;
    27848 : 00000000;
    27849 : 00000000;
    27850 : 00000000;
    27851 : 00000000;
    27852 : 00000000;
    27853 : 00000000;
    27854 : 00000000;
    27855 : 00000000;
    27856 : 00000000;
    27857 : 00000000;
    27858 : 00000000;
    27859 : 00000000;
    27860 : 00000000;
    27861 : 00000000;
    27862 : 00000000;
    27863 : 00000000;
    27864 : 00000000;
    27865 : 00000000;
    27866 : 00000000;
    27867 : 00000000;
    27868 : 00000000;
    27869 : 00000000;
    27870 : 00000000;
    27871 : 00000000;
    27872 : 00000000;
    27873 : 00000000;
    27874 : 00000000;
    27875 : 00000000;
    27876 : 00000000;
    27877 : 00000000;
    27878 : 00000000;
    27879 : 00000000;
    27880 : 00000000;
    27881 : 00000000;
    27882 : 00000000;
    27883 : 00000000;
    27884 : 00000000;
    27885 : 00000000;
    27886 : 00000000;
    27887 : 00000000;
    27888 : 00000000;
    27889 : 00000000;
    27890 : 00000000;
    27891 : 00000000;
    27892 : 00000000;
    27893 : 00000000;
    27894 : 00000000;
    27895 : 00000000;
    27896 : 00000000;
    27897 : 00000000;
    27898 : 00000000;
    27899 : 00000000;
    27900 : 00000000;
    27901 : 00000000;
    27902 : 00000000;
    27903 : 00000000;
    27904 : 00000000;
    27905 : 00000000;
    27906 : 00000000;
    27907 : 00000000;
    27908 : 00000000;
    27909 : 00000000;
    27910 : 00000000;
    27911 : 00000000;
    27912 : 00000000;
    27913 : 00000000;
    27914 : 00000000;
    27915 : 00000000;
    27916 : 00000000;
    27917 : 00000000;
    27918 : 00000000;
    27919 : 00000000;
    27920 : 00000000;
    27921 : 00000000;
    27922 : 00000000;
    27923 : 00000000;
    27924 : 00000000;
    27925 : 00000000;
    27926 : 00000000;
    27927 : 00000000;
    27928 : 00000000;
    27929 : 00000000;
    27930 : 00000000;
    27931 : 00000000;
    27932 : 00000000;
    27933 : 00000000;
    27934 : 00000000;
    27935 : 00000000;
    27936 : 00000000;
    27937 : 00000000;
    27938 : 00000000;
    27939 : 00000000;
    27940 : 00000000;
    27941 : 00000000;
    27942 : 00000000;
    27943 : 00000000;
    27944 : 00000000;
    27945 : 00000000;
    27946 : 00000000;
    27947 : 00000000;
    27948 : 00000000;
    27949 : 00000000;
    27950 : 00000000;
    27951 : 00000000;
    27952 : 00000000;
    27953 : 00000000;
    27954 : 00000000;
    27955 : 00000000;
    27956 : 00000000;
    27957 : 00000000;
    27958 : 00000000;
    27959 : 00000000;
    27960 : 00000000;
    27961 : 00000000;
    27962 : 00000000;
    27963 : 00000000;
    27964 : 00000000;
    27965 : 00000000;
    27966 : 00000000;
    27967 : 00000000;
    27968 : 00000000;
    27969 : 00000000;
    27970 : 00000000;
    27971 : 00000000;
    27972 : 00000000;
    27973 : 00000000;
    27974 : 00000000;
    27975 : 00000000;
    27976 : 00000000;
    27977 : 00000000;
    27978 : 00000000;
    27979 : 00000000;
    27980 : 00000000;
    27981 : 00000000;
    27982 : 00000000;
    27983 : 00000000;
    27984 : 00000000;
    27985 : 00000000;
    27986 : 00000000;
    27987 : 00000000;
    27988 : 00000000;
    27989 : 00000000;
    27990 : 00000000;
    27991 : 00000000;
    27992 : 00000000;
    27993 : 00000000;
    27994 : 00000000;
    27995 : 00000000;
    27996 : 00000000;
    27997 : 00000000;
    27998 : 00000000;
    27999 : 00000000;
    28000 : 00000000;
    28001 : 00000000;
    28002 : 00000000;
    28003 : 00000000;
    28004 : 00000000;
    28005 : 00000000;
    28006 : 00000000;
    28007 : 00000000;
    28008 : 00000000;
    28009 : 00000000;
    28010 : 00000000;
    28011 : 00000000;
    28012 : 00000000;
    28013 : 00000000;
    28014 : 00000000;
    28015 : 00000000;
    28016 : 00000000;
    28017 : 00000000;
    28018 : 00000000;
    28019 : 00000000;
    28020 : 00000000;
    28021 : 00000000;
    28022 : 00000000;
    28023 : 00000000;
    28024 : 00000000;
    28025 : 00000000;
    28026 : 00000000;
    28027 : 00000000;
    28028 : 00000000;
    28029 : 00000000;
    28030 : 00000000;
    28031 : 00000000;
    28032 : 00000000;
    28033 : 00000000;
    28034 : 00000000;
    28035 : 00000000;
    28036 : 00000000;
    28037 : 00000000;
    28038 : 00000000;
    28039 : 00000000;
    28040 : 00000000;
    28041 : 00000000;
    28042 : 00000000;
    28043 : 00000000;
    28044 : 00000000;
    28045 : 00000000;
    28046 : 00000000;
    28047 : 00000000;
    28048 : 00000000;
    28049 : 00000000;
    28050 : 00000000;
    28051 : 00000000;
    28052 : 00000000;
    28053 : 00000000;
    28054 : 00000000;
    28055 : 00000000;
    28056 : 00000000;
    28057 : 00000000;
    28058 : 00000000;
    28059 : 00000000;
    28060 : 00000000;
    28061 : 00000000;
    28062 : 00000000;
    28063 : 00000000;
    28064 : 00000000;
    28065 : 00000000;
    28066 : 00000000;
    28067 : 00000000;
    28068 : 00000000;
    28069 : 00000000;
    28070 : 00000000;
    28071 : 00000000;
    28072 : 00000000;
    28073 : 00000000;
    28074 : 00000000;
    28075 : 00000000;
    28076 : 00000000;
    28077 : 00000000;
    28078 : 00000000;
    28079 : 00000000;
    28080 : 00000000;
    28081 : 00000000;
    28082 : 00000000;
    28083 : 00000000;
    28084 : 00000000;
    28085 : 00000000;
    28086 : 00000000;
    28087 : 00000000;
    28088 : 00000000;
    28089 : 00000000;
    28090 : 00000000;
    28091 : 00000000;
    28092 : 00000000;
    28093 : 00000000;
    28094 : 00000000;
    28095 : 00000000;
    28096 : 00000000;
    28097 : 00000000;
    28098 : 00000000;
    28099 : 00000000;
    28100 : 00000000;
    28101 : 00000000;
    28102 : 00000000;
    28103 : 00000000;
    28104 : 00000000;
    28105 : 00000000;
    28106 : 00000000;
    28107 : 00000000;
    28108 : 00000000;
    28109 : 00000000;
    28110 : 00000000;
    28111 : 00000000;
    28112 : 00000000;
    28113 : 00000000;
    28114 : 00000000;
    28115 : 00000000;
    28116 : 00000000;
    28117 : 00000000;
    28118 : 00000000;
    28119 : 00000000;
    28120 : 00000000;
    28121 : 00000000;
    28122 : 00000000;
    28123 : 00000000;
    28124 : 00000000;
    28125 : 00000000;
    28126 : 00000000;
    28127 : 00000000;
    28128 : 00000000;
    28129 : 00000000;
    28130 : 00000000;
    28131 : 00000000;
    28132 : 00000000;
    28133 : 00000000;
    28134 : 00000000;
    28135 : 00000000;
    28136 : 00000000;
    28137 : 00000000;
    28138 : 00000000;
    28139 : 00000000;
    28140 : 00000000;
    28141 : 00000000;
    28142 : 00000000;
    28143 : 00000000;
    28144 : 00000000;
    28145 : 00000000;
    28146 : 00000000;
    28147 : 00000000;
    28148 : 00000000;
    28149 : 00000000;
    28150 : 00000000;
    28151 : 00000000;
    28152 : 00000000;
    28153 : 00000000;
    28154 : 00000000;
    28155 : 00000000;
    28156 : 00000000;
    28157 : 00000000;
    28158 : 00000000;
    28159 : 00000000;
    28160 : 00000000;
    28161 : 00000000;
    28162 : 00000000;
    28163 : 00000000;
    28164 : 00000000;
    28165 : 00000000;
    28166 : 00000000;
    28167 : 00000000;
    28168 : 00000000;
    28169 : 00000000;
    28170 : 00000000;
    28171 : 00000000;
    28172 : 00000000;
    28173 : 00000000;
    28174 : 00000000;
    28175 : 00000000;
    28176 : 00000000;
    28177 : 00000000;
    28178 : 00000000;
    28179 : 00000000;
    28180 : 00000000;
    28181 : 00000000;
    28182 : 00000000;
    28183 : 00000000;
    28184 : 00000000;
    28185 : 00000000;
    28186 : 00000000;
    28187 : 00000000;
    28188 : 00000000;
    28189 : 00000000;
    28190 : 00000000;
    28191 : 00000000;
    28192 : 00000000;
    28193 : 00000000;
    28194 : 00000000;
    28195 : 00000000;
    28196 : 00000000;
    28197 : 00000000;
    28198 : 00000000;
    28199 : 00000000;
    28200 : 00000000;
    28201 : 00000000;
    28202 : 00000000;
    28203 : 00000000;
    28204 : 00000000;
    28205 : 00000000;
    28206 : 00000000;
    28207 : 00000000;
    28208 : 00000000;
    28209 : 00000000;
    28210 : 00000000;
    28211 : 00000000;
    28212 : 00000000;
    28213 : 00000000;
    28214 : 00000000;
    28215 : 00000000;
    28216 : 00000000;
    28217 : 00000000;
    28218 : 00000000;
    28219 : 00000000;
    28220 : 00000000;
    28221 : 00000000;
    28222 : 00000000;
    28223 : 00000000;
    28224 : 00000000;
    28225 : 00000000;
    28226 : 00000000;
    28227 : 00000000;
    28228 : 00000000;
    28229 : 00000000;
    28230 : 00000000;
    28231 : 00000000;
    28232 : 00000000;
    28233 : 00000000;
    28234 : 00000000;
    28235 : 00000000;
    28236 : 00000000;
    28237 : 00000000;
    28238 : 00000000;
    28239 : 00000000;
    28240 : 00000000;
    28241 : 00000000;
    28242 : 00000000;
    28243 : 00000000;
    28244 : 00000000;
    28245 : 00000000;
    28246 : 00000000;
    28247 : 00000000;
    28248 : 00000000;
    28249 : 00000000;
    28250 : 00000000;
    28251 : 00000000;
    28252 : 00000000;
    28253 : 00000000;
    28254 : 00000000;
    28255 : 00000000;
    28256 : 00000000;
    28257 : 00000000;
    28258 : 00000000;
    28259 : 00000000;
    28260 : 00000000;
    28261 : 00000000;
    28262 : 00000000;
    28263 : 00000000;
    28264 : 00000000;
    28265 : 00000000;
    28266 : 00000000;
    28267 : 00000000;
    28268 : 00000000;
    28269 : 00000000;
    28270 : 00000000;
    28271 : 00000000;
    28272 : 00000000;
    28273 : 00000000;
    28274 : 00000000;
    28275 : 00000000;
    28276 : 00000000;
    28277 : 00000000;
    28278 : 00000000;
    28279 : 00000000;
    28280 : 00000000;
    28281 : 00000000;
    28282 : 00000000;
    28283 : 00000000;
    28284 : 00000000;
    28285 : 00000000;
    28286 : 00000000;
    28287 : 00000000;
    28288 : 00000000;
    28289 : 00000000;
    28290 : 00000000;
    28291 : 00000000;
    28292 : 00000000;
    28293 : 00000000;
    28294 : 00000000;
    28295 : 00000000;
    28296 : 00000000;
    28297 : 00000000;
    28298 : 00000000;
    28299 : 00000000;
    28300 : 00000000;
    28301 : 00000000;
    28302 : 00000000;
    28303 : 00000000;
    28304 : 00000000;
    28305 : 00000000;
    28306 : 00000000;
    28307 : 00000000;
    28308 : 00000000;
    28309 : 00000000;
    28310 : 00000000;
    28311 : 00000000;
    28312 : 00000000;
    28313 : 00000000;
    28314 : 00000000;
    28315 : 00000000;
    28316 : 00000000;
    28317 : 00000000;
    28318 : 00000000;
    28319 : 00000000;
    28320 : 00000000;
    28321 : 00000000;
    28322 : 00000000;
    28323 : 00000000;
    28324 : 00000000;
    28325 : 00000000;
    28326 : 00000000;
    28327 : 00000000;
    28328 : 00000000;
    28329 : 00000000;
    28330 : 00000000;
    28331 : 00000000;
    28332 : 00000000;
    28333 : 00000000;
    28334 : 00000000;
    28335 : 00000000;
    28336 : 00000000;
    28337 : 00000000;
    28338 : 00000000;
    28339 : 00000000;
    28340 : 00000000;
    28341 : 00000000;
    28342 : 00000000;
    28343 : 00000000;
    28344 : 00000000;
    28345 : 00000000;
    28346 : 00000000;
    28347 : 00000000;
    28348 : 00000000;
    28349 : 00000000;
    28350 : 00000000;
    28351 : 00000000;
    28352 : 00000000;
    28353 : 00000000;
    28354 : 00000000;
    28355 : 00000000;
    28356 : 00000000;
    28357 : 00000000;
    28358 : 00000000;
    28359 : 00000000;
    28360 : 00000000;
    28361 : 00000000;
    28362 : 00000000;
    28363 : 00000000;
    28364 : 00000000;
    28365 : 00000000;
    28366 : 00000000;
    28367 : 00000000;
    28368 : 00000000;
    28369 : 00000000;
    28370 : 00000000;
    28371 : 00000000;
    28372 : 00000000;
    28373 : 00000000;
    28374 : 00000000;
    28375 : 00000000;
    28376 : 00000000;
    28377 : 00000000;
    28378 : 00000000;
    28379 : 00000000;
    28380 : 00000000;
    28381 : 00000000;
    28382 : 00000000;
    28383 : 00000000;
    28384 : 00000000;
    28385 : 00000000;
    28386 : 00000000;
    28387 : 00000000;
    28388 : 00000000;
    28389 : 00000000;
    28390 : 00000000;
    28391 : 00000000;
    28392 : 00000000;
    28393 : 00000000;
    28394 : 00000000;
    28395 : 00000000;
    28396 : 00000000;
    28397 : 00000000;
    28398 : 00000000;
    28399 : 00000000;
    28400 : 00000000;
    28401 : 00000000;
    28402 : 00000000;
    28403 : 00000000;
    28404 : 00000000;
    28405 : 00000000;
    28406 : 00000000;
    28407 : 00000000;
    28408 : 00000000;
    28409 : 00000000;
    28410 : 00000000;
    28411 : 00000000;
    28412 : 00000000;
    28413 : 00000000;
    28414 : 00000000;
    28415 : 00000000;
    28416 : 00000000;
    28417 : 00000000;
    28418 : 00000000;
    28419 : 00000000;
    28420 : 00000000;
    28421 : 00000000;
    28422 : 00000000;
    28423 : 00000000;
    28424 : 00000000;
    28425 : 00000000;
    28426 : 00000000;
    28427 : 00000000;
    28428 : 00000000;
    28429 : 00000000;
    28430 : 00000000;
    28431 : 00000000;
    28432 : 00000000;
    28433 : 00000000;
    28434 : 00000000;
    28435 : 00000000;
    28436 : 00000000;
    28437 : 00000000;
    28438 : 00000000;
    28439 : 00000000;
    28440 : 00000000;
    28441 : 00000000;
    28442 : 00000000;
    28443 : 00000000;
    28444 : 00000000;
    28445 : 00000000;
    28446 : 00000000;
    28447 : 00000000;
    28448 : 00000000;
    28449 : 00000000;
    28450 : 00000000;
    28451 : 00000000;
    28452 : 00000000;
    28453 : 00000000;
    28454 : 00000000;
    28455 : 00000000;
    28456 : 00000000;
    28457 : 00000000;
    28458 : 00000000;
    28459 : 00000000;
    28460 : 00000000;
    28461 : 00000000;
    28462 : 00000000;
    28463 : 00000000;
    28464 : 00000000;
    28465 : 00000000;
    28466 : 00000000;
    28467 : 00000000;
    28468 : 00000000;
    28469 : 00000000;
    28470 : 00000000;
    28471 : 00000000;
    28472 : 00000000;
    28473 : 00000000;
    28474 : 00000000;
    28475 : 00000000;
    28476 : 00000000;
    28477 : 00000000;
    28478 : 00000000;
    28479 : 00000000;
    28480 : 00000000;
    28481 : 00000000;
    28482 : 00000000;
    28483 : 00000000;
    28484 : 00000000;
    28485 : 00000000;
    28486 : 00000000;
    28487 : 00000000;
    28488 : 00000000;
    28489 : 00000000;
    28490 : 00000000;
    28491 : 00000000;
    28492 : 00000000;
    28493 : 00000000;
    28494 : 00000000;
    28495 : 00000000;
    28496 : 00000000;
    28497 : 00000000;
    28498 : 00000000;
    28499 : 00000000;
    28500 : 00000000;
    28501 : 00000000;
    28502 : 00000000;
    28503 : 00000000;
    28504 : 00000000;
    28505 : 00000000;
    28506 : 00000000;
    28507 : 00000000;
    28508 : 00000000;
    28509 : 00000000;
    28510 : 00000000;
    28511 : 00000000;
    28512 : 00000000;
    28513 : 00000000;
    28514 : 00000000;
    28515 : 00000000;
    28516 : 00000000;
    28517 : 00000000;
    28518 : 00000000;
    28519 : 00000000;
    28520 : 00000000;
    28521 : 00000000;
    28522 : 00000000;
    28523 : 00000000;
    28524 : 00000000;
    28525 : 00000000;
    28526 : 00000000;
    28527 : 00000000;
    28528 : 00000000;
    28529 : 00000000;
    28530 : 00000000;
    28531 : 00000000;
    28532 : 00000000;
    28533 : 00000000;
    28534 : 00000000;
    28535 : 00000000;
    28536 : 00000000;
    28537 : 00000000;
    28538 : 00000000;
    28539 : 00000000;
    28540 : 00000000;
    28541 : 00000000;
    28542 : 00000000;
    28543 : 00000000;
    28544 : 00000000;
    28545 : 00000000;
    28546 : 00000000;
    28547 : 00000000;
    28548 : 00000000;
    28549 : 00000000;
    28550 : 00000000;
    28551 : 00000000;
    28552 : 00000000;
    28553 : 00000000;
    28554 : 00000000;
    28555 : 00000000;
    28556 : 00000000;
    28557 : 00000000;
    28558 : 00000000;
    28559 : 00000000;
    28560 : 00000000;
    28561 : 00000000;
    28562 : 00000000;
    28563 : 00000000;
    28564 : 00000000;
    28565 : 00000000;
    28566 : 00000000;
    28567 : 00000000;
    28568 : 00000000;
    28569 : 00000000;
    28570 : 00000000;
    28571 : 00000000;
    28572 : 00000000;
    28573 : 00000000;
    28574 : 00000000;
    28575 : 00000000;
    28576 : 00000000;
    28577 : 00000000;
    28578 : 00000000;
    28579 : 00000000;
    28580 : 00000000;
    28581 : 00000000;
    28582 : 00000000;
    28583 : 00000000;
    28584 : 00000000;
    28585 : 00000000;
    28586 : 00000000;
    28587 : 00000000;
    28588 : 00000000;
    28589 : 00000000;
    28590 : 00000000;
    28591 : 00000000;
    28592 : 00000000;
    28593 : 00000000;
    28594 : 00000000;
    28595 : 00000000;
    28596 : 00000000;
    28597 : 00000000;
    28598 : 00000000;
    28599 : 00000000;
    28600 : 00000000;
    28601 : 00000000;
    28602 : 00000000;
    28603 : 00000000;
    28604 : 00000000;
    28605 : 00000000;
    28606 : 00000000;
    28607 : 00000000;
    28608 : 00000000;
    28609 : 00000000;
    28610 : 00000000;
    28611 : 00000000;
    28612 : 00000000;
    28613 : 00000000;
    28614 : 00000000;
    28615 : 00000000;
    28616 : 00000000;
    28617 : 00000000;
    28618 : 00000000;
    28619 : 00000000;
    28620 : 00000000;
    28621 : 00000000;
    28622 : 00000000;
    28623 : 00000000;
    28624 : 00000000;
    28625 : 00000000;
    28626 : 00000000;
    28627 : 00000000;
    28628 : 00000000;
    28629 : 00000000;
    28630 : 00000000;
    28631 : 00000000;
    28632 : 00000000;
    28633 : 00000000;
    28634 : 00000000;
    28635 : 00000000;
    28636 : 00000000;
    28637 : 00000000;
    28638 : 00000000;
    28639 : 00000000;
    28640 : 00000000;
    28641 : 00000000;
    28642 : 00000000;
    28643 : 00000000;
    28644 : 00000000;
    28645 : 00000000;
    28646 : 00000000;
    28647 : 00000000;
    28648 : 00000000;
    28649 : 00000000;
    28650 : 00000000;
    28651 : 00000000;
    28652 : 00000000;
    28653 : 00000000;
    28654 : 00000000;
    28655 : 00000000;
    28656 : 00000000;
    28657 : 00000000;
    28658 : 00000000;
    28659 : 00000000;
    28660 : 00000000;
    28661 : 00000000;
    28662 : 00000000;
    28663 : 00000000;
    28664 : 00000000;
    28665 : 00000000;
    28666 : 00000000;
    28667 : 00000000;
    28668 : 53494730;
    28669 : 00000040;
    28670 : 0000004C;
    28671 : 0000000C;
    28672 : 25000293;
    28673 : 00028023;
    28674 : FFF00813;
    28675 : 00028F93;
    28676 : 010F8023;
    28677 : FE028F23;
    28678 : 00100793;
    28679 : 00028F13;
    28680 : FEFF0F23;
    28681 : 000281A3;
    28682 : 00000713;
    28683 : 00028E93;
    28684 : 00EE81A3;
    28685 : FE028E23;
    28686 : 7FF00693;
    28687 : 00028E13;
    28688 : FEDE0E23;
    28689 : 00028123;
    28690 : 00000613;
    28691 : 00028D93;
    28692 : 00CD8123;
    28693 : 26400093;
    28694 : 00008223;
    28695 : 000015B7;
    28696 : 80058593;
    28697 : 00008D13;
    28698 : 00BD0223;
    28699 : FE008FA3;
    28700 : 07654537;
    28701 : 32150513;
    28702 : 00008C93;
    28703 : FEAC8FA3;
    28704 : 000080A3;
    28705 : 800004B7;
    28706 : FFF48493;
    28707 : 00008C13;
    28708 : 009C00A3;
    28709 : 00008023;
    28710 : 00100413;
    28711 : 00008B93;
    28712 : 008B8023;
    28713 : FE008F23;
    28714 : FFF00393;
    28715 : 00008B13;
    28716 : FE7B0F23;
    28717 : 27800093;
    28718 : 000081A3;
    28719 : 00001337;
    28720 : 23430313;
    28721 : 00008A93;
    28722 : 006A81A3;
    28723 : FE008E23;
    28724 : 800002B7;
    28725 : 00008A13;
    28726 : FE5A0E23;
    28727 : 00008123;
    28728 : FFFFF237;
    28729 : DCC20213;
    28730 : 00008993;
    28731 : 00498123;
    28732 : 00008223;
    28733 : FFF00193;
    28734 : 00008913;
    28735 : 00390223;
    28736 : FE008FA3;
    28737 : 80100113;
    28738 : 00008893;
    28739 : FE288FA3;
    28740 : 28C00113;
    28741 : 000100A3;
    28742 : 00000093;
    28743 : 00010813;
    28744 : 001800A3;
    28745 : 00010023;
    28746 : FFF00013;
    28747 : 00010793;
    28748 : 00078023;
    28749 : FE010F23;
    28750 : 00100F93;
    28751 : 00010713;
    28752 : FFF70F23;
    28753 : 000101A3;
    28754 : 00000F13;
    28755 : 00010693;
    28756 : 01E681A3;
    28757 : FE010E23;
    28758 : 7FF00E93;
    28759 : 00010613;
    28760 : FFD60E23;
    28761 : 2A000093;
    28762 : 00008123;
    28763 : 00000E13;
    28764 : 00008593;
    28765 : 01C58123;
    28766 : 00008223;
    28767 : 00001DB7;
    28768 : 800D8D93;
    28769 : 00008513;
    28770 : 01B50223;
    28771 : FE008FA3;
    28772 : 07654D37;
    28773 : 321D0D13;
    28774 : 00008493;
    28775 : FFA48FA3;
    28776 : 000080A3;
    28777 : 80000CB7;
    28778 : FFFC8C93;
    28779 : 00008413;
    28780 : 019400A3;
    28781 : 00008023;
    28782 : 00100C13;
    28783 : 00008393;
    28784 : 01838023;
    28785 : 2B400093;
    28786 : FE008F23;
    28787 : FFF00B93;
    28788 : 00008313;
    28789 : FF730F23;
    28790 : 000081A3;
    28791 : 00001B37;
    28792 : 234B0B13;
    28793 : 00008293;
    28794 : 016281A3;
    28795 : FE008E23;
    28796 : 80000AB7;
    28797 : 00008213;
    28798 : FF520E23;
    28799 : 00008123;
    28800 : FFFFFA37;
    28801 : DCCA0A13;
    28802 : 00008193;
    28803 : 01418123;
    28804 : 00008223;
    28805 : FFF00993;
    28806 : 00008113;
    28807 : 01310223;
    28808 : 2C800113;
    28809 : FE010FA3;
    28810 : 80100913;
    28811 : 00010093;
    28812 : FF208FA3;
    28813 : 000100A3;
    28814 : 00000893;
    28815 : 00010093;
    28816 : 011080A3;
    28817 : 00000073;
    28818 : 00000000;
    28819 : 00000000;
    28820 : FFFFFFFF;
    28821 : FFFFFFFF;
    28822 : FFFFFFFF;
    28823 : FFFFFFFF;
    28824 : FFFFFFFF;
    28825 : FFFFFFFF;
    28826 : FFFFFFFF;
    28827 : FFFFFFFF;
    28828 : FFFFFFFF;
    28829 : FFFFFFFF;
    28830 : FFFFFFFF;
    28831 : FFFFFFFF;
    28832 : FFFFFFFF;
    28833 : FFFFFFFF;
    28834 : FFFFFFFF;
    28835 : FFFFFFFF;
    28836 : FFFFFFFF;
    28837 : FFFFFFFF;
    28838 : FFFFFFFF;
    28839 : FFFFFFFF;
    28840 : FFFFFFFF;
    28841 : FFFFFFFF;
    28842 : FFFFFFFF;
    28843 : FFFFFFFF;
    28844 : FFFFFFFF;
    28845 : FFFFFFFF;
    28846 : FFFFFFFF;
    28847 : FFFFFFFF;
    28848 : FFFFFFFF;
    28849 : FFFFFFFF;
    28850 : FFFFFFFF;
    28851 : FFFFFFFF;
    28852 : FFFFFFFF;
    28853 : FFFFFFFF;
    28854 : FFFFFFFF;
    28855 : 00000000;
    28856 : 00000000;
    28857 : 00000000;
    28858 : 00000000;
    28859 : 00000000;
    28860 : 00000000;
    28861 : 00000000;
    28862 : 00000000;
    28863 : 00000000;
    28864 : 00000000;
    28865 : 00000000;
    28866 : 00000000;
    28867 : 00000000;
    28868 : 00000000;
    28869 : 00000000;
    28870 : 00000000;
    28871 : 00000000;
    28872 : 00000000;
    28873 : 00000000;
    28874 : 00000000;
    28875 : 00000000;
    28876 : 00000000;
    28877 : 00000000;
    28878 : 00000000;
    28879 : 00000000;
    28880 : 00000000;
    28881 : 00000000;
    28882 : 00000000;
    28883 : 00000000;
    28884 : 00000000;
    28885 : 00000000;
    28886 : 00000000;
    28887 : 00000000;
    28888 : 00000000;
    28889 : 00000000;
    28890 : 00000000;
    28891 : 00000000;
    28892 : 00000000;
    28893 : 00000000;
    28894 : 00000000;
    28895 : 00000000;
    28896 : 00000000;
    28897 : 00000000;
    28898 : 00000000;
    28899 : 00000000;
    28900 : 00000000;
    28901 : 00000000;
    28902 : 00000000;
    28903 : 00000000;
    28904 : 00000000;
    28905 : 00000000;
    28906 : 00000000;
    28907 : 00000000;
    28908 : 00000000;
    28909 : 00000000;
    28910 : 00000000;
    28911 : 00000000;
    28912 : 00000000;
    28913 : 00000000;
    28914 : 00000000;
    28915 : 00000000;
    28916 : 00000000;
    28917 : 00000000;
    28918 : 00000000;
    28919 : 00000000;
    28920 : 00000000;
    28921 : 00000000;
    28922 : 00000000;
    28923 : 00000000;
    28924 : 00000000;
    28925 : 00000000;
    28926 : 00000000;
    28927 : 00000000;
    28928 : 00000000;
    28929 : 00000000;
    28930 : 00000000;
    28931 : 00000000;
    28932 : 00000000;
    28933 : 00000000;
    28934 : 00000000;
    28935 : 00000000;
    28936 : 00000000;
    28937 : 00000000;
    28938 : 00000000;
    28939 : 00000000;
    28940 : 00000000;
    28941 : 00000000;
    28942 : 00000000;
    28943 : 00000000;
    28944 : 00000000;
    28945 : 00000000;
    28946 : 00000000;
    28947 : 00000000;
    28948 : 00000000;
    28949 : 00000000;
    28950 : 00000000;
    28951 : 00000000;
    28952 : 00000000;
    28953 : 00000000;
    28954 : 00000000;
    28955 : 00000000;
    28956 : 00000000;
    28957 : 00000000;
    28958 : 00000000;
    28959 : 00000000;
    28960 : 00000000;
    28961 : 00000000;
    28962 : 00000000;
    28963 : 00000000;
    28964 : 00000000;
    28965 : 00000000;
    28966 : 00000000;
    28967 : 00000000;
    28968 : 00000000;
    28969 : 00000000;
    28970 : 00000000;
    28971 : 00000000;
    28972 : 00000000;
    28973 : 00000000;
    28974 : 00000000;
    28975 : 00000000;
    28976 : 00000000;
    28977 : 00000000;
    28978 : 00000000;
    28979 : 00000000;
    28980 : 00000000;
    28981 : 00000000;
    28982 : 00000000;
    28983 : 00000000;
    28984 : 00000000;
    28985 : 00000000;
    28986 : 00000000;
    28987 : 00000000;
    28988 : 00000000;
    28989 : 00000000;
    28990 : 00000000;
    28991 : 00000000;
    28992 : 00000000;
    28993 : 00000000;
    28994 : 00000000;
    28995 : 00000000;
    28996 : 00000000;
    28997 : 00000000;
    28998 : 00000000;
    28999 : 00000000;
    29000 : 00000000;
    29001 : 00000000;
    29002 : 00000000;
    29003 : 00000000;
    29004 : 00000000;
    29005 : 00000000;
    29006 : 00000000;
    29007 : 00000000;
    29008 : 00000000;
    29009 : 00000000;
    29010 : 00000000;
    29011 : 00000000;
    29012 : 00000000;
    29013 : 00000000;
    29014 : 00000000;
    29015 : 00000000;
    29016 : 00000000;
    29017 : 00000000;
    29018 : 00000000;
    29019 : 00000000;
    29020 : 00000000;
    29021 : 00000000;
    29022 : 00000000;
    29023 : 00000000;
    29024 : 00000000;
    29025 : 00000000;
    29026 : 00000000;
    29027 : 00000000;
    29028 : 00000000;
    29029 : 00000000;
    29030 : 00000000;
    29031 : 00000000;
    29032 : 00000000;
    29033 : 00000000;
    29034 : 00000000;
    29035 : 00000000;
    29036 : 00000000;
    29037 : 00000000;
    29038 : 00000000;
    29039 : 00000000;
    29040 : 00000000;
    29041 : 00000000;
    29042 : 00000000;
    29043 : 00000000;
    29044 : 00000000;
    29045 : 00000000;
    29046 : 00000000;
    29047 : 00000000;
    29048 : 00000000;
    29049 : 00000000;
    29050 : 00000000;
    29051 : 00000000;
    29052 : 00000000;
    29053 : 00000000;
    29054 : 00000000;
    29055 : 00000000;
    29056 : 00000000;
    29057 : 00000000;
    29058 : 00000000;
    29059 : 00000000;
    29060 : 00000000;
    29061 : 00000000;
    29062 : 00000000;
    29063 : 00000000;
    29064 : 00000000;
    29065 : 00000000;
    29066 : 00000000;
    29067 : 00000000;
    29068 : 00000000;
    29069 : 00000000;
    29070 : 00000000;
    29071 : 00000000;
    29072 : 00000000;
    29073 : 00000000;
    29074 : 00000000;
    29075 : 00000000;
    29076 : 00000000;
    29077 : 00000000;
    29078 : 00000000;
    29079 : 00000000;
    29080 : 00000000;
    29081 : 00000000;
    29082 : 00000000;
    29083 : 00000000;
    29084 : 00000000;
    29085 : 00000000;
    29086 : 00000000;
    29087 : 00000000;
    29088 : 00000000;
    29089 : 00000000;
    29090 : 00000000;
    29091 : 00000000;
    29092 : 00000000;
    29093 : 00000000;
    29094 : 00000000;
    29095 : 00000000;
    29096 : 00000000;
    29097 : 00000000;
    29098 : 00000000;
    29099 : 00000000;
    29100 : 00000000;
    29101 : 00000000;
    29102 : 00000000;
    29103 : 00000000;
    29104 : 00000000;
    29105 : 00000000;
    29106 : 00000000;
    29107 : 00000000;
    29108 : 00000000;
    29109 : 00000000;
    29110 : 00000000;
    29111 : 00000000;
    29112 : 00000000;
    29113 : 00000000;
    29114 : 00000000;
    29115 : 00000000;
    29116 : 00000000;
    29117 : 00000000;
    29118 : 00000000;
    29119 : 00000000;
    29120 : 00000000;
    29121 : 00000000;
    29122 : 00000000;
    29123 : 00000000;
    29124 : 00000000;
    29125 : 00000000;
    29126 : 00000000;
    29127 : 00000000;
    29128 : 00000000;
    29129 : 00000000;
    29130 : 00000000;
    29131 : 00000000;
    29132 : 00000000;
    29133 : 00000000;
    29134 : 00000000;
    29135 : 00000000;
    29136 : 00000000;
    29137 : 00000000;
    29138 : 00000000;
    29139 : 00000000;
    29140 : 00000000;
    29141 : 00000000;
    29142 : 00000000;
    29143 : 00000000;
    29144 : 00000000;
    29145 : 00000000;
    29146 : 00000000;
    29147 : 00000000;
    29148 : 00000000;
    29149 : 00000000;
    29150 : 00000000;
    29151 : 00000000;
    29152 : 00000000;
    29153 : 00000000;
    29154 : 00000000;
    29155 : 00000000;
    29156 : 00000000;
    29157 : 00000000;
    29158 : 00000000;
    29159 : 00000000;
    29160 : 00000000;
    29161 : 00000000;
    29162 : 00000000;
    29163 : 00000000;
    29164 : 00000000;
    29165 : 00000000;
    29166 : 00000000;
    29167 : 00000000;
    29168 : 00000000;
    29169 : 00000000;
    29170 : 00000000;
    29171 : 00000000;
    29172 : 00000000;
    29173 : 00000000;
    29174 : 00000000;
    29175 : 00000000;
    29176 : 00000000;
    29177 : 00000000;
    29178 : 00000000;
    29179 : 00000000;
    29180 : 00000000;
    29181 : 00000000;
    29182 : 00000000;
    29183 : 00000000;
    29184 : 00000000;
    29185 : 00000000;
    29186 : 00000000;
    29187 : 00000000;
    29188 : 00000000;
    29189 : 00000000;
    29190 : 00000000;
    29191 : 00000000;
    29192 : 00000000;
    29193 : 00000000;
    29194 : 00000000;
    29195 : 00000000;
    29196 : 00000000;
    29197 : 00000000;
    29198 : 00000000;
    29199 : 00000000;
    29200 : 00000000;
    29201 : 00000000;
    29202 : 00000000;
    29203 : 00000000;
    29204 : 00000000;
    29205 : 00000000;
    29206 : 00000000;
    29207 : 00000000;
    29208 : 00000000;
    29209 : 00000000;
    29210 : 00000000;
    29211 : 00000000;
    29212 : 00000000;
    29213 : 00000000;
    29214 : 00000000;
    29215 : 00000000;
    29216 : 00000000;
    29217 : 00000000;
    29218 : 00000000;
    29219 : 00000000;
    29220 : 00000000;
    29221 : 00000000;
    29222 : 00000000;
    29223 : 00000000;
    29224 : 00000000;
    29225 : 00000000;
    29226 : 00000000;
    29227 : 00000000;
    29228 : 00000000;
    29229 : 00000000;
    29230 : 00000000;
    29231 : 00000000;
    29232 : 00000000;
    29233 : 00000000;
    29234 : 00000000;
    29235 : 00000000;
    29236 : 00000000;
    29237 : 00000000;
    29238 : 00000000;
    29239 : 00000000;
    29240 : 00000000;
    29241 : 00000000;
    29242 : 00000000;
    29243 : 00000000;
    29244 : 00000000;
    29245 : 00000000;
    29246 : 00000000;
    29247 : 00000000;
    29248 : 00000000;
    29249 : 00000000;
    29250 : 00000000;
    29251 : 00000000;
    29252 : 00000000;
    29253 : 00000000;
    29254 : 00000000;
    29255 : 00000000;
    29256 : 00000000;
    29257 : 00000000;
    29258 : 00000000;
    29259 : 00000000;
    29260 : 00000000;
    29261 : 00000000;
    29262 : 00000000;
    29263 : 00000000;
    29264 : 00000000;
    29265 : 00000000;
    29266 : 00000000;
    29267 : 00000000;
    29268 : 00000000;
    29269 : 00000000;
    29270 : 00000000;
    29271 : 00000000;
    29272 : 00000000;
    29273 : 00000000;
    29274 : 00000000;
    29275 : 00000000;
    29276 : 00000000;
    29277 : 00000000;
    29278 : 00000000;
    29279 : 00000000;
    29280 : 00000000;
    29281 : 00000000;
    29282 : 00000000;
    29283 : 00000000;
    29284 : 00000000;
    29285 : 00000000;
    29286 : 00000000;
    29287 : 00000000;
    29288 : 00000000;
    29289 : 00000000;
    29290 : 00000000;
    29291 : 00000000;
    29292 : 00000000;
    29293 : 00000000;
    29294 : 00000000;
    29295 : 00000000;
    29296 : 00000000;
    29297 : 00000000;
    29298 : 00000000;
    29299 : 00000000;
    29300 : 00000000;
    29301 : 00000000;
    29302 : 00000000;
    29303 : 00000000;
    29304 : 00000000;
    29305 : 00000000;
    29306 : 00000000;
    29307 : 00000000;
    29308 : 00000000;
    29309 : 00000000;
    29310 : 00000000;
    29311 : 00000000;
    29312 : 00000000;
    29313 : 00000000;
    29314 : 00000000;
    29315 : 00000000;
    29316 : 00000000;
    29317 : 00000000;
    29318 : 00000000;
    29319 : 00000000;
    29320 : 00000000;
    29321 : 00000000;
    29322 : 00000000;
    29323 : 00000000;
    29324 : 00000000;
    29325 : 00000000;
    29326 : 00000000;
    29327 : 00000000;
    29328 : 00000000;
    29329 : 00000000;
    29330 : 00000000;
    29331 : 00000000;
    29332 : 00000000;
    29333 : 00000000;
    29334 : 00000000;
    29335 : 00000000;
    29336 : 00000000;
    29337 : 00000000;
    29338 : 00000000;
    29339 : 00000000;
    29340 : 00000000;
    29341 : 00000000;
    29342 : 00000000;
    29343 : 00000000;
    29344 : 00000000;
    29345 : 00000000;
    29346 : 00000000;
    29347 : 00000000;
    29348 : 00000000;
    29349 : 00000000;
    29350 : 00000000;
    29351 : 00000000;
    29352 : 00000000;
    29353 : 00000000;
    29354 : 00000000;
    29355 : 00000000;
    29356 : 00000000;
    29357 : 00000000;
    29358 : 00000000;
    29359 : 00000000;
    29360 : 00000000;
    29361 : 00000000;
    29362 : 00000000;
    29363 : 00000000;
    29364 : 00000000;
    29365 : 00000000;
    29366 : 00000000;
    29367 : 00000000;
    29368 : 00000000;
    29369 : 00000000;
    29370 : 00000000;
    29371 : 00000000;
    29372 : 00000000;
    29373 : 00000000;
    29374 : 00000000;
    29375 : 00000000;
    29376 : 00000000;
    29377 : 00000000;
    29378 : 00000000;
    29379 : 00000000;
    29380 : 00000000;
    29381 : 00000000;
    29382 : 00000000;
    29383 : 00000000;
    29384 : 00000000;
    29385 : 00000000;
    29386 : 00000000;
    29387 : 00000000;
    29388 : 00000000;
    29389 : 00000000;
    29390 : 00000000;
    29391 : 00000000;
    29392 : 00000000;
    29393 : 00000000;
    29394 : 00000000;
    29395 : 00000000;
    29396 : 00000000;
    29397 : 00000000;
    29398 : 00000000;
    29399 : 00000000;
    29400 : 00000000;
    29401 : 00000000;
    29402 : 00000000;
    29403 : 00000000;
    29404 : 00000000;
    29405 : 00000000;
    29406 : 00000000;
    29407 : 00000000;
    29408 : 00000000;
    29409 : 00000000;
    29410 : 00000000;
    29411 : 00000000;
    29412 : 00000000;
    29413 : 00000000;
    29414 : 00000000;
    29415 : 00000000;
    29416 : 00000000;
    29417 : 00000000;
    29418 : 00000000;
    29419 : 00000000;
    29420 : 00000000;
    29421 : 00000000;
    29422 : 00000000;
    29423 : 00000000;
    29424 : 00000000;
    29425 : 00000000;
    29426 : 00000000;
    29427 : 00000000;
    29428 : 00000000;
    29429 : 00000000;
    29430 : 00000000;
    29431 : 00000000;
    29432 : 00000000;
    29433 : 00000000;
    29434 : 00000000;
    29435 : 00000000;
    29436 : 00000000;
    29437 : 00000000;
    29438 : 00000000;
    29439 : 00000000;
    29440 : 00000000;
    29441 : 00000000;
    29442 : 00000000;
    29443 : 00000000;
    29444 : 00000000;
    29445 : 00000000;
    29446 : 00000000;
    29447 : 00000000;
    29448 : 00000000;
    29449 : 00000000;
    29450 : 00000000;
    29451 : 00000000;
    29452 : 00000000;
    29453 : 00000000;
    29454 : 00000000;
    29455 : 00000000;
    29456 : 00000000;
    29457 : 00000000;
    29458 : 00000000;
    29459 : 00000000;
    29460 : 00000000;
    29461 : 00000000;
    29462 : 00000000;
    29463 : 00000000;
    29464 : 00000000;
    29465 : 00000000;
    29466 : 00000000;
    29467 : 00000000;
    29468 : 00000000;
    29469 : 00000000;
    29470 : 00000000;
    29471 : 00000000;
    29472 : 00000000;
    29473 : 00000000;
    29474 : 00000000;
    29475 : 00000000;
    29476 : 00000000;
    29477 : 00000000;
    29478 : 00000000;
    29479 : 00000000;
    29480 : 00000000;
    29481 : 00000000;
    29482 : 00000000;
    29483 : 00000000;
    29484 : 00000000;
    29485 : 00000000;
    29486 : 00000000;
    29487 : 00000000;
    29488 : 00000000;
    29489 : 00000000;
    29490 : 00000000;
    29491 : 00000000;
    29492 : 00000000;
    29493 : 00000000;
    29494 : 00000000;
    29495 : 00000000;
    29496 : 00000000;
    29497 : 00000000;
    29498 : 00000000;
    29499 : 00000000;
    29500 : 00000000;
    29501 : 00000000;
    29502 : 00000000;
    29503 : 00000000;
    29504 : 00000000;
    29505 : 00000000;
    29506 : 00000000;
    29507 : 00000000;
    29508 : 00000000;
    29509 : 00000000;
    29510 : 00000000;
    29511 : 00000000;
    29512 : 00000000;
    29513 : 00000000;
    29514 : 00000000;
    29515 : 00000000;
    29516 : 00000000;
    29517 : 00000000;
    29518 : 00000000;
    29519 : 00000000;
    29520 : 00000000;
    29521 : 00000000;
    29522 : 00000000;
    29523 : 00000000;
    29524 : 00000000;
    29525 : 00000000;
    29526 : 00000000;
    29527 : 00000000;
    29528 : 00000000;
    29529 : 00000000;
    29530 : 00000000;
    29531 : 00000000;
    29532 : 00000000;
    29533 : 00000000;
    29534 : 00000000;
    29535 : 00000000;
    29536 : 00000000;
    29537 : 00000000;
    29538 : 00000000;
    29539 : 00000000;
    29540 : 00000000;
    29541 : 00000000;
    29542 : 00000000;
    29543 : 00000000;
    29544 : 00000000;
    29545 : 00000000;
    29546 : 00000000;
    29547 : 00000000;
    29548 : 00000000;
    29549 : 00000000;
    29550 : 00000000;
    29551 : 00000000;
    29552 : 00000000;
    29553 : 00000000;
    29554 : 00000000;
    29555 : 00000000;
    29556 : 00000000;
    29557 : 00000000;
    29558 : 00000000;
    29559 : 00000000;
    29560 : 00000000;
    29561 : 00000000;
    29562 : 00000000;
    29563 : 00000000;
    29564 : 00000000;
    29565 : 00000000;
    29566 : 00000000;
    29567 : 00000000;
    29568 : 00000000;
    29569 : 00000000;
    29570 : 00000000;
    29571 : 00000000;
    29572 : 00000000;
    29573 : 00000000;
    29574 : 00000000;
    29575 : 00000000;
    29576 : 00000000;
    29577 : 00000000;
    29578 : 00000000;
    29579 : 00000000;
    29580 : 00000000;
    29581 : 00000000;
    29582 : 00000000;
    29583 : 00000000;
    29584 : 00000000;
    29585 : 00000000;
    29586 : 00000000;
    29587 : 00000000;
    29588 : 00000000;
    29589 : 00000000;
    29590 : 00000000;
    29591 : 00000000;
    29592 : 00000000;
    29593 : 00000000;
    29594 : 00000000;
    29595 : 00000000;
    29596 : 00000000;
    29597 : 00000000;
    29598 : 00000000;
    29599 : 00000000;
    29600 : 00000000;
    29601 : 00000000;
    29602 : 00000000;
    29603 : 00000000;
    29604 : 00000000;
    29605 : 00000000;
    29606 : 00000000;
    29607 : 00000000;
    29608 : 00000000;
    29609 : 00000000;
    29610 : 00000000;
    29611 : 00000000;
    29612 : 00000000;
    29613 : 00000000;
    29614 : 00000000;
    29615 : 00000000;
    29616 : 00000000;
    29617 : 00000000;
    29618 : 00000000;
    29619 : 00000000;
    29620 : 00000000;
    29621 : 00000000;
    29622 : 00000000;
    29623 : 00000000;
    29624 : 00000000;
    29625 : 00000000;
    29626 : 00000000;
    29627 : 00000000;
    29628 : 00000000;
    29629 : 00000000;
    29630 : 00000000;
    29631 : 00000000;
    29632 : 00000000;
    29633 : 00000000;
    29634 : 00000000;
    29635 : 00000000;
    29636 : 00000000;
    29637 : 00000000;
    29638 : 00000000;
    29639 : 00000000;
    29640 : 00000000;
    29641 : 00000000;
    29642 : 00000000;
    29643 : 00000000;
    29644 : 00000000;
    29645 : 00000000;
    29646 : 00000000;
    29647 : 00000000;
    29648 : 00000000;
    29649 : 00000000;
    29650 : 00000000;
    29651 : 00000000;
    29652 : 00000000;
    29653 : 00000000;
    29654 : 00000000;
    29655 : 00000000;
    29656 : 00000000;
    29657 : 00000000;
    29658 : 00000000;
    29659 : 00000000;
    29660 : 00000000;
    29661 : 00000000;
    29662 : 00000000;
    29663 : 00000000;
    29664 : 00000000;
    29665 : 00000000;
    29666 : 00000000;
    29667 : 00000000;
    29668 : 00000000;
    29669 : 00000000;
    29670 : 00000000;
    29671 : 00000000;
    29672 : 00000000;
    29673 : 00000000;
    29674 : 00000000;
    29675 : 00000000;
    29676 : 00000000;
    29677 : 00000000;
    29678 : 00000000;
    29679 : 00000000;
    29680 : 00000000;
    29681 : 00000000;
    29682 : 00000000;
    29683 : 00000000;
    29684 : 00000000;
    29685 : 00000000;
    29686 : 00000000;
    29687 : 00000000;
    29688 : 00000000;
    29689 : 00000000;
    29690 : 00000000;
    29691 : 00000000;
    29692 : 53494730;
    29693 : 00000094;
    29694 : 000000B8;
    29695 : 00000024;
    29696 : 25000293;
    29697 : 00029023;
    29698 : FFF00813;
    29699 : 00028F93;
    29700 : 010F9023;
    29701 : FE029F23;
    29702 : 00100793;
    29703 : 00028F13;
    29704 : FEFF1F23;
    29705 : 00029123;
    29706 : 00000713;
    29707 : 00028E93;
    29708 : 00EE9123;
    29709 : FE029E23;
    29710 : 7FF00693;
    29711 : 00028E13;
    29712 : FEDE1E23;
    29713 : 00029123;
    29714 : 00000613;
    29715 : 00028D93;
    29716 : 00CD9123;
    29717 : 26400093;
    29718 : 00009223;
    29719 : 000015B7;
    29720 : 80058593;
    29721 : 00008D13;
    29722 : 00BD1223;
    29723 : 00009023;
    29724 : 07654537;
    29725 : 32150513;
    29726 : 00008C93;
    29727 : 00AC9023;
    29728 : 00009023;
    29729 : 800004B7;
    29730 : FFF48493;
    29731 : 00008C13;
    29732 : 009C1023;
    29733 : 00009023;
    29734 : 00100413;
    29735 : 00008B93;
    29736 : 008B9023;
    29737 : FE009F23;
    29738 : FFF00393;
    29739 : 00008B13;
    29740 : FE7B1F23;
    29741 : 27800093;
    29742 : 00009123;
    29743 : 00001337;
    29744 : 23430313;
    29745 : 00008A93;
    29746 : 006A9123;
    29747 : FE009E23;
    29748 : 800002B7;
    29749 : 00008A13;
    29750 : FE5A1E23;
    29751 : 00009123;
    29752 : FFFFF237;
    29753 : DCC20213;
    29754 : 00008993;
    29755 : 00499123;
    29756 : 00009223;
    29757 : FFF00193;
    29758 : 00008913;
    29759 : 00391223;
    29760 : 00009023;
    29761 : 80100113;
    29762 : 00008893;
    29763 : 00289023;
    29764 : 28C00113;
    29765 : 00011023;
    29766 : 00000093;
    29767 : 00010813;
    29768 : 00181023;
    29769 : 00011023;
    29770 : FFF00013;
    29771 : 00010793;
    29772 : 00079023;
    29773 : FE011F23;
    29774 : 00100F93;
    29775 : 00010713;
    29776 : FFF71F23;
    29777 : 00011123;
    29778 : 00000F13;
    29779 : 00010693;
    29780 : 01E69123;
    29781 : FE011E23;
    29782 : 7FF00E93;
    29783 : 00010613;
    29784 : FFD61E23;
    29785 : 2A000093;
    29786 : 00009123;
    29787 : 00000E13;
    29788 : 00008593;
    29789 : 01C59123;
    29790 : 00009223;
    29791 : 00001DB7;
    29792 : 800D8D93;
    29793 : 00008513;
    29794 : 01B51223;
    29795 : 00009023;
    29796 : 07654D37;
    29797 : 321D0D13;
    29798 : 00008493;
    29799 : 01A49023;
    29800 : 00009023;
    29801 : 80000CB7;
    29802 : FFFC8C93;
    29803 : 00008413;
    29804 : 01941023;
    29805 : 00009023;
    29806 : 00100C13;
    29807 : 00008393;
    29808 : 01839023;
    29809 : 2B400093;
    29810 : FE009F23;
    29811 : FFF00B93;
    29812 : 00008313;
    29813 : FF731F23;
    29814 : 00009123;
    29815 : 00001B37;
    29816 : 234B0B13;
    29817 : 00008293;
    29818 : 01629123;
    29819 : FE009E23;
    29820 : 80000AB7;
    29821 : 00008213;
    29822 : FF521E23;
    29823 : 00009123;
    29824 : FFFFFA37;
    29825 : DCCA0A13;
    29826 : 00008193;
    29827 : 01419123;
    29828 : 00009223;
    29829 : FFF00993;
    29830 : 00008113;
    29831 : 01311223;
    29832 : 2C800113;
    29833 : 00011023;
    29834 : 80100913;
    29835 : 00010093;
    29836 : 01209023;
    29837 : 00011023;
    29838 : 00000893;
    29839 : 00010093;
    29840 : 01109023;
    29841 : 00000073;
    29842 : 00000000;
    29843 : 00000000;
    29844 : FFFFFFFF;
    29845 : FFFFFFFF;
    29846 : FFFFFFFF;
    29847 : FFFFFFFF;
    29848 : FFFFFFFF;
    29849 : FFFFFFFF;
    29850 : FFFFFFFF;
    29851 : FFFFFFFF;
    29852 : FFFFFFFF;
    29853 : FFFFFFFF;
    29854 : FFFFFFFF;
    29855 : FFFFFFFF;
    29856 : FFFFFFFF;
    29857 : FFFFFFFF;
    29858 : FFFFFFFF;
    29859 : FFFFFFFF;
    29860 : FFFFFFFF;
    29861 : FFFFFFFF;
    29862 : FFFFFFFF;
    29863 : FFFFFFFF;
    29864 : FFFFFFFF;
    29865 : FFFFFFFF;
    29866 : FFFFFFFF;
    29867 : FFFFFFFF;
    29868 : FFFFFFFF;
    29869 : FFFFFFFF;
    29870 : FFFFFFFF;
    29871 : FFFFFFFF;
    29872 : FFFFFFFF;
    29873 : FFFFFFFF;
    29874 : FFFFFFFF;
    29875 : FFFFFFFF;
    29876 : FFFFFFFF;
    29877 : FFFFFFFF;
    29878 : FFFFFFFF;
    29879 : 00000000;
    29880 : 00000000;
    29881 : 00000000;
    29882 : 00000000;
    29883 : 00000000;
    29884 : 00000000;
    29885 : 00000000;
    29886 : 00000000;
    29887 : 00000000;
    29888 : 00000000;
    29889 : 00000000;
    29890 : 00000000;
    29891 : 00000000;
    29892 : 00000000;
    29893 : 00000000;
    29894 : 00000000;
    29895 : 00000000;
    29896 : 00000000;
    29897 : 00000000;
    29898 : 00000000;
    29899 : 00000000;
    29900 : 00000000;
    29901 : 00000000;
    29902 : 00000000;
    29903 : 00000000;
    29904 : 00000000;
    29905 : 00000000;
    29906 : 00000000;
    29907 : 00000000;
    29908 : 00000000;
    29909 : 00000000;
    29910 : 00000000;
    29911 : 00000000;
    29912 : 00000000;
    29913 : 00000000;
    29914 : 00000000;
    29915 : 00000000;
    29916 : 00000000;
    29917 : 00000000;
    29918 : 00000000;
    29919 : 00000000;
    29920 : 00000000;
    29921 : 00000000;
    29922 : 00000000;
    29923 : 00000000;
    29924 : 00000000;
    29925 : 00000000;
    29926 : 00000000;
    29927 : 00000000;
    29928 : 00000000;
    29929 : 00000000;
    29930 : 00000000;
    29931 : 00000000;
    29932 : 00000000;
    29933 : 00000000;
    29934 : 00000000;
    29935 : 00000000;
    29936 : 00000000;
    29937 : 00000000;
    29938 : 00000000;
    29939 : 00000000;
    29940 : 00000000;
    29941 : 00000000;
    29942 : 00000000;
    29943 : 00000000;
    29944 : 00000000;
    29945 : 00000000;
    29946 : 00000000;
    29947 : 00000000;
    29948 : 00000000;
    29949 : 00000000;
    29950 : 00000000;
    29951 : 00000000;
    29952 : 00000000;
    29953 : 00000000;
    29954 : 00000000;
    29955 : 00000000;
    29956 : 00000000;
    29957 : 00000000;
    29958 : 00000000;
    29959 : 00000000;
    29960 : 00000000;
    29961 : 00000000;
    29962 : 00000000;
    29963 : 00000000;
    29964 : 00000000;
    29965 : 00000000;
    29966 : 00000000;
    29967 : 00000000;
    29968 : 00000000;
    29969 : 00000000;
    29970 : 00000000;
    29971 : 00000000;
    29972 : 00000000;
    29973 : 00000000;
    29974 : 00000000;
    29975 : 00000000;
    29976 : 00000000;
    29977 : 00000000;
    29978 : 00000000;
    29979 : 00000000;
    29980 : 00000000;
    29981 : 00000000;
    29982 : 00000000;
    29983 : 00000000;
    29984 : 00000000;
    29985 : 00000000;
    29986 : 00000000;
    29987 : 00000000;
    29988 : 00000000;
    29989 : 00000000;
    29990 : 00000000;
    29991 : 00000000;
    29992 : 00000000;
    29993 : 00000000;
    29994 : 00000000;
    29995 : 00000000;
    29996 : 00000000;
    29997 : 00000000;
    29998 : 00000000;
    29999 : 00000000;
    30000 : 00000000;
    30001 : 00000000;
    30002 : 00000000;
    30003 : 00000000;
    30004 : 00000000;
    30005 : 00000000;
    30006 : 00000000;
    30007 : 00000000;
    30008 : 00000000;
    30009 : 00000000;
    30010 : 00000000;
    30011 : 00000000;
    30012 : 00000000;
    30013 : 00000000;
    30014 : 00000000;
    30015 : 00000000;
    30016 : 00000000;
    30017 : 00000000;
    30018 : 00000000;
    30019 : 00000000;
    30020 : 00000000;
    30021 : 00000000;
    30022 : 00000000;
    30023 : 00000000;
    30024 : 00000000;
    30025 : 00000000;
    30026 : 00000000;
    30027 : 00000000;
    30028 : 00000000;
    30029 : 00000000;
    30030 : 00000000;
    30031 : 00000000;
    30032 : 00000000;
    30033 : 00000000;
    30034 : 00000000;
    30035 : 00000000;
    30036 : 00000000;
    30037 : 00000000;
    30038 : 00000000;
    30039 : 00000000;
    30040 : 00000000;
    30041 : 00000000;
    30042 : 00000000;
    30043 : 00000000;
    30044 : 00000000;
    30045 : 00000000;
    30046 : 00000000;
    30047 : 00000000;
    30048 : 00000000;
    30049 : 00000000;
    30050 : 00000000;
    30051 : 00000000;
    30052 : 00000000;
    30053 : 00000000;
    30054 : 00000000;
    30055 : 00000000;
    30056 : 00000000;
    30057 : 00000000;
    30058 : 00000000;
    30059 : 00000000;
    30060 : 00000000;
    30061 : 00000000;
    30062 : 00000000;
    30063 : 00000000;
    30064 : 00000000;
    30065 : 00000000;
    30066 : 00000000;
    30067 : 00000000;
    30068 : 00000000;
    30069 : 00000000;
    30070 : 00000000;
    30071 : 00000000;
    30072 : 00000000;
    30073 : 00000000;
    30074 : 00000000;
    30075 : 00000000;
    30076 : 00000000;
    30077 : 00000000;
    30078 : 00000000;
    30079 : 00000000;
    30080 : 00000000;
    30081 : 00000000;
    30082 : 00000000;
    30083 : 00000000;
    30084 : 00000000;
    30085 : 00000000;
    30086 : 00000000;
    30087 : 00000000;
    30088 : 00000000;
    30089 : 00000000;
    30090 : 00000000;
    30091 : 00000000;
    30092 : 00000000;
    30093 : 00000000;
    30094 : 00000000;
    30095 : 00000000;
    30096 : 00000000;
    30097 : 00000000;
    30098 : 00000000;
    30099 : 00000000;
    30100 : 00000000;
    30101 : 00000000;
    30102 : 00000000;
    30103 : 00000000;
    30104 : 00000000;
    30105 : 00000000;
    30106 : 00000000;
    30107 : 00000000;
    30108 : 00000000;
    30109 : 00000000;
    30110 : 00000000;
    30111 : 00000000;
    30112 : 00000000;
    30113 : 00000000;
    30114 : 00000000;
    30115 : 00000000;
    30116 : 00000000;
    30117 : 00000000;
    30118 : 00000000;
    30119 : 00000000;
    30120 : 00000000;
    30121 : 00000000;
    30122 : 00000000;
    30123 : 00000000;
    30124 : 00000000;
    30125 : 00000000;
    30126 : 00000000;
    30127 : 00000000;
    30128 : 00000000;
    30129 : 00000000;
    30130 : 00000000;
    30131 : 00000000;
    30132 : 00000000;
    30133 : 00000000;
    30134 : 00000000;
    30135 : 00000000;
    30136 : 00000000;
    30137 : 00000000;
    30138 : 00000000;
    30139 : 00000000;
    30140 : 00000000;
    30141 : 00000000;
    30142 : 00000000;
    30143 : 00000000;
    30144 : 00000000;
    30145 : 00000000;
    30146 : 00000000;
    30147 : 00000000;
    30148 : 00000000;
    30149 : 00000000;
    30150 : 00000000;
    30151 : 00000000;
    30152 : 00000000;
    30153 : 00000000;
    30154 : 00000000;
    30155 : 00000000;
    30156 : 00000000;
    30157 : 00000000;
    30158 : 00000000;
    30159 : 00000000;
    30160 : 00000000;
    30161 : 00000000;
    30162 : 00000000;
    30163 : 00000000;
    30164 : 00000000;
    30165 : 00000000;
    30166 : 00000000;
    30167 : 00000000;
    30168 : 00000000;
    30169 : 00000000;
    30170 : 00000000;
    30171 : 00000000;
    30172 : 00000000;
    30173 : 00000000;
    30174 : 00000000;
    30175 : 00000000;
    30176 : 00000000;
    30177 : 00000000;
    30178 : 00000000;
    30179 : 00000000;
    30180 : 00000000;
    30181 : 00000000;
    30182 : 00000000;
    30183 : 00000000;
    30184 : 00000000;
    30185 : 00000000;
    30186 : 00000000;
    30187 : 00000000;
    30188 : 00000000;
    30189 : 00000000;
    30190 : 00000000;
    30191 : 00000000;
    30192 : 00000000;
    30193 : 00000000;
    30194 : 00000000;
    30195 : 00000000;
    30196 : 00000000;
    30197 : 00000000;
    30198 : 00000000;
    30199 : 00000000;
    30200 : 00000000;
    30201 : 00000000;
    30202 : 00000000;
    30203 : 00000000;
    30204 : 00000000;
    30205 : 00000000;
    30206 : 00000000;
    30207 : 00000000;
    30208 : 00000000;
    30209 : 00000000;
    30210 : 00000000;
    30211 : 00000000;
    30212 : 00000000;
    30213 : 00000000;
    30214 : 00000000;
    30215 : 00000000;
    30216 : 00000000;
    30217 : 00000000;
    30218 : 00000000;
    30219 : 00000000;
    30220 : 00000000;
    30221 : 00000000;
    30222 : 00000000;
    30223 : 00000000;
    30224 : 00000000;
    30225 : 00000000;
    30226 : 00000000;
    30227 : 00000000;
    30228 : 00000000;
    30229 : 00000000;
    30230 : 00000000;
    30231 : 00000000;
    30232 : 00000000;
    30233 : 00000000;
    30234 : 00000000;
    30235 : 00000000;
    30236 : 00000000;
    30237 : 00000000;
    30238 : 00000000;
    30239 : 00000000;
    30240 : 00000000;
    30241 : 00000000;
    30242 : 00000000;
    30243 : 00000000;
    30244 : 00000000;
    30245 : 00000000;
    30246 : 00000000;
    30247 : 00000000;
    30248 : 00000000;
    30249 : 00000000;
    30250 : 00000000;
    30251 : 00000000;
    30252 : 00000000;
    30253 : 00000000;
    30254 : 00000000;
    30255 : 00000000;
    30256 : 00000000;
    30257 : 00000000;
    30258 : 00000000;
    30259 : 00000000;
    30260 : 00000000;
    30261 : 00000000;
    30262 : 00000000;
    30263 : 00000000;
    30264 : 00000000;
    30265 : 00000000;
    30266 : 00000000;
    30267 : 00000000;
    30268 : 00000000;
    30269 : 00000000;
    30270 : 00000000;
    30271 : 00000000;
    30272 : 00000000;
    30273 : 00000000;
    30274 : 00000000;
    30275 : 00000000;
    30276 : 00000000;
    30277 : 00000000;
    30278 : 00000000;
    30279 : 00000000;
    30280 : 00000000;
    30281 : 00000000;
    30282 : 00000000;
    30283 : 00000000;
    30284 : 00000000;
    30285 : 00000000;
    30286 : 00000000;
    30287 : 00000000;
    30288 : 00000000;
    30289 : 00000000;
    30290 : 00000000;
    30291 : 00000000;
    30292 : 00000000;
    30293 : 00000000;
    30294 : 00000000;
    30295 : 00000000;
    30296 : 00000000;
    30297 : 00000000;
    30298 : 00000000;
    30299 : 00000000;
    30300 : 00000000;
    30301 : 00000000;
    30302 : 00000000;
    30303 : 00000000;
    30304 : 00000000;
    30305 : 00000000;
    30306 : 00000000;
    30307 : 00000000;
    30308 : 00000000;
    30309 : 00000000;
    30310 : 00000000;
    30311 : 00000000;
    30312 : 00000000;
    30313 : 00000000;
    30314 : 00000000;
    30315 : 00000000;
    30316 : 00000000;
    30317 : 00000000;
    30318 : 00000000;
    30319 : 00000000;
    30320 : 00000000;
    30321 : 00000000;
    30322 : 00000000;
    30323 : 00000000;
    30324 : 00000000;
    30325 : 00000000;
    30326 : 00000000;
    30327 : 00000000;
    30328 : 00000000;
    30329 : 00000000;
    30330 : 00000000;
    30331 : 00000000;
    30332 : 00000000;
    30333 : 00000000;
    30334 : 00000000;
    30335 : 00000000;
    30336 : 00000000;
    30337 : 00000000;
    30338 : 00000000;
    30339 : 00000000;
    30340 : 00000000;
    30341 : 00000000;
    30342 : 00000000;
    30343 : 00000000;
    30344 : 00000000;
    30345 : 00000000;
    30346 : 00000000;
    30347 : 00000000;
    30348 : 00000000;
    30349 : 00000000;
    30350 : 00000000;
    30351 : 00000000;
    30352 : 00000000;
    30353 : 00000000;
    30354 : 00000000;
    30355 : 00000000;
    30356 : 00000000;
    30357 : 00000000;
    30358 : 00000000;
    30359 : 00000000;
    30360 : 00000000;
    30361 : 00000000;
    30362 : 00000000;
    30363 : 00000000;
    30364 : 00000000;
    30365 : 00000000;
    30366 : 00000000;
    30367 : 00000000;
    30368 : 00000000;
    30369 : 00000000;
    30370 : 00000000;
    30371 : 00000000;
    30372 : 00000000;
    30373 : 00000000;
    30374 : 00000000;
    30375 : 00000000;
    30376 : 00000000;
    30377 : 00000000;
    30378 : 00000000;
    30379 : 00000000;
    30380 : 00000000;
    30381 : 00000000;
    30382 : 00000000;
    30383 : 00000000;
    30384 : 00000000;
    30385 : 00000000;
    30386 : 00000000;
    30387 : 00000000;
    30388 : 00000000;
    30389 : 00000000;
    30390 : 00000000;
    30391 : 00000000;
    30392 : 00000000;
    30393 : 00000000;
    30394 : 00000000;
    30395 : 00000000;
    30396 : 00000000;
    30397 : 00000000;
    30398 : 00000000;
    30399 : 00000000;
    30400 : 00000000;
    30401 : 00000000;
    30402 : 00000000;
    30403 : 00000000;
    30404 : 00000000;
    30405 : 00000000;
    30406 : 00000000;
    30407 : 00000000;
    30408 : 00000000;
    30409 : 00000000;
    30410 : 00000000;
    30411 : 00000000;
    30412 : 00000000;
    30413 : 00000000;
    30414 : 00000000;
    30415 : 00000000;
    30416 : 00000000;
    30417 : 00000000;
    30418 : 00000000;
    30419 : 00000000;
    30420 : 00000000;
    30421 : 00000000;
    30422 : 00000000;
    30423 : 00000000;
    30424 : 00000000;
    30425 : 00000000;
    30426 : 00000000;
    30427 : 00000000;
    30428 : 00000000;
    30429 : 00000000;
    30430 : 00000000;
    30431 : 00000000;
    30432 : 00000000;
    30433 : 00000000;
    30434 : 00000000;
    30435 : 00000000;
    30436 : 00000000;
    30437 : 00000000;
    30438 : 00000000;
    30439 : 00000000;
    30440 : 00000000;
    30441 : 00000000;
    30442 : 00000000;
    30443 : 00000000;
    30444 : 00000000;
    30445 : 00000000;
    30446 : 00000000;
    30447 : 00000000;
    30448 : 00000000;
    30449 : 00000000;
    30450 : 00000000;
    30451 : 00000000;
    30452 : 00000000;
    30453 : 00000000;
    30454 : 00000000;
    30455 : 00000000;
    30456 : 00000000;
    30457 : 00000000;
    30458 : 00000000;
    30459 : 00000000;
    30460 : 00000000;
    30461 : 00000000;
    30462 : 00000000;
    30463 : 00000000;
    30464 : 00000000;
    30465 : 00000000;
    30466 : 00000000;
    30467 : 00000000;
    30468 : 00000000;
    30469 : 00000000;
    30470 : 00000000;
    30471 : 00000000;
    30472 : 00000000;
    30473 : 00000000;
    30474 : 00000000;
    30475 : 00000000;
    30476 : 00000000;
    30477 : 00000000;
    30478 : 00000000;
    30479 : 00000000;
    30480 : 00000000;
    30481 : 00000000;
    30482 : 00000000;
    30483 : 00000000;
    30484 : 00000000;
    30485 : 00000000;
    30486 : 00000000;
    30487 : 00000000;
    30488 : 00000000;
    30489 : 00000000;
    30490 : 00000000;
    30491 : 00000000;
    30492 : 00000000;
    30493 : 00000000;
    30494 : 00000000;
    30495 : 00000000;
    30496 : 00000000;
    30497 : 00000000;
    30498 : 00000000;
    30499 : 00000000;
    30500 : 00000000;
    30501 : 00000000;
    30502 : 00000000;
    30503 : 00000000;
    30504 : 00000000;
    30505 : 00000000;
    30506 : 00000000;
    30507 : 00000000;
    30508 : 00000000;
    30509 : 00000000;
    30510 : 00000000;
    30511 : 00000000;
    30512 : 00000000;
    30513 : 00000000;
    30514 : 00000000;
    30515 : 00000000;
    30516 : 00000000;
    30517 : 00000000;
    30518 : 00000000;
    30519 : 00000000;
    30520 : 00000000;
    30521 : 00000000;
    30522 : 00000000;
    30523 : 00000000;
    30524 : 00000000;
    30525 : 00000000;
    30526 : 00000000;
    30527 : 00000000;
    30528 : 00000000;
    30529 : 00000000;
    30530 : 00000000;
    30531 : 00000000;
    30532 : 00000000;
    30533 : 00000000;
    30534 : 00000000;
    30535 : 00000000;
    30536 : 00000000;
    30537 : 00000000;
    30538 : 00000000;
    30539 : 00000000;
    30540 : 00000000;
    30541 : 00000000;
    30542 : 00000000;
    30543 : 00000000;
    30544 : 00000000;
    30545 : 00000000;
    30546 : 00000000;
    30547 : 00000000;
    30548 : 00000000;
    30549 : 00000000;
    30550 : 00000000;
    30551 : 00000000;
    30552 : 00000000;
    30553 : 00000000;
    30554 : 00000000;
    30555 : 00000000;
    30556 : 00000000;
    30557 : 00000000;
    30558 : 00000000;
    30559 : 00000000;
    30560 : 00000000;
    30561 : 00000000;
    30562 : 00000000;
    30563 : 00000000;
    30564 : 00000000;
    30565 : 00000000;
    30566 : 00000000;
    30567 : 00000000;
    30568 : 00000000;
    30569 : 00000000;
    30570 : 00000000;
    30571 : 00000000;
    30572 : 00000000;
    30573 : 00000000;
    30574 : 00000000;
    30575 : 00000000;
    30576 : 00000000;
    30577 : 00000000;
    30578 : 00000000;
    30579 : 00000000;
    30580 : 00000000;
    30581 : 00000000;
    30582 : 00000000;
    30583 : 00000000;
    30584 : 00000000;
    30585 : 00000000;
    30586 : 00000000;
    30587 : 00000000;
    30588 : 00000000;
    30589 : 00000000;
    30590 : 00000000;
    30591 : 00000000;
    30592 : 00000000;
    30593 : 00000000;
    30594 : 00000000;
    30595 : 00000000;
    30596 : 00000000;
    30597 : 00000000;
    30598 : 00000000;
    30599 : 00000000;
    30600 : 00000000;
    30601 : 00000000;
    30602 : 00000000;
    30603 : 00000000;
    30604 : 00000000;
    30605 : 00000000;
    30606 : 00000000;
    30607 : 00000000;
    30608 : 00000000;
    30609 : 00000000;
    30610 : 00000000;
    30611 : 00000000;
    30612 : 00000000;
    30613 : 00000000;
    30614 : 00000000;
    30615 : 00000000;
    30616 : 00000000;
    30617 : 00000000;
    30618 : 00000000;
    30619 : 00000000;
    30620 : 00000000;
    30621 : 00000000;
    30622 : 00000000;
    30623 : 00000000;
    30624 : 00000000;
    30625 : 00000000;
    30626 : 00000000;
    30627 : 00000000;
    30628 : 00000000;
    30629 : 00000000;
    30630 : 00000000;
    30631 : 00000000;
    30632 : 00000000;
    30633 : 00000000;
    30634 : 00000000;
    30635 : 00000000;
    30636 : 00000000;
    30637 : 00000000;
    30638 : 00000000;
    30639 : 00000000;
    30640 : 00000000;
    30641 : 00000000;
    30642 : 00000000;
    30643 : 00000000;
    30644 : 00000000;
    30645 : 00000000;
    30646 : 00000000;
    30647 : 00000000;
    30648 : 00000000;
    30649 : 00000000;
    30650 : 00000000;
    30651 : 00000000;
    30652 : 00000000;
    30653 : 00000000;
    30654 : 00000000;
    30655 : 00000000;
    30656 : 00000000;
    30657 : 00000000;
    30658 : 00000000;
    30659 : 00000000;
    30660 : 00000000;
    30661 : 00000000;
    30662 : 00000000;
    30663 : 00000000;
    30664 : 00000000;
    30665 : 00000000;
    30666 : 00000000;
    30667 : 00000000;
    30668 : 00000000;
    30669 : 00000000;
    30670 : 00000000;
    30671 : 00000000;
    30672 : 00000000;
    30673 : 00000000;
    30674 : 00000000;
    30675 : 00000000;
    30676 : 00000000;
    30677 : 00000000;
    30678 : 00000000;
    30679 : 00000000;
    30680 : 00000000;
    30681 : 00000000;
    30682 : 00000000;
    30683 : 00000000;
    30684 : 00000000;
    30685 : 00000000;
    30686 : 00000000;
    30687 : 00000000;
    30688 : 00000000;
    30689 : 00000000;
    30690 : 00000000;
    30691 : 00000000;
    30692 : 00000000;
    30693 : 00000000;
    30694 : 00000000;
    30695 : 00000000;
    30696 : 00000000;
    30697 : 00000000;
    30698 : 00000000;
    30699 : 00000000;
    30700 : 00000000;
    30701 : 00000000;
    30702 : 00000000;
    30703 : 00000000;
    30704 : 00000000;
    30705 : 00000000;
    30706 : 00000000;
    30707 : 00000000;
    30708 : 00000000;
    30709 : 00000000;
    30710 : 00000000;
    30711 : 00000000;
    30712 : 00000000;
    30713 : 00000000;
    30714 : 00000000;
    30715 : 00000000;
    30716 : 53494730;
    30717 : 00000094;
    30718 : 000000B8;
    30719 : 00000024;
    30720 : 25000293;
    30721 : FFF00F93;
    30722 : 00000813;
    30723 : 010F9033;
    30724 : 0002A023;
    30725 : 00100F13;
    30726 : 00000793;
    30727 : 00FF10B3;
    30728 : 0012A223;
    30729 : 00000E93;
    30730 : 00100713;
    30731 : 00EE9133;
    30732 : 0022A423;
    30733 : 7FF00E13;
    30734 : 00400693;
    30735 : 00DE11B3;
    30736 : 0032A623;
    30737 : 00000D93;
    30738 : 00800613;
    30739 : 00CD9233;
    30740 : 0042A823;
    30741 : 26400093;
    30742 : 00001D37;
    30743 : 800D0D13;
    30744 : 01F00593;
    30745 : 00BD12B3;
    30746 : 0050A023;
    30747 : 07654CB7;
    30748 : 321C8C93;
    30749 : 01000513;
    30750 : 00AC9333;
    30751 : 0060A223;
    30752 : 80000C37;
    30753 : FFFC0C13;
    30754 : 00100493;
    30755 : 009C13B3;
    30756 : 0070A423;
    30757 : 00100B93;
    30758 : 00000413;
    30759 : 008B9433;
    30760 : 0080A623;
    30761 : FFF00B13;
    30762 : 00000393;
    30763 : 007B14B3;
    30764 : 0090A823;
    30765 : 27800093;
    30766 : 00001AB7;
    30767 : 234A8A93;
    30768 : 00100313;
    30769 : 006A9533;
    30770 : 00A0A023;
    30771 : 80000A37;
    30772 : 00400293;
    30773 : 005A15B3;
    30774 : 00B0A223;
    30775 : FFFFF9B7;
    30776 : DCC98993;
    30777 : 00800213;
    30778 : 00499633;
    30779 : 00C0A423;
    30780 : FFF00913;
    30781 : 01F00193;
    30782 : 003916B3;
    30783 : 00D0A623;
    30784 : 80100893;
    30785 : 01000113;
    30786 : 00289733;
    30787 : 00E0A823;
    30788 : 28C00113;
    30789 : 00000813;
    30790 : 00100093;
    30791 : 001817B3;
    30792 : 00F12023;
    30793 : FFF00793;
    30794 : 00000013;
    30795 : 00079833;
    30796 : 01012223;
    30797 : 00100713;
    30798 : 00000F93;
    30799 : 01F718B3;
    30800 : 01112423;
    30801 : 00000693;
    30802 : 00100F13;
    30803 : 01E69933;
    30804 : 01212623;
    30805 : 7FF00613;
    30806 : 00400E93;
    30807 : 01D619B3;
    30808 : 01312823;
    30809 : 2A000093;
    30810 : 00000593;
    30811 : 00800E13;
    30812 : 01C59A33;
    30813 : 0140A023;
    30814 : 00001537;
    30815 : 80050513;
    30816 : 01F00D93;
    30817 : 01B51AB3;
    30818 : 0150A223;
    30819 : 076544B7;
    30820 : 32148493;
    30821 : 01000D13;
    30822 : 01A49B33;
    30823 : 0160A423;
    30824 : 80000437;
    30825 : FFF40413;
    30826 : 00100C93;
    30827 : 01941BB3;
    30828 : 0170A623;
    30829 : 00100393;
    30830 : 00000C13;
    30831 : 01839C33;
    30832 : 0180A823;
    30833 : 2B400093;
    30834 : FFF00313;
    30835 : 00000B93;
    30836 : 01731CB3;
    30837 : 0190A023;
    30838 : 000012B7;
    30839 : 23428293;
    30840 : 00100B13;
    30841 : 01629D33;
    30842 : 01A0A223;
    30843 : 80000237;
    30844 : 00400A93;
    30845 : 01521DB3;
    30846 : 01B0A423;
    30847 : FFFFF1B7;
    30848 : DCC18193;
    30849 : 00800A13;
    30850 : 01419E33;
    30851 : 01C0A623;
    30852 : FFF00113;
    30853 : 01F00993;
    30854 : 01311EB3;
    30855 : 01D0A823;
    30856 : 2C800113;
    30857 : 80100093;
    30858 : 01000913;
    30859 : 01209F33;
    30860 : 01E12023;
    30861 : 00000013;
    30862 : 00100893;
    30863 : 01101FB3;
    30864 : 01F12223;
    30865 : 00000073;
    30866 : 00000000;
    30867 : 00000000;
    30868 : FFFFFFFF;
    30869 : FFFFFFFF;
    30870 : FFFFFFFF;
    30871 : FFFFFFFF;
    30872 : FFFFFFFF;
    30873 : FFFFFFFF;
    30874 : FFFFFFFF;
    30875 : FFFFFFFF;
    30876 : FFFFFFFF;
    30877 : FFFFFFFF;
    30878 : FFFFFFFF;
    30879 : FFFFFFFF;
    30880 : FFFFFFFF;
    30881 : FFFFFFFF;
    30882 : FFFFFFFF;
    30883 : FFFFFFFF;
    30884 : FFFFFFFF;
    30885 : FFFFFFFF;
    30886 : FFFFFFFF;
    30887 : FFFFFFFF;
    30888 : FFFFFFFF;
    30889 : FFFFFFFF;
    30890 : FFFFFFFF;
    30891 : FFFFFFFF;
    30892 : FFFFFFFF;
    30893 : FFFFFFFF;
    30894 : FFFFFFFF;
    30895 : FFFFFFFF;
    30896 : FFFFFFFF;
    30897 : FFFFFFFF;
    30898 : FFFFFFFF;
    30899 : FFFFFFFF;
    30900 : FFFFFFFF;
    30901 : FFFFFFFF;
    30902 : FFFFFFFF;
    30903 : 00000000;
    30904 : 00000000;
    30905 : 00000000;
    30906 : 00000000;
    30907 : 00000000;
    30908 : 00000000;
    30909 : 00000000;
    30910 : 00000000;
    30911 : 00000000;
    30912 : 00000000;
    30913 : 00000000;
    30914 : 00000000;
    30915 : 00000000;
    30916 : 00000000;
    30917 : 00000000;
    30918 : 00000000;
    30919 : 00000000;
    30920 : 00000000;
    30921 : 00000000;
    30922 : 00000000;
    30923 : 00000000;
    30924 : 00000000;
    30925 : 00000000;
    30926 : 00000000;
    30927 : 00000000;
    30928 : 00000000;
    30929 : 00000000;
    30930 : 00000000;
    30931 : 00000000;
    30932 : 00000000;
    30933 : 00000000;
    30934 : 00000000;
    30935 : 00000000;
    30936 : 00000000;
    30937 : 00000000;
    30938 : 00000000;
    30939 : 00000000;
    30940 : 00000000;
    30941 : 00000000;
    30942 : 00000000;
    30943 : 00000000;
    30944 : 00000000;
    30945 : 00000000;
    30946 : 00000000;
    30947 : 00000000;
    30948 : 00000000;
    30949 : 00000000;
    30950 : 00000000;
    30951 : 00000000;
    30952 : 00000000;
    30953 : 00000000;
    30954 : 00000000;
    30955 : 00000000;
    30956 : 00000000;
    30957 : 00000000;
    30958 : 00000000;
    30959 : 00000000;
    30960 : 00000000;
    30961 : 00000000;
    30962 : 00000000;
    30963 : 00000000;
    30964 : 00000000;
    30965 : 00000000;
    30966 : 00000000;
    30967 : 00000000;
    30968 : 00000000;
    30969 : 00000000;
    30970 : 00000000;
    30971 : 00000000;
    30972 : 00000000;
    30973 : 00000000;
    30974 : 00000000;
    30975 : 00000000;
    30976 : 00000000;
    30977 : 00000000;
    30978 : 00000000;
    30979 : 00000000;
    30980 : 00000000;
    30981 : 00000000;
    30982 : 00000000;
    30983 : 00000000;
    30984 : 00000000;
    30985 : 00000000;
    30986 : 00000000;
    30987 : 00000000;
    30988 : 00000000;
    30989 : 00000000;
    30990 : 00000000;
    30991 : 00000000;
    30992 : 00000000;
    30993 : 00000000;
    30994 : 00000000;
    30995 : 00000000;
    30996 : 00000000;
    30997 : 00000000;
    30998 : 00000000;
    30999 : 00000000;
    31000 : 00000000;
    31001 : 00000000;
    31002 : 00000000;
    31003 : 00000000;
    31004 : 00000000;
    31005 : 00000000;
    31006 : 00000000;
    31007 : 00000000;
    31008 : 00000000;
    31009 : 00000000;
    31010 : 00000000;
    31011 : 00000000;
    31012 : 00000000;
    31013 : 00000000;
    31014 : 00000000;
    31015 : 00000000;
    31016 : 00000000;
    31017 : 00000000;
    31018 : 00000000;
    31019 : 00000000;
    31020 : 00000000;
    31021 : 00000000;
    31022 : 00000000;
    31023 : 00000000;
    31024 : 00000000;
    31025 : 00000000;
    31026 : 00000000;
    31027 : 00000000;
    31028 : 00000000;
    31029 : 00000000;
    31030 : 00000000;
    31031 : 00000000;
    31032 : 00000000;
    31033 : 00000000;
    31034 : 00000000;
    31035 : 00000000;
    31036 : 00000000;
    31037 : 00000000;
    31038 : 00000000;
    31039 : 00000000;
    31040 : 00000000;
    31041 : 00000000;
    31042 : 00000000;
    31043 : 00000000;
    31044 : 00000000;
    31045 : 00000000;
    31046 : 00000000;
    31047 : 00000000;
    31048 : 00000000;
    31049 : 00000000;
    31050 : 00000000;
    31051 : 00000000;
    31052 : 00000000;
    31053 : 00000000;
    31054 : 00000000;
    31055 : 00000000;
    31056 : 00000000;
    31057 : 00000000;
    31058 : 00000000;
    31059 : 00000000;
    31060 : 00000000;
    31061 : 00000000;
    31062 : 00000000;
    31063 : 00000000;
    31064 : 00000000;
    31065 : 00000000;
    31066 : 00000000;
    31067 : 00000000;
    31068 : 00000000;
    31069 : 00000000;
    31070 : 00000000;
    31071 : 00000000;
    31072 : 00000000;
    31073 : 00000000;
    31074 : 00000000;
    31075 : 00000000;
    31076 : 00000000;
    31077 : 00000000;
    31078 : 00000000;
    31079 : 00000000;
    31080 : 00000000;
    31081 : 00000000;
    31082 : 00000000;
    31083 : 00000000;
    31084 : 00000000;
    31085 : 00000000;
    31086 : 00000000;
    31087 : 00000000;
    31088 : 00000000;
    31089 : 00000000;
    31090 : 00000000;
    31091 : 00000000;
    31092 : 00000000;
    31093 : 00000000;
    31094 : 00000000;
    31095 : 00000000;
    31096 : 00000000;
    31097 : 00000000;
    31098 : 00000000;
    31099 : 00000000;
    31100 : 00000000;
    31101 : 00000000;
    31102 : 00000000;
    31103 : 00000000;
    31104 : 00000000;
    31105 : 00000000;
    31106 : 00000000;
    31107 : 00000000;
    31108 : 00000000;
    31109 : 00000000;
    31110 : 00000000;
    31111 : 00000000;
    31112 : 00000000;
    31113 : 00000000;
    31114 : 00000000;
    31115 : 00000000;
    31116 : 00000000;
    31117 : 00000000;
    31118 : 00000000;
    31119 : 00000000;
    31120 : 00000000;
    31121 : 00000000;
    31122 : 00000000;
    31123 : 00000000;
    31124 : 00000000;
    31125 : 00000000;
    31126 : 00000000;
    31127 : 00000000;
    31128 : 00000000;
    31129 : 00000000;
    31130 : 00000000;
    31131 : 00000000;
    31132 : 00000000;
    31133 : 00000000;
    31134 : 00000000;
    31135 : 00000000;
    31136 : 00000000;
    31137 : 00000000;
    31138 : 00000000;
    31139 : 00000000;
    31140 : 00000000;
    31141 : 00000000;
    31142 : 00000000;
    31143 : 00000000;
    31144 : 00000000;
    31145 : 00000000;
    31146 : 00000000;
    31147 : 00000000;
    31148 : 00000000;
    31149 : 00000000;
    31150 : 00000000;
    31151 : 00000000;
    31152 : 00000000;
    31153 : 00000000;
    31154 : 00000000;
    31155 : 00000000;
    31156 : 00000000;
    31157 : 00000000;
    31158 : 00000000;
    31159 : 00000000;
    31160 : 00000000;
    31161 : 00000000;
    31162 : 00000000;
    31163 : 00000000;
    31164 : 00000000;
    31165 : 00000000;
    31166 : 00000000;
    31167 : 00000000;
    31168 : 00000000;
    31169 : 00000000;
    31170 : 00000000;
    31171 : 00000000;
    31172 : 00000000;
    31173 : 00000000;
    31174 : 00000000;
    31175 : 00000000;
    31176 : 00000000;
    31177 : 00000000;
    31178 : 00000000;
    31179 : 00000000;
    31180 : 00000000;
    31181 : 00000000;
    31182 : 00000000;
    31183 : 00000000;
    31184 : 00000000;
    31185 : 00000000;
    31186 : 00000000;
    31187 : 00000000;
    31188 : 00000000;
    31189 : 00000000;
    31190 : 00000000;
    31191 : 00000000;
    31192 : 00000000;
    31193 : 00000000;
    31194 : 00000000;
    31195 : 00000000;
    31196 : 00000000;
    31197 : 00000000;
    31198 : 00000000;
    31199 : 00000000;
    31200 : 00000000;
    31201 : 00000000;
    31202 : 00000000;
    31203 : 00000000;
    31204 : 00000000;
    31205 : 00000000;
    31206 : 00000000;
    31207 : 00000000;
    31208 : 00000000;
    31209 : 00000000;
    31210 : 00000000;
    31211 : 00000000;
    31212 : 00000000;
    31213 : 00000000;
    31214 : 00000000;
    31215 : 00000000;
    31216 : 00000000;
    31217 : 00000000;
    31218 : 00000000;
    31219 : 00000000;
    31220 : 00000000;
    31221 : 00000000;
    31222 : 00000000;
    31223 : 00000000;
    31224 : 00000000;
    31225 : 00000000;
    31226 : 00000000;
    31227 : 00000000;
    31228 : 00000000;
    31229 : 00000000;
    31230 : 00000000;
    31231 : 00000000;
    31232 : 00000000;
    31233 : 00000000;
    31234 : 00000000;
    31235 : 00000000;
    31236 : 00000000;
    31237 : 00000000;
    31238 : 00000000;
    31239 : 00000000;
    31240 : 00000000;
    31241 : 00000000;
    31242 : 00000000;
    31243 : 00000000;
    31244 : 00000000;
    31245 : 00000000;
    31246 : 00000000;
    31247 : 00000000;
    31248 : 00000000;
    31249 : 00000000;
    31250 : 00000000;
    31251 : 00000000;
    31252 : 00000000;
    31253 : 00000000;
    31254 : 00000000;
    31255 : 00000000;
    31256 : 00000000;
    31257 : 00000000;
    31258 : 00000000;
    31259 : 00000000;
    31260 : 00000000;
    31261 : 00000000;
    31262 : 00000000;
    31263 : 00000000;
    31264 : 00000000;
    31265 : 00000000;
    31266 : 00000000;
    31267 : 00000000;
    31268 : 00000000;
    31269 : 00000000;
    31270 : 00000000;
    31271 : 00000000;
    31272 : 00000000;
    31273 : 00000000;
    31274 : 00000000;
    31275 : 00000000;
    31276 : 00000000;
    31277 : 00000000;
    31278 : 00000000;
    31279 : 00000000;
    31280 : 00000000;
    31281 : 00000000;
    31282 : 00000000;
    31283 : 00000000;
    31284 : 00000000;
    31285 : 00000000;
    31286 : 00000000;
    31287 : 00000000;
    31288 : 00000000;
    31289 : 00000000;
    31290 : 00000000;
    31291 : 00000000;
    31292 : 00000000;
    31293 : 00000000;
    31294 : 00000000;
    31295 : 00000000;
    31296 : 00000000;
    31297 : 00000000;
    31298 : 00000000;
    31299 : 00000000;
    31300 : 00000000;
    31301 : 00000000;
    31302 : 00000000;
    31303 : 00000000;
    31304 : 00000000;
    31305 : 00000000;
    31306 : 00000000;
    31307 : 00000000;
    31308 : 00000000;
    31309 : 00000000;
    31310 : 00000000;
    31311 : 00000000;
    31312 : 00000000;
    31313 : 00000000;
    31314 : 00000000;
    31315 : 00000000;
    31316 : 00000000;
    31317 : 00000000;
    31318 : 00000000;
    31319 : 00000000;
    31320 : 00000000;
    31321 : 00000000;
    31322 : 00000000;
    31323 : 00000000;
    31324 : 00000000;
    31325 : 00000000;
    31326 : 00000000;
    31327 : 00000000;
    31328 : 00000000;
    31329 : 00000000;
    31330 : 00000000;
    31331 : 00000000;
    31332 : 00000000;
    31333 : 00000000;
    31334 : 00000000;
    31335 : 00000000;
    31336 : 00000000;
    31337 : 00000000;
    31338 : 00000000;
    31339 : 00000000;
    31340 : 00000000;
    31341 : 00000000;
    31342 : 00000000;
    31343 : 00000000;
    31344 : 00000000;
    31345 : 00000000;
    31346 : 00000000;
    31347 : 00000000;
    31348 : 00000000;
    31349 : 00000000;
    31350 : 00000000;
    31351 : 00000000;
    31352 : 00000000;
    31353 : 00000000;
    31354 : 00000000;
    31355 : 00000000;
    31356 : 00000000;
    31357 : 00000000;
    31358 : 00000000;
    31359 : 00000000;
    31360 : 00000000;
    31361 : 00000000;
    31362 : 00000000;
    31363 : 00000000;
    31364 : 00000000;
    31365 : 00000000;
    31366 : 00000000;
    31367 : 00000000;
    31368 : 00000000;
    31369 : 00000000;
    31370 : 00000000;
    31371 : 00000000;
    31372 : 00000000;
    31373 : 00000000;
    31374 : 00000000;
    31375 : 00000000;
    31376 : 00000000;
    31377 : 00000000;
    31378 : 00000000;
    31379 : 00000000;
    31380 : 00000000;
    31381 : 00000000;
    31382 : 00000000;
    31383 : 00000000;
    31384 : 00000000;
    31385 : 00000000;
    31386 : 00000000;
    31387 : 00000000;
    31388 : 00000000;
    31389 : 00000000;
    31390 : 00000000;
    31391 : 00000000;
    31392 : 00000000;
    31393 : 00000000;
    31394 : 00000000;
    31395 : 00000000;
    31396 : 00000000;
    31397 : 00000000;
    31398 : 00000000;
    31399 : 00000000;
    31400 : 00000000;
    31401 : 00000000;
    31402 : 00000000;
    31403 : 00000000;
    31404 : 00000000;
    31405 : 00000000;
    31406 : 00000000;
    31407 : 00000000;
    31408 : 00000000;
    31409 : 00000000;
    31410 : 00000000;
    31411 : 00000000;
    31412 : 00000000;
    31413 : 00000000;
    31414 : 00000000;
    31415 : 00000000;
    31416 : 00000000;
    31417 : 00000000;
    31418 : 00000000;
    31419 : 00000000;
    31420 : 00000000;
    31421 : 00000000;
    31422 : 00000000;
    31423 : 00000000;
    31424 : 00000000;
    31425 : 00000000;
    31426 : 00000000;
    31427 : 00000000;
    31428 : 00000000;
    31429 : 00000000;
    31430 : 00000000;
    31431 : 00000000;
    31432 : 00000000;
    31433 : 00000000;
    31434 : 00000000;
    31435 : 00000000;
    31436 : 00000000;
    31437 : 00000000;
    31438 : 00000000;
    31439 : 00000000;
    31440 : 00000000;
    31441 : 00000000;
    31442 : 00000000;
    31443 : 00000000;
    31444 : 00000000;
    31445 : 00000000;
    31446 : 00000000;
    31447 : 00000000;
    31448 : 00000000;
    31449 : 00000000;
    31450 : 00000000;
    31451 : 00000000;
    31452 : 00000000;
    31453 : 00000000;
    31454 : 00000000;
    31455 : 00000000;
    31456 : 00000000;
    31457 : 00000000;
    31458 : 00000000;
    31459 : 00000000;
    31460 : 00000000;
    31461 : 00000000;
    31462 : 00000000;
    31463 : 00000000;
    31464 : 00000000;
    31465 : 00000000;
    31466 : 00000000;
    31467 : 00000000;
    31468 : 00000000;
    31469 : 00000000;
    31470 : 00000000;
    31471 : 00000000;
    31472 : 00000000;
    31473 : 00000000;
    31474 : 00000000;
    31475 : 00000000;
    31476 : 00000000;
    31477 : 00000000;
    31478 : 00000000;
    31479 : 00000000;
    31480 : 00000000;
    31481 : 00000000;
    31482 : 00000000;
    31483 : 00000000;
    31484 : 00000000;
    31485 : 00000000;
    31486 : 00000000;
    31487 : 00000000;
    31488 : 00000000;
    31489 : 00000000;
    31490 : 00000000;
    31491 : 00000000;
    31492 : 00000000;
    31493 : 00000000;
    31494 : 00000000;
    31495 : 00000000;
    31496 : 00000000;
    31497 : 00000000;
    31498 : 00000000;
    31499 : 00000000;
    31500 : 00000000;
    31501 : 00000000;
    31502 : 00000000;
    31503 : 00000000;
    31504 : 00000000;
    31505 : 00000000;
    31506 : 00000000;
    31507 : 00000000;
    31508 : 00000000;
    31509 : 00000000;
    31510 : 00000000;
    31511 : 00000000;
    31512 : 00000000;
    31513 : 00000000;
    31514 : 00000000;
    31515 : 00000000;
    31516 : 00000000;
    31517 : 00000000;
    31518 : 00000000;
    31519 : 00000000;
    31520 : 00000000;
    31521 : 00000000;
    31522 : 00000000;
    31523 : 00000000;
    31524 : 00000000;
    31525 : 00000000;
    31526 : 00000000;
    31527 : 00000000;
    31528 : 00000000;
    31529 : 00000000;
    31530 : 00000000;
    31531 : 00000000;
    31532 : 00000000;
    31533 : 00000000;
    31534 : 00000000;
    31535 : 00000000;
    31536 : 00000000;
    31537 : 00000000;
    31538 : 00000000;
    31539 : 00000000;
    31540 : 00000000;
    31541 : 00000000;
    31542 : 00000000;
    31543 : 00000000;
    31544 : 00000000;
    31545 : 00000000;
    31546 : 00000000;
    31547 : 00000000;
    31548 : 00000000;
    31549 : 00000000;
    31550 : 00000000;
    31551 : 00000000;
    31552 : 00000000;
    31553 : 00000000;
    31554 : 00000000;
    31555 : 00000000;
    31556 : 00000000;
    31557 : 00000000;
    31558 : 00000000;
    31559 : 00000000;
    31560 : 00000000;
    31561 : 00000000;
    31562 : 00000000;
    31563 : 00000000;
    31564 : 00000000;
    31565 : 00000000;
    31566 : 00000000;
    31567 : 00000000;
    31568 : 00000000;
    31569 : 00000000;
    31570 : 00000000;
    31571 : 00000000;
    31572 : 00000000;
    31573 : 00000000;
    31574 : 00000000;
    31575 : 00000000;
    31576 : 00000000;
    31577 : 00000000;
    31578 : 00000000;
    31579 : 00000000;
    31580 : 00000000;
    31581 : 00000000;
    31582 : 00000000;
    31583 : 00000000;
    31584 : 00000000;
    31585 : 00000000;
    31586 : 00000000;
    31587 : 00000000;
    31588 : 00000000;
    31589 : 00000000;
    31590 : 00000000;
    31591 : 00000000;
    31592 : 00000000;
    31593 : 00000000;
    31594 : 00000000;
    31595 : 00000000;
    31596 : 00000000;
    31597 : 00000000;
    31598 : 00000000;
    31599 : 00000000;
    31600 : 00000000;
    31601 : 00000000;
    31602 : 00000000;
    31603 : 00000000;
    31604 : 00000000;
    31605 : 00000000;
    31606 : 00000000;
    31607 : 00000000;
    31608 : 00000000;
    31609 : 00000000;
    31610 : 00000000;
    31611 : 00000000;
    31612 : 00000000;
    31613 : 00000000;
    31614 : 00000000;
    31615 : 00000000;
    31616 : 00000000;
    31617 : 00000000;
    31618 : 00000000;
    31619 : 00000000;
    31620 : 00000000;
    31621 : 00000000;
    31622 : 00000000;
    31623 : 00000000;
    31624 : 00000000;
    31625 : 00000000;
    31626 : 00000000;
    31627 : 00000000;
    31628 : 00000000;
    31629 : 00000000;
    31630 : 00000000;
    31631 : 00000000;
    31632 : 00000000;
    31633 : 00000000;
    31634 : 00000000;
    31635 : 00000000;
    31636 : 00000000;
    31637 : 00000000;
    31638 : 00000000;
    31639 : 00000000;
    31640 : 00000000;
    31641 : 00000000;
    31642 : 00000000;
    31643 : 00000000;
    31644 : 00000000;
    31645 : 00000000;
    31646 : 00000000;
    31647 : 00000000;
    31648 : 00000000;
    31649 : 00000000;
    31650 : 00000000;
    31651 : 00000000;
    31652 : 00000000;
    31653 : 00000000;
    31654 : 00000000;
    31655 : 00000000;
    31656 : 00000000;
    31657 : 00000000;
    31658 : 00000000;
    31659 : 00000000;
    31660 : 00000000;
    31661 : 00000000;
    31662 : 00000000;
    31663 : 00000000;
    31664 : 00000000;
    31665 : 00000000;
    31666 : 00000000;
    31667 : 00000000;
    31668 : 00000000;
    31669 : 00000000;
    31670 : 00000000;
    31671 : 00000000;
    31672 : 00000000;
    31673 : 00000000;
    31674 : 00000000;
    31675 : 00000000;
    31676 : 00000000;
    31677 : 00000000;
    31678 : 00000000;
    31679 : 00000000;
    31680 : 00000000;
    31681 : 00000000;
    31682 : 00000000;
    31683 : 00000000;
    31684 : 00000000;
    31685 : 00000000;
    31686 : 00000000;
    31687 : 00000000;
    31688 : 00000000;
    31689 : 00000000;
    31690 : 00000000;
    31691 : 00000000;
    31692 : 00000000;
    31693 : 00000000;
    31694 : 00000000;
    31695 : 00000000;
    31696 : 00000000;
    31697 : 00000000;
    31698 : 00000000;
    31699 : 00000000;
    31700 : 00000000;
    31701 : 00000000;
    31702 : 00000000;
    31703 : 00000000;
    31704 : 00000000;
    31705 : 00000000;
    31706 : 00000000;
    31707 : 00000000;
    31708 : 00000000;
    31709 : 00000000;
    31710 : 00000000;
    31711 : 00000000;
    31712 : 00000000;
    31713 : 00000000;
    31714 : 00000000;
    31715 : 00000000;
    31716 : 00000000;
    31717 : 00000000;
    31718 : 00000000;
    31719 : 00000000;
    31720 : 00000000;
    31721 : 00000000;
    31722 : 00000000;
    31723 : 00000000;
    31724 : 00000000;
    31725 : 00000000;
    31726 : 00000000;
    31727 : 00000000;
    31728 : 00000000;
    31729 : 00000000;
    31730 : 00000000;
    31731 : 00000000;
    31732 : 00000000;
    31733 : 00000000;
    31734 : 00000000;
    31735 : 00000000;
    31736 : 00000000;
    31737 : 00000000;
    31738 : 00000000;
    31739 : 00000000;
    31740 : 53494730;
    31741 : 00000094;
    31742 : 000000B8;
    31743 : 00000024;
    31744 : 1D000293;
    31745 : FFF00F93;
    31746 : 000F9013;
    31747 : 0002A023;
    31748 : 00100F13;
    31749 : 000F1093;
    31750 : 0012A223;
    31751 : 00000E93;
    31752 : 001E9113;
    31753 : 0022A423;
    31754 : 7FF00E13;
    31755 : 004E1193;
    31756 : 0032A623;
    31757 : 00000D93;
    31758 : 008D9213;
    31759 : 0042A823;
    31760 : 1E400093;
    31761 : 00001D37;
    31762 : 800D0D13;
    31763 : 01FD1293;
    31764 : 0050A023;
    31765 : 07654CB7;
    31766 : 321C8C93;
    31767 : 010C9313;
    31768 : 0060A223;
    31769 : 80000C37;
    31770 : FFFC0C13;
    31771 : 001C1393;
    31772 : 0070A423;
    31773 : 00100B93;
    31774 : 000B9413;
    31775 : 0080A623;
    31776 : FFF00B13;
    31777 : 000B1493;
    31778 : 0090A823;
    31779 : 1F800093;
    31780 : 00001AB7;
    31781 : 234A8A93;
    31782 : 001A9513;
    31783 : 00A0A023;
    31784 : 80000A37;
    31785 : 004A1593;
    31786 : 00B0A223;
    31787 : FFFFF9B7;
    31788 : DCC98993;
    31789 : 00899613;
    31790 : 00C0A423;
    31791 : FFF00913;
    31792 : 01F91693;
    31793 : 00D0A623;
    31794 : 80100893;
    31795 : 01089713;
    31796 : 00E0A823;
    31797 : 20C00113;
    31798 : 00000813;
    31799 : 00181793;
    31800 : 00F12023;
    31801 : FFF00793;
    31802 : 00079813;
    31803 : 01012223;
    31804 : 00100713;
    31805 : 00071893;
    31806 : 01112423;
    31807 : 00000693;
    31808 : 00169913;
    31809 : 01212623;
    31810 : 7FF00613;
    31811 : 00461993;
    31812 : 01312823;
    31813 : 22000093;
    31814 : 00000593;
    31815 : 00859A13;
    31816 : 0140A023;
    31817 : 00001537;
    31818 : 80050513;
    31819 : 01F51A93;
    31820 : 0150A223;
    31821 : 076544B7;
    31822 : 32148493;
    31823 : 01049B13;
    31824 : 0160A423;
    31825 : 80000437;
    31826 : FFF40413;
    31827 : 00141B93;
    31828 : 0170A623;
    31829 : 00100393;
    31830 : 00039C13;
    31831 : 0180A823;
    31832 : 23400093;
    31833 : FFF00313;
    31834 : 00031C93;
    31835 : 0190A023;
    31836 : 000012B7;
    31837 : 23428293;
    31838 : 00129D13;
    31839 : 01A0A223;
    31840 : 80000237;
    31841 : 00421D93;
    31842 : 01B0A423;
    31843 : FFFFF1B7;
    31844 : DCC18193;
    31845 : 00819E13;
    31846 : 01C0A623;
    31847 : FFF00113;
    31848 : 01F11E93;
    31849 : 01D0A823;
    31850 : 24800113;
    31851 : 80100093;
    31852 : 01009F13;
    31853 : 01E12023;
    31854 : 00000013;
    31855 : 00101F93;
    31856 : 01F12223;
    31857 : 00000073;
    31858 : 00000000;
    31859 : 00000000;
    31860 : FFFFFFFF;
    31861 : FFFFFFFF;
    31862 : FFFFFFFF;
    31863 : FFFFFFFF;
    31864 : FFFFFFFF;
    31865 : FFFFFFFF;
    31866 : FFFFFFFF;
    31867 : FFFFFFFF;
    31868 : FFFFFFFF;
    31869 : FFFFFFFF;
    31870 : FFFFFFFF;
    31871 : FFFFFFFF;
    31872 : FFFFFFFF;
    31873 : FFFFFFFF;
    31874 : FFFFFFFF;
    31875 : FFFFFFFF;
    31876 : FFFFFFFF;
    31877 : FFFFFFFF;
    31878 : FFFFFFFF;
    31879 : FFFFFFFF;
    31880 : FFFFFFFF;
    31881 : FFFFFFFF;
    31882 : FFFFFFFF;
    31883 : FFFFFFFF;
    31884 : FFFFFFFF;
    31885 : FFFFFFFF;
    31886 : FFFFFFFF;
    31887 : FFFFFFFF;
    31888 : FFFFFFFF;
    31889 : FFFFFFFF;
    31890 : FFFFFFFF;
    31891 : FFFFFFFF;
    31892 : FFFFFFFF;
    31893 : FFFFFFFF;
    31894 : FFFFFFFF;
    31895 : 00000000;
    31896 : 00000000;
    31897 : 00000000;
    31898 : 00000000;
    31899 : 00000000;
    31900 : 00000000;
    31901 : 00000000;
    31902 : 00000000;
    31903 : 00000000;
    31904 : 00000000;
    31905 : 00000000;
    31906 : 00000000;
    31907 : 00000000;
    31908 : 00000000;
    31909 : 00000000;
    31910 : 00000000;
    31911 : 00000000;
    31912 : 00000000;
    31913 : 00000000;
    31914 : 00000000;
    31915 : 00000000;
    31916 : 00000000;
    31917 : 00000000;
    31918 : 00000000;
    31919 : 00000000;
    31920 : 00000000;
    31921 : 00000000;
    31922 : 00000000;
    31923 : 00000000;
    31924 : 00000000;
    31925 : 00000000;
    31926 : 00000000;
    31927 : 00000000;
    31928 : 00000000;
    31929 : 00000000;
    31930 : 00000000;
    31931 : 00000000;
    31932 : 00000000;
    31933 : 00000000;
    31934 : 00000000;
    31935 : 00000000;
    31936 : 00000000;
    31937 : 00000000;
    31938 : 00000000;
    31939 : 00000000;
    31940 : 00000000;
    31941 : 00000000;
    31942 : 00000000;
    31943 : 00000000;
    31944 : 00000000;
    31945 : 00000000;
    31946 : 00000000;
    31947 : 00000000;
    31948 : 00000000;
    31949 : 00000000;
    31950 : 00000000;
    31951 : 00000000;
    31952 : 00000000;
    31953 : 00000000;
    31954 : 00000000;
    31955 : 00000000;
    31956 : 00000000;
    31957 : 00000000;
    31958 : 00000000;
    31959 : 00000000;
    31960 : 00000000;
    31961 : 00000000;
    31962 : 00000000;
    31963 : 00000000;
    31964 : 00000000;
    31965 : 00000000;
    31966 : 00000000;
    31967 : 00000000;
    31968 : 00000000;
    31969 : 00000000;
    31970 : 00000000;
    31971 : 00000000;
    31972 : 00000000;
    31973 : 00000000;
    31974 : 00000000;
    31975 : 00000000;
    31976 : 00000000;
    31977 : 00000000;
    31978 : 00000000;
    31979 : 00000000;
    31980 : 00000000;
    31981 : 00000000;
    31982 : 00000000;
    31983 : 00000000;
    31984 : 00000000;
    31985 : 00000000;
    31986 : 00000000;
    31987 : 00000000;
    31988 : 00000000;
    31989 : 00000000;
    31990 : 00000000;
    31991 : 00000000;
    31992 : 00000000;
    31993 : 00000000;
    31994 : 00000000;
    31995 : 00000000;
    31996 : 00000000;
    31997 : 00000000;
    31998 : 00000000;
    31999 : 00000000;
    32000 : 00000000;
    32001 : 00000000;
    32002 : 00000000;
    32003 : 00000000;
    32004 : 00000000;
    32005 : 00000000;
    32006 : 00000000;
    32007 : 00000000;
    32008 : 00000000;
    32009 : 00000000;
    32010 : 00000000;
    32011 : 00000000;
    32012 : 00000000;
    32013 : 00000000;
    32014 : 00000000;
    32015 : 00000000;
    32016 : 00000000;
    32017 : 00000000;
    32018 : 00000000;
    32019 : 00000000;
    32020 : 00000000;
    32021 : 00000000;
    32022 : 00000000;
    32023 : 00000000;
    32024 : 00000000;
    32025 : 00000000;
    32026 : 00000000;
    32027 : 00000000;
    32028 : 00000000;
    32029 : 00000000;
    32030 : 00000000;
    32031 : 00000000;
    32032 : 00000000;
    32033 : 00000000;
    32034 : 00000000;
    32035 : 00000000;
    32036 : 00000000;
    32037 : 00000000;
    32038 : 00000000;
    32039 : 00000000;
    32040 : 00000000;
    32041 : 00000000;
    32042 : 00000000;
    32043 : 00000000;
    32044 : 00000000;
    32045 : 00000000;
    32046 : 00000000;
    32047 : 00000000;
    32048 : 00000000;
    32049 : 00000000;
    32050 : 00000000;
    32051 : 00000000;
    32052 : 00000000;
    32053 : 00000000;
    32054 : 00000000;
    32055 : 00000000;
    32056 : 00000000;
    32057 : 00000000;
    32058 : 00000000;
    32059 : 00000000;
    32060 : 00000000;
    32061 : 00000000;
    32062 : 00000000;
    32063 : 00000000;
    32064 : 00000000;
    32065 : 00000000;
    32066 : 00000000;
    32067 : 00000000;
    32068 : 00000000;
    32069 : 00000000;
    32070 : 00000000;
    32071 : 00000000;
    32072 : 00000000;
    32073 : 00000000;
    32074 : 00000000;
    32075 : 00000000;
    32076 : 00000000;
    32077 : 00000000;
    32078 : 00000000;
    32079 : 00000000;
    32080 : 00000000;
    32081 : 00000000;
    32082 : 00000000;
    32083 : 00000000;
    32084 : 00000000;
    32085 : 00000000;
    32086 : 00000000;
    32087 : 00000000;
    32088 : 00000000;
    32089 : 00000000;
    32090 : 00000000;
    32091 : 00000000;
    32092 : 00000000;
    32093 : 00000000;
    32094 : 00000000;
    32095 : 00000000;
    32096 : 00000000;
    32097 : 00000000;
    32098 : 00000000;
    32099 : 00000000;
    32100 : 00000000;
    32101 : 00000000;
    32102 : 00000000;
    32103 : 00000000;
    32104 : 00000000;
    32105 : 00000000;
    32106 : 00000000;
    32107 : 00000000;
    32108 : 00000000;
    32109 : 00000000;
    32110 : 00000000;
    32111 : 00000000;
    32112 : 00000000;
    32113 : 00000000;
    32114 : 00000000;
    32115 : 00000000;
    32116 : 00000000;
    32117 : 00000000;
    32118 : 00000000;
    32119 : 00000000;
    32120 : 00000000;
    32121 : 00000000;
    32122 : 00000000;
    32123 : 00000000;
    32124 : 00000000;
    32125 : 00000000;
    32126 : 00000000;
    32127 : 00000000;
    32128 : 00000000;
    32129 : 00000000;
    32130 : 00000000;
    32131 : 00000000;
    32132 : 00000000;
    32133 : 00000000;
    32134 : 00000000;
    32135 : 00000000;
    32136 : 00000000;
    32137 : 00000000;
    32138 : 00000000;
    32139 : 00000000;
    32140 : 00000000;
    32141 : 00000000;
    32142 : 00000000;
    32143 : 00000000;
    32144 : 00000000;
    32145 : 00000000;
    32146 : 00000000;
    32147 : 00000000;
    32148 : 00000000;
    32149 : 00000000;
    32150 : 00000000;
    32151 : 00000000;
    32152 : 00000000;
    32153 : 00000000;
    32154 : 00000000;
    32155 : 00000000;
    32156 : 00000000;
    32157 : 00000000;
    32158 : 00000000;
    32159 : 00000000;
    32160 : 00000000;
    32161 : 00000000;
    32162 : 00000000;
    32163 : 00000000;
    32164 : 00000000;
    32165 : 00000000;
    32166 : 00000000;
    32167 : 00000000;
    32168 : 00000000;
    32169 : 00000000;
    32170 : 00000000;
    32171 : 00000000;
    32172 : 00000000;
    32173 : 00000000;
    32174 : 00000000;
    32175 : 00000000;
    32176 : 00000000;
    32177 : 00000000;
    32178 : 00000000;
    32179 : 00000000;
    32180 : 00000000;
    32181 : 00000000;
    32182 : 00000000;
    32183 : 00000000;
    32184 : 00000000;
    32185 : 00000000;
    32186 : 00000000;
    32187 : 00000000;
    32188 : 00000000;
    32189 : 00000000;
    32190 : 00000000;
    32191 : 00000000;
    32192 : 00000000;
    32193 : 00000000;
    32194 : 00000000;
    32195 : 00000000;
    32196 : 00000000;
    32197 : 00000000;
    32198 : 00000000;
    32199 : 00000000;
    32200 : 00000000;
    32201 : 00000000;
    32202 : 00000000;
    32203 : 00000000;
    32204 : 00000000;
    32205 : 00000000;
    32206 : 00000000;
    32207 : 00000000;
    32208 : 00000000;
    32209 : 00000000;
    32210 : 00000000;
    32211 : 00000000;
    32212 : 00000000;
    32213 : 00000000;
    32214 : 00000000;
    32215 : 00000000;
    32216 : 00000000;
    32217 : 00000000;
    32218 : 00000000;
    32219 : 00000000;
    32220 : 00000000;
    32221 : 00000000;
    32222 : 00000000;
    32223 : 00000000;
    32224 : 00000000;
    32225 : 00000000;
    32226 : 00000000;
    32227 : 00000000;
    32228 : 00000000;
    32229 : 00000000;
    32230 : 00000000;
    32231 : 00000000;
    32232 : 00000000;
    32233 : 00000000;
    32234 : 00000000;
    32235 : 00000000;
    32236 : 00000000;
    32237 : 00000000;
    32238 : 00000000;
    32239 : 00000000;
    32240 : 00000000;
    32241 : 00000000;
    32242 : 00000000;
    32243 : 00000000;
    32244 : 00000000;
    32245 : 00000000;
    32246 : 00000000;
    32247 : 00000000;
    32248 : 00000000;
    32249 : 00000000;
    32250 : 00000000;
    32251 : 00000000;
    32252 : 00000000;
    32253 : 00000000;
    32254 : 00000000;
    32255 : 00000000;
    32256 : 00000000;
    32257 : 00000000;
    32258 : 00000000;
    32259 : 00000000;
    32260 : 00000000;
    32261 : 00000000;
    32262 : 00000000;
    32263 : 00000000;
    32264 : 00000000;
    32265 : 00000000;
    32266 : 00000000;
    32267 : 00000000;
    32268 : 00000000;
    32269 : 00000000;
    32270 : 00000000;
    32271 : 00000000;
    32272 : 00000000;
    32273 : 00000000;
    32274 : 00000000;
    32275 : 00000000;
    32276 : 00000000;
    32277 : 00000000;
    32278 : 00000000;
    32279 : 00000000;
    32280 : 00000000;
    32281 : 00000000;
    32282 : 00000000;
    32283 : 00000000;
    32284 : 00000000;
    32285 : 00000000;
    32286 : 00000000;
    32287 : 00000000;
    32288 : 00000000;
    32289 : 00000000;
    32290 : 00000000;
    32291 : 00000000;
    32292 : 00000000;
    32293 : 00000000;
    32294 : 00000000;
    32295 : 00000000;
    32296 : 00000000;
    32297 : 00000000;
    32298 : 00000000;
    32299 : 00000000;
    32300 : 00000000;
    32301 : 00000000;
    32302 : 00000000;
    32303 : 00000000;
    32304 : 00000000;
    32305 : 00000000;
    32306 : 00000000;
    32307 : 00000000;
    32308 : 00000000;
    32309 : 00000000;
    32310 : 00000000;
    32311 : 00000000;
    32312 : 00000000;
    32313 : 00000000;
    32314 : 00000000;
    32315 : 00000000;
    32316 : 00000000;
    32317 : 00000000;
    32318 : 00000000;
    32319 : 00000000;
    32320 : 00000000;
    32321 : 00000000;
    32322 : 00000000;
    32323 : 00000000;
    32324 : 00000000;
    32325 : 00000000;
    32326 : 00000000;
    32327 : 00000000;
    32328 : 00000000;
    32329 : 00000000;
    32330 : 00000000;
    32331 : 00000000;
    32332 : 00000000;
    32333 : 00000000;
    32334 : 00000000;
    32335 : 00000000;
    32336 : 00000000;
    32337 : 00000000;
    32338 : 00000000;
    32339 : 00000000;
    32340 : 00000000;
    32341 : 00000000;
    32342 : 00000000;
    32343 : 00000000;
    32344 : 00000000;
    32345 : 00000000;
    32346 : 00000000;
    32347 : 00000000;
    32348 : 00000000;
    32349 : 00000000;
    32350 : 00000000;
    32351 : 00000000;
    32352 : 00000000;
    32353 : 00000000;
    32354 : 00000000;
    32355 : 00000000;
    32356 : 00000000;
    32357 : 00000000;
    32358 : 00000000;
    32359 : 00000000;
    32360 : 00000000;
    32361 : 00000000;
    32362 : 00000000;
    32363 : 00000000;
    32364 : 00000000;
    32365 : 00000000;
    32366 : 00000000;
    32367 : 00000000;
    32368 : 00000000;
    32369 : 00000000;
    32370 : 00000000;
    32371 : 00000000;
    32372 : 00000000;
    32373 : 00000000;
    32374 : 00000000;
    32375 : 00000000;
    32376 : 00000000;
    32377 : 00000000;
    32378 : 00000000;
    32379 : 00000000;
    32380 : 00000000;
    32381 : 00000000;
    32382 : 00000000;
    32383 : 00000000;
    32384 : 00000000;
    32385 : 00000000;
    32386 : 00000000;
    32387 : 00000000;
    32388 : 00000000;
    32389 : 00000000;
    32390 : 00000000;
    32391 : 00000000;
    32392 : 00000000;
    32393 : 00000000;
    32394 : 00000000;
    32395 : 00000000;
    32396 : 00000000;
    32397 : 00000000;
    32398 : 00000000;
    32399 : 00000000;
    32400 : 00000000;
    32401 : 00000000;
    32402 : 00000000;
    32403 : 00000000;
    32404 : 00000000;
    32405 : 00000000;
    32406 : 00000000;
    32407 : 00000000;
    32408 : 00000000;
    32409 : 00000000;
    32410 : 00000000;
    32411 : 00000000;
    32412 : 00000000;
    32413 : 00000000;
    32414 : 00000000;
    32415 : 00000000;
    32416 : 00000000;
    32417 : 00000000;
    32418 : 00000000;
    32419 : 00000000;
    32420 : 00000000;
    32421 : 00000000;
    32422 : 00000000;
    32423 : 00000000;
    32424 : 00000000;
    32425 : 00000000;
    32426 : 00000000;
    32427 : 00000000;
    32428 : 00000000;
    32429 : 00000000;
    32430 : 00000000;
    32431 : 00000000;
    32432 : 00000000;
    32433 : 00000000;
    32434 : 00000000;
    32435 : 00000000;
    32436 : 00000000;
    32437 : 00000000;
    32438 : 00000000;
    32439 : 00000000;
    32440 : 00000000;
    32441 : 00000000;
    32442 : 00000000;
    32443 : 00000000;
    32444 : 00000000;
    32445 : 00000000;
    32446 : 00000000;
    32447 : 00000000;
    32448 : 00000000;
    32449 : 00000000;
    32450 : 00000000;
    32451 : 00000000;
    32452 : 00000000;
    32453 : 00000000;
    32454 : 00000000;
    32455 : 00000000;
    32456 : 00000000;
    32457 : 00000000;
    32458 : 00000000;
    32459 : 00000000;
    32460 : 00000000;
    32461 : 00000000;
    32462 : 00000000;
    32463 : 00000000;
    32464 : 00000000;
    32465 : 00000000;
    32466 : 00000000;
    32467 : 00000000;
    32468 : 00000000;
    32469 : 00000000;
    32470 : 00000000;
    32471 : 00000000;
    32472 : 00000000;
    32473 : 00000000;
    32474 : 00000000;
    32475 : 00000000;
    32476 : 00000000;
    32477 : 00000000;
    32478 : 00000000;
    32479 : 00000000;
    32480 : 00000000;
    32481 : 00000000;
    32482 : 00000000;
    32483 : 00000000;
    32484 : 00000000;
    32485 : 00000000;
    32486 : 00000000;
    32487 : 00000000;
    32488 : 00000000;
    32489 : 00000000;
    32490 : 00000000;
    32491 : 00000000;
    32492 : 00000000;
    32493 : 00000000;
    32494 : 00000000;
    32495 : 00000000;
    32496 : 00000000;
    32497 : 00000000;
    32498 : 00000000;
    32499 : 00000000;
    32500 : 00000000;
    32501 : 00000000;
    32502 : 00000000;
    32503 : 00000000;
    32504 : 00000000;
    32505 : 00000000;
    32506 : 00000000;
    32507 : 00000000;
    32508 : 00000000;
    32509 : 00000000;
    32510 : 00000000;
    32511 : 00000000;
    32512 : 00000000;
    32513 : 00000000;
    32514 : 00000000;
    32515 : 00000000;
    32516 : 00000000;
    32517 : 00000000;
    32518 : 00000000;
    32519 : 00000000;
    32520 : 00000000;
    32521 : 00000000;
    32522 : 00000000;
    32523 : 00000000;
    32524 : 00000000;
    32525 : 00000000;
    32526 : 00000000;
    32527 : 00000000;
    32528 : 00000000;
    32529 : 00000000;
    32530 : 00000000;
    32531 : 00000000;
    32532 : 00000000;
    32533 : 00000000;
    32534 : 00000000;
    32535 : 00000000;
    32536 : 00000000;
    32537 : 00000000;
    32538 : 00000000;
    32539 : 00000000;
    32540 : 00000000;
    32541 : 00000000;
    32542 : 00000000;
    32543 : 00000000;
    32544 : 00000000;
    32545 : 00000000;
    32546 : 00000000;
    32547 : 00000000;
    32548 : 00000000;
    32549 : 00000000;
    32550 : 00000000;
    32551 : 00000000;
    32552 : 00000000;
    32553 : 00000000;
    32554 : 00000000;
    32555 : 00000000;
    32556 : 00000000;
    32557 : 00000000;
    32558 : 00000000;
    32559 : 00000000;
    32560 : 00000000;
    32561 : 00000000;
    32562 : 00000000;
    32563 : 00000000;
    32564 : 00000000;
    32565 : 00000000;
    32566 : 00000000;
    32567 : 00000000;
    32568 : 00000000;
    32569 : 00000000;
    32570 : 00000000;
    32571 : 00000000;
    32572 : 00000000;
    32573 : 00000000;
    32574 : 00000000;
    32575 : 00000000;
    32576 : 00000000;
    32577 : 00000000;
    32578 : 00000000;
    32579 : 00000000;
    32580 : 00000000;
    32581 : 00000000;
    32582 : 00000000;
    32583 : 00000000;
    32584 : 00000000;
    32585 : 00000000;
    32586 : 00000000;
    32587 : 00000000;
    32588 : 00000000;
    32589 : 00000000;
    32590 : 00000000;
    32591 : 00000000;
    32592 : 00000000;
    32593 : 00000000;
    32594 : 00000000;
    32595 : 00000000;
    32596 : 00000000;
    32597 : 00000000;
    32598 : 00000000;
    32599 : 00000000;
    32600 : 00000000;
    32601 : 00000000;
    32602 : 00000000;
    32603 : 00000000;
    32604 : 00000000;
    32605 : 00000000;
    32606 : 00000000;
    32607 : 00000000;
    32608 : 00000000;
    32609 : 00000000;
    32610 : 00000000;
    32611 : 00000000;
    32612 : 00000000;
    32613 : 00000000;
    32614 : 00000000;
    32615 : 00000000;
    32616 : 00000000;
    32617 : 00000000;
    32618 : 00000000;
    32619 : 00000000;
    32620 : 00000000;
    32621 : 00000000;
    32622 : 00000000;
    32623 : 00000000;
    32624 : 00000000;
    32625 : 00000000;
    32626 : 00000000;
    32627 : 00000000;
    32628 : 00000000;
    32629 : 00000000;
    32630 : 00000000;
    32631 : 00000000;
    32632 : 00000000;
    32633 : 00000000;
    32634 : 00000000;
    32635 : 00000000;
    32636 : 00000000;
    32637 : 00000000;
    32638 : 00000000;
    32639 : 00000000;
    32640 : 00000000;
    32641 : 00000000;
    32642 : 00000000;
    32643 : 00000000;
    32644 : 00000000;
    32645 : 00000000;
    32646 : 00000000;
    32647 : 00000000;
    32648 : 00000000;
    32649 : 00000000;
    32650 : 00000000;
    32651 : 00000000;
    32652 : 00000000;
    32653 : 00000000;
    32654 : 00000000;
    32655 : 00000000;
    32656 : 00000000;
    32657 : 00000000;
    32658 : 00000000;
    32659 : 00000000;
    32660 : 00000000;
    32661 : 00000000;
    32662 : 00000000;
    32663 : 00000000;
    32664 : 00000000;
    32665 : 00000000;
    32666 : 00000000;
    32667 : 00000000;
    32668 : 00000000;
    32669 : 00000000;
    32670 : 00000000;
    32671 : 00000000;
    32672 : 00000000;
    32673 : 00000000;
    32674 : 00000000;
    32675 : 00000000;
    32676 : 00000000;
    32677 : 00000000;
    32678 : 00000000;
    32679 : 00000000;
    32680 : 00000000;
    32681 : 00000000;
    32682 : 00000000;
    32683 : 00000000;
    32684 : 00000000;
    32685 : 00000000;
    32686 : 00000000;
    32687 : 00000000;
    32688 : 00000000;
    32689 : 00000000;
    32690 : 00000000;
    32691 : 00000000;
    32692 : 00000000;
    32693 : 00000000;
    32694 : 00000000;
    32695 : 00000000;
    32696 : 00000000;
    32697 : 00000000;
    32698 : 00000000;
    32699 : 00000000;
    32700 : 00000000;
    32701 : 00000000;
    32702 : 00000000;
    32703 : 00000000;
    32704 : 00000000;
    32705 : 00000000;
    32706 : 00000000;
    32707 : 00000000;
    32708 : 00000000;
    32709 : 00000000;
    32710 : 00000000;
    32711 : 00000000;
    32712 : 00000000;
    32713 : 00000000;
    32714 : 00000000;
    32715 : 00000000;
    32716 : 00000000;
    32717 : 00000000;
    32718 : 00000000;
    32719 : 00000000;
    32720 : 00000000;
    32721 : 00000000;
    32722 : 00000000;
    32723 : 00000000;
    32724 : 00000000;
    32725 : 00000000;
    32726 : 00000000;
    32727 : 00000000;
    32728 : 00000000;
    32729 : 00000000;
    32730 : 00000000;
    32731 : 00000000;
    32732 : 00000000;
    32733 : 00000000;
    32734 : 00000000;
    32735 : 00000000;
    32736 : 00000000;
    32737 : 00000000;
    32738 : 00000000;
    32739 : 00000000;
    32740 : 00000000;
    32741 : 00000000;
    32742 : 00000000;
    32743 : 00000000;
    32744 : 00000000;
    32745 : 00000000;
    32746 : 00000000;
    32747 : 00000000;
    32748 : 00000000;
    32749 : 00000000;
    32750 : 00000000;
    32751 : 00000000;
    32752 : 00000000;
    32753 : 00000000;
    32754 : 00000000;
    32755 : 00000000;
    32756 : 00000000;
    32757 : 00000000;
    32758 : 00000000;
    32759 : 00000000;
    32760 : 00000000;
    32761 : 00000000;
    32762 : 00000000;
    32763 : 00000000;
    32764 : 53494730;
    32765 : 00000074;
    32766 : 00000098;
    32767 : 00000024;
    32768 : 27000293;
    32769 : FFF00F93;
    32770 : 00000813;
    32771 : 010FA033;
    32772 : 0002A023;
    32773 : 00100F13;
    32774 : 80100793;
    32775 : 00FF20B3;
    32776 : 0012A223;
    32777 : 00000E93;
    32778 : FFF00713;
    32779 : 00EEA133;
    32780 : 0022A423;
    32781 : 7FF00E13;
    32782 : FFFFF6B7;
    32783 : DCC68693;
    32784 : 00DE21B3;
    32785 : 0032A623;
    32786 : 00000D93;
    32787 : 80000637;
    32788 : 00CDA233;
    32789 : 0042A823;
    32790 : 28400093;
    32791 : 00001D37;
    32792 : 800D0D13;
    32793 : 000015B7;
    32794 : 23458593;
    32795 : 00BD22B3;
    32796 : 0050A023;
    32797 : 07654CB7;
    32798 : 321C8C93;
    32799 : FFF00513;
    32800 : 00ACA333;
    32801 : 0060A223;
    32802 : 80000C37;
    32803 : FFFC0C13;
    32804 : 00100493;
    32805 : 009C23B3;
    32806 : 0070A423;
    32807 : 00100B93;
    32808 : 80000437;
    32809 : FFF40413;
    32810 : 008BA433;
    32811 : 0080A623;
    32812 : FFF00B13;
    32813 : 076543B7;
    32814 : 32138393;
    32815 : 007B24B3;
    32816 : 0090A823;
    32817 : 29800093;
    32818 : 00001AB7;
    32819 : 234A8A93;
    32820 : 00001337;
    32821 : 80030313;
    32822 : 006AA533;
    32823 : 00A0A023;
    32824 : 80000A37;
    32825 : 00000293;
    32826 : 005A25B3;
    32827 : 00B0A223;
    32828 : FFFFF9B7;
    32829 : DCC98993;
    32830 : 7FF00213;
    32831 : 0049A633;
    32832 : 00C0A423;
    32833 : FFF00913;
    32834 : FFF00193;
    32835 : 003926B3;
    32836 : 00D0A623;
    32837 : 80100893;
    32838 : 00100113;
    32839 : 0028A733;
    32840 : 00E0A823;
    32841 : 2AC00113;
    32842 : 00000813;
    32843 : 00000093;
    32844 : 001827B3;
    32845 : 00F12023;
    32846 : FFF00793;
    32847 : 00000013;
    32848 : 0007A833;
    32849 : 01012223;
    32850 : 00100713;
    32851 : 80100F93;
    32852 : 01F728B3;
    32853 : 01112423;
    32854 : 00000693;
    32855 : FFF00F13;
    32856 : 01E6A933;
    32857 : 01212623;
    32858 : 7FF00613;
    32859 : FFFFFEB7;
    32860 : DCCE8E93;
    32861 : 01D629B3;
    32862 : 01312823;
    32863 : 2C000093;
    32864 : 00000593;
    32865 : 80000E37;
    32866 : 01C5AA33;
    32867 : 0140A023;
    32868 : 00001537;
    32869 : 80050513;
    32870 : 00001DB7;
    32871 : 234D8D93;
    32872 : 01B52AB3;
    32873 : 0150A223;
    32874 : 076544B7;
    32875 : 32148493;
    32876 : FFF00D13;
    32877 : 01A4AB33;
    32878 : 0160A423;
    32879 : 80000437;
    32880 : FFF40413;
    32881 : 00100C93;
    32882 : 01942BB3;
    32883 : 0170A623;
    32884 : 00100393;
    32885 : 80000C37;
    32886 : FFFC0C13;
    32887 : 0183AC33;
    32888 : 0180A823;
    32889 : 2D400093;
    32890 : FFF00313;
    32891 : 07654BB7;
    32892 : 321B8B93;
    32893 : 01732CB3;
    32894 : 0190A023;
    32895 : 000012B7;
    32896 : 23428293;
    32897 : 00001B37;
    32898 : 800B0B13;
    32899 : 0162AD33;
    32900 : 01A0A223;
    32901 : 80000237;
    32902 : 00000A93;
    32903 : 01522DB3;
    32904 : 01B0A423;
    32905 : FFFFF1B7;
    32906 : DCC18193;
    32907 : 7FF00A13;
    32908 : 0141AE33;
    32909 : 01C0A623;
    32910 : FFF00113;
    32911 : FFF00993;
    32912 : 01312EB3;
    32913 : 01D0A823;
    32914 : 2E800113;
    32915 : 80100093;
    32916 : 00100913;
    32917 : 0120AF33;
    32918 : 01E12023;
    32919 : 00000013;
    32920 : 00000893;
    32921 : 01102FB3;
    32922 : 01F12223;
    32923 : 00000073;
    32924 : FFFFFFFF;
    32925 : FFFFFFFF;
    32926 : FFFFFFFF;
    32927 : FFFFFFFF;
    32928 : FFFFFFFF;
    32929 : FFFFFFFF;
    32930 : FFFFFFFF;
    32931 : FFFFFFFF;
    32932 : FFFFFFFF;
    32933 : FFFFFFFF;
    32934 : FFFFFFFF;
    32935 : FFFFFFFF;
    32936 : FFFFFFFF;
    32937 : FFFFFFFF;
    32938 : FFFFFFFF;
    32939 : FFFFFFFF;
    32940 : FFFFFFFF;
    32941 : FFFFFFFF;
    32942 : FFFFFFFF;
    32943 : FFFFFFFF;
    32944 : FFFFFFFF;
    32945 : FFFFFFFF;
    32946 : FFFFFFFF;
    32947 : FFFFFFFF;
    32948 : FFFFFFFF;
    32949 : FFFFFFFF;
    32950 : FFFFFFFF;
    32951 : FFFFFFFF;
    32952 : FFFFFFFF;
    32953 : FFFFFFFF;
    32954 : FFFFFFFF;
    32955 : FFFFFFFF;
    32956 : FFFFFFFF;
    32957 : FFFFFFFF;
    32958 : FFFFFFFF;
    32959 : 00000000;
    32960 : 00000000;
    32961 : 00000000;
    32962 : 00000000;
    32963 : 00000000;
    32964 : 00000000;
    32965 : 00000000;
    32966 : 00000000;
    32967 : 00000000;
    32968 : 00000000;
    32969 : 00000000;
    32970 : 00000000;
    32971 : 00000000;
    32972 : 00000000;
    32973 : 00000000;
    32974 : 00000000;
    32975 : 00000000;
    32976 : 00000000;
    32977 : 00000000;
    32978 : 00000000;
    32979 : 00000000;
    32980 : 00000000;
    32981 : 00000000;
    32982 : 00000000;
    32983 : 00000000;
    32984 : 00000000;
    32985 : 00000000;
    32986 : 00000000;
    32987 : 00000000;
    32988 : 00000000;
    32989 : 00000000;
    32990 : 00000000;
    32991 : 00000000;
    32992 : 00000000;
    32993 : 00000000;
    32994 : 00000000;
    32995 : 00000000;
    32996 : 00000000;
    32997 : 00000000;
    32998 : 00000000;
    32999 : 00000000;
    33000 : 00000000;
    33001 : 00000000;
    33002 : 00000000;
    33003 : 00000000;
    33004 : 00000000;
    33005 : 00000000;
    33006 : 00000000;
    33007 : 00000000;
    33008 : 00000000;
    33009 : 00000000;
    33010 : 00000000;
    33011 : 00000000;
    33012 : 00000000;
    33013 : 00000000;
    33014 : 00000000;
    33015 : 00000000;
    33016 : 00000000;
    33017 : 00000000;
    33018 : 00000000;
    33019 : 00000000;
    33020 : 00000000;
    33021 : 00000000;
    33022 : 00000000;
    33023 : 00000000;
    33024 : 00000000;
    33025 : 00000000;
    33026 : 00000000;
    33027 : 00000000;
    33028 : 00000000;
    33029 : 00000000;
    33030 : 00000000;
    33031 : 00000000;
    33032 : 00000000;
    33033 : 00000000;
    33034 : 00000000;
    33035 : 00000000;
    33036 : 00000000;
    33037 : 00000000;
    33038 : 00000000;
    33039 : 00000000;
    33040 : 00000000;
    33041 : 00000000;
    33042 : 00000000;
    33043 : 00000000;
    33044 : 00000000;
    33045 : 00000000;
    33046 : 00000000;
    33047 : 00000000;
    33048 : 00000000;
    33049 : 00000000;
    33050 : 00000000;
    33051 : 00000000;
    33052 : 00000000;
    33053 : 00000000;
    33054 : 00000000;
    33055 : 00000000;
    33056 : 00000000;
    33057 : 00000000;
    33058 : 00000000;
    33059 : 00000000;
    33060 : 00000000;
    33061 : 00000000;
    33062 : 00000000;
    33063 : 00000000;
    33064 : 00000000;
    33065 : 00000000;
    33066 : 00000000;
    33067 : 00000000;
    33068 : 00000000;
    33069 : 00000000;
    33070 : 00000000;
    33071 : 00000000;
    33072 : 00000000;
    33073 : 00000000;
    33074 : 00000000;
    33075 : 00000000;
    33076 : 00000000;
    33077 : 00000000;
    33078 : 00000000;
    33079 : 00000000;
    33080 : 00000000;
    33081 : 00000000;
    33082 : 00000000;
    33083 : 00000000;
    33084 : 00000000;
    33085 : 00000000;
    33086 : 00000000;
    33087 : 00000000;
    33088 : 00000000;
    33089 : 00000000;
    33090 : 00000000;
    33091 : 00000000;
    33092 : 00000000;
    33093 : 00000000;
    33094 : 00000000;
    33095 : 00000000;
    33096 : 00000000;
    33097 : 00000000;
    33098 : 00000000;
    33099 : 00000000;
    33100 : 00000000;
    33101 : 00000000;
    33102 : 00000000;
    33103 : 00000000;
    33104 : 00000000;
    33105 : 00000000;
    33106 : 00000000;
    33107 : 00000000;
    33108 : 00000000;
    33109 : 00000000;
    33110 : 00000000;
    33111 : 00000000;
    33112 : 00000000;
    33113 : 00000000;
    33114 : 00000000;
    33115 : 00000000;
    33116 : 00000000;
    33117 : 00000000;
    33118 : 00000000;
    33119 : 00000000;
    33120 : 00000000;
    33121 : 00000000;
    33122 : 00000000;
    33123 : 00000000;
    33124 : 00000000;
    33125 : 00000000;
    33126 : 00000000;
    33127 : 00000000;
    33128 : 00000000;
    33129 : 00000000;
    33130 : 00000000;
    33131 : 00000000;
    33132 : 00000000;
    33133 : 00000000;
    33134 : 00000000;
    33135 : 00000000;
    33136 : 00000000;
    33137 : 00000000;
    33138 : 00000000;
    33139 : 00000000;
    33140 : 00000000;
    33141 : 00000000;
    33142 : 00000000;
    33143 : 00000000;
    33144 : 00000000;
    33145 : 00000000;
    33146 : 00000000;
    33147 : 00000000;
    33148 : 00000000;
    33149 : 00000000;
    33150 : 00000000;
    33151 : 00000000;
    33152 : 00000000;
    33153 : 00000000;
    33154 : 00000000;
    33155 : 00000000;
    33156 : 00000000;
    33157 : 00000000;
    33158 : 00000000;
    33159 : 00000000;
    33160 : 00000000;
    33161 : 00000000;
    33162 : 00000000;
    33163 : 00000000;
    33164 : 00000000;
    33165 : 00000000;
    33166 : 00000000;
    33167 : 00000000;
    33168 : 00000000;
    33169 : 00000000;
    33170 : 00000000;
    33171 : 00000000;
    33172 : 00000000;
    33173 : 00000000;
    33174 : 00000000;
    33175 : 00000000;
    33176 : 00000000;
    33177 : 00000000;
    33178 : 00000000;
    33179 : 00000000;
    33180 : 00000000;
    33181 : 00000000;
    33182 : 00000000;
    33183 : 00000000;
    33184 : 00000000;
    33185 : 00000000;
    33186 : 00000000;
    33187 : 00000000;
    33188 : 00000000;
    33189 : 00000000;
    33190 : 00000000;
    33191 : 00000000;
    33192 : 00000000;
    33193 : 00000000;
    33194 : 00000000;
    33195 : 00000000;
    33196 : 00000000;
    33197 : 00000000;
    33198 : 00000000;
    33199 : 00000000;
    33200 : 00000000;
    33201 : 00000000;
    33202 : 00000000;
    33203 : 00000000;
    33204 : 00000000;
    33205 : 00000000;
    33206 : 00000000;
    33207 : 00000000;
    33208 : 00000000;
    33209 : 00000000;
    33210 : 00000000;
    33211 : 00000000;
    33212 : 00000000;
    33213 : 00000000;
    33214 : 00000000;
    33215 : 00000000;
    33216 : 00000000;
    33217 : 00000000;
    33218 : 00000000;
    33219 : 00000000;
    33220 : 00000000;
    33221 : 00000000;
    33222 : 00000000;
    33223 : 00000000;
    33224 : 00000000;
    33225 : 00000000;
    33226 : 00000000;
    33227 : 00000000;
    33228 : 00000000;
    33229 : 00000000;
    33230 : 00000000;
    33231 : 00000000;
    33232 : 00000000;
    33233 : 00000000;
    33234 : 00000000;
    33235 : 00000000;
    33236 : 00000000;
    33237 : 00000000;
    33238 : 00000000;
    33239 : 00000000;
    33240 : 00000000;
    33241 : 00000000;
    33242 : 00000000;
    33243 : 00000000;
    33244 : 00000000;
    33245 : 00000000;
    33246 : 00000000;
    33247 : 00000000;
    33248 : 00000000;
    33249 : 00000000;
    33250 : 00000000;
    33251 : 00000000;
    33252 : 00000000;
    33253 : 00000000;
    33254 : 00000000;
    33255 : 00000000;
    33256 : 00000000;
    33257 : 00000000;
    33258 : 00000000;
    33259 : 00000000;
    33260 : 00000000;
    33261 : 00000000;
    33262 : 00000000;
    33263 : 00000000;
    33264 : 00000000;
    33265 : 00000000;
    33266 : 00000000;
    33267 : 00000000;
    33268 : 00000000;
    33269 : 00000000;
    33270 : 00000000;
    33271 : 00000000;
    33272 : 00000000;
    33273 : 00000000;
    33274 : 00000000;
    33275 : 00000000;
    33276 : 00000000;
    33277 : 00000000;
    33278 : 00000000;
    33279 : 00000000;
    33280 : 00000000;
    33281 : 00000000;
    33282 : 00000000;
    33283 : 00000000;
    33284 : 00000000;
    33285 : 00000000;
    33286 : 00000000;
    33287 : 00000000;
    33288 : 00000000;
    33289 : 00000000;
    33290 : 00000000;
    33291 : 00000000;
    33292 : 00000000;
    33293 : 00000000;
    33294 : 00000000;
    33295 : 00000000;
    33296 : 00000000;
    33297 : 00000000;
    33298 : 00000000;
    33299 : 00000000;
    33300 : 00000000;
    33301 : 00000000;
    33302 : 00000000;
    33303 : 00000000;
    33304 : 00000000;
    33305 : 00000000;
    33306 : 00000000;
    33307 : 00000000;
    33308 : 00000000;
    33309 : 00000000;
    33310 : 00000000;
    33311 : 00000000;
    33312 : 00000000;
    33313 : 00000000;
    33314 : 00000000;
    33315 : 00000000;
    33316 : 00000000;
    33317 : 00000000;
    33318 : 00000000;
    33319 : 00000000;
    33320 : 00000000;
    33321 : 00000000;
    33322 : 00000000;
    33323 : 00000000;
    33324 : 00000000;
    33325 : 00000000;
    33326 : 00000000;
    33327 : 00000000;
    33328 : 00000000;
    33329 : 00000000;
    33330 : 00000000;
    33331 : 00000000;
    33332 : 00000000;
    33333 : 00000000;
    33334 : 00000000;
    33335 : 00000000;
    33336 : 00000000;
    33337 : 00000000;
    33338 : 00000000;
    33339 : 00000000;
    33340 : 00000000;
    33341 : 00000000;
    33342 : 00000000;
    33343 : 00000000;
    33344 : 00000000;
    33345 : 00000000;
    33346 : 00000000;
    33347 : 00000000;
    33348 : 00000000;
    33349 : 00000000;
    33350 : 00000000;
    33351 : 00000000;
    33352 : 00000000;
    33353 : 00000000;
    33354 : 00000000;
    33355 : 00000000;
    33356 : 00000000;
    33357 : 00000000;
    33358 : 00000000;
    33359 : 00000000;
    33360 : 00000000;
    33361 : 00000000;
    33362 : 00000000;
    33363 : 00000000;
    33364 : 00000000;
    33365 : 00000000;
    33366 : 00000000;
    33367 : 00000000;
    33368 : 00000000;
    33369 : 00000000;
    33370 : 00000000;
    33371 : 00000000;
    33372 : 00000000;
    33373 : 00000000;
    33374 : 00000000;
    33375 : 00000000;
    33376 : 00000000;
    33377 : 00000000;
    33378 : 00000000;
    33379 : 00000000;
    33380 : 00000000;
    33381 : 00000000;
    33382 : 00000000;
    33383 : 00000000;
    33384 : 00000000;
    33385 : 00000000;
    33386 : 00000000;
    33387 : 00000000;
    33388 : 00000000;
    33389 : 00000000;
    33390 : 00000000;
    33391 : 00000000;
    33392 : 00000000;
    33393 : 00000000;
    33394 : 00000000;
    33395 : 00000000;
    33396 : 00000000;
    33397 : 00000000;
    33398 : 00000000;
    33399 : 00000000;
    33400 : 00000000;
    33401 : 00000000;
    33402 : 00000000;
    33403 : 00000000;
    33404 : 00000000;
    33405 : 00000000;
    33406 : 00000000;
    33407 : 00000000;
    33408 : 00000000;
    33409 : 00000000;
    33410 : 00000000;
    33411 : 00000000;
    33412 : 00000000;
    33413 : 00000000;
    33414 : 00000000;
    33415 : 00000000;
    33416 : 00000000;
    33417 : 00000000;
    33418 : 00000000;
    33419 : 00000000;
    33420 : 00000000;
    33421 : 00000000;
    33422 : 00000000;
    33423 : 00000000;
    33424 : 00000000;
    33425 : 00000000;
    33426 : 00000000;
    33427 : 00000000;
    33428 : 00000000;
    33429 : 00000000;
    33430 : 00000000;
    33431 : 00000000;
    33432 : 00000000;
    33433 : 00000000;
    33434 : 00000000;
    33435 : 00000000;
    33436 : 00000000;
    33437 : 00000000;
    33438 : 00000000;
    33439 : 00000000;
    33440 : 00000000;
    33441 : 00000000;
    33442 : 00000000;
    33443 : 00000000;
    33444 : 00000000;
    33445 : 00000000;
    33446 : 00000000;
    33447 : 00000000;
    33448 : 00000000;
    33449 : 00000000;
    33450 : 00000000;
    33451 : 00000000;
    33452 : 00000000;
    33453 : 00000000;
    33454 : 00000000;
    33455 : 00000000;
    33456 : 00000000;
    33457 : 00000000;
    33458 : 00000000;
    33459 : 00000000;
    33460 : 00000000;
    33461 : 00000000;
    33462 : 00000000;
    33463 : 00000000;
    33464 : 00000000;
    33465 : 00000000;
    33466 : 00000000;
    33467 : 00000000;
    33468 : 00000000;
    33469 : 00000000;
    33470 : 00000000;
    33471 : 00000000;
    33472 : 00000000;
    33473 : 00000000;
    33474 : 00000000;
    33475 : 00000000;
    33476 : 00000000;
    33477 : 00000000;
    33478 : 00000000;
    33479 : 00000000;
    33480 : 00000000;
    33481 : 00000000;
    33482 : 00000000;
    33483 : 00000000;
    33484 : 00000000;
    33485 : 00000000;
    33486 : 00000000;
    33487 : 00000000;
    33488 : 00000000;
    33489 : 00000000;
    33490 : 00000000;
    33491 : 00000000;
    33492 : 00000000;
    33493 : 00000000;
    33494 : 00000000;
    33495 : 00000000;
    33496 : 00000000;
    33497 : 00000000;
    33498 : 00000000;
    33499 : 00000000;
    33500 : 00000000;
    33501 : 00000000;
    33502 : 00000000;
    33503 : 00000000;
    33504 : 00000000;
    33505 : 00000000;
    33506 : 00000000;
    33507 : 00000000;
    33508 : 00000000;
    33509 : 00000000;
    33510 : 00000000;
    33511 : 00000000;
    33512 : 00000000;
    33513 : 00000000;
    33514 : 00000000;
    33515 : 00000000;
    33516 : 00000000;
    33517 : 00000000;
    33518 : 00000000;
    33519 : 00000000;
    33520 : 00000000;
    33521 : 00000000;
    33522 : 00000000;
    33523 : 00000000;
    33524 : 00000000;
    33525 : 00000000;
    33526 : 00000000;
    33527 : 00000000;
    33528 : 00000000;
    33529 : 00000000;
    33530 : 00000000;
    33531 : 00000000;
    33532 : 00000000;
    33533 : 00000000;
    33534 : 00000000;
    33535 : 00000000;
    33536 : 00000000;
    33537 : 00000000;
    33538 : 00000000;
    33539 : 00000000;
    33540 : 00000000;
    33541 : 00000000;
    33542 : 00000000;
    33543 : 00000000;
    33544 : 00000000;
    33545 : 00000000;
    33546 : 00000000;
    33547 : 00000000;
    33548 : 00000000;
    33549 : 00000000;
    33550 : 00000000;
    33551 : 00000000;
    33552 : 00000000;
    33553 : 00000000;
    33554 : 00000000;
    33555 : 00000000;
    33556 : 00000000;
    33557 : 00000000;
    33558 : 00000000;
    33559 : 00000000;
    33560 : 00000000;
    33561 : 00000000;
    33562 : 00000000;
    33563 : 00000000;
    33564 : 00000000;
    33565 : 00000000;
    33566 : 00000000;
    33567 : 00000000;
    33568 : 00000000;
    33569 : 00000000;
    33570 : 00000000;
    33571 : 00000000;
    33572 : 00000000;
    33573 : 00000000;
    33574 : 00000000;
    33575 : 00000000;
    33576 : 00000000;
    33577 : 00000000;
    33578 : 00000000;
    33579 : 00000000;
    33580 : 00000000;
    33581 : 00000000;
    33582 : 00000000;
    33583 : 00000000;
    33584 : 00000000;
    33585 : 00000000;
    33586 : 00000000;
    33587 : 00000000;
    33588 : 00000000;
    33589 : 00000000;
    33590 : 00000000;
    33591 : 00000000;
    33592 : 00000000;
    33593 : 00000000;
    33594 : 00000000;
    33595 : 00000000;
    33596 : 00000000;
    33597 : 00000000;
    33598 : 00000000;
    33599 : 00000000;
    33600 : 00000000;
    33601 : 00000000;
    33602 : 00000000;
    33603 : 00000000;
    33604 : 00000000;
    33605 : 00000000;
    33606 : 00000000;
    33607 : 00000000;
    33608 : 00000000;
    33609 : 00000000;
    33610 : 00000000;
    33611 : 00000000;
    33612 : 00000000;
    33613 : 00000000;
    33614 : 00000000;
    33615 : 00000000;
    33616 : 00000000;
    33617 : 00000000;
    33618 : 00000000;
    33619 : 00000000;
    33620 : 00000000;
    33621 : 00000000;
    33622 : 00000000;
    33623 : 00000000;
    33624 : 00000000;
    33625 : 00000000;
    33626 : 00000000;
    33627 : 00000000;
    33628 : 00000000;
    33629 : 00000000;
    33630 : 00000000;
    33631 : 00000000;
    33632 : 00000000;
    33633 : 00000000;
    33634 : 00000000;
    33635 : 00000000;
    33636 : 00000000;
    33637 : 00000000;
    33638 : 00000000;
    33639 : 00000000;
    33640 : 00000000;
    33641 : 00000000;
    33642 : 00000000;
    33643 : 00000000;
    33644 : 00000000;
    33645 : 00000000;
    33646 : 00000000;
    33647 : 00000000;
    33648 : 00000000;
    33649 : 00000000;
    33650 : 00000000;
    33651 : 00000000;
    33652 : 00000000;
    33653 : 00000000;
    33654 : 00000000;
    33655 : 00000000;
    33656 : 00000000;
    33657 : 00000000;
    33658 : 00000000;
    33659 : 00000000;
    33660 : 00000000;
    33661 : 00000000;
    33662 : 00000000;
    33663 : 00000000;
    33664 : 00000000;
    33665 : 00000000;
    33666 : 00000000;
    33667 : 00000000;
    33668 : 00000000;
    33669 : 00000000;
    33670 : 00000000;
    33671 : 00000000;
    33672 : 00000000;
    33673 : 00000000;
    33674 : 00000000;
    33675 : 00000000;
    33676 : 00000000;
    33677 : 00000000;
    33678 : 00000000;
    33679 : 00000000;
    33680 : 00000000;
    33681 : 00000000;
    33682 : 00000000;
    33683 : 00000000;
    33684 : 00000000;
    33685 : 00000000;
    33686 : 00000000;
    33687 : 00000000;
    33688 : 00000000;
    33689 : 00000000;
    33690 : 00000000;
    33691 : 00000000;
    33692 : 00000000;
    33693 : 00000000;
    33694 : 00000000;
    33695 : 00000000;
    33696 : 00000000;
    33697 : 00000000;
    33698 : 00000000;
    33699 : 00000000;
    33700 : 00000000;
    33701 : 00000000;
    33702 : 00000000;
    33703 : 00000000;
    33704 : 00000000;
    33705 : 00000000;
    33706 : 00000000;
    33707 : 00000000;
    33708 : 00000000;
    33709 : 00000000;
    33710 : 00000000;
    33711 : 00000000;
    33712 : 00000000;
    33713 : 00000000;
    33714 : 00000000;
    33715 : 00000000;
    33716 : 00000000;
    33717 : 00000000;
    33718 : 00000000;
    33719 : 00000000;
    33720 : 00000000;
    33721 : 00000000;
    33722 : 00000000;
    33723 : 00000000;
    33724 : 00000000;
    33725 : 00000000;
    33726 : 00000000;
    33727 : 00000000;
    33728 : 00000000;
    33729 : 00000000;
    33730 : 00000000;
    33731 : 00000000;
    33732 : 00000000;
    33733 : 00000000;
    33734 : 00000000;
    33735 : 00000000;
    33736 : 00000000;
    33737 : 00000000;
    33738 : 00000000;
    33739 : 00000000;
    33740 : 00000000;
    33741 : 00000000;
    33742 : 00000000;
    33743 : 00000000;
    33744 : 00000000;
    33745 : 00000000;
    33746 : 00000000;
    33747 : 00000000;
    33748 : 00000000;
    33749 : 00000000;
    33750 : 00000000;
    33751 : 00000000;
    33752 : 00000000;
    33753 : 00000000;
    33754 : 00000000;
    33755 : 00000000;
    33756 : 00000000;
    33757 : 00000000;
    33758 : 00000000;
    33759 : 00000000;
    33760 : 00000000;
    33761 : 00000000;
    33762 : 00000000;
    33763 : 00000000;
    33764 : 00000000;
    33765 : 00000000;
    33766 : 00000000;
    33767 : 00000000;
    33768 : 00000000;
    33769 : 00000000;
    33770 : 00000000;
    33771 : 00000000;
    33772 : 00000000;
    33773 : 00000000;
    33774 : 00000000;
    33775 : 00000000;
    33776 : 00000000;
    33777 : 00000000;
    33778 : 00000000;
    33779 : 00000000;
    33780 : 00000000;
    33781 : 00000000;
    33782 : 00000000;
    33783 : 00000000;
    33784 : 00000000;
    33785 : 00000000;
    33786 : 00000000;
    33787 : 00000000;
    33788 : 53494730;
    33789 : 0000009C;
    33790 : 000000C0;
    33791 : 00000024;
    33792 : 1D000293;
    33793 : FFF00F93;
    33794 : 000FA013;
    33795 : 0002A023;
    33796 : 00100F13;
    33797 : 801F2093;
    33798 : 0012A223;
    33799 : 00000E93;
    33800 : FFFEA113;
    33801 : 0022A423;
    33802 : 7FF00E13;
    33803 : 800E2193;
    33804 : 0032A623;
    33805 : 00000D93;
    33806 : 800DA213;
    33807 : 0042A823;
    33808 : 1E400093;
    33809 : 00001D37;
    33810 : 800D0D13;
    33811 : 800D2293;
    33812 : 0050A023;
    33813 : 07654CB7;
    33814 : 321C8C93;
    33815 : 800CA313;
    33816 : 0060A223;
    33817 : 80000C37;
    33818 : FFFC0C13;
    33819 : 001C2393;
    33820 : 0070A423;
    33821 : 00100B93;
    33822 : 800BA413;
    33823 : 0080A623;
    33824 : FFF00B13;
    33825 : 800B2493;
    33826 : 0090A823;
    33827 : 1F800093;
    33828 : 00001AB7;
    33829 : 234A8A93;
    33830 : 800AA513;
    33831 : 00A0A023;
    33832 : 80000A37;
    33833 : 000A2593;
    33834 : 00B0A223;
    33835 : FFFFF9B7;
    33836 : DCC98993;
    33837 : 7FF9A613;
    33838 : 00C0A423;
    33839 : FFF00913;
    33840 : FFF92693;
    33841 : 00D0A623;
    33842 : 80100893;
    33843 : 0018A713;
    33844 : 00E0A823;
    33845 : 20C00113;
    33846 : 00000813;
    33847 : 00082793;
    33848 : 00F12023;
    33849 : FFF00793;
    33850 : 0007A813;
    33851 : 01012223;
    33852 : 00100713;
    33853 : 80172893;
    33854 : 01112423;
    33855 : 00000693;
    33856 : FFF6A913;
    33857 : 01212623;
    33858 : 7FF00613;
    33859 : 80062993;
    33860 : 01312823;
    33861 : 22000093;
    33862 : 00000593;
    33863 : 8005AA13;
    33864 : 0140A023;
    33865 : 00001537;
    33866 : 80050513;
    33867 : 80052A93;
    33868 : 0150A223;
    33869 : 076544B7;
    33870 : 32148493;
    33871 : 8004AB13;
    33872 : 0160A423;
    33873 : 80000437;
    33874 : FFF40413;
    33875 : 00142B93;
    33876 : 0170A623;
    33877 : 00100393;
    33878 : 8003AC13;
    33879 : 0180A823;
    33880 : 23400093;
    33881 : FFF00313;
    33882 : 80032C93;
    33883 : 0190A023;
    33884 : 000012B7;
    33885 : 23428293;
    33886 : 8002AD13;
    33887 : 01A0A223;
    33888 : 80000237;
    33889 : 00022D93;
    33890 : 01B0A423;
    33891 : FFFFF1B7;
    33892 : DCC18193;
    33893 : 7FF1AE13;
    33894 : 01C0A623;
    33895 : FFF00113;
    33896 : FFF12E93;
    33897 : 01D0A823;
    33898 : 24800113;
    33899 : 80100093;
    33900 : 0010AF13;
    33901 : 01E12023;
    33902 : 00000013;
    33903 : 00002F93;
    33904 : 01F12223;
    33905 : 00000073;
    33906 : 00000000;
    33907 : 00000000;
    33908 : FFFFFFFF;
    33909 : FFFFFFFF;
    33910 : FFFFFFFF;
    33911 : FFFFFFFF;
    33912 : FFFFFFFF;
    33913 : FFFFFFFF;
    33914 : FFFFFFFF;
    33915 : FFFFFFFF;
    33916 : FFFFFFFF;
    33917 : FFFFFFFF;
    33918 : FFFFFFFF;
    33919 : FFFFFFFF;
    33920 : FFFFFFFF;
    33921 : FFFFFFFF;
    33922 : FFFFFFFF;
    33923 : FFFFFFFF;
    33924 : FFFFFFFF;
    33925 : FFFFFFFF;
    33926 : FFFFFFFF;
    33927 : FFFFFFFF;
    33928 : FFFFFFFF;
    33929 : FFFFFFFF;
    33930 : FFFFFFFF;
    33931 : FFFFFFFF;
    33932 : FFFFFFFF;
    33933 : FFFFFFFF;
    33934 : FFFFFFFF;
    33935 : FFFFFFFF;
    33936 : FFFFFFFF;
    33937 : FFFFFFFF;
    33938 : FFFFFFFF;
    33939 : FFFFFFFF;
    33940 : FFFFFFFF;
    33941 : FFFFFFFF;
    33942 : FFFFFFFF;
    33943 : 00000000;
    33944 : 00000000;
    33945 : 00000000;
    33946 : 00000000;
    33947 : 00000000;
    33948 : 00000000;
    33949 : 00000000;
    33950 : 00000000;
    33951 : 00000000;
    33952 : 00000000;
    33953 : 00000000;
    33954 : 00000000;
    33955 : 00000000;
    33956 : 00000000;
    33957 : 00000000;
    33958 : 00000000;
    33959 : 00000000;
    33960 : 00000000;
    33961 : 00000000;
    33962 : 00000000;
    33963 : 00000000;
    33964 : 00000000;
    33965 : 00000000;
    33966 : 00000000;
    33967 : 00000000;
    33968 : 00000000;
    33969 : 00000000;
    33970 : 00000000;
    33971 : 00000000;
    33972 : 00000000;
    33973 : 00000000;
    33974 : 00000000;
    33975 : 00000000;
    33976 : 00000000;
    33977 : 00000000;
    33978 : 00000000;
    33979 : 00000000;
    33980 : 00000000;
    33981 : 00000000;
    33982 : 00000000;
    33983 : 00000000;
    33984 : 00000000;
    33985 : 00000000;
    33986 : 00000000;
    33987 : 00000000;
    33988 : 00000000;
    33989 : 00000000;
    33990 : 00000000;
    33991 : 00000000;
    33992 : 00000000;
    33993 : 00000000;
    33994 : 00000000;
    33995 : 00000000;
    33996 : 00000000;
    33997 : 00000000;
    33998 : 00000000;
    33999 : 00000000;
    34000 : 00000000;
    34001 : 00000000;
    34002 : 00000000;
    34003 : 00000000;
    34004 : 00000000;
    34005 : 00000000;
    34006 : 00000000;
    34007 : 00000000;
    34008 : 00000000;
    34009 : 00000000;
    34010 : 00000000;
    34011 : 00000000;
    34012 : 00000000;
    34013 : 00000000;
    34014 : 00000000;
    34015 : 00000000;
    34016 : 00000000;
    34017 : 00000000;
    34018 : 00000000;
    34019 : 00000000;
    34020 : 00000000;
    34021 : 00000000;
    34022 : 00000000;
    34023 : 00000000;
    34024 : 00000000;
    34025 : 00000000;
    34026 : 00000000;
    34027 : 00000000;
    34028 : 00000000;
    34029 : 00000000;
    34030 : 00000000;
    34031 : 00000000;
    34032 : 00000000;
    34033 : 00000000;
    34034 : 00000000;
    34035 : 00000000;
    34036 : 00000000;
    34037 : 00000000;
    34038 : 00000000;
    34039 : 00000000;
    34040 : 00000000;
    34041 : 00000000;
    34042 : 00000000;
    34043 : 00000000;
    34044 : 00000000;
    34045 : 00000000;
    34046 : 00000000;
    34047 : 00000000;
    34048 : 00000000;
    34049 : 00000000;
    34050 : 00000000;
    34051 : 00000000;
    34052 : 00000000;
    34053 : 00000000;
    34054 : 00000000;
    34055 : 00000000;
    34056 : 00000000;
    34057 : 00000000;
    34058 : 00000000;
    34059 : 00000000;
    34060 : 00000000;
    34061 : 00000000;
    34062 : 00000000;
    34063 : 00000000;
    34064 : 00000000;
    34065 : 00000000;
    34066 : 00000000;
    34067 : 00000000;
    34068 : 00000000;
    34069 : 00000000;
    34070 : 00000000;
    34071 : 00000000;
    34072 : 00000000;
    34073 : 00000000;
    34074 : 00000000;
    34075 : 00000000;
    34076 : 00000000;
    34077 : 00000000;
    34078 : 00000000;
    34079 : 00000000;
    34080 : 00000000;
    34081 : 00000000;
    34082 : 00000000;
    34083 : 00000000;
    34084 : 00000000;
    34085 : 00000000;
    34086 : 00000000;
    34087 : 00000000;
    34088 : 00000000;
    34089 : 00000000;
    34090 : 00000000;
    34091 : 00000000;
    34092 : 00000000;
    34093 : 00000000;
    34094 : 00000000;
    34095 : 00000000;
    34096 : 00000000;
    34097 : 00000000;
    34098 : 00000000;
    34099 : 00000000;
    34100 : 00000000;
    34101 : 00000000;
    34102 : 00000000;
    34103 : 00000000;
    34104 : 00000000;
    34105 : 00000000;
    34106 : 00000000;
    34107 : 00000000;
    34108 : 00000000;
    34109 : 00000000;
    34110 : 00000000;
    34111 : 00000000;
    34112 : 00000000;
    34113 : 00000000;
    34114 : 00000000;
    34115 : 00000000;
    34116 : 00000000;
    34117 : 00000000;
    34118 : 00000000;
    34119 : 00000000;
    34120 : 00000000;
    34121 : 00000000;
    34122 : 00000000;
    34123 : 00000000;
    34124 : 00000000;
    34125 : 00000000;
    34126 : 00000000;
    34127 : 00000000;
    34128 : 00000000;
    34129 : 00000000;
    34130 : 00000000;
    34131 : 00000000;
    34132 : 00000000;
    34133 : 00000000;
    34134 : 00000000;
    34135 : 00000000;
    34136 : 00000000;
    34137 : 00000000;
    34138 : 00000000;
    34139 : 00000000;
    34140 : 00000000;
    34141 : 00000000;
    34142 : 00000000;
    34143 : 00000000;
    34144 : 00000000;
    34145 : 00000000;
    34146 : 00000000;
    34147 : 00000000;
    34148 : 00000000;
    34149 : 00000000;
    34150 : 00000000;
    34151 : 00000000;
    34152 : 00000000;
    34153 : 00000000;
    34154 : 00000000;
    34155 : 00000000;
    34156 : 00000000;
    34157 : 00000000;
    34158 : 00000000;
    34159 : 00000000;
    34160 : 00000000;
    34161 : 00000000;
    34162 : 00000000;
    34163 : 00000000;
    34164 : 00000000;
    34165 : 00000000;
    34166 : 00000000;
    34167 : 00000000;
    34168 : 00000000;
    34169 : 00000000;
    34170 : 00000000;
    34171 : 00000000;
    34172 : 00000000;
    34173 : 00000000;
    34174 : 00000000;
    34175 : 00000000;
    34176 : 00000000;
    34177 : 00000000;
    34178 : 00000000;
    34179 : 00000000;
    34180 : 00000000;
    34181 : 00000000;
    34182 : 00000000;
    34183 : 00000000;
    34184 : 00000000;
    34185 : 00000000;
    34186 : 00000000;
    34187 : 00000000;
    34188 : 00000000;
    34189 : 00000000;
    34190 : 00000000;
    34191 : 00000000;
    34192 : 00000000;
    34193 : 00000000;
    34194 : 00000000;
    34195 : 00000000;
    34196 : 00000000;
    34197 : 00000000;
    34198 : 00000000;
    34199 : 00000000;
    34200 : 00000000;
    34201 : 00000000;
    34202 : 00000000;
    34203 : 00000000;
    34204 : 00000000;
    34205 : 00000000;
    34206 : 00000000;
    34207 : 00000000;
    34208 : 00000000;
    34209 : 00000000;
    34210 : 00000000;
    34211 : 00000000;
    34212 : 00000000;
    34213 : 00000000;
    34214 : 00000000;
    34215 : 00000000;
    34216 : 00000000;
    34217 : 00000000;
    34218 : 00000000;
    34219 : 00000000;
    34220 : 00000000;
    34221 : 00000000;
    34222 : 00000000;
    34223 : 00000000;
    34224 : 00000000;
    34225 : 00000000;
    34226 : 00000000;
    34227 : 00000000;
    34228 : 00000000;
    34229 : 00000000;
    34230 : 00000000;
    34231 : 00000000;
    34232 : 00000000;
    34233 : 00000000;
    34234 : 00000000;
    34235 : 00000000;
    34236 : 00000000;
    34237 : 00000000;
    34238 : 00000000;
    34239 : 00000000;
    34240 : 00000000;
    34241 : 00000000;
    34242 : 00000000;
    34243 : 00000000;
    34244 : 00000000;
    34245 : 00000000;
    34246 : 00000000;
    34247 : 00000000;
    34248 : 00000000;
    34249 : 00000000;
    34250 : 00000000;
    34251 : 00000000;
    34252 : 00000000;
    34253 : 00000000;
    34254 : 00000000;
    34255 : 00000000;
    34256 : 00000000;
    34257 : 00000000;
    34258 : 00000000;
    34259 : 00000000;
    34260 : 00000000;
    34261 : 00000000;
    34262 : 00000000;
    34263 : 00000000;
    34264 : 00000000;
    34265 : 00000000;
    34266 : 00000000;
    34267 : 00000000;
    34268 : 00000000;
    34269 : 00000000;
    34270 : 00000000;
    34271 : 00000000;
    34272 : 00000000;
    34273 : 00000000;
    34274 : 00000000;
    34275 : 00000000;
    34276 : 00000000;
    34277 : 00000000;
    34278 : 00000000;
    34279 : 00000000;
    34280 : 00000000;
    34281 : 00000000;
    34282 : 00000000;
    34283 : 00000000;
    34284 : 00000000;
    34285 : 00000000;
    34286 : 00000000;
    34287 : 00000000;
    34288 : 00000000;
    34289 : 00000000;
    34290 : 00000000;
    34291 : 00000000;
    34292 : 00000000;
    34293 : 00000000;
    34294 : 00000000;
    34295 : 00000000;
    34296 : 00000000;
    34297 : 00000000;
    34298 : 00000000;
    34299 : 00000000;
    34300 : 00000000;
    34301 : 00000000;
    34302 : 00000000;
    34303 : 00000000;
    34304 : 00000000;
    34305 : 00000000;
    34306 : 00000000;
    34307 : 00000000;
    34308 : 00000000;
    34309 : 00000000;
    34310 : 00000000;
    34311 : 00000000;
    34312 : 00000000;
    34313 : 00000000;
    34314 : 00000000;
    34315 : 00000000;
    34316 : 00000000;
    34317 : 00000000;
    34318 : 00000000;
    34319 : 00000000;
    34320 : 00000000;
    34321 : 00000000;
    34322 : 00000000;
    34323 : 00000000;
    34324 : 00000000;
    34325 : 00000000;
    34326 : 00000000;
    34327 : 00000000;
    34328 : 00000000;
    34329 : 00000000;
    34330 : 00000000;
    34331 : 00000000;
    34332 : 00000000;
    34333 : 00000000;
    34334 : 00000000;
    34335 : 00000000;
    34336 : 00000000;
    34337 : 00000000;
    34338 : 00000000;
    34339 : 00000000;
    34340 : 00000000;
    34341 : 00000000;
    34342 : 00000000;
    34343 : 00000000;
    34344 : 00000000;
    34345 : 00000000;
    34346 : 00000000;
    34347 : 00000000;
    34348 : 00000000;
    34349 : 00000000;
    34350 : 00000000;
    34351 : 00000000;
    34352 : 00000000;
    34353 : 00000000;
    34354 : 00000000;
    34355 : 00000000;
    34356 : 00000000;
    34357 : 00000000;
    34358 : 00000000;
    34359 : 00000000;
    34360 : 00000000;
    34361 : 00000000;
    34362 : 00000000;
    34363 : 00000000;
    34364 : 00000000;
    34365 : 00000000;
    34366 : 00000000;
    34367 : 00000000;
    34368 : 00000000;
    34369 : 00000000;
    34370 : 00000000;
    34371 : 00000000;
    34372 : 00000000;
    34373 : 00000000;
    34374 : 00000000;
    34375 : 00000000;
    34376 : 00000000;
    34377 : 00000000;
    34378 : 00000000;
    34379 : 00000000;
    34380 : 00000000;
    34381 : 00000000;
    34382 : 00000000;
    34383 : 00000000;
    34384 : 00000000;
    34385 : 00000000;
    34386 : 00000000;
    34387 : 00000000;
    34388 : 00000000;
    34389 : 00000000;
    34390 : 00000000;
    34391 : 00000000;
    34392 : 00000000;
    34393 : 00000000;
    34394 : 00000000;
    34395 : 00000000;
    34396 : 00000000;
    34397 : 00000000;
    34398 : 00000000;
    34399 : 00000000;
    34400 : 00000000;
    34401 : 00000000;
    34402 : 00000000;
    34403 : 00000000;
    34404 : 00000000;
    34405 : 00000000;
    34406 : 00000000;
    34407 : 00000000;
    34408 : 00000000;
    34409 : 00000000;
    34410 : 00000000;
    34411 : 00000000;
    34412 : 00000000;
    34413 : 00000000;
    34414 : 00000000;
    34415 : 00000000;
    34416 : 00000000;
    34417 : 00000000;
    34418 : 00000000;
    34419 : 00000000;
    34420 : 00000000;
    34421 : 00000000;
    34422 : 00000000;
    34423 : 00000000;
    34424 : 00000000;
    34425 : 00000000;
    34426 : 00000000;
    34427 : 00000000;
    34428 : 00000000;
    34429 : 00000000;
    34430 : 00000000;
    34431 : 00000000;
    34432 : 00000000;
    34433 : 00000000;
    34434 : 00000000;
    34435 : 00000000;
    34436 : 00000000;
    34437 : 00000000;
    34438 : 00000000;
    34439 : 00000000;
    34440 : 00000000;
    34441 : 00000000;
    34442 : 00000000;
    34443 : 00000000;
    34444 : 00000000;
    34445 : 00000000;
    34446 : 00000000;
    34447 : 00000000;
    34448 : 00000000;
    34449 : 00000000;
    34450 : 00000000;
    34451 : 00000000;
    34452 : 00000000;
    34453 : 00000000;
    34454 : 00000000;
    34455 : 00000000;
    34456 : 00000000;
    34457 : 00000000;
    34458 : 00000000;
    34459 : 00000000;
    34460 : 00000000;
    34461 : 00000000;
    34462 : 00000000;
    34463 : 00000000;
    34464 : 00000000;
    34465 : 00000000;
    34466 : 00000000;
    34467 : 00000000;
    34468 : 00000000;
    34469 : 00000000;
    34470 : 00000000;
    34471 : 00000000;
    34472 : 00000000;
    34473 : 00000000;
    34474 : 00000000;
    34475 : 00000000;
    34476 : 00000000;
    34477 : 00000000;
    34478 : 00000000;
    34479 : 00000000;
    34480 : 00000000;
    34481 : 00000000;
    34482 : 00000000;
    34483 : 00000000;
    34484 : 00000000;
    34485 : 00000000;
    34486 : 00000000;
    34487 : 00000000;
    34488 : 00000000;
    34489 : 00000000;
    34490 : 00000000;
    34491 : 00000000;
    34492 : 00000000;
    34493 : 00000000;
    34494 : 00000000;
    34495 : 00000000;
    34496 : 00000000;
    34497 : 00000000;
    34498 : 00000000;
    34499 : 00000000;
    34500 : 00000000;
    34501 : 00000000;
    34502 : 00000000;
    34503 : 00000000;
    34504 : 00000000;
    34505 : 00000000;
    34506 : 00000000;
    34507 : 00000000;
    34508 : 00000000;
    34509 : 00000000;
    34510 : 00000000;
    34511 : 00000000;
    34512 : 00000000;
    34513 : 00000000;
    34514 : 00000000;
    34515 : 00000000;
    34516 : 00000000;
    34517 : 00000000;
    34518 : 00000000;
    34519 : 00000000;
    34520 : 00000000;
    34521 : 00000000;
    34522 : 00000000;
    34523 : 00000000;
    34524 : 00000000;
    34525 : 00000000;
    34526 : 00000000;
    34527 : 00000000;
    34528 : 00000000;
    34529 : 00000000;
    34530 : 00000000;
    34531 : 00000000;
    34532 : 00000000;
    34533 : 00000000;
    34534 : 00000000;
    34535 : 00000000;
    34536 : 00000000;
    34537 : 00000000;
    34538 : 00000000;
    34539 : 00000000;
    34540 : 00000000;
    34541 : 00000000;
    34542 : 00000000;
    34543 : 00000000;
    34544 : 00000000;
    34545 : 00000000;
    34546 : 00000000;
    34547 : 00000000;
    34548 : 00000000;
    34549 : 00000000;
    34550 : 00000000;
    34551 : 00000000;
    34552 : 00000000;
    34553 : 00000000;
    34554 : 00000000;
    34555 : 00000000;
    34556 : 00000000;
    34557 : 00000000;
    34558 : 00000000;
    34559 : 00000000;
    34560 : 00000000;
    34561 : 00000000;
    34562 : 00000000;
    34563 : 00000000;
    34564 : 00000000;
    34565 : 00000000;
    34566 : 00000000;
    34567 : 00000000;
    34568 : 00000000;
    34569 : 00000000;
    34570 : 00000000;
    34571 : 00000000;
    34572 : 00000000;
    34573 : 00000000;
    34574 : 00000000;
    34575 : 00000000;
    34576 : 00000000;
    34577 : 00000000;
    34578 : 00000000;
    34579 : 00000000;
    34580 : 00000000;
    34581 : 00000000;
    34582 : 00000000;
    34583 : 00000000;
    34584 : 00000000;
    34585 : 00000000;
    34586 : 00000000;
    34587 : 00000000;
    34588 : 00000000;
    34589 : 00000000;
    34590 : 00000000;
    34591 : 00000000;
    34592 : 00000000;
    34593 : 00000000;
    34594 : 00000000;
    34595 : 00000000;
    34596 : 00000000;
    34597 : 00000000;
    34598 : 00000000;
    34599 : 00000000;
    34600 : 00000000;
    34601 : 00000000;
    34602 : 00000000;
    34603 : 00000000;
    34604 : 00000000;
    34605 : 00000000;
    34606 : 00000000;
    34607 : 00000000;
    34608 : 00000000;
    34609 : 00000000;
    34610 : 00000000;
    34611 : 00000000;
    34612 : 00000000;
    34613 : 00000000;
    34614 : 00000000;
    34615 : 00000000;
    34616 : 00000000;
    34617 : 00000000;
    34618 : 00000000;
    34619 : 00000000;
    34620 : 00000000;
    34621 : 00000000;
    34622 : 00000000;
    34623 : 00000000;
    34624 : 00000000;
    34625 : 00000000;
    34626 : 00000000;
    34627 : 00000000;
    34628 : 00000000;
    34629 : 00000000;
    34630 : 00000000;
    34631 : 00000000;
    34632 : 00000000;
    34633 : 00000000;
    34634 : 00000000;
    34635 : 00000000;
    34636 : 00000000;
    34637 : 00000000;
    34638 : 00000000;
    34639 : 00000000;
    34640 : 00000000;
    34641 : 00000000;
    34642 : 00000000;
    34643 : 00000000;
    34644 : 00000000;
    34645 : 00000000;
    34646 : 00000000;
    34647 : 00000000;
    34648 : 00000000;
    34649 : 00000000;
    34650 : 00000000;
    34651 : 00000000;
    34652 : 00000000;
    34653 : 00000000;
    34654 : 00000000;
    34655 : 00000000;
    34656 : 00000000;
    34657 : 00000000;
    34658 : 00000000;
    34659 : 00000000;
    34660 : 00000000;
    34661 : 00000000;
    34662 : 00000000;
    34663 : 00000000;
    34664 : 00000000;
    34665 : 00000000;
    34666 : 00000000;
    34667 : 00000000;
    34668 : 00000000;
    34669 : 00000000;
    34670 : 00000000;
    34671 : 00000000;
    34672 : 00000000;
    34673 : 00000000;
    34674 : 00000000;
    34675 : 00000000;
    34676 : 00000000;
    34677 : 00000000;
    34678 : 00000000;
    34679 : 00000000;
    34680 : 00000000;
    34681 : 00000000;
    34682 : 00000000;
    34683 : 00000000;
    34684 : 00000000;
    34685 : 00000000;
    34686 : 00000000;
    34687 : 00000000;
    34688 : 00000000;
    34689 : 00000000;
    34690 : 00000000;
    34691 : 00000000;
    34692 : 00000000;
    34693 : 00000000;
    34694 : 00000000;
    34695 : 00000000;
    34696 : 00000000;
    34697 : 00000000;
    34698 : 00000000;
    34699 : 00000000;
    34700 : 00000000;
    34701 : 00000000;
    34702 : 00000000;
    34703 : 00000000;
    34704 : 00000000;
    34705 : 00000000;
    34706 : 00000000;
    34707 : 00000000;
    34708 : 00000000;
    34709 : 00000000;
    34710 : 00000000;
    34711 : 00000000;
    34712 : 00000000;
    34713 : 00000000;
    34714 : 00000000;
    34715 : 00000000;
    34716 : 00000000;
    34717 : 00000000;
    34718 : 00000000;
    34719 : 00000000;
    34720 : 00000000;
    34721 : 00000000;
    34722 : 00000000;
    34723 : 00000000;
    34724 : 00000000;
    34725 : 00000000;
    34726 : 00000000;
    34727 : 00000000;
    34728 : 00000000;
    34729 : 00000000;
    34730 : 00000000;
    34731 : 00000000;
    34732 : 00000000;
    34733 : 00000000;
    34734 : 00000000;
    34735 : 00000000;
    34736 : 00000000;
    34737 : 00000000;
    34738 : 00000000;
    34739 : 00000000;
    34740 : 00000000;
    34741 : 00000000;
    34742 : 00000000;
    34743 : 00000000;
    34744 : 00000000;
    34745 : 00000000;
    34746 : 00000000;
    34747 : 00000000;
    34748 : 00000000;
    34749 : 00000000;
    34750 : 00000000;
    34751 : 00000000;
    34752 : 00000000;
    34753 : 00000000;
    34754 : 00000000;
    34755 : 00000000;
    34756 : 00000000;
    34757 : 00000000;
    34758 : 00000000;
    34759 : 00000000;
    34760 : 00000000;
    34761 : 00000000;
    34762 : 00000000;
    34763 : 00000000;
    34764 : 00000000;
    34765 : 00000000;
    34766 : 00000000;
    34767 : 00000000;
    34768 : 00000000;
    34769 : 00000000;
    34770 : 00000000;
    34771 : 00000000;
    34772 : 00000000;
    34773 : 00000000;
    34774 : 00000000;
    34775 : 00000000;
    34776 : 00000000;
    34777 : 00000000;
    34778 : 00000000;
    34779 : 00000000;
    34780 : 00000000;
    34781 : 00000000;
    34782 : 00000000;
    34783 : 00000000;
    34784 : 00000000;
    34785 : 00000000;
    34786 : 00000000;
    34787 : 00000000;
    34788 : 00000000;
    34789 : 00000000;
    34790 : 00000000;
    34791 : 00000000;
    34792 : 00000000;
    34793 : 00000000;
    34794 : 00000000;
    34795 : 00000000;
    34796 : 00000000;
    34797 : 00000000;
    34798 : 00000000;
    34799 : 00000000;
    34800 : 00000000;
    34801 : 00000000;
    34802 : 00000000;
    34803 : 00000000;
    34804 : 00000000;
    34805 : 00000000;
    34806 : 00000000;
    34807 : 00000000;
    34808 : 00000000;
    34809 : 00000000;
    34810 : 00000000;
    34811 : 00000000;
    34812 : 53494730;
    34813 : 00000074;
    34814 : 00000098;
    34815 : 00000024;
    34816 : 1D000293;
    34817 : FFF00F93;
    34818 : 000FB013;
    34819 : 0002A023;
    34820 : 00100F13;
    34821 : 801F3093;
    34822 : 0012A223;
    34823 : 00000E93;
    34824 : FFFEB113;
    34825 : 0022A423;
    34826 : 7FF00E13;
    34827 : 800E3193;
    34828 : 0032A623;
    34829 : 00000D93;
    34830 : 800DB213;
    34831 : 0042A823;
    34832 : 1E400093;
    34833 : 00001D37;
    34834 : 800D0D13;
    34835 : 800D3293;
    34836 : 0050A023;
    34837 : 07654CB7;
    34838 : 321C8C93;
    34839 : 800CB313;
    34840 : 0060A223;
    34841 : 80000C37;
    34842 : FFFC0C13;
    34843 : 001C3393;
    34844 : 0070A423;
    34845 : 00100B93;
    34846 : 800BB413;
    34847 : 0080A623;
    34848 : FFF00B13;
    34849 : 800B3493;
    34850 : 0090A823;
    34851 : 1F800093;
    34852 : 00001AB7;
    34853 : 234A8A93;
    34854 : 800AB513;
    34855 : 00A0A023;
    34856 : 80000A37;
    34857 : 000A3593;
    34858 : 00B0A223;
    34859 : FFFFF9B7;
    34860 : DCC98993;
    34861 : 7FF9B613;
    34862 : 00C0A423;
    34863 : FFF00913;
    34864 : FFF93693;
    34865 : 00D0A623;
    34866 : 80100893;
    34867 : 0018B713;
    34868 : 00E0A823;
    34869 : 20C00113;
    34870 : 00000813;
    34871 : 00083793;
    34872 : 00F12023;
    34873 : FFF00793;
    34874 : 0007B813;
    34875 : 01012223;
    34876 : 00100713;
    34877 : 80173893;
    34878 : 01112423;
    34879 : 00000693;
    34880 : FFF6B913;
    34881 : 01212623;
    34882 : 7FF00613;
    34883 : 80063993;
    34884 : 01312823;
    34885 : 22000093;
    34886 : 00000593;
    34887 : 8005BA13;
    34888 : 0140A023;
    34889 : 00001537;
    34890 : 80050513;
    34891 : 80053A93;
    34892 : 0150A223;
    34893 : 076544B7;
    34894 : 32148493;
    34895 : 8004BB13;
    34896 : 0160A423;
    34897 : 80000437;
    34898 : FFF40413;
    34899 : 00143B93;
    34900 : 0170A623;
    34901 : 00100393;
    34902 : 8003BC13;
    34903 : 0180A823;
    34904 : 23400093;
    34905 : FFF00313;
    34906 : 80033C93;
    34907 : 0190A023;
    34908 : 000012B7;
    34909 : 23428293;
    34910 : 8002BD13;
    34911 : 01A0A223;
    34912 : 80000237;
    34913 : 00023D93;
    34914 : 01B0A423;
    34915 : FFFFF1B7;
    34916 : DCC18193;
    34917 : 7FF1BE13;
    34918 : 01C0A623;
    34919 : FFF00113;
    34920 : FFF13E93;
    34921 : 01D0A823;
    34922 : 24800113;
    34923 : 80100093;
    34924 : 0010BF13;
    34925 : 01E12023;
    34926 : 00000013;
    34927 : 00003F93;
    34928 : 01F12223;
    34929 : 00000073;
    34930 : 00000000;
    34931 : 00000000;
    34932 : FFFFFFFF;
    34933 : FFFFFFFF;
    34934 : FFFFFFFF;
    34935 : FFFFFFFF;
    34936 : FFFFFFFF;
    34937 : FFFFFFFF;
    34938 : FFFFFFFF;
    34939 : FFFFFFFF;
    34940 : FFFFFFFF;
    34941 : FFFFFFFF;
    34942 : FFFFFFFF;
    34943 : FFFFFFFF;
    34944 : FFFFFFFF;
    34945 : FFFFFFFF;
    34946 : FFFFFFFF;
    34947 : FFFFFFFF;
    34948 : FFFFFFFF;
    34949 : FFFFFFFF;
    34950 : FFFFFFFF;
    34951 : FFFFFFFF;
    34952 : FFFFFFFF;
    34953 : FFFFFFFF;
    34954 : FFFFFFFF;
    34955 : FFFFFFFF;
    34956 : FFFFFFFF;
    34957 : FFFFFFFF;
    34958 : FFFFFFFF;
    34959 : FFFFFFFF;
    34960 : FFFFFFFF;
    34961 : FFFFFFFF;
    34962 : FFFFFFFF;
    34963 : FFFFFFFF;
    34964 : FFFFFFFF;
    34965 : FFFFFFFF;
    34966 : FFFFFFFF;
    34967 : 00000000;
    34968 : 00000000;
    34969 : 00000000;
    34970 : 00000000;
    34971 : 00000000;
    34972 : 00000000;
    34973 : 00000000;
    34974 : 00000000;
    34975 : 00000000;
    34976 : 00000000;
    34977 : 00000000;
    34978 : 00000000;
    34979 : 00000000;
    34980 : 00000000;
    34981 : 00000000;
    34982 : 00000000;
    34983 : 00000000;
    34984 : 00000000;
    34985 : 00000000;
    34986 : 00000000;
    34987 : 00000000;
    34988 : 00000000;
    34989 : 00000000;
    34990 : 00000000;
    34991 : 00000000;
    34992 : 00000000;
    34993 : 00000000;
    34994 : 00000000;
    34995 : 00000000;
    34996 : 00000000;
    34997 : 00000000;
    34998 : 00000000;
    34999 : 00000000;
    35000 : 00000000;
    35001 : 00000000;
    35002 : 00000000;
    35003 : 00000000;
    35004 : 00000000;
    35005 : 00000000;
    35006 : 00000000;
    35007 : 00000000;
    35008 : 00000000;
    35009 : 00000000;
    35010 : 00000000;
    35011 : 00000000;
    35012 : 00000000;
    35013 : 00000000;
    35014 : 00000000;
    35015 : 00000000;
    35016 : 00000000;
    35017 : 00000000;
    35018 : 00000000;
    35019 : 00000000;
    35020 : 00000000;
    35021 : 00000000;
    35022 : 00000000;
    35023 : 00000000;
    35024 : 00000000;
    35025 : 00000000;
    35026 : 00000000;
    35027 : 00000000;
    35028 : 00000000;
    35029 : 00000000;
    35030 : 00000000;
    35031 : 00000000;
    35032 : 00000000;
    35033 : 00000000;
    35034 : 00000000;
    35035 : 00000000;
    35036 : 00000000;
    35037 : 00000000;
    35038 : 00000000;
    35039 : 00000000;
    35040 : 00000000;
    35041 : 00000000;
    35042 : 00000000;
    35043 : 00000000;
    35044 : 00000000;
    35045 : 00000000;
    35046 : 00000000;
    35047 : 00000000;
    35048 : 00000000;
    35049 : 00000000;
    35050 : 00000000;
    35051 : 00000000;
    35052 : 00000000;
    35053 : 00000000;
    35054 : 00000000;
    35055 : 00000000;
    35056 : 00000000;
    35057 : 00000000;
    35058 : 00000000;
    35059 : 00000000;
    35060 : 00000000;
    35061 : 00000000;
    35062 : 00000000;
    35063 : 00000000;
    35064 : 00000000;
    35065 : 00000000;
    35066 : 00000000;
    35067 : 00000000;
    35068 : 00000000;
    35069 : 00000000;
    35070 : 00000000;
    35071 : 00000000;
    35072 : 00000000;
    35073 : 00000000;
    35074 : 00000000;
    35075 : 00000000;
    35076 : 00000000;
    35077 : 00000000;
    35078 : 00000000;
    35079 : 00000000;
    35080 : 00000000;
    35081 : 00000000;
    35082 : 00000000;
    35083 : 00000000;
    35084 : 00000000;
    35085 : 00000000;
    35086 : 00000000;
    35087 : 00000000;
    35088 : 00000000;
    35089 : 00000000;
    35090 : 00000000;
    35091 : 00000000;
    35092 : 00000000;
    35093 : 00000000;
    35094 : 00000000;
    35095 : 00000000;
    35096 : 00000000;
    35097 : 00000000;
    35098 : 00000000;
    35099 : 00000000;
    35100 : 00000000;
    35101 : 00000000;
    35102 : 00000000;
    35103 : 00000000;
    35104 : 00000000;
    35105 : 00000000;
    35106 : 00000000;
    35107 : 00000000;
    35108 : 00000000;
    35109 : 00000000;
    35110 : 00000000;
    35111 : 00000000;
    35112 : 00000000;
    35113 : 00000000;
    35114 : 00000000;
    35115 : 00000000;
    35116 : 00000000;
    35117 : 00000000;
    35118 : 00000000;
    35119 : 00000000;
    35120 : 00000000;
    35121 : 00000000;
    35122 : 00000000;
    35123 : 00000000;
    35124 : 00000000;
    35125 : 00000000;
    35126 : 00000000;
    35127 : 00000000;
    35128 : 00000000;
    35129 : 00000000;
    35130 : 00000000;
    35131 : 00000000;
    35132 : 00000000;
    35133 : 00000000;
    35134 : 00000000;
    35135 : 00000000;
    35136 : 00000000;
    35137 : 00000000;
    35138 : 00000000;
    35139 : 00000000;
    35140 : 00000000;
    35141 : 00000000;
    35142 : 00000000;
    35143 : 00000000;
    35144 : 00000000;
    35145 : 00000000;
    35146 : 00000000;
    35147 : 00000000;
    35148 : 00000000;
    35149 : 00000000;
    35150 : 00000000;
    35151 : 00000000;
    35152 : 00000000;
    35153 : 00000000;
    35154 : 00000000;
    35155 : 00000000;
    35156 : 00000000;
    35157 : 00000000;
    35158 : 00000000;
    35159 : 00000000;
    35160 : 00000000;
    35161 : 00000000;
    35162 : 00000000;
    35163 : 00000000;
    35164 : 00000000;
    35165 : 00000000;
    35166 : 00000000;
    35167 : 00000000;
    35168 : 00000000;
    35169 : 00000000;
    35170 : 00000000;
    35171 : 00000000;
    35172 : 00000000;
    35173 : 00000000;
    35174 : 00000000;
    35175 : 00000000;
    35176 : 00000000;
    35177 : 00000000;
    35178 : 00000000;
    35179 : 00000000;
    35180 : 00000000;
    35181 : 00000000;
    35182 : 00000000;
    35183 : 00000000;
    35184 : 00000000;
    35185 : 00000000;
    35186 : 00000000;
    35187 : 00000000;
    35188 : 00000000;
    35189 : 00000000;
    35190 : 00000000;
    35191 : 00000000;
    35192 : 00000000;
    35193 : 00000000;
    35194 : 00000000;
    35195 : 00000000;
    35196 : 00000000;
    35197 : 00000000;
    35198 : 00000000;
    35199 : 00000000;
    35200 : 00000000;
    35201 : 00000000;
    35202 : 00000000;
    35203 : 00000000;
    35204 : 00000000;
    35205 : 00000000;
    35206 : 00000000;
    35207 : 00000000;
    35208 : 00000000;
    35209 : 00000000;
    35210 : 00000000;
    35211 : 00000000;
    35212 : 00000000;
    35213 : 00000000;
    35214 : 00000000;
    35215 : 00000000;
    35216 : 00000000;
    35217 : 00000000;
    35218 : 00000000;
    35219 : 00000000;
    35220 : 00000000;
    35221 : 00000000;
    35222 : 00000000;
    35223 : 00000000;
    35224 : 00000000;
    35225 : 00000000;
    35226 : 00000000;
    35227 : 00000000;
    35228 : 00000000;
    35229 : 00000000;
    35230 : 00000000;
    35231 : 00000000;
    35232 : 00000000;
    35233 : 00000000;
    35234 : 00000000;
    35235 : 00000000;
    35236 : 00000000;
    35237 : 00000000;
    35238 : 00000000;
    35239 : 00000000;
    35240 : 00000000;
    35241 : 00000000;
    35242 : 00000000;
    35243 : 00000000;
    35244 : 00000000;
    35245 : 00000000;
    35246 : 00000000;
    35247 : 00000000;
    35248 : 00000000;
    35249 : 00000000;
    35250 : 00000000;
    35251 : 00000000;
    35252 : 00000000;
    35253 : 00000000;
    35254 : 00000000;
    35255 : 00000000;
    35256 : 00000000;
    35257 : 00000000;
    35258 : 00000000;
    35259 : 00000000;
    35260 : 00000000;
    35261 : 00000000;
    35262 : 00000000;
    35263 : 00000000;
    35264 : 00000000;
    35265 : 00000000;
    35266 : 00000000;
    35267 : 00000000;
    35268 : 00000000;
    35269 : 00000000;
    35270 : 00000000;
    35271 : 00000000;
    35272 : 00000000;
    35273 : 00000000;
    35274 : 00000000;
    35275 : 00000000;
    35276 : 00000000;
    35277 : 00000000;
    35278 : 00000000;
    35279 : 00000000;
    35280 : 00000000;
    35281 : 00000000;
    35282 : 00000000;
    35283 : 00000000;
    35284 : 00000000;
    35285 : 00000000;
    35286 : 00000000;
    35287 : 00000000;
    35288 : 00000000;
    35289 : 00000000;
    35290 : 00000000;
    35291 : 00000000;
    35292 : 00000000;
    35293 : 00000000;
    35294 : 00000000;
    35295 : 00000000;
    35296 : 00000000;
    35297 : 00000000;
    35298 : 00000000;
    35299 : 00000000;
    35300 : 00000000;
    35301 : 00000000;
    35302 : 00000000;
    35303 : 00000000;
    35304 : 00000000;
    35305 : 00000000;
    35306 : 00000000;
    35307 : 00000000;
    35308 : 00000000;
    35309 : 00000000;
    35310 : 00000000;
    35311 : 00000000;
    35312 : 00000000;
    35313 : 00000000;
    35314 : 00000000;
    35315 : 00000000;
    35316 : 00000000;
    35317 : 00000000;
    35318 : 00000000;
    35319 : 00000000;
    35320 : 00000000;
    35321 : 00000000;
    35322 : 00000000;
    35323 : 00000000;
    35324 : 00000000;
    35325 : 00000000;
    35326 : 00000000;
    35327 : 00000000;
    35328 : 00000000;
    35329 : 00000000;
    35330 : 00000000;
    35331 : 00000000;
    35332 : 00000000;
    35333 : 00000000;
    35334 : 00000000;
    35335 : 00000000;
    35336 : 00000000;
    35337 : 00000000;
    35338 : 00000000;
    35339 : 00000000;
    35340 : 00000000;
    35341 : 00000000;
    35342 : 00000000;
    35343 : 00000000;
    35344 : 00000000;
    35345 : 00000000;
    35346 : 00000000;
    35347 : 00000000;
    35348 : 00000000;
    35349 : 00000000;
    35350 : 00000000;
    35351 : 00000000;
    35352 : 00000000;
    35353 : 00000000;
    35354 : 00000000;
    35355 : 00000000;
    35356 : 00000000;
    35357 : 00000000;
    35358 : 00000000;
    35359 : 00000000;
    35360 : 00000000;
    35361 : 00000000;
    35362 : 00000000;
    35363 : 00000000;
    35364 : 00000000;
    35365 : 00000000;
    35366 : 00000000;
    35367 : 00000000;
    35368 : 00000000;
    35369 : 00000000;
    35370 : 00000000;
    35371 : 00000000;
    35372 : 00000000;
    35373 : 00000000;
    35374 : 00000000;
    35375 : 00000000;
    35376 : 00000000;
    35377 : 00000000;
    35378 : 00000000;
    35379 : 00000000;
    35380 : 00000000;
    35381 : 00000000;
    35382 : 00000000;
    35383 : 00000000;
    35384 : 00000000;
    35385 : 00000000;
    35386 : 00000000;
    35387 : 00000000;
    35388 : 00000000;
    35389 : 00000000;
    35390 : 00000000;
    35391 : 00000000;
    35392 : 00000000;
    35393 : 00000000;
    35394 : 00000000;
    35395 : 00000000;
    35396 : 00000000;
    35397 : 00000000;
    35398 : 00000000;
    35399 : 00000000;
    35400 : 00000000;
    35401 : 00000000;
    35402 : 00000000;
    35403 : 00000000;
    35404 : 00000000;
    35405 : 00000000;
    35406 : 00000000;
    35407 : 00000000;
    35408 : 00000000;
    35409 : 00000000;
    35410 : 00000000;
    35411 : 00000000;
    35412 : 00000000;
    35413 : 00000000;
    35414 : 00000000;
    35415 : 00000000;
    35416 : 00000000;
    35417 : 00000000;
    35418 : 00000000;
    35419 : 00000000;
    35420 : 00000000;
    35421 : 00000000;
    35422 : 00000000;
    35423 : 00000000;
    35424 : 00000000;
    35425 : 00000000;
    35426 : 00000000;
    35427 : 00000000;
    35428 : 00000000;
    35429 : 00000000;
    35430 : 00000000;
    35431 : 00000000;
    35432 : 00000000;
    35433 : 00000000;
    35434 : 00000000;
    35435 : 00000000;
    35436 : 00000000;
    35437 : 00000000;
    35438 : 00000000;
    35439 : 00000000;
    35440 : 00000000;
    35441 : 00000000;
    35442 : 00000000;
    35443 : 00000000;
    35444 : 00000000;
    35445 : 00000000;
    35446 : 00000000;
    35447 : 00000000;
    35448 : 00000000;
    35449 : 00000000;
    35450 : 00000000;
    35451 : 00000000;
    35452 : 00000000;
    35453 : 00000000;
    35454 : 00000000;
    35455 : 00000000;
    35456 : 00000000;
    35457 : 00000000;
    35458 : 00000000;
    35459 : 00000000;
    35460 : 00000000;
    35461 : 00000000;
    35462 : 00000000;
    35463 : 00000000;
    35464 : 00000000;
    35465 : 00000000;
    35466 : 00000000;
    35467 : 00000000;
    35468 : 00000000;
    35469 : 00000000;
    35470 : 00000000;
    35471 : 00000000;
    35472 : 00000000;
    35473 : 00000000;
    35474 : 00000000;
    35475 : 00000000;
    35476 : 00000000;
    35477 : 00000000;
    35478 : 00000000;
    35479 : 00000000;
    35480 : 00000000;
    35481 : 00000000;
    35482 : 00000000;
    35483 : 00000000;
    35484 : 00000000;
    35485 : 00000000;
    35486 : 00000000;
    35487 : 00000000;
    35488 : 00000000;
    35489 : 00000000;
    35490 : 00000000;
    35491 : 00000000;
    35492 : 00000000;
    35493 : 00000000;
    35494 : 00000000;
    35495 : 00000000;
    35496 : 00000000;
    35497 : 00000000;
    35498 : 00000000;
    35499 : 00000000;
    35500 : 00000000;
    35501 : 00000000;
    35502 : 00000000;
    35503 : 00000000;
    35504 : 00000000;
    35505 : 00000000;
    35506 : 00000000;
    35507 : 00000000;
    35508 : 00000000;
    35509 : 00000000;
    35510 : 00000000;
    35511 : 00000000;
    35512 : 00000000;
    35513 : 00000000;
    35514 : 00000000;
    35515 : 00000000;
    35516 : 00000000;
    35517 : 00000000;
    35518 : 00000000;
    35519 : 00000000;
    35520 : 00000000;
    35521 : 00000000;
    35522 : 00000000;
    35523 : 00000000;
    35524 : 00000000;
    35525 : 00000000;
    35526 : 00000000;
    35527 : 00000000;
    35528 : 00000000;
    35529 : 00000000;
    35530 : 00000000;
    35531 : 00000000;
    35532 : 00000000;
    35533 : 00000000;
    35534 : 00000000;
    35535 : 00000000;
    35536 : 00000000;
    35537 : 00000000;
    35538 : 00000000;
    35539 : 00000000;
    35540 : 00000000;
    35541 : 00000000;
    35542 : 00000000;
    35543 : 00000000;
    35544 : 00000000;
    35545 : 00000000;
    35546 : 00000000;
    35547 : 00000000;
    35548 : 00000000;
    35549 : 00000000;
    35550 : 00000000;
    35551 : 00000000;
    35552 : 00000000;
    35553 : 00000000;
    35554 : 00000000;
    35555 : 00000000;
    35556 : 00000000;
    35557 : 00000000;
    35558 : 00000000;
    35559 : 00000000;
    35560 : 00000000;
    35561 : 00000000;
    35562 : 00000000;
    35563 : 00000000;
    35564 : 00000000;
    35565 : 00000000;
    35566 : 00000000;
    35567 : 00000000;
    35568 : 00000000;
    35569 : 00000000;
    35570 : 00000000;
    35571 : 00000000;
    35572 : 00000000;
    35573 : 00000000;
    35574 : 00000000;
    35575 : 00000000;
    35576 : 00000000;
    35577 : 00000000;
    35578 : 00000000;
    35579 : 00000000;
    35580 : 00000000;
    35581 : 00000000;
    35582 : 00000000;
    35583 : 00000000;
    35584 : 00000000;
    35585 : 00000000;
    35586 : 00000000;
    35587 : 00000000;
    35588 : 00000000;
    35589 : 00000000;
    35590 : 00000000;
    35591 : 00000000;
    35592 : 00000000;
    35593 : 00000000;
    35594 : 00000000;
    35595 : 00000000;
    35596 : 00000000;
    35597 : 00000000;
    35598 : 00000000;
    35599 : 00000000;
    35600 : 00000000;
    35601 : 00000000;
    35602 : 00000000;
    35603 : 00000000;
    35604 : 00000000;
    35605 : 00000000;
    35606 : 00000000;
    35607 : 00000000;
    35608 : 00000000;
    35609 : 00000000;
    35610 : 00000000;
    35611 : 00000000;
    35612 : 00000000;
    35613 : 00000000;
    35614 : 00000000;
    35615 : 00000000;
    35616 : 00000000;
    35617 : 00000000;
    35618 : 00000000;
    35619 : 00000000;
    35620 : 00000000;
    35621 : 00000000;
    35622 : 00000000;
    35623 : 00000000;
    35624 : 00000000;
    35625 : 00000000;
    35626 : 00000000;
    35627 : 00000000;
    35628 : 00000000;
    35629 : 00000000;
    35630 : 00000000;
    35631 : 00000000;
    35632 : 00000000;
    35633 : 00000000;
    35634 : 00000000;
    35635 : 00000000;
    35636 : 00000000;
    35637 : 00000000;
    35638 : 00000000;
    35639 : 00000000;
    35640 : 00000000;
    35641 : 00000000;
    35642 : 00000000;
    35643 : 00000000;
    35644 : 00000000;
    35645 : 00000000;
    35646 : 00000000;
    35647 : 00000000;
    35648 : 00000000;
    35649 : 00000000;
    35650 : 00000000;
    35651 : 00000000;
    35652 : 00000000;
    35653 : 00000000;
    35654 : 00000000;
    35655 : 00000000;
    35656 : 00000000;
    35657 : 00000000;
    35658 : 00000000;
    35659 : 00000000;
    35660 : 00000000;
    35661 : 00000000;
    35662 : 00000000;
    35663 : 00000000;
    35664 : 00000000;
    35665 : 00000000;
    35666 : 00000000;
    35667 : 00000000;
    35668 : 00000000;
    35669 : 00000000;
    35670 : 00000000;
    35671 : 00000000;
    35672 : 00000000;
    35673 : 00000000;
    35674 : 00000000;
    35675 : 00000000;
    35676 : 00000000;
    35677 : 00000000;
    35678 : 00000000;
    35679 : 00000000;
    35680 : 00000000;
    35681 : 00000000;
    35682 : 00000000;
    35683 : 00000000;
    35684 : 00000000;
    35685 : 00000000;
    35686 : 00000000;
    35687 : 00000000;
    35688 : 00000000;
    35689 : 00000000;
    35690 : 00000000;
    35691 : 00000000;
    35692 : 00000000;
    35693 : 00000000;
    35694 : 00000000;
    35695 : 00000000;
    35696 : 00000000;
    35697 : 00000000;
    35698 : 00000000;
    35699 : 00000000;
    35700 : 00000000;
    35701 : 00000000;
    35702 : 00000000;
    35703 : 00000000;
    35704 : 00000000;
    35705 : 00000000;
    35706 : 00000000;
    35707 : 00000000;
    35708 : 00000000;
    35709 : 00000000;
    35710 : 00000000;
    35711 : 00000000;
    35712 : 00000000;
    35713 : 00000000;
    35714 : 00000000;
    35715 : 00000000;
    35716 : 00000000;
    35717 : 00000000;
    35718 : 00000000;
    35719 : 00000000;
    35720 : 00000000;
    35721 : 00000000;
    35722 : 00000000;
    35723 : 00000000;
    35724 : 00000000;
    35725 : 00000000;
    35726 : 00000000;
    35727 : 00000000;
    35728 : 00000000;
    35729 : 00000000;
    35730 : 00000000;
    35731 : 00000000;
    35732 : 00000000;
    35733 : 00000000;
    35734 : 00000000;
    35735 : 00000000;
    35736 : 00000000;
    35737 : 00000000;
    35738 : 00000000;
    35739 : 00000000;
    35740 : 00000000;
    35741 : 00000000;
    35742 : 00000000;
    35743 : 00000000;
    35744 : 00000000;
    35745 : 00000000;
    35746 : 00000000;
    35747 : 00000000;
    35748 : 00000000;
    35749 : 00000000;
    35750 : 00000000;
    35751 : 00000000;
    35752 : 00000000;
    35753 : 00000000;
    35754 : 00000000;
    35755 : 00000000;
    35756 : 00000000;
    35757 : 00000000;
    35758 : 00000000;
    35759 : 00000000;
    35760 : 00000000;
    35761 : 00000000;
    35762 : 00000000;
    35763 : 00000000;
    35764 : 00000000;
    35765 : 00000000;
    35766 : 00000000;
    35767 : 00000000;
    35768 : 00000000;
    35769 : 00000000;
    35770 : 00000000;
    35771 : 00000000;
    35772 : 00000000;
    35773 : 00000000;
    35774 : 00000000;
    35775 : 00000000;
    35776 : 00000000;
    35777 : 00000000;
    35778 : 00000000;
    35779 : 00000000;
    35780 : 00000000;
    35781 : 00000000;
    35782 : 00000000;
    35783 : 00000000;
    35784 : 00000000;
    35785 : 00000000;
    35786 : 00000000;
    35787 : 00000000;
    35788 : 00000000;
    35789 : 00000000;
    35790 : 00000000;
    35791 : 00000000;
    35792 : 00000000;
    35793 : 00000000;
    35794 : 00000000;
    35795 : 00000000;
    35796 : 00000000;
    35797 : 00000000;
    35798 : 00000000;
    35799 : 00000000;
    35800 : 00000000;
    35801 : 00000000;
    35802 : 00000000;
    35803 : 00000000;
    35804 : 00000000;
    35805 : 00000000;
    35806 : 00000000;
    35807 : 00000000;
    35808 : 00000000;
    35809 : 00000000;
    35810 : 00000000;
    35811 : 00000000;
    35812 : 00000000;
    35813 : 00000000;
    35814 : 00000000;
    35815 : 00000000;
    35816 : 00000000;
    35817 : 00000000;
    35818 : 00000000;
    35819 : 00000000;
    35820 : 00000000;
    35821 : 00000000;
    35822 : 00000000;
    35823 : 00000000;
    35824 : 00000000;
    35825 : 00000000;
    35826 : 00000000;
    35827 : 00000000;
    35828 : 00000000;
    35829 : 00000000;
    35830 : 00000000;
    35831 : 00000000;
    35832 : 00000000;
    35833 : 00000000;
    35834 : 00000000;
    35835 : 00000000;
    35836 : 53494730;
    35837 : 00000074;
    35838 : 00000098;
    35839 : 00000024;
    35840 : 27000293;
    35841 : FFF00F93;
    35842 : 00000813;
    35843 : 010FB033;
    35844 : 0002A023;
    35845 : 00100F13;
    35846 : 80100793;
    35847 : 00FF30B3;
    35848 : 0012A223;
    35849 : 00000E93;
    35850 : FFF00713;
    35851 : 00EEB133;
    35852 : 0022A423;
    35853 : 7FF00E13;
    35854 : FFFFF6B7;
    35855 : DCC68693;
    35856 : 00DE31B3;
    35857 : 0032A623;
    35858 : 00000D93;
    35859 : 80000637;
    35860 : 00CDB233;
    35861 : 0042A823;
    35862 : 28400093;
    35863 : 00001D37;
    35864 : 800D0D13;
    35865 : 000015B7;
    35866 : 23458593;
    35867 : 00BD32B3;
    35868 : 0050A023;
    35869 : 07654CB7;
    35870 : 321C8C93;
    35871 : FFF00513;
    35872 : 00ACB333;
    35873 : 0060A223;
    35874 : 80000C37;
    35875 : FFFC0C13;
    35876 : 00100493;
    35877 : 009C33B3;
    35878 : 0070A423;
    35879 : 00100B93;
    35880 : 80000437;
    35881 : FFF40413;
    35882 : 008BB433;
    35883 : 0080A623;
    35884 : FFF00B13;
    35885 : 076543B7;
    35886 : 32138393;
    35887 : 007B34B3;
    35888 : 0090A823;
    35889 : 29800093;
    35890 : 00001AB7;
    35891 : 234A8A93;
    35892 : 00001337;
    35893 : 80030313;
    35894 : 006AB533;
    35895 : 00A0A023;
    35896 : 80000A37;
    35897 : 00000293;
    35898 : 005A35B3;
    35899 : 00B0A223;
    35900 : FFFFF9B7;
    35901 : DCC98993;
    35902 : 7FF00213;
    35903 : 0049B633;
    35904 : 00C0A423;
    35905 : FFF00913;
    35906 : FFF00193;
    35907 : 003936B3;
    35908 : 00D0A623;
    35909 : 80100893;
    35910 : 00100113;
    35911 : 0028B733;
    35912 : 00E0A823;
    35913 : 2AC00113;
    35914 : 00000813;
    35915 : 00000093;
    35916 : 001837B3;
    35917 : 00F12023;
    35918 : FFF00793;
    35919 : 00000013;
    35920 : 0007B833;
    35921 : 01012223;
    35922 : 00100713;
    35923 : 80100F93;
    35924 : 01F738B3;
    35925 : 01112423;
    35926 : 00000693;
    35927 : FFF00F13;
    35928 : 01E6B933;
    35929 : 01212623;
    35930 : 7FF00613;
    35931 : FFFFFEB7;
    35932 : DCCE8E93;
    35933 : 01D639B3;
    35934 : 01312823;
    35935 : 2C000093;
    35936 : 00000593;
    35937 : 80000E37;
    35938 : 01C5BA33;
    35939 : 0140A023;
    35940 : 00001537;
    35941 : 80050513;
    35942 : 00001DB7;
    35943 : 234D8D93;
    35944 : 01B53AB3;
    35945 : 0150A223;
    35946 : 076544B7;
    35947 : 32148493;
    35948 : FFF00D13;
    35949 : 01A4BB33;
    35950 : 0160A423;
    35951 : 80000437;
    35952 : FFF40413;
    35953 : 00100C93;
    35954 : 01943BB3;
    35955 : 0170A623;
    35956 : 00100393;
    35957 : 80000C37;
    35958 : FFFC0C13;
    35959 : 0183BC33;
    35960 : 0180A823;
    35961 : 2D400093;
    35962 : FFF00313;
    35963 : 07654BB7;
    35964 : 321B8B93;
    35965 : 01733CB3;
    35966 : 0190A023;
    35967 : 000012B7;
    35968 : 23428293;
    35969 : 00001B37;
    35970 : 800B0B13;
    35971 : 0162BD33;
    35972 : 01A0A223;
    35973 : 80000237;
    35974 : 00000A93;
    35975 : 01523DB3;
    35976 : 01B0A423;
    35977 : FFFFF1B7;
    35978 : DCC18193;
    35979 : 7FF00A13;
    35980 : 0141BE33;
    35981 : 01C0A623;
    35982 : FFF00113;
    35983 : FFF00993;
    35984 : 01313EB3;
    35985 : 01D0A823;
    35986 : 2E800113;
    35987 : 80100093;
    35988 : 00100913;
    35989 : 0120BF33;
    35990 : 01E12023;
    35991 : 00000013;
    35992 : 00000893;
    35993 : 01103FB3;
    35994 : 01F12223;
    35995 : 00000073;
    35996 : FFFFFFFF;
    35997 : FFFFFFFF;
    35998 : FFFFFFFF;
    35999 : FFFFFFFF;
    36000 : FFFFFFFF;
    36001 : FFFFFFFF;
    36002 : FFFFFFFF;
    36003 : FFFFFFFF;
    36004 : FFFFFFFF;
    36005 : FFFFFFFF;
    36006 : FFFFFFFF;
    36007 : FFFFFFFF;
    36008 : FFFFFFFF;
    36009 : FFFFFFFF;
    36010 : FFFFFFFF;
    36011 : FFFFFFFF;
    36012 : FFFFFFFF;
    36013 : FFFFFFFF;
    36014 : FFFFFFFF;
    36015 : FFFFFFFF;
    36016 : FFFFFFFF;
    36017 : FFFFFFFF;
    36018 : FFFFFFFF;
    36019 : FFFFFFFF;
    36020 : FFFFFFFF;
    36021 : FFFFFFFF;
    36022 : FFFFFFFF;
    36023 : FFFFFFFF;
    36024 : FFFFFFFF;
    36025 : FFFFFFFF;
    36026 : FFFFFFFF;
    36027 : FFFFFFFF;
    36028 : FFFFFFFF;
    36029 : FFFFFFFF;
    36030 : FFFFFFFF;
    36031 : 00000000;
    36032 : 00000000;
    36033 : 00000000;
    36034 : 00000000;
    36035 : 00000000;
    36036 : 00000000;
    36037 : 00000000;
    36038 : 00000000;
    36039 : 00000000;
    36040 : 00000000;
    36041 : 00000000;
    36042 : 00000000;
    36043 : 00000000;
    36044 : 00000000;
    36045 : 00000000;
    36046 : 00000000;
    36047 : 00000000;
    36048 : 00000000;
    36049 : 00000000;
    36050 : 00000000;
    36051 : 00000000;
    36052 : 00000000;
    36053 : 00000000;
    36054 : 00000000;
    36055 : 00000000;
    36056 : 00000000;
    36057 : 00000000;
    36058 : 00000000;
    36059 : 00000000;
    36060 : 00000000;
    36061 : 00000000;
    36062 : 00000000;
    36063 : 00000000;
    36064 : 00000000;
    36065 : 00000000;
    36066 : 00000000;
    36067 : 00000000;
    36068 : 00000000;
    36069 : 00000000;
    36070 : 00000000;
    36071 : 00000000;
    36072 : 00000000;
    36073 : 00000000;
    36074 : 00000000;
    36075 : 00000000;
    36076 : 00000000;
    36077 : 00000000;
    36078 : 00000000;
    36079 : 00000000;
    36080 : 00000000;
    36081 : 00000000;
    36082 : 00000000;
    36083 : 00000000;
    36084 : 00000000;
    36085 : 00000000;
    36086 : 00000000;
    36087 : 00000000;
    36088 : 00000000;
    36089 : 00000000;
    36090 : 00000000;
    36091 : 00000000;
    36092 : 00000000;
    36093 : 00000000;
    36094 : 00000000;
    36095 : 00000000;
    36096 : 00000000;
    36097 : 00000000;
    36098 : 00000000;
    36099 : 00000000;
    36100 : 00000000;
    36101 : 00000000;
    36102 : 00000000;
    36103 : 00000000;
    36104 : 00000000;
    36105 : 00000000;
    36106 : 00000000;
    36107 : 00000000;
    36108 : 00000000;
    36109 : 00000000;
    36110 : 00000000;
    36111 : 00000000;
    36112 : 00000000;
    36113 : 00000000;
    36114 : 00000000;
    36115 : 00000000;
    36116 : 00000000;
    36117 : 00000000;
    36118 : 00000000;
    36119 : 00000000;
    36120 : 00000000;
    36121 : 00000000;
    36122 : 00000000;
    36123 : 00000000;
    36124 : 00000000;
    36125 : 00000000;
    36126 : 00000000;
    36127 : 00000000;
    36128 : 00000000;
    36129 : 00000000;
    36130 : 00000000;
    36131 : 00000000;
    36132 : 00000000;
    36133 : 00000000;
    36134 : 00000000;
    36135 : 00000000;
    36136 : 00000000;
    36137 : 00000000;
    36138 : 00000000;
    36139 : 00000000;
    36140 : 00000000;
    36141 : 00000000;
    36142 : 00000000;
    36143 : 00000000;
    36144 : 00000000;
    36145 : 00000000;
    36146 : 00000000;
    36147 : 00000000;
    36148 : 00000000;
    36149 : 00000000;
    36150 : 00000000;
    36151 : 00000000;
    36152 : 00000000;
    36153 : 00000000;
    36154 : 00000000;
    36155 : 00000000;
    36156 : 00000000;
    36157 : 00000000;
    36158 : 00000000;
    36159 : 00000000;
    36160 : 00000000;
    36161 : 00000000;
    36162 : 00000000;
    36163 : 00000000;
    36164 : 00000000;
    36165 : 00000000;
    36166 : 00000000;
    36167 : 00000000;
    36168 : 00000000;
    36169 : 00000000;
    36170 : 00000000;
    36171 : 00000000;
    36172 : 00000000;
    36173 : 00000000;
    36174 : 00000000;
    36175 : 00000000;
    36176 : 00000000;
    36177 : 00000000;
    36178 : 00000000;
    36179 : 00000000;
    36180 : 00000000;
    36181 : 00000000;
    36182 : 00000000;
    36183 : 00000000;
    36184 : 00000000;
    36185 : 00000000;
    36186 : 00000000;
    36187 : 00000000;
    36188 : 00000000;
    36189 : 00000000;
    36190 : 00000000;
    36191 : 00000000;
    36192 : 00000000;
    36193 : 00000000;
    36194 : 00000000;
    36195 : 00000000;
    36196 : 00000000;
    36197 : 00000000;
    36198 : 00000000;
    36199 : 00000000;
    36200 : 00000000;
    36201 : 00000000;
    36202 : 00000000;
    36203 : 00000000;
    36204 : 00000000;
    36205 : 00000000;
    36206 : 00000000;
    36207 : 00000000;
    36208 : 00000000;
    36209 : 00000000;
    36210 : 00000000;
    36211 : 00000000;
    36212 : 00000000;
    36213 : 00000000;
    36214 : 00000000;
    36215 : 00000000;
    36216 : 00000000;
    36217 : 00000000;
    36218 : 00000000;
    36219 : 00000000;
    36220 : 00000000;
    36221 : 00000000;
    36222 : 00000000;
    36223 : 00000000;
    36224 : 00000000;
    36225 : 00000000;
    36226 : 00000000;
    36227 : 00000000;
    36228 : 00000000;
    36229 : 00000000;
    36230 : 00000000;
    36231 : 00000000;
    36232 : 00000000;
    36233 : 00000000;
    36234 : 00000000;
    36235 : 00000000;
    36236 : 00000000;
    36237 : 00000000;
    36238 : 00000000;
    36239 : 00000000;
    36240 : 00000000;
    36241 : 00000000;
    36242 : 00000000;
    36243 : 00000000;
    36244 : 00000000;
    36245 : 00000000;
    36246 : 00000000;
    36247 : 00000000;
    36248 : 00000000;
    36249 : 00000000;
    36250 : 00000000;
    36251 : 00000000;
    36252 : 00000000;
    36253 : 00000000;
    36254 : 00000000;
    36255 : 00000000;
    36256 : 00000000;
    36257 : 00000000;
    36258 : 00000000;
    36259 : 00000000;
    36260 : 00000000;
    36261 : 00000000;
    36262 : 00000000;
    36263 : 00000000;
    36264 : 00000000;
    36265 : 00000000;
    36266 : 00000000;
    36267 : 00000000;
    36268 : 00000000;
    36269 : 00000000;
    36270 : 00000000;
    36271 : 00000000;
    36272 : 00000000;
    36273 : 00000000;
    36274 : 00000000;
    36275 : 00000000;
    36276 : 00000000;
    36277 : 00000000;
    36278 : 00000000;
    36279 : 00000000;
    36280 : 00000000;
    36281 : 00000000;
    36282 : 00000000;
    36283 : 00000000;
    36284 : 00000000;
    36285 : 00000000;
    36286 : 00000000;
    36287 : 00000000;
    36288 : 00000000;
    36289 : 00000000;
    36290 : 00000000;
    36291 : 00000000;
    36292 : 00000000;
    36293 : 00000000;
    36294 : 00000000;
    36295 : 00000000;
    36296 : 00000000;
    36297 : 00000000;
    36298 : 00000000;
    36299 : 00000000;
    36300 : 00000000;
    36301 : 00000000;
    36302 : 00000000;
    36303 : 00000000;
    36304 : 00000000;
    36305 : 00000000;
    36306 : 00000000;
    36307 : 00000000;
    36308 : 00000000;
    36309 : 00000000;
    36310 : 00000000;
    36311 : 00000000;
    36312 : 00000000;
    36313 : 00000000;
    36314 : 00000000;
    36315 : 00000000;
    36316 : 00000000;
    36317 : 00000000;
    36318 : 00000000;
    36319 : 00000000;
    36320 : 00000000;
    36321 : 00000000;
    36322 : 00000000;
    36323 : 00000000;
    36324 : 00000000;
    36325 : 00000000;
    36326 : 00000000;
    36327 : 00000000;
    36328 : 00000000;
    36329 : 00000000;
    36330 : 00000000;
    36331 : 00000000;
    36332 : 00000000;
    36333 : 00000000;
    36334 : 00000000;
    36335 : 00000000;
    36336 : 00000000;
    36337 : 00000000;
    36338 : 00000000;
    36339 : 00000000;
    36340 : 00000000;
    36341 : 00000000;
    36342 : 00000000;
    36343 : 00000000;
    36344 : 00000000;
    36345 : 00000000;
    36346 : 00000000;
    36347 : 00000000;
    36348 : 00000000;
    36349 : 00000000;
    36350 : 00000000;
    36351 : 00000000;
    36352 : 00000000;
    36353 : 00000000;
    36354 : 00000000;
    36355 : 00000000;
    36356 : 00000000;
    36357 : 00000000;
    36358 : 00000000;
    36359 : 00000000;
    36360 : 00000000;
    36361 : 00000000;
    36362 : 00000000;
    36363 : 00000000;
    36364 : 00000000;
    36365 : 00000000;
    36366 : 00000000;
    36367 : 00000000;
    36368 : 00000000;
    36369 : 00000000;
    36370 : 00000000;
    36371 : 00000000;
    36372 : 00000000;
    36373 : 00000000;
    36374 : 00000000;
    36375 : 00000000;
    36376 : 00000000;
    36377 : 00000000;
    36378 : 00000000;
    36379 : 00000000;
    36380 : 00000000;
    36381 : 00000000;
    36382 : 00000000;
    36383 : 00000000;
    36384 : 00000000;
    36385 : 00000000;
    36386 : 00000000;
    36387 : 00000000;
    36388 : 00000000;
    36389 : 00000000;
    36390 : 00000000;
    36391 : 00000000;
    36392 : 00000000;
    36393 : 00000000;
    36394 : 00000000;
    36395 : 00000000;
    36396 : 00000000;
    36397 : 00000000;
    36398 : 00000000;
    36399 : 00000000;
    36400 : 00000000;
    36401 : 00000000;
    36402 : 00000000;
    36403 : 00000000;
    36404 : 00000000;
    36405 : 00000000;
    36406 : 00000000;
    36407 : 00000000;
    36408 : 00000000;
    36409 : 00000000;
    36410 : 00000000;
    36411 : 00000000;
    36412 : 00000000;
    36413 : 00000000;
    36414 : 00000000;
    36415 : 00000000;
    36416 : 00000000;
    36417 : 00000000;
    36418 : 00000000;
    36419 : 00000000;
    36420 : 00000000;
    36421 : 00000000;
    36422 : 00000000;
    36423 : 00000000;
    36424 : 00000000;
    36425 : 00000000;
    36426 : 00000000;
    36427 : 00000000;
    36428 : 00000000;
    36429 : 00000000;
    36430 : 00000000;
    36431 : 00000000;
    36432 : 00000000;
    36433 : 00000000;
    36434 : 00000000;
    36435 : 00000000;
    36436 : 00000000;
    36437 : 00000000;
    36438 : 00000000;
    36439 : 00000000;
    36440 : 00000000;
    36441 : 00000000;
    36442 : 00000000;
    36443 : 00000000;
    36444 : 00000000;
    36445 : 00000000;
    36446 : 00000000;
    36447 : 00000000;
    36448 : 00000000;
    36449 : 00000000;
    36450 : 00000000;
    36451 : 00000000;
    36452 : 00000000;
    36453 : 00000000;
    36454 : 00000000;
    36455 : 00000000;
    36456 : 00000000;
    36457 : 00000000;
    36458 : 00000000;
    36459 : 00000000;
    36460 : 00000000;
    36461 : 00000000;
    36462 : 00000000;
    36463 : 00000000;
    36464 : 00000000;
    36465 : 00000000;
    36466 : 00000000;
    36467 : 00000000;
    36468 : 00000000;
    36469 : 00000000;
    36470 : 00000000;
    36471 : 00000000;
    36472 : 00000000;
    36473 : 00000000;
    36474 : 00000000;
    36475 : 00000000;
    36476 : 00000000;
    36477 : 00000000;
    36478 : 00000000;
    36479 : 00000000;
    36480 : 00000000;
    36481 : 00000000;
    36482 : 00000000;
    36483 : 00000000;
    36484 : 00000000;
    36485 : 00000000;
    36486 : 00000000;
    36487 : 00000000;
    36488 : 00000000;
    36489 : 00000000;
    36490 : 00000000;
    36491 : 00000000;
    36492 : 00000000;
    36493 : 00000000;
    36494 : 00000000;
    36495 : 00000000;
    36496 : 00000000;
    36497 : 00000000;
    36498 : 00000000;
    36499 : 00000000;
    36500 : 00000000;
    36501 : 00000000;
    36502 : 00000000;
    36503 : 00000000;
    36504 : 00000000;
    36505 : 00000000;
    36506 : 00000000;
    36507 : 00000000;
    36508 : 00000000;
    36509 : 00000000;
    36510 : 00000000;
    36511 : 00000000;
    36512 : 00000000;
    36513 : 00000000;
    36514 : 00000000;
    36515 : 00000000;
    36516 : 00000000;
    36517 : 00000000;
    36518 : 00000000;
    36519 : 00000000;
    36520 : 00000000;
    36521 : 00000000;
    36522 : 00000000;
    36523 : 00000000;
    36524 : 00000000;
    36525 : 00000000;
    36526 : 00000000;
    36527 : 00000000;
    36528 : 00000000;
    36529 : 00000000;
    36530 : 00000000;
    36531 : 00000000;
    36532 : 00000000;
    36533 : 00000000;
    36534 : 00000000;
    36535 : 00000000;
    36536 : 00000000;
    36537 : 00000000;
    36538 : 00000000;
    36539 : 00000000;
    36540 : 00000000;
    36541 : 00000000;
    36542 : 00000000;
    36543 : 00000000;
    36544 : 00000000;
    36545 : 00000000;
    36546 : 00000000;
    36547 : 00000000;
    36548 : 00000000;
    36549 : 00000000;
    36550 : 00000000;
    36551 : 00000000;
    36552 : 00000000;
    36553 : 00000000;
    36554 : 00000000;
    36555 : 00000000;
    36556 : 00000000;
    36557 : 00000000;
    36558 : 00000000;
    36559 : 00000000;
    36560 : 00000000;
    36561 : 00000000;
    36562 : 00000000;
    36563 : 00000000;
    36564 : 00000000;
    36565 : 00000000;
    36566 : 00000000;
    36567 : 00000000;
    36568 : 00000000;
    36569 : 00000000;
    36570 : 00000000;
    36571 : 00000000;
    36572 : 00000000;
    36573 : 00000000;
    36574 : 00000000;
    36575 : 00000000;
    36576 : 00000000;
    36577 : 00000000;
    36578 : 00000000;
    36579 : 00000000;
    36580 : 00000000;
    36581 : 00000000;
    36582 : 00000000;
    36583 : 00000000;
    36584 : 00000000;
    36585 : 00000000;
    36586 : 00000000;
    36587 : 00000000;
    36588 : 00000000;
    36589 : 00000000;
    36590 : 00000000;
    36591 : 00000000;
    36592 : 00000000;
    36593 : 00000000;
    36594 : 00000000;
    36595 : 00000000;
    36596 : 00000000;
    36597 : 00000000;
    36598 : 00000000;
    36599 : 00000000;
    36600 : 00000000;
    36601 : 00000000;
    36602 : 00000000;
    36603 : 00000000;
    36604 : 00000000;
    36605 : 00000000;
    36606 : 00000000;
    36607 : 00000000;
    36608 : 00000000;
    36609 : 00000000;
    36610 : 00000000;
    36611 : 00000000;
    36612 : 00000000;
    36613 : 00000000;
    36614 : 00000000;
    36615 : 00000000;
    36616 : 00000000;
    36617 : 00000000;
    36618 : 00000000;
    36619 : 00000000;
    36620 : 00000000;
    36621 : 00000000;
    36622 : 00000000;
    36623 : 00000000;
    36624 : 00000000;
    36625 : 00000000;
    36626 : 00000000;
    36627 : 00000000;
    36628 : 00000000;
    36629 : 00000000;
    36630 : 00000000;
    36631 : 00000000;
    36632 : 00000000;
    36633 : 00000000;
    36634 : 00000000;
    36635 : 00000000;
    36636 : 00000000;
    36637 : 00000000;
    36638 : 00000000;
    36639 : 00000000;
    36640 : 00000000;
    36641 : 00000000;
    36642 : 00000000;
    36643 : 00000000;
    36644 : 00000000;
    36645 : 00000000;
    36646 : 00000000;
    36647 : 00000000;
    36648 : 00000000;
    36649 : 00000000;
    36650 : 00000000;
    36651 : 00000000;
    36652 : 00000000;
    36653 : 00000000;
    36654 : 00000000;
    36655 : 00000000;
    36656 : 00000000;
    36657 : 00000000;
    36658 : 00000000;
    36659 : 00000000;
    36660 : 00000000;
    36661 : 00000000;
    36662 : 00000000;
    36663 : 00000000;
    36664 : 00000000;
    36665 : 00000000;
    36666 : 00000000;
    36667 : 00000000;
    36668 : 00000000;
    36669 : 00000000;
    36670 : 00000000;
    36671 : 00000000;
    36672 : 00000000;
    36673 : 00000000;
    36674 : 00000000;
    36675 : 00000000;
    36676 : 00000000;
    36677 : 00000000;
    36678 : 00000000;
    36679 : 00000000;
    36680 : 00000000;
    36681 : 00000000;
    36682 : 00000000;
    36683 : 00000000;
    36684 : 00000000;
    36685 : 00000000;
    36686 : 00000000;
    36687 : 00000000;
    36688 : 00000000;
    36689 : 00000000;
    36690 : 00000000;
    36691 : 00000000;
    36692 : 00000000;
    36693 : 00000000;
    36694 : 00000000;
    36695 : 00000000;
    36696 : 00000000;
    36697 : 00000000;
    36698 : 00000000;
    36699 : 00000000;
    36700 : 00000000;
    36701 : 00000000;
    36702 : 00000000;
    36703 : 00000000;
    36704 : 00000000;
    36705 : 00000000;
    36706 : 00000000;
    36707 : 00000000;
    36708 : 00000000;
    36709 : 00000000;
    36710 : 00000000;
    36711 : 00000000;
    36712 : 00000000;
    36713 : 00000000;
    36714 : 00000000;
    36715 : 00000000;
    36716 : 00000000;
    36717 : 00000000;
    36718 : 00000000;
    36719 : 00000000;
    36720 : 00000000;
    36721 : 00000000;
    36722 : 00000000;
    36723 : 00000000;
    36724 : 00000000;
    36725 : 00000000;
    36726 : 00000000;
    36727 : 00000000;
    36728 : 00000000;
    36729 : 00000000;
    36730 : 00000000;
    36731 : 00000000;
    36732 : 00000000;
    36733 : 00000000;
    36734 : 00000000;
    36735 : 00000000;
    36736 : 00000000;
    36737 : 00000000;
    36738 : 00000000;
    36739 : 00000000;
    36740 : 00000000;
    36741 : 00000000;
    36742 : 00000000;
    36743 : 00000000;
    36744 : 00000000;
    36745 : 00000000;
    36746 : 00000000;
    36747 : 00000000;
    36748 : 00000000;
    36749 : 00000000;
    36750 : 00000000;
    36751 : 00000000;
    36752 : 00000000;
    36753 : 00000000;
    36754 : 00000000;
    36755 : 00000000;
    36756 : 00000000;
    36757 : 00000000;
    36758 : 00000000;
    36759 : 00000000;
    36760 : 00000000;
    36761 : 00000000;
    36762 : 00000000;
    36763 : 00000000;
    36764 : 00000000;
    36765 : 00000000;
    36766 : 00000000;
    36767 : 00000000;
    36768 : 00000000;
    36769 : 00000000;
    36770 : 00000000;
    36771 : 00000000;
    36772 : 00000000;
    36773 : 00000000;
    36774 : 00000000;
    36775 : 00000000;
    36776 : 00000000;
    36777 : 00000000;
    36778 : 00000000;
    36779 : 00000000;
    36780 : 00000000;
    36781 : 00000000;
    36782 : 00000000;
    36783 : 00000000;
    36784 : 00000000;
    36785 : 00000000;
    36786 : 00000000;
    36787 : 00000000;
    36788 : 00000000;
    36789 : 00000000;
    36790 : 00000000;
    36791 : 00000000;
    36792 : 00000000;
    36793 : 00000000;
    36794 : 00000000;
    36795 : 00000000;
    36796 : 00000000;
    36797 : 00000000;
    36798 : 00000000;
    36799 : 00000000;
    36800 : 00000000;
    36801 : 00000000;
    36802 : 00000000;
    36803 : 00000000;
    36804 : 00000000;
    36805 : 00000000;
    36806 : 00000000;
    36807 : 00000000;
    36808 : 00000000;
    36809 : 00000000;
    36810 : 00000000;
    36811 : 00000000;
    36812 : 00000000;
    36813 : 00000000;
    36814 : 00000000;
    36815 : 00000000;
    36816 : 00000000;
    36817 : 00000000;
    36818 : 00000000;
    36819 : 00000000;
    36820 : 00000000;
    36821 : 00000000;
    36822 : 00000000;
    36823 : 00000000;
    36824 : 00000000;
    36825 : 00000000;
    36826 : 00000000;
    36827 : 00000000;
    36828 : 00000000;
    36829 : 00000000;
    36830 : 00000000;
    36831 : 00000000;
    36832 : 00000000;
    36833 : 00000000;
    36834 : 00000000;
    36835 : 00000000;
    36836 : 00000000;
    36837 : 00000000;
    36838 : 00000000;
    36839 : 00000000;
    36840 : 00000000;
    36841 : 00000000;
    36842 : 00000000;
    36843 : 00000000;
    36844 : 00000000;
    36845 : 00000000;
    36846 : 00000000;
    36847 : 00000000;
    36848 : 00000000;
    36849 : 00000000;
    36850 : 00000000;
    36851 : 00000000;
    36852 : 00000000;
    36853 : 00000000;
    36854 : 00000000;
    36855 : 00000000;
    36856 : 00000000;
    36857 : 00000000;
    36858 : 00000000;
    36859 : 00000000;
    36860 : 53494730;
    36861 : 0000009C;
    36862 : 000000C0;
    36863 : 00000024;
    36864 : 25000293;
    36865 : FFF00F93;
    36866 : 00000813;
    36867 : 410FD033;
    36868 : 0002A023;
    36869 : 00100F13;
    36870 : 00000793;
    36871 : 40FF50B3;
    36872 : 0012A223;
    36873 : 00000E93;
    36874 : 00100713;
    36875 : 40EED133;
    36876 : 0022A423;
    36877 : 7FF00E13;
    36878 : 00400693;
    36879 : 40DE51B3;
    36880 : 0032A623;
    36881 : 00000D93;
    36882 : 00800613;
    36883 : 40CDD233;
    36884 : 0042A823;
    36885 : 26400093;
    36886 : 00001D37;
    36887 : 800D0D13;
    36888 : 01F00593;
    36889 : 40BD52B3;
    36890 : 0050A023;
    36891 : 07654CB7;
    36892 : 321C8C93;
    36893 : 01000513;
    36894 : 40ACD333;
    36895 : 0060A223;
    36896 : 80000C37;
    36897 : FFFC0C13;
    36898 : 00100493;
    36899 : 409C53B3;
    36900 : 0070A423;
    36901 : 00100B93;
    36902 : 00000413;
    36903 : 408BD433;
    36904 : 0080A623;
    36905 : FFF00B13;
    36906 : 00000393;
    36907 : 407B54B3;
    36908 : 0090A823;
    36909 : 27800093;
    36910 : 00001AB7;
    36911 : 234A8A93;
    36912 : 00100313;
    36913 : 406AD533;
    36914 : 00A0A023;
    36915 : 80000A37;
    36916 : 00400293;
    36917 : 405A55B3;
    36918 : 00B0A223;
    36919 : FFFFF9B7;
    36920 : DCC98993;
    36921 : 00800213;
    36922 : 4049D633;
    36923 : 00C0A423;
    36924 : FFF00913;
    36925 : 01F00193;
    36926 : 403956B3;
    36927 : 00D0A623;
    36928 : 80100893;
    36929 : 01000113;
    36930 : 4028D733;
    36931 : 00E0A823;
    36932 : 28C00113;
    36933 : 00000813;
    36934 : 00100093;
    36935 : 401857B3;
    36936 : 00F12023;
    36937 : FFF00793;
    36938 : 00000013;
    36939 : 4007D833;
    36940 : 01012223;
    36941 : 00100713;
    36942 : 00000F93;
    36943 : 41F758B3;
    36944 : 01112423;
    36945 : 00000693;
    36946 : 00100F13;
    36947 : 41E6D933;
    36948 : 01212623;
    36949 : 7FF00613;
    36950 : 00400E93;
    36951 : 41D659B3;
    36952 : 01312823;
    36953 : 2A000093;
    36954 : 00000593;
    36955 : 00800E13;
    36956 : 41C5DA33;
    36957 : 0140A023;
    36958 : 00001537;
    36959 : 80050513;
    36960 : 01F00D93;
    36961 : 41B55AB3;
    36962 : 0150A223;
    36963 : 076544B7;
    36964 : 32148493;
    36965 : 01000D13;
    36966 : 41A4DB33;
    36967 : 0160A423;
    36968 : 80000437;
    36969 : FFF40413;
    36970 : 00100C93;
    36971 : 41945BB3;
    36972 : 0170A623;
    36973 : 00100393;
    36974 : 00000C13;
    36975 : 4183DC33;
    36976 : 0180A823;
    36977 : 2B400093;
    36978 : FFF00313;
    36979 : 00000B93;
    36980 : 41735CB3;
    36981 : 0190A023;
    36982 : 000012B7;
    36983 : 23428293;
    36984 : 00100B13;
    36985 : 4162DD33;
    36986 : 01A0A223;
    36987 : 80000237;
    36988 : 00400A93;
    36989 : 41525DB3;
    36990 : 01B0A423;
    36991 : FFFFF1B7;
    36992 : DCC18193;
    36993 : 00800A13;
    36994 : 4141DE33;
    36995 : 01C0A623;
    36996 : FFF00113;
    36997 : 01F00993;
    36998 : 41315EB3;
    36999 : 01D0A823;
    37000 : 2C800113;
    37001 : 80100093;
    37002 : 01000913;
    37003 : 4120DF33;
    37004 : 01E12023;
    37005 : 00000013;
    37006 : 00100893;
    37007 : 41105FB3;
    37008 : 01F12223;
    37009 : 00000073;
    37010 : 00000000;
    37011 : 00000000;
    37012 : FFFFFFFF;
    37013 : FFFFFFFF;
    37014 : FFFFFFFF;
    37015 : FFFFFFFF;
    37016 : FFFFFFFF;
    37017 : FFFFFFFF;
    37018 : FFFFFFFF;
    37019 : FFFFFFFF;
    37020 : FFFFFFFF;
    37021 : FFFFFFFF;
    37022 : FFFFFFFF;
    37023 : FFFFFFFF;
    37024 : FFFFFFFF;
    37025 : FFFFFFFF;
    37026 : FFFFFFFF;
    37027 : FFFFFFFF;
    37028 : FFFFFFFF;
    37029 : FFFFFFFF;
    37030 : FFFFFFFF;
    37031 : FFFFFFFF;
    37032 : FFFFFFFF;
    37033 : FFFFFFFF;
    37034 : FFFFFFFF;
    37035 : FFFFFFFF;
    37036 : FFFFFFFF;
    37037 : FFFFFFFF;
    37038 : FFFFFFFF;
    37039 : FFFFFFFF;
    37040 : FFFFFFFF;
    37041 : FFFFFFFF;
    37042 : FFFFFFFF;
    37043 : FFFFFFFF;
    37044 : FFFFFFFF;
    37045 : FFFFFFFF;
    37046 : FFFFFFFF;
    37047 : 00000000;
    37048 : 00000000;
    37049 : 00000000;
    37050 : 00000000;
    37051 : 00000000;
    37052 : 00000000;
    37053 : 00000000;
    37054 : 00000000;
    37055 : 00000000;
    37056 : 00000000;
    37057 : 00000000;
    37058 : 00000000;
    37059 : 00000000;
    37060 : 00000000;
    37061 : 00000000;
    37062 : 00000000;
    37063 : 00000000;
    37064 : 00000000;
    37065 : 00000000;
    37066 : 00000000;
    37067 : 00000000;
    37068 : 00000000;
    37069 : 00000000;
    37070 : 00000000;
    37071 : 00000000;
    37072 : 00000000;
    37073 : 00000000;
    37074 : 00000000;
    37075 : 00000000;
    37076 : 00000000;
    37077 : 00000000;
    37078 : 00000000;
    37079 : 00000000;
    37080 : 00000000;
    37081 : 00000000;
    37082 : 00000000;
    37083 : 00000000;
    37084 : 00000000;
    37085 : 00000000;
    37086 : 00000000;
    37087 : 00000000;
    37088 : 00000000;
    37089 : 00000000;
    37090 : 00000000;
    37091 : 00000000;
    37092 : 00000000;
    37093 : 00000000;
    37094 : 00000000;
    37095 : 00000000;
    37096 : 00000000;
    37097 : 00000000;
    37098 : 00000000;
    37099 : 00000000;
    37100 : 00000000;
    37101 : 00000000;
    37102 : 00000000;
    37103 : 00000000;
    37104 : 00000000;
    37105 : 00000000;
    37106 : 00000000;
    37107 : 00000000;
    37108 : 00000000;
    37109 : 00000000;
    37110 : 00000000;
    37111 : 00000000;
    37112 : 00000000;
    37113 : 00000000;
    37114 : 00000000;
    37115 : 00000000;
    37116 : 00000000;
    37117 : 00000000;
    37118 : 00000000;
    37119 : 00000000;
    37120 : 00000000;
    37121 : 00000000;
    37122 : 00000000;
    37123 : 00000000;
    37124 : 00000000;
    37125 : 00000000;
    37126 : 00000000;
    37127 : 00000000;
    37128 : 00000000;
    37129 : 00000000;
    37130 : 00000000;
    37131 : 00000000;
    37132 : 00000000;
    37133 : 00000000;
    37134 : 00000000;
    37135 : 00000000;
    37136 : 00000000;
    37137 : 00000000;
    37138 : 00000000;
    37139 : 00000000;
    37140 : 00000000;
    37141 : 00000000;
    37142 : 00000000;
    37143 : 00000000;
    37144 : 00000000;
    37145 : 00000000;
    37146 : 00000000;
    37147 : 00000000;
    37148 : 00000000;
    37149 : 00000000;
    37150 : 00000000;
    37151 : 00000000;
    37152 : 00000000;
    37153 : 00000000;
    37154 : 00000000;
    37155 : 00000000;
    37156 : 00000000;
    37157 : 00000000;
    37158 : 00000000;
    37159 : 00000000;
    37160 : 00000000;
    37161 : 00000000;
    37162 : 00000000;
    37163 : 00000000;
    37164 : 00000000;
    37165 : 00000000;
    37166 : 00000000;
    37167 : 00000000;
    37168 : 00000000;
    37169 : 00000000;
    37170 : 00000000;
    37171 : 00000000;
    37172 : 00000000;
    37173 : 00000000;
    37174 : 00000000;
    37175 : 00000000;
    37176 : 00000000;
    37177 : 00000000;
    37178 : 00000000;
    37179 : 00000000;
    37180 : 00000000;
    37181 : 00000000;
    37182 : 00000000;
    37183 : 00000000;
    37184 : 00000000;
    37185 : 00000000;
    37186 : 00000000;
    37187 : 00000000;
    37188 : 00000000;
    37189 : 00000000;
    37190 : 00000000;
    37191 : 00000000;
    37192 : 00000000;
    37193 : 00000000;
    37194 : 00000000;
    37195 : 00000000;
    37196 : 00000000;
    37197 : 00000000;
    37198 : 00000000;
    37199 : 00000000;
    37200 : 00000000;
    37201 : 00000000;
    37202 : 00000000;
    37203 : 00000000;
    37204 : 00000000;
    37205 : 00000000;
    37206 : 00000000;
    37207 : 00000000;
    37208 : 00000000;
    37209 : 00000000;
    37210 : 00000000;
    37211 : 00000000;
    37212 : 00000000;
    37213 : 00000000;
    37214 : 00000000;
    37215 : 00000000;
    37216 : 00000000;
    37217 : 00000000;
    37218 : 00000000;
    37219 : 00000000;
    37220 : 00000000;
    37221 : 00000000;
    37222 : 00000000;
    37223 : 00000000;
    37224 : 00000000;
    37225 : 00000000;
    37226 : 00000000;
    37227 : 00000000;
    37228 : 00000000;
    37229 : 00000000;
    37230 : 00000000;
    37231 : 00000000;
    37232 : 00000000;
    37233 : 00000000;
    37234 : 00000000;
    37235 : 00000000;
    37236 : 00000000;
    37237 : 00000000;
    37238 : 00000000;
    37239 : 00000000;
    37240 : 00000000;
    37241 : 00000000;
    37242 : 00000000;
    37243 : 00000000;
    37244 : 00000000;
    37245 : 00000000;
    37246 : 00000000;
    37247 : 00000000;
    37248 : 00000000;
    37249 : 00000000;
    37250 : 00000000;
    37251 : 00000000;
    37252 : 00000000;
    37253 : 00000000;
    37254 : 00000000;
    37255 : 00000000;
    37256 : 00000000;
    37257 : 00000000;
    37258 : 00000000;
    37259 : 00000000;
    37260 : 00000000;
    37261 : 00000000;
    37262 : 00000000;
    37263 : 00000000;
    37264 : 00000000;
    37265 : 00000000;
    37266 : 00000000;
    37267 : 00000000;
    37268 : 00000000;
    37269 : 00000000;
    37270 : 00000000;
    37271 : 00000000;
    37272 : 00000000;
    37273 : 00000000;
    37274 : 00000000;
    37275 : 00000000;
    37276 : 00000000;
    37277 : 00000000;
    37278 : 00000000;
    37279 : 00000000;
    37280 : 00000000;
    37281 : 00000000;
    37282 : 00000000;
    37283 : 00000000;
    37284 : 00000000;
    37285 : 00000000;
    37286 : 00000000;
    37287 : 00000000;
    37288 : 00000000;
    37289 : 00000000;
    37290 : 00000000;
    37291 : 00000000;
    37292 : 00000000;
    37293 : 00000000;
    37294 : 00000000;
    37295 : 00000000;
    37296 : 00000000;
    37297 : 00000000;
    37298 : 00000000;
    37299 : 00000000;
    37300 : 00000000;
    37301 : 00000000;
    37302 : 00000000;
    37303 : 00000000;
    37304 : 00000000;
    37305 : 00000000;
    37306 : 00000000;
    37307 : 00000000;
    37308 : 00000000;
    37309 : 00000000;
    37310 : 00000000;
    37311 : 00000000;
    37312 : 00000000;
    37313 : 00000000;
    37314 : 00000000;
    37315 : 00000000;
    37316 : 00000000;
    37317 : 00000000;
    37318 : 00000000;
    37319 : 00000000;
    37320 : 00000000;
    37321 : 00000000;
    37322 : 00000000;
    37323 : 00000000;
    37324 : 00000000;
    37325 : 00000000;
    37326 : 00000000;
    37327 : 00000000;
    37328 : 00000000;
    37329 : 00000000;
    37330 : 00000000;
    37331 : 00000000;
    37332 : 00000000;
    37333 : 00000000;
    37334 : 00000000;
    37335 : 00000000;
    37336 : 00000000;
    37337 : 00000000;
    37338 : 00000000;
    37339 : 00000000;
    37340 : 00000000;
    37341 : 00000000;
    37342 : 00000000;
    37343 : 00000000;
    37344 : 00000000;
    37345 : 00000000;
    37346 : 00000000;
    37347 : 00000000;
    37348 : 00000000;
    37349 : 00000000;
    37350 : 00000000;
    37351 : 00000000;
    37352 : 00000000;
    37353 : 00000000;
    37354 : 00000000;
    37355 : 00000000;
    37356 : 00000000;
    37357 : 00000000;
    37358 : 00000000;
    37359 : 00000000;
    37360 : 00000000;
    37361 : 00000000;
    37362 : 00000000;
    37363 : 00000000;
    37364 : 00000000;
    37365 : 00000000;
    37366 : 00000000;
    37367 : 00000000;
    37368 : 00000000;
    37369 : 00000000;
    37370 : 00000000;
    37371 : 00000000;
    37372 : 00000000;
    37373 : 00000000;
    37374 : 00000000;
    37375 : 00000000;
    37376 : 00000000;
    37377 : 00000000;
    37378 : 00000000;
    37379 : 00000000;
    37380 : 00000000;
    37381 : 00000000;
    37382 : 00000000;
    37383 : 00000000;
    37384 : 00000000;
    37385 : 00000000;
    37386 : 00000000;
    37387 : 00000000;
    37388 : 00000000;
    37389 : 00000000;
    37390 : 00000000;
    37391 : 00000000;
    37392 : 00000000;
    37393 : 00000000;
    37394 : 00000000;
    37395 : 00000000;
    37396 : 00000000;
    37397 : 00000000;
    37398 : 00000000;
    37399 : 00000000;
    37400 : 00000000;
    37401 : 00000000;
    37402 : 00000000;
    37403 : 00000000;
    37404 : 00000000;
    37405 : 00000000;
    37406 : 00000000;
    37407 : 00000000;
    37408 : 00000000;
    37409 : 00000000;
    37410 : 00000000;
    37411 : 00000000;
    37412 : 00000000;
    37413 : 00000000;
    37414 : 00000000;
    37415 : 00000000;
    37416 : 00000000;
    37417 : 00000000;
    37418 : 00000000;
    37419 : 00000000;
    37420 : 00000000;
    37421 : 00000000;
    37422 : 00000000;
    37423 : 00000000;
    37424 : 00000000;
    37425 : 00000000;
    37426 : 00000000;
    37427 : 00000000;
    37428 : 00000000;
    37429 : 00000000;
    37430 : 00000000;
    37431 : 00000000;
    37432 : 00000000;
    37433 : 00000000;
    37434 : 00000000;
    37435 : 00000000;
    37436 : 00000000;
    37437 : 00000000;
    37438 : 00000000;
    37439 : 00000000;
    37440 : 00000000;
    37441 : 00000000;
    37442 : 00000000;
    37443 : 00000000;
    37444 : 00000000;
    37445 : 00000000;
    37446 : 00000000;
    37447 : 00000000;
    37448 : 00000000;
    37449 : 00000000;
    37450 : 00000000;
    37451 : 00000000;
    37452 : 00000000;
    37453 : 00000000;
    37454 : 00000000;
    37455 : 00000000;
    37456 : 00000000;
    37457 : 00000000;
    37458 : 00000000;
    37459 : 00000000;
    37460 : 00000000;
    37461 : 00000000;
    37462 : 00000000;
    37463 : 00000000;
    37464 : 00000000;
    37465 : 00000000;
    37466 : 00000000;
    37467 : 00000000;
    37468 : 00000000;
    37469 : 00000000;
    37470 : 00000000;
    37471 : 00000000;
    37472 : 00000000;
    37473 : 00000000;
    37474 : 00000000;
    37475 : 00000000;
    37476 : 00000000;
    37477 : 00000000;
    37478 : 00000000;
    37479 : 00000000;
    37480 : 00000000;
    37481 : 00000000;
    37482 : 00000000;
    37483 : 00000000;
    37484 : 00000000;
    37485 : 00000000;
    37486 : 00000000;
    37487 : 00000000;
    37488 : 00000000;
    37489 : 00000000;
    37490 : 00000000;
    37491 : 00000000;
    37492 : 00000000;
    37493 : 00000000;
    37494 : 00000000;
    37495 : 00000000;
    37496 : 00000000;
    37497 : 00000000;
    37498 : 00000000;
    37499 : 00000000;
    37500 : 00000000;
    37501 : 00000000;
    37502 : 00000000;
    37503 : 00000000;
    37504 : 00000000;
    37505 : 00000000;
    37506 : 00000000;
    37507 : 00000000;
    37508 : 00000000;
    37509 : 00000000;
    37510 : 00000000;
    37511 : 00000000;
    37512 : 00000000;
    37513 : 00000000;
    37514 : 00000000;
    37515 : 00000000;
    37516 : 00000000;
    37517 : 00000000;
    37518 : 00000000;
    37519 : 00000000;
    37520 : 00000000;
    37521 : 00000000;
    37522 : 00000000;
    37523 : 00000000;
    37524 : 00000000;
    37525 : 00000000;
    37526 : 00000000;
    37527 : 00000000;
    37528 : 00000000;
    37529 : 00000000;
    37530 : 00000000;
    37531 : 00000000;
    37532 : 00000000;
    37533 : 00000000;
    37534 : 00000000;
    37535 : 00000000;
    37536 : 00000000;
    37537 : 00000000;
    37538 : 00000000;
    37539 : 00000000;
    37540 : 00000000;
    37541 : 00000000;
    37542 : 00000000;
    37543 : 00000000;
    37544 : 00000000;
    37545 : 00000000;
    37546 : 00000000;
    37547 : 00000000;
    37548 : 00000000;
    37549 : 00000000;
    37550 : 00000000;
    37551 : 00000000;
    37552 : 00000000;
    37553 : 00000000;
    37554 : 00000000;
    37555 : 00000000;
    37556 : 00000000;
    37557 : 00000000;
    37558 : 00000000;
    37559 : 00000000;
    37560 : 00000000;
    37561 : 00000000;
    37562 : 00000000;
    37563 : 00000000;
    37564 : 00000000;
    37565 : 00000000;
    37566 : 00000000;
    37567 : 00000000;
    37568 : 00000000;
    37569 : 00000000;
    37570 : 00000000;
    37571 : 00000000;
    37572 : 00000000;
    37573 : 00000000;
    37574 : 00000000;
    37575 : 00000000;
    37576 : 00000000;
    37577 : 00000000;
    37578 : 00000000;
    37579 : 00000000;
    37580 : 00000000;
    37581 : 00000000;
    37582 : 00000000;
    37583 : 00000000;
    37584 : 00000000;
    37585 : 00000000;
    37586 : 00000000;
    37587 : 00000000;
    37588 : 00000000;
    37589 : 00000000;
    37590 : 00000000;
    37591 : 00000000;
    37592 : 00000000;
    37593 : 00000000;
    37594 : 00000000;
    37595 : 00000000;
    37596 : 00000000;
    37597 : 00000000;
    37598 : 00000000;
    37599 : 00000000;
    37600 : 00000000;
    37601 : 00000000;
    37602 : 00000000;
    37603 : 00000000;
    37604 : 00000000;
    37605 : 00000000;
    37606 : 00000000;
    37607 : 00000000;
    37608 : 00000000;
    37609 : 00000000;
    37610 : 00000000;
    37611 : 00000000;
    37612 : 00000000;
    37613 : 00000000;
    37614 : 00000000;
    37615 : 00000000;
    37616 : 00000000;
    37617 : 00000000;
    37618 : 00000000;
    37619 : 00000000;
    37620 : 00000000;
    37621 : 00000000;
    37622 : 00000000;
    37623 : 00000000;
    37624 : 00000000;
    37625 : 00000000;
    37626 : 00000000;
    37627 : 00000000;
    37628 : 00000000;
    37629 : 00000000;
    37630 : 00000000;
    37631 : 00000000;
    37632 : 00000000;
    37633 : 00000000;
    37634 : 00000000;
    37635 : 00000000;
    37636 : 00000000;
    37637 : 00000000;
    37638 : 00000000;
    37639 : 00000000;
    37640 : 00000000;
    37641 : 00000000;
    37642 : 00000000;
    37643 : 00000000;
    37644 : 00000000;
    37645 : 00000000;
    37646 : 00000000;
    37647 : 00000000;
    37648 : 00000000;
    37649 : 00000000;
    37650 : 00000000;
    37651 : 00000000;
    37652 : 00000000;
    37653 : 00000000;
    37654 : 00000000;
    37655 : 00000000;
    37656 : 00000000;
    37657 : 00000000;
    37658 : 00000000;
    37659 : 00000000;
    37660 : 00000000;
    37661 : 00000000;
    37662 : 00000000;
    37663 : 00000000;
    37664 : 00000000;
    37665 : 00000000;
    37666 : 00000000;
    37667 : 00000000;
    37668 : 00000000;
    37669 : 00000000;
    37670 : 00000000;
    37671 : 00000000;
    37672 : 00000000;
    37673 : 00000000;
    37674 : 00000000;
    37675 : 00000000;
    37676 : 00000000;
    37677 : 00000000;
    37678 : 00000000;
    37679 : 00000000;
    37680 : 00000000;
    37681 : 00000000;
    37682 : 00000000;
    37683 : 00000000;
    37684 : 00000000;
    37685 : 00000000;
    37686 : 00000000;
    37687 : 00000000;
    37688 : 00000000;
    37689 : 00000000;
    37690 : 00000000;
    37691 : 00000000;
    37692 : 00000000;
    37693 : 00000000;
    37694 : 00000000;
    37695 : 00000000;
    37696 : 00000000;
    37697 : 00000000;
    37698 : 00000000;
    37699 : 00000000;
    37700 : 00000000;
    37701 : 00000000;
    37702 : 00000000;
    37703 : 00000000;
    37704 : 00000000;
    37705 : 00000000;
    37706 : 00000000;
    37707 : 00000000;
    37708 : 00000000;
    37709 : 00000000;
    37710 : 00000000;
    37711 : 00000000;
    37712 : 00000000;
    37713 : 00000000;
    37714 : 00000000;
    37715 : 00000000;
    37716 : 00000000;
    37717 : 00000000;
    37718 : 00000000;
    37719 : 00000000;
    37720 : 00000000;
    37721 : 00000000;
    37722 : 00000000;
    37723 : 00000000;
    37724 : 00000000;
    37725 : 00000000;
    37726 : 00000000;
    37727 : 00000000;
    37728 : 00000000;
    37729 : 00000000;
    37730 : 00000000;
    37731 : 00000000;
    37732 : 00000000;
    37733 : 00000000;
    37734 : 00000000;
    37735 : 00000000;
    37736 : 00000000;
    37737 : 00000000;
    37738 : 00000000;
    37739 : 00000000;
    37740 : 00000000;
    37741 : 00000000;
    37742 : 00000000;
    37743 : 00000000;
    37744 : 00000000;
    37745 : 00000000;
    37746 : 00000000;
    37747 : 00000000;
    37748 : 00000000;
    37749 : 00000000;
    37750 : 00000000;
    37751 : 00000000;
    37752 : 00000000;
    37753 : 00000000;
    37754 : 00000000;
    37755 : 00000000;
    37756 : 00000000;
    37757 : 00000000;
    37758 : 00000000;
    37759 : 00000000;
    37760 : 00000000;
    37761 : 00000000;
    37762 : 00000000;
    37763 : 00000000;
    37764 : 00000000;
    37765 : 00000000;
    37766 : 00000000;
    37767 : 00000000;
    37768 : 00000000;
    37769 : 00000000;
    37770 : 00000000;
    37771 : 00000000;
    37772 : 00000000;
    37773 : 00000000;
    37774 : 00000000;
    37775 : 00000000;
    37776 : 00000000;
    37777 : 00000000;
    37778 : 00000000;
    37779 : 00000000;
    37780 : 00000000;
    37781 : 00000000;
    37782 : 00000000;
    37783 : 00000000;
    37784 : 00000000;
    37785 : 00000000;
    37786 : 00000000;
    37787 : 00000000;
    37788 : 00000000;
    37789 : 00000000;
    37790 : 00000000;
    37791 : 00000000;
    37792 : 00000000;
    37793 : 00000000;
    37794 : 00000000;
    37795 : 00000000;
    37796 : 00000000;
    37797 : 00000000;
    37798 : 00000000;
    37799 : 00000000;
    37800 : 00000000;
    37801 : 00000000;
    37802 : 00000000;
    37803 : 00000000;
    37804 : 00000000;
    37805 : 00000000;
    37806 : 00000000;
    37807 : 00000000;
    37808 : 00000000;
    37809 : 00000000;
    37810 : 00000000;
    37811 : 00000000;
    37812 : 00000000;
    37813 : 00000000;
    37814 : 00000000;
    37815 : 00000000;
    37816 : 00000000;
    37817 : 00000000;
    37818 : 00000000;
    37819 : 00000000;
    37820 : 00000000;
    37821 : 00000000;
    37822 : 00000000;
    37823 : 00000000;
    37824 : 00000000;
    37825 : 00000000;
    37826 : 00000000;
    37827 : 00000000;
    37828 : 00000000;
    37829 : 00000000;
    37830 : 00000000;
    37831 : 00000000;
    37832 : 00000000;
    37833 : 00000000;
    37834 : 00000000;
    37835 : 00000000;
    37836 : 00000000;
    37837 : 00000000;
    37838 : 00000000;
    37839 : 00000000;
    37840 : 00000000;
    37841 : 00000000;
    37842 : 00000000;
    37843 : 00000000;
    37844 : 00000000;
    37845 : 00000000;
    37846 : 00000000;
    37847 : 00000000;
    37848 : 00000000;
    37849 : 00000000;
    37850 : 00000000;
    37851 : 00000000;
    37852 : 00000000;
    37853 : 00000000;
    37854 : 00000000;
    37855 : 00000000;
    37856 : 00000000;
    37857 : 00000000;
    37858 : 00000000;
    37859 : 00000000;
    37860 : 00000000;
    37861 : 00000000;
    37862 : 00000000;
    37863 : 00000000;
    37864 : 00000000;
    37865 : 00000000;
    37866 : 00000000;
    37867 : 00000000;
    37868 : 00000000;
    37869 : 00000000;
    37870 : 00000000;
    37871 : 00000000;
    37872 : 00000000;
    37873 : 00000000;
    37874 : 00000000;
    37875 : 00000000;
    37876 : 00000000;
    37877 : 00000000;
    37878 : 00000000;
    37879 : 00000000;
    37880 : 00000000;
    37881 : 00000000;
    37882 : 00000000;
    37883 : 00000000;
    37884 : 53494730;
    37885 : 00000094;
    37886 : 000000B8;
    37887 : 00000024;
    37888 : 1D000293;
    37889 : FFF00F93;
    37890 : 400FD013;
    37891 : 0002A023;
    37892 : 00100F13;
    37893 : 400F5093;
    37894 : 0012A223;
    37895 : 00000E93;
    37896 : 401ED113;
    37897 : 0022A423;
    37898 : 7FF00E13;
    37899 : 404E5193;
    37900 : 0032A623;
    37901 : 00000D93;
    37902 : 408DD213;
    37903 : 0042A823;
    37904 : 1E400093;
    37905 : 00001D37;
    37906 : 800D0D13;
    37907 : 41FD5293;
    37908 : 0050A023;
    37909 : 07654CB7;
    37910 : 321C8C93;
    37911 : 410CD313;
    37912 : 0060A223;
    37913 : 80000C37;
    37914 : FFFC0C13;
    37915 : 401C5393;
    37916 : 0070A423;
    37917 : 00100B93;
    37918 : 400BD413;
    37919 : 0080A623;
    37920 : FFF00B13;
    37921 : 400B5493;
    37922 : 0090A823;
    37923 : 1F800093;
    37924 : 00001AB7;
    37925 : 234A8A93;
    37926 : 401AD513;
    37927 : 00A0A023;
    37928 : 80000A37;
    37929 : 404A5593;
    37930 : 00B0A223;
    37931 : FFFFF9B7;
    37932 : DCC98993;
    37933 : 4089D613;
    37934 : 00C0A423;
    37935 : FFF00913;
    37936 : 41F95693;
    37937 : 00D0A623;
    37938 : 80100893;
    37939 : 4108D713;
    37940 : 00E0A823;
    37941 : 20C00113;
    37942 : 00000813;
    37943 : 40185793;
    37944 : 00F12023;
    37945 : FFF00793;
    37946 : 4007D813;
    37947 : 01012223;
    37948 : 00100713;
    37949 : 40075893;
    37950 : 01112423;
    37951 : 00000693;
    37952 : 4016D913;
    37953 : 01212623;
    37954 : 7FF00613;
    37955 : 40465993;
    37956 : 01312823;
    37957 : 22000093;
    37958 : 00000593;
    37959 : 4085DA13;
    37960 : 0140A023;
    37961 : 00001537;
    37962 : 80050513;
    37963 : 41F55A93;
    37964 : 0150A223;
    37965 : 076544B7;
    37966 : 32148493;
    37967 : 4104DB13;
    37968 : 0160A423;
    37969 : 80000437;
    37970 : FFF40413;
    37971 : 40145B93;
    37972 : 0170A623;
    37973 : 00100393;
    37974 : 4003DC13;
    37975 : 0180A823;
    37976 : 23400093;
    37977 : FFF00313;
    37978 : 40035C93;
    37979 : 0190A023;
    37980 : 000012B7;
    37981 : 23428293;
    37982 : 4012DD13;
    37983 : 01A0A223;
    37984 : 80000237;
    37985 : 40425D93;
    37986 : 01B0A423;
    37987 : FFFFF1B7;
    37988 : DCC18193;
    37989 : 4081DE13;
    37990 : 01C0A623;
    37991 : FFF00113;
    37992 : 41F15E93;
    37993 : 01D0A823;
    37994 : 24800113;
    37995 : 80100093;
    37996 : 4100DF13;
    37997 : 01E12023;
    37998 : 00000013;
    37999 : 40105F93;
    38000 : 01F12223;
    38001 : 00000073;
    38002 : 00000000;
    38003 : 00000000;
    38004 : FFFFFFFF;
    38005 : FFFFFFFF;
    38006 : FFFFFFFF;
    38007 : FFFFFFFF;
    38008 : FFFFFFFF;
    38009 : FFFFFFFF;
    38010 : FFFFFFFF;
    38011 : FFFFFFFF;
    38012 : FFFFFFFF;
    38013 : FFFFFFFF;
    38014 : FFFFFFFF;
    38015 : FFFFFFFF;
    38016 : FFFFFFFF;
    38017 : FFFFFFFF;
    38018 : FFFFFFFF;
    38019 : FFFFFFFF;
    38020 : FFFFFFFF;
    38021 : FFFFFFFF;
    38022 : FFFFFFFF;
    38023 : FFFFFFFF;
    38024 : FFFFFFFF;
    38025 : FFFFFFFF;
    38026 : FFFFFFFF;
    38027 : FFFFFFFF;
    38028 : FFFFFFFF;
    38029 : FFFFFFFF;
    38030 : FFFFFFFF;
    38031 : FFFFFFFF;
    38032 : FFFFFFFF;
    38033 : FFFFFFFF;
    38034 : FFFFFFFF;
    38035 : FFFFFFFF;
    38036 : FFFFFFFF;
    38037 : FFFFFFFF;
    38038 : FFFFFFFF;
    38039 : 00000000;
    38040 : 00000000;
    38041 : 00000000;
    38042 : 00000000;
    38043 : 00000000;
    38044 : 00000000;
    38045 : 00000000;
    38046 : 00000000;
    38047 : 00000000;
    38048 : 00000000;
    38049 : 00000000;
    38050 : 00000000;
    38051 : 00000000;
    38052 : 00000000;
    38053 : 00000000;
    38054 : 00000000;
    38055 : 00000000;
    38056 : 00000000;
    38057 : 00000000;
    38058 : 00000000;
    38059 : 00000000;
    38060 : 00000000;
    38061 : 00000000;
    38062 : 00000000;
    38063 : 00000000;
    38064 : 00000000;
    38065 : 00000000;
    38066 : 00000000;
    38067 : 00000000;
    38068 : 00000000;
    38069 : 00000000;
    38070 : 00000000;
    38071 : 00000000;
    38072 : 00000000;
    38073 : 00000000;
    38074 : 00000000;
    38075 : 00000000;
    38076 : 00000000;
    38077 : 00000000;
    38078 : 00000000;
    38079 : 00000000;
    38080 : 00000000;
    38081 : 00000000;
    38082 : 00000000;
    38083 : 00000000;
    38084 : 00000000;
    38085 : 00000000;
    38086 : 00000000;
    38087 : 00000000;
    38088 : 00000000;
    38089 : 00000000;
    38090 : 00000000;
    38091 : 00000000;
    38092 : 00000000;
    38093 : 00000000;
    38094 : 00000000;
    38095 : 00000000;
    38096 : 00000000;
    38097 : 00000000;
    38098 : 00000000;
    38099 : 00000000;
    38100 : 00000000;
    38101 : 00000000;
    38102 : 00000000;
    38103 : 00000000;
    38104 : 00000000;
    38105 : 00000000;
    38106 : 00000000;
    38107 : 00000000;
    38108 : 00000000;
    38109 : 00000000;
    38110 : 00000000;
    38111 : 00000000;
    38112 : 00000000;
    38113 : 00000000;
    38114 : 00000000;
    38115 : 00000000;
    38116 : 00000000;
    38117 : 00000000;
    38118 : 00000000;
    38119 : 00000000;
    38120 : 00000000;
    38121 : 00000000;
    38122 : 00000000;
    38123 : 00000000;
    38124 : 00000000;
    38125 : 00000000;
    38126 : 00000000;
    38127 : 00000000;
    38128 : 00000000;
    38129 : 00000000;
    38130 : 00000000;
    38131 : 00000000;
    38132 : 00000000;
    38133 : 00000000;
    38134 : 00000000;
    38135 : 00000000;
    38136 : 00000000;
    38137 : 00000000;
    38138 : 00000000;
    38139 : 00000000;
    38140 : 00000000;
    38141 : 00000000;
    38142 : 00000000;
    38143 : 00000000;
    38144 : 00000000;
    38145 : 00000000;
    38146 : 00000000;
    38147 : 00000000;
    38148 : 00000000;
    38149 : 00000000;
    38150 : 00000000;
    38151 : 00000000;
    38152 : 00000000;
    38153 : 00000000;
    38154 : 00000000;
    38155 : 00000000;
    38156 : 00000000;
    38157 : 00000000;
    38158 : 00000000;
    38159 : 00000000;
    38160 : 00000000;
    38161 : 00000000;
    38162 : 00000000;
    38163 : 00000000;
    38164 : 00000000;
    38165 : 00000000;
    38166 : 00000000;
    38167 : 00000000;
    38168 : 00000000;
    38169 : 00000000;
    38170 : 00000000;
    38171 : 00000000;
    38172 : 00000000;
    38173 : 00000000;
    38174 : 00000000;
    38175 : 00000000;
    38176 : 00000000;
    38177 : 00000000;
    38178 : 00000000;
    38179 : 00000000;
    38180 : 00000000;
    38181 : 00000000;
    38182 : 00000000;
    38183 : 00000000;
    38184 : 00000000;
    38185 : 00000000;
    38186 : 00000000;
    38187 : 00000000;
    38188 : 00000000;
    38189 : 00000000;
    38190 : 00000000;
    38191 : 00000000;
    38192 : 00000000;
    38193 : 00000000;
    38194 : 00000000;
    38195 : 00000000;
    38196 : 00000000;
    38197 : 00000000;
    38198 : 00000000;
    38199 : 00000000;
    38200 : 00000000;
    38201 : 00000000;
    38202 : 00000000;
    38203 : 00000000;
    38204 : 00000000;
    38205 : 00000000;
    38206 : 00000000;
    38207 : 00000000;
    38208 : 00000000;
    38209 : 00000000;
    38210 : 00000000;
    38211 : 00000000;
    38212 : 00000000;
    38213 : 00000000;
    38214 : 00000000;
    38215 : 00000000;
    38216 : 00000000;
    38217 : 00000000;
    38218 : 00000000;
    38219 : 00000000;
    38220 : 00000000;
    38221 : 00000000;
    38222 : 00000000;
    38223 : 00000000;
    38224 : 00000000;
    38225 : 00000000;
    38226 : 00000000;
    38227 : 00000000;
    38228 : 00000000;
    38229 : 00000000;
    38230 : 00000000;
    38231 : 00000000;
    38232 : 00000000;
    38233 : 00000000;
    38234 : 00000000;
    38235 : 00000000;
    38236 : 00000000;
    38237 : 00000000;
    38238 : 00000000;
    38239 : 00000000;
    38240 : 00000000;
    38241 : 00000000;
    38242 : 00000000;
    38243 : 00000000;
    38244 : 00000000;
    38245 : 00000000;
    38246 : 00000000;
    38247 : 00000000;
    38248 : 00000000;
    38249 : 00000000;
    38250 : 00000000;
    38251 : 00000000;
    38252 : 00000000;
    38253 : 00000000;
    38254 : 00000000;
    38255 : 00000000;
    38256 : 00000000;
    38257 : 00000000;
    38258 : 00000000;
    38259 : 00000000;
    38260 : 00000000;
    38261 : 00000000;
    38262 : 00000000;
    38263 : 00000000;
    38264 : 00000000;
    38265 : 00000000;
    38266 : 00000000;
    38267 : 00000000;
    38268 : 00000000;
    38269 : 00000000;
    38270 : 00000000;
    38271 : 00000000;
    38272 : 00000000;
    38273 : 00000000;
    38274 : 00000000;
    38275 : 00000000;
    38276 : 00000000;
    38277 : 00000000;
    38278 : 00000000;
    38279 : 00000000;
    38280 : 00000000;
    38281 : 00000000;
    38282 : 00000000;
    38283 : 00000000;
    38284 : 00000000;
    38285 : 00000000;
    38286 : 00000000;
    38287 : 00000000;
    38288 : 00000000;
    38289 : 00000000;
    38290 : 00000000;
    38291 : 00000000;
    38292 : 00000000;
    38293 : 00000000;
    38294 : 00000000;
    38295 : 00000000;
    38296 : 00000000;
    38297 : 00000000;
    38298 : 00000000;
    38299 : 00000000;
    38300 : 00000000;
    38301 : 00000000;
    38302 : 00000000;
    38303 : 00000000;
    38304 : 00000000;
    38305 : 00000000;
    38306 : 00000000;
    38307 : 00000000;
    38308 : 00000000;
    38309 : 00000000;
    38310 : 00000000;
    38311 : 00000000;
    38312 : 00000000;
    38313 : 00000000;
    38314 : 00000000;
    38315 : 00000000;
    38316 : 00000000;
    38317 : 00000000;
    38318 : 00000000;
    38319 : 00000000;
    38320 : 00000000;
    38321 : 00000000;
    38322 : 00000000;
    38323 : 00000000;
    38324 : 00000000;
    38325 : 00000000;
    38326 : 00000000;
    38327 : 00000000;
    38328 : 00000000;
    38329 : 00000000;
    38330 : 00000000;
    38331 : 00000000;
    38332 : 00000000;
    38333 : 00000000;
    38334 : 00000000;
    38335 : 00000000;
    38336 : 00000000;
    38337 : 00000000;
    38338 : 00000000;
    38339 : 00000000;
    38340 : 00000000;
    38341 : 00000000;
    38342 : 00000000;
    38343 : 00000000;
    38344 : 00000000;
    38345 : 00000000;
    38346 : 00000000;
    38347 : 00000000;
    38348 : 00000000;
    38349 : 00000000;
    38350 : 00000000;
    38351 : 00000000;
    38352 : 00000000;
    38353 : 00000000;
    38354 : 00000000;
    38355 : 00000000;
    38356 : 00000000;
    38357 : 00000000;
    38358 : 00000000;
    38359 : 00000000;
    38360 : 00000000;
    38361 : 00000000;
    38362 : 00000000;
    38363 : 00000000;
    38364 : 00000000;
    38365 : 00000000;
    38366 : 00000000;
    38367 : 00000000;
    38368 : 00000000;
    38369 : 00000000;
    38370 : 00000000;
    38371 : 00000000;
    38372 : 00000000;
    38373 : 00000000;
    38374 : 00000000;
    38375 : 00000000;
    38376 : 00000000;
    38377 : 00000000;
    38378 : 00000000;
    38379 : 00000000;
    38380 : 00000000;
    38381 : 00000000;
    38382 : 00000000;
    38383 : 00000000;
    38384 : 00000000;
    38385 : 00000000;
    38386 : 00000000;
    38387 : 00000000;
    38388 : 00000000;
    38389 : 00000000;
    38390 : 00000000;
    38391 : 00000000;
    38392 : 00000000;
    38393 : 00000000;
    38394 : 00000000;
    38395 : 00000000;
    38396 : 00000000;
    38397 : 00000000;
    38398 : 00000000;
    38399 : 00000000;
    38400 : 00000000;
    38401 : 00000000;
    38402 : 00000000;
    38403 : 00000000;
    38404 : 00000000;
    38405 : 00000000;
    38406 : 00000000;
    38407 : 00000000;
    38408 : 00000000;
    38409 : 00000000;
    38410 : 00000000;
    38411 : 00000000;
    38412 : 00000000;
    38413 : 00000000;
    38414 : 00000000;
    38415 : 00000000;
    38416 : 00000000;
    38417 : 00000000;
    38418 : 00000000;
    38419 : 00000000;
    38420 : 00000000;
    38421 : 00000000;
    38422 : 00000000;
    38423 : 00000000;
    38424 : 00000000;
    38425 : 00000000;
    38426 : 00000000;
    38427 : 00000000;
    38428 : 00000000;
    38429 : 00000000;
    38430 : 00000000;
    38431 : 00000000;
    38432 : 00000000;
    38433 : 00000000;
    38434 : 00000000;
    38435 : 00000000;
    38436 : 00000000;
    38437 : 00000000;
    38438 : 00000000;
    38439 : 00000000;
    38440 : 00000000;
    38441 : 00000000;
    38442 : 00000000;
    38443 : 00000000;
    38444 : 00000000;
    38445 : 00000000;
    38446 : 00000000;
    38447 : 00000000;
    38448 : 00000000;
    38449 : 00000000;
    38450 : 00000000;
    38451 : 00000000;
    38452 : 00000000;
    38453 : 00000000;
    38454 : 00000000;
    38455 : 00000000;
    38456 : 00000000;
    38457 : 00000000;
    38458 : 00000000;
    38459 : 00000000;
    38460 : 00000000;
    38461 : 00000000;
    38462 : 00000000;
    38463 : 00000000;
    38464 : 00000000;
    38465 : 00000000;
    38466 : 00000000;
    38467 : 00000000;
    38468 : 00000000;
    38469 : 00000000;
    38470 : 00000000;
    38471 : 00000000;
    38472 : 00000000;
    38473 : 00000000;
    38474 : 00000000;
    38475 : 00000000;
    38476 : 00000000;
    38477 : 00000000;
    38478 : 00000000;
    38479 : 00000000;
    38480 : 00000000;
    38481 : 00000000;
    38482 : 00000000;
    38483 : 00000000;
    38484 : 00000000;
    38485 : 00000000;
    38486 : 00000000;
    38487 : 00000000;
    38488 : 00000000;
    38489 : 00000000;
    38490 : 00000000;
    38491 : 00000000;
    38492 : 00000000;
    38493 : 00000000;
    38494 : 00000000;
    38495 : 00000000;
    38496 : 00000000;
    38497 : 00000000;
    38498 : 00000000;
    38499 : 00000000;
    38500 : 00000000;
    38501 : 00000000;
    38502 : 00000000;
    38503 : 00000000;
    38504 : 00000000;
    38505 : 00000000;
    38506 : 00000000;
    38507 : 00000000;
    38508 : 00000000;
    38509 : 00000000;
    38510 : 00000000;
    38511 : 00000000;
    38512 : 00000000;
    38513 : 00000000;
    38514 : 00000000;
    38515 : 00000000;
    38516 : 00000000;
    38517 : 00000000;
    38518 : 00000000;
    38519 : 00000000;
    38520 : 00000000;
    38521 : 00000000;
    38522 : 00000000;
    38523 : 00000000;
    38524 : 00000000;
    38525 : 00000000;
    38526 : 00000000;
    38527 : 00000000;
    38528 : 00000000;
    38529 : 00000000;
    38530 : 00000000;
    38531 : 00000000;
    38532 : 00000000;
    38533 : 00000000;
    38534 : 00000000;
    38535 : 00000000;
    38536 : 00000000;
    38537 : 00000000;
    38538 : 00000000;
    38539 : 00000000;
    38540 : 00000000;
    38541 : 00000000;
    38542 : 00000000;
    38543 : 00000000;
    38544 : 00000000;
    38545 : 00000000;
    38546 : 00000000;
    38547 : 00000000;
    38548 : 00000000;
    38549 : 00000000;
    38550 : 00000000;
    38551 : 00000000;
    38552 : 00000000;
    38553 : 00000000;
    38554 : 00000000;
    38555 : 00000000;
    38556 : 00000000;
    38557 : 00000000;
    38558 : 00000000;
    38559 : 00000000;
    38560 : 00000000;
    38561 : 00000000;
    38562 : 00000000;
    38563 : 00000000;
    38564 : 00000000;
    38565 : 00000000;
    38566 : 00000000;
    38567 : 00000000;
    38568 : 00000000;
    38569 : 00000000;
    38570 : 00000000;
    38571 : 00000000;
    38572 : 00000000;
    38573 : 00000000;
    38574 : 00000000;
    38575 : 00000000;
    38576 : 00000000;
    38577 : 00000000;
    38578 : 00000000;
    38579 : 00000000;
    38580 : 00000000;
    38581 : 00000000;
    38582 : 00000000;
    38583 : 00000000;
    38584 : 00000000;
    38585 : 00000000;
    38586 : 00000000;
    38587 : 00000000;
    38588 : 00000000;
    38589 : 00000000;
    38590 : 00000000;
    38591 : 00000000;
    38592 : 00000000;
    38593 : 00000000;
    38594 : 00000000;
    38595 : 00000000;
    38596 : 00000000;
    38597 : 00000000;
    38598 : 00000000;
    38599 : 00000000;
    38600 : 00000000;
    38601 : 00000000;
    38602 : 00000000;
    38603 : 00000000;
    38604 : 00000000;
    38605 : 00000000;
    38606 : 00000000;
    38607 : 00000000;
    38608 : 00000000;
    38609 : 00000000;
    38610 : 00000000;
    38611 : 00000000;
    38612 : 00000000;
    38613 : 00000000;
    38614 : 00000000;
    38615 : 00000000;
    38616 : 00000000;
    38617 : 00000000;
    38618 : 00000000;
    38619 : 00000000;
    38620 : 00000000;
    38621 : 00000000;
    38622 : 00000000;
    38623 : 00000000;
    38624 : 00000000;
    38625 : 00000000;
    38626 : 00000000;
    38627 : 00000000;
    38628 : 00000000;
    38629 : 00000000;
    38630 : 00000000;
    38631 : 00000000;
    38632 : 00000000;
    38633 : 00000000;
    38634 : 00000000;
    38635 : 00000000;
    38636 : 00000000;
    38637 : 00000000;
    38638 : 00000000;
    38639 : 00000000;
    38640 : 00000000;
    38641 : 00000000;
    38642 : 00000000;
    38643 : 00000000;
    38644 : 00000000;
    38645 : 00000000;
    38646 : 00000000;
    38647 : 00000000;
    38648 : 00000000;
    38649 : 00000000;
    38650 : 00000000;
    38651 : 00000000;
    38652 : 00000000;
    38653 : 00000000;
    38654 : 00000000;
    38655 : 00000000;
    38656 : 00000000;
    38657 : 00000000;
    38658 : 00000000;
    38659 : 00000000;
    38660 : 00000000;
    38661 : 00000000;
    38662 : 00000000;
    38663 : 00000000;
    38664 : 00000000;
    38665 : 00000000;
    38666 : 00000000;
    38667 : 00000000;
    38668 : 00000000;
    38669 : 00000000;
    38670 : 00000000;
    38671 : 00000000;
    38672 : 00000000;
    38673 : 00000000;
    38674 : 00000000;
    38675 : 00000000;
    38676 : 00000000;
    38677 : 00000000;
    38678 : 00000000;
    38679 : 00000000;
    38680 : 00000000;
    38681 : 00000000;
    38682 : 00000000;
    38683 : 00000000;
    38684 : 00000000;
    38685 : 00000000;
    38686 : 00000000;
    38687 : 00000000;
    38688 : 00000000;
    38689 : 00000000;
    38690 : 00000000;
    38691 : 00000000;
    38692 : 00000000;
    38693 : 00000000;
    38694 : 00000000;
    38695 : 00000000;
    38696 : 00000000;
    38697 : 00000000;
    38698 : 00000000;
    38699 : 00000000;
    38700 : 00000000;
    38701 : 00000000;
    38702 : 00000000;
    38703 : 00000000;
    38704 : 00000000;
    38705 : 00000000;
    38706 : 00000000;
    38707 : 00000000;
    38708 : 00000000;
    38709 : 00000000;
    38710 : 00000000;
    38711 : 00000000;
    38712 : 00000000;
    38713 : 00000000;
    38714 : 00000000;
    38715 : 00000000;
    38716 : 00000000;
    38717 : 00000000;
    38718 : 00000000;
    38719 : 00000000;
    38720 : 00000000;
    38721 : 00000000;
    38722 : 00000000;
    38723 : 00000000;
    38724 : 00000000;
    38725 : 00000000;
    38726 : 00000000;
    38727 : 00000000;
    38728 : 00000000;
    38729 : 00000000;
    38730 : 00000000;
    38731 : 00000000;
    38732 : 00000000;
    38733 : 00000000;
    38734 : 00000000;
    38735 : 00000000;
    38736 : 00000000;
    38737 : 00000000;
    38738 : 00000000;
    38739 : 00000000;
    38740 : 00000000;
    38741 : 00000000;
    38742 : 00000000;
    38743 : 00000000;
    38744 : 00000000;
    38745 : 00000000;
    38746 : 00000000;
    38747 : 00000000;
    38748 : 00000000;
    38749 : 00000000;
    38750 : 00000000;
    38751 : 00000000;
    38752 : 00000000;
    38753 : 00000000;
    38754 : 00000000;
    38755 : 00000000;
    38756 : 00000000;
    38757 : 00000000;
    38758 : 00000000;
    38759 : 00000000;
    38760 : 00000000;
    38761 : 00000000;
    38762 : 00000000;
    38763 : 00000000;
    38764 : 00000000;
    38765 : 00000000;
    38766 : 00000000;
    38767 : 00000000;
    38768 : 00000000;
    38769 : 00000000;
    38770 : 00000000;
    38771 : 00000000;
    38772 : 00000000;
    38773 : 00000000;
    38774 : 00000000;
    38775 : 00000000;
    38776 : 00000000;
    38777 : 00000000;
    38778 : 00000000;
    38779 : 00000000;
    38780 : 00000000;
    38781 : 00000000;
    38782 : 00000000;
    38783 : 00000000;
    38784 : 00000000;
    38785 : 00000000;
    38786 : 00000000;
    38787 : 00000000;
    38788 : 00000000;
    38789 : 00000000;
    38790 : 00000000;
    38791 : 00000000;
    38792 : 00000000;
    38793 : 00000000;
    38794 : 00000000;
    38795 : 00000000;
    38796 : 00000000;
    38797 : 00000000;
    38798 : 00000000;
    38799 : 00000000;
    38800 : 00000000;
    38801 : 00000000;
    38802 : 00000000;
    38803 : 00000000;
    38804 : 00000000;
    38805 : 00000000;
    38806 : 00000000;
    38807 : 00000000;
    38808 : 00000000;
    38809 : 00000000;
    38810 : 00000000;
    38811 : 00000000;
    38812 : 00000000;
    38813 : 00000000;
    38814 : 00000000;
    38815 : 00000000;
    38816 : 00000000;
    38817 : 00000000;
    38818 : 00000000;
    38819 : 00000000;
    38820 : 00000000;
    38821 : 00000000;
    38822 : 00000000;
    38823 : 00000000;
    38824 : 00000000;
    38825 : 00000000;
    38826 : 00000000;
    38827 : 00000000;
    38828 : 00000000;
    38829 : 00000000;
    38830 : 00000000;
    38831 : 00000000;
    38832 : 00000000;
    38833 : 00000000;
    38834 : 00000000;
    38835 : 00000000;
    38836 : 00000000;
    38837 : 00000000;
    38838 : 00000000;
    38839 : 00000000;
    38840 : 00000000;
    38841 : 00000000;
    38842 : 00000000;
    38843 : 00000000;
    38844 : 00000000;
    38845 : 00000000;
    38846 : 00000000;
    38847 : 00000000;
    38848 : 00000000;
    38849 : 00000000;
    38850 : 00000000;
    38851 : 00000000;
    38852 : 00000000;
    38853 : 00000000;
    38854 : 00000000;
    38855 : 00000000;
    38856 : 00000000;
    38857 : 00000000;
    38858 : 00000000;
    38859 : 00000000;
    38860 : 00000000;
    38861 : 00000000;
    38862 : 00000000;
    38863 : 00000000;
    38864 : 00000000;
    38865 : 00000000;
    38866 : 00000000;
    38867 : 00000000;
    38868 : 00000000;
    38869 : 00000000;
    38870 : 00000000;
    38871 : 00000000;
    38872 : 00000000;
    38873 : 00000000;
    38874 : 00000000;
    38875 : 00000000;
    38876 : 00000000;
    38877 : 00000000;
    38878 : 00000000;
    38879 : 00000000;
    38880 : 00000000;
    38881 : 00000000;
    38882 : 00000000;
    38883 : 00000000;
    38884 : 00000000;
    38885 : 00000000;
    38886 : 00000000;
    38887 : 00000000;
    38888 : 00000000;
    38889 : 00000000;
    38890 : 00000000;
    38891 : 00000000;
    38892 : 00000000;
    38893 : 00000000;
    38894 : 00000000;
    38895 : 00000000;
    38896 : 00000000;
    38897 : 00000000;
    38898 : 00000000;
    38899 : 00000000;
    38900 : 00000000;
    38901 : 00000000;
    38902 : 00000000;
    38903 : 00000000;
    38904 : 00000000;
    38905 : 00000000;
    38906 : 00000000;
    38907 : 00000000;
    38908 : 53494730;
    38909 : 00000074;
    38910 : 00000098;
    38911 : 00000024;
    38912 : 25000293;
    38913 : FFF00F93;
    38914 : 00000813;
    38915 : 010FD033;
    38916 : 0002A023;
    38917 : 00100F13;
    38918 : 00000793;
    38919 : 00FF50B3;
    38920 : 0012A223;
    38921 : 00000E93;
    38922 : 00100713;
    38923 : 00EED133;
    38924 : 0022A423;
    38925 : 7FF00E13;
    38926 : 00400693;
    38927 : 00DE51B3;
    38928 : 0032A623;
    38929 : 00000D93;
    38930 : 00800613;
    38931 : 00CDD233;
    38932 : 0042A823;
    38933 : 26400093;
    38934 : 00001D37;
    38935 : 800D0D13;
    38936 : 01F00593;
    38937 : 00BD52B3;
    38938 : 0050A023;
    38939 : 07654CB7;
    38940 : 321C8C93;
    38941 : 01000513;
    38942 : 00ACD333;
    38943 : 0060A223;
    38944 : 80000C37;
    38945 : FFFC0C13;
    38946 : 00100493;
    38947 : 009C53B3;
    38948 : 0070A423;
    38949 : 00100B93;
    38950 : 00000413;
    38951 : 008BD433;
    38952 : 0080A623;
    38953 : FFF00B13;
    38954 : 00000393;
    38955 : 007B54B3;
    38956 : 0090A823;
    38957 : 27800093;
    38958 : 00001AB7;
    38959 : 234A8A93;
    38960 : 00100313;
    38961 : 006AD533;
    38962 : 00A0A023;
    38963 : 80000A37;
    38964 : 00400293;
    38965 : 005A55B3;
    38966 : 00B0A223;
    38967 : FFFFF9B7;
    38968 : DCC98993;
    38969 : 00800213;
    38970 : 0049D633;
    38971 : 00C0A423;
    38972 : FFF00913;
    38973 : 01F00193;
    38974 : 003956B3;
    38975 : 00D0A623;
    38976 : 80100893;
    38977 : 01000113;
    38978 : 0028D733;
    38979 : 00E0A823;
    38980 : 28C00113;
    38981 : 00000813;
    38982 : 00100093;
    38983 : 001857B3;
    38984 : 00F12023;
    38985 : FFF00793;
    38986 : 00000013;
    38987 : 0007D833;
    38988 : 01012223;
    38989 : 00100713;
    38990 : 00000F93;
    38991 : 01F758B3;
    38992 : 01112423;
    38993 : 00000693;
    38994 : 00100F13;
    38995 : 01E6D933;
    38996 : 01212623;
    38997 : 7FF00613;
    38998 : 00400E93;
    38999 : 01D659B3;
    39000 : 01312823;
    39001 : 2A000093;
    39002 : 00000593;
    39003 : 00800E13;
    39004 : 01C5DA33;
    39005 : 0140A023;
    39006 : 00001537;
    39007 : 80050513;
    39008 : 01F00D93;
    39009 : 01B55AB3;
    39010 : 0150A223;
    39011 : 076544B7;
    39012 : 32148493;
    39013 : 01000D13;
    39014 : 01A4DB33;
    39015 : 0160A423;
    39016 : 80000437;
    39017 : FFF40413;
    39018 : 00100C93;
    39019 : 01945BB3;
    39020 : 0170A623;
    39021 : 00100393;
    39022 : 00000C13;
    39023 : 0183DC33;
    39024 : 0180A823;
    39025 : 2B400093;
    39026 : FFF00313;
    39027 : 00000B93;
    39028 : 01735CB3;
    39029 : 0190A023;
    39030 : 000012B7;
    39031 : 23428293;
    39032 : 00100B13;
    39033 : 0162DD33;
    39034 : 01A0A223;
    39035 : 80000237;
    39036 : 00400A93;
    39037 : 01525DB3;
    39038 : 01B0A423;
    39039 : FFFFF1B7;
    39040 : DCC18193;
    39041 : 00800A13;
    39042 : 0141DE33;
    39043 : 01C0A623;
    39044 : FFF00113;
    39045 : 01F00993;
    39046 : 01315EB3;
    39047 : 01D0A823;
    39048 : 2C800113;
    39049 : 80100093;
    39050 : 01000913;
    39051 : 0120DF33;
    39052 : 01E12023;
    39053 : 00000013;
    39054 : 00100893;
    39055 : 01105FB3;
    39056 : 01F12223;
    39057 : 00000073;
    39058 : 00000000;
    39059 : 00000000;
    39060 : FFFFFFFF;
    39061 : FFFFFFFF;
    39062 : FFFFFFFF;
    39063 : FFFFFFFF;
    39064 : FFFFFFFF;
    39065 : FFFFFFFF;
    39066 : FFFFFFFF;
    39067 : FFFFFFFF;
    39068 : FFFFFFFF;
    39069 : FFFFFFFF;
    39070 : FFFFFFFF;
    39071 : FFFFFFFF;
    39072 : FFFFFFFF;
    39073 : FFFFFFFF;
    39074 : FFFFFFFF;
    39075 : FFFFFFFF;
    39076 : FFFFFFFF;
    39077 : FFFFFFFF;
    39078 : FFFFFFFF;
    39079 : FFFFFFFF;
    39080 : FFFFFFFF;
    39081 : FFFFFFFF;
    39082 : FFFFFFFF;
    39083 : FFFFFFFF;
    39084 : FFFFFFFF;
    39085 : FFFFFFFF;
    39086 : FFFFFFFF;
    39087 : FFFFFFFF;
    39088 : FFFFFFFF;
    39089 : FFFFFFFF;
    39090 : FFFFFFFF;
    39091 : FFFFFFFF;
    39092 : FFFFFFFF;
    39093 : FFFFFFFF;
    39094 : FFFFFFFF;
    39095 : 00000000;
    39096 : 00000000;
    39097 : 00000000;
    39098 : 00000000;
    39099 : 00000000;
    39100 : 00000000;
    39101 : 00000000;
    39102 : 00000000;
    39103 : 00000000;
    39104 : 00000000;
    39105 : 00000000;
    39106 : 00000000;
    39107 : 00000000;
    39108 : 00000000;
    39109 : 00000000;
    39110 : 00000000;
    39111 : 00000000;
    39112 : 00000000;
    39113 : 00000000;
    39114 : 00000000;
    39115 : 00000000;
    39116 : 00000000;
    39117 : 00000000;
    39118 : 00000000;
    39119 : 00000000;
    39120 : 00000000;
    39121 : 00000000;
    39122 : 00000000;
    39123 : 00000000;
    39124 : 00000000;
    39125 : 00000000;
    39126 : 00000000;
    39127 : 00000000;
    39128 : 00000000;
    39129 : 00000000;
    39130 : 00000000;
    39131 : 00000000;
    39132 : 00000000;
    39133 : 00000000;
    39134 : 00000000;
    39135 : 00000000;
    39136 : 00000000;
    39137 : 00000000;
    39138 : 00000000;
    39139 : 00000000;
    39140 : 00000000;
    39141 : 00000000;
    39142 : 00000000;
    39143 : 00000000;
    39144 : 00000000;
    39145 : 00000000;
    39146 : 00000000;
    39147 : 00000000;
    39148 : 00000000;
    39149 : 00000000;
    39150 : 00000000;
    39151 : 00000000;
    39152 : 00000000;
    39153 : 00000000;
    39154 : 00000000;
    39155 : 00000000;
    39156 : 00000000;
    39157 : 00000000;
    39158 : 00000000;
    39159 : 00000000;
    39160 : 00000000;
    39161 : 00000000;
    39162 : 00000000;
    39163 : 00000000;
    39164 : 00000000;
    39165 : 00000000;
    39166 : 00000000;
    39167 : 00000000;
    39168 : 00000000;
    39169 : 00000000;
    39170 : 00000000;
    39171 : 00000000;
    39172 : 00000000;
    39173 : 00000000;
    39174 : 00000000;
    39175 : 00000000;
    39176 : 00000000;
    39177 : 00000000;
    39178 : 00000000;
    39179 : 00000000;
    39180 : 00000000;
    39181 : 00000000;
    39182 : 00000000;
    39183 : 00000000;
    39184 : 00000000;
    39185 : 00000000;
    39186 : 00000000;
    39187 : 00000000;
    39188 : 00000000;
    39189 : 00000000;
    39190 : 00000000;
    39191 : 00000000;
    39192 : 00000000;
    39193 : 00000000;
    39194 : 00000000;
    39195 : 00000000;
    39196 : 00000000;
    39197 : 00000000;
    39198 : 00000000;
    39199 : 00000000;
    39200 : 00000000;
    39201 : 00000000;
    39202 : 00000000;
    39203 : 00000000;
    39204 : 00000000;
    39205 : 00000000;
    39206 : 00000000;
    39207 : 00000000;
    39208 : 00000000;
    39209 : 00000000;
    39210 : 00000000;
    39211 : 00000000;
    39212 : 00000000;
    39213 : 00000000;
    39214 : 00000000;
    39215 : 00000000;
    39216 : 00000000;
    39217 : 00000000;
    39218 : 00000000;
    39219 : 00000000;
    39220 : 00000000;
    39221 : 00000000;
    39222 : 00000000;
    39223 : 00000000;
    39224 : 00000000;
    39225 : 00000000;
    39226 : 00000000;
    39227 : 00000000;
    39228 : 00000000;
    39229 : 00000000;
    39230 : 00000000;
    39231 : 00000000;
    39232 : 00000000;
    39233 : 00000000;
    39234 : 00000000;
    39235 : 00000000;
    39236 : 00000000;
    39237 : 00000000;
    39238 : 00000000;
    39239 : 00000000;
    39240 : 00000000;
    39241 : 00000000;
    39242 : 00000000;
    39243 : 00000000;
    39244 : 00000000;
    39245 : 00000000;
    39246 : 00000000;
    39247 : 00000000;
    39248 : 00000000;
    39249 : 00000000;
    39250 : 00000000;
    39251 : 00000000;
    39252 : 00000000;
    39253 : 00000000;
    39254 : 00000000;
    39255 : 00000000;
    39256 : 00000000;
    39257 : 00000000;
    39258 : 00000000;
    39259 : 00000000;
    39260 : 00000000;
    39261 : 00000000;
    39262 : 00000000;
    39263 : 00000000;
    39264 : 00000000;
    39265 : 00000000;
    39266 : 00000000;
    39267 : 00000000;
    39268 : 00000000;
    39269 : 00000000;
    39270 : 00000000;
    39271 : 00000000;
    39272 : 00000000;
    39273 : 00000000;
    39274 : 00000000;
    39275 : 00000000;
    39276 : 00000000;
    39277 : 00000000;
    39278 : 00000000;
    39279 : 00000000;
    39280 : 00000000;
    39281 : 00000000;
    39282 : 00000000;
    39283 : 00000000;
    39284 : 00000000;
    39285 : 00000000;
    39286 : 00000000;
    39287 : 00000000;
    39288 : 00000000;
    39289 : 00000000;
    39290 : 00000000;
    39291 : 00000000;
    39292 : 00000000;
    39293 : 00000000;
    39294 : 00000000;
    39295 : 00000000;
    39296 : 00000000;
    39297 : 00000000;
    39298 : 00000000;
    39299 : 00000000;
    39300 : 00000000;
    39301 : 00000000;
    39302 : 00000000;
    39303 : 00000000;
    39304 : 00000000;
    39305 : 00000000;
    39306 : 00000000;
    39307 : 00000000;
    39308 : 00000000;
    39309 : 00000000;
    39310 : 00000000;
    39311 : 00000000;
    39312 : 00000000;
    39313 : 00000000;
    39314 : 00000000;
    39315 : 00000000;
    39316 : 00000000;
    39317 : 00000000;
    39318 : 00000000;
    39319 : 00000000;
    39320 : 00000000;
    39321 : 00000000;
    39322 : 00000000;
    39323 : 00000000;
    39324 : 00000000;
    39325 : 00000000;
    39326 : 00000000;
    39327 : 00000000;
    39328 : 00000000;
    39329 : 00000000;
    39330 : 00000000;
    39331 : 00000000;
    39332 : 00000000;
    39333 : 00000000;
    39334 : 00000000;
    39335 : 00000000;
    39336 : 00000000;
    39337 : 00000000;
    39338 : 00000000;
    39339 : 00000000;
    39340 : 00000000;
    39341 : 00000000;
    39342 : 00000000;
    39343 : 00000000;
    39344 : 00000000;
    39345 : 00000000;
    39346 : 00000000;
    39347 : 00000000;
    39348 : 00000000;
    39349 : 00000000;
    39350 : 00000000;
    39351 : 00000000;
    39352 : 00000000;
    39353 : 00000000;
    39354 : 00000000;
    39355 : 00000000;
    39356 : 00000000;
    39357 : 00000000;
    39358 : 00000000;
    39359 : 00000000;
    39360 : 00000000;
    39361 : 00000000;
    39362 : 00000000;
    39363 : 00000000;
    39364 : 00000000;
    39365 : 00000000;
    39366 : 00000000;
    39367 : 00000000;
    39368 : 00000000;
    39369 : 00000000;
    39370 : 00000000;
    39371 : 00000000;
    39372 : 00000000;
    39373 : 00000000;
    39374 : 00000000;
    39375 : 00000000;
    39376 : 00000000;
    39377 : 00000000;
    39378 : 00000000;
    39379 : 00000000;
    39380 : 00000000;
    39381 : 00000000;
    39382 : 00000000;
    39383 : 00000000;
    39384 : 00000000;
    39385 : 00000000;
    39386 : 00000000;
    39387 : 00000000;
    39388 : 00000000;
    39389 : 00000000;
    39390 : 00000000;
    39391 : 00000000;
    39392 : 00000000;
    39393 : 00000000;
    39394 : 00000000;
    39395 : 00000000;
    39396 : 00000000;
    39397 : 00000000;
    39398 : 00000000;
    39399 : 00000000;
    39400 : 00000000;
    39401 : 00000000;
    39402 : 00000000;
    39403 : 00000000;
    39404 : 00000000;
    39405 : 00000000;
    39406 : 00000000;
    39407 : 00000000;
    39408 : 00000000;
    39409 : 00000000;
    39410 : 00000000;
    39411 : 00000000;
    39412 : 00000000;
    39413 : 00000000;
    39414 : 00000000;
    39415 : 00000000;
    39416 : 00000000;
    39417 : 00000000;
    39418 : 00000000;
    39419 : 00000000;
    39420 : 00000000;
    39421 : 00000000;
    39422 : 00000000;
    39423 : 00000000;
    39424 : 00000000;
    39425 : 00000000;
    39426 : 00000000;
    39427 : 00000000;
    39428 : 00000000;
    39429 : 00000000;
    39430 : 00000000;
    39431 : 00000000;
    39432 : 00000000;
    39433 : 00000000;
    39434 : 00000000;
    39435 : 00000000;
    39436 : 00000000;
    39437 : 00000000;
    39438 : 00000000;
    39439 : 00000000;
    39440 : 00000000;
    39441 : 00000000;
    39442 : 00000000;
    39443 : 00000000;
    39444 : 00000000;
    39445 : 00000000;
    39446 : 00000000;
    39447 : 00000000;
    39448 : 00000000;
    39449 : 00000000;
    39450 : 00000000;
    39451 : 00000000;
    39452 : 00000000;
    39453 : 00000000;
    39454 : 00000000;
    39455 : 00000000;
    39456 : 00000000;
    39457 : 00000000;
    39458 : 00000000;
    39459 : 00000000;
    39460 : 00000000;
    39461 : 00000000;
    39462 : 00000000;
    39463 : 00000000;
    39464 : 00000000;
    39465 : 00000000;
    39466 : 00000000;
    39467 : 00000000;
    39468 : 00000000;
    39469 : 00000000;
    39470 : 00000000;
    39471 : 00000000;
    39472 : 00000000;
    39473 : 00000000;
    39474 : 00000000;
    39475 : 00000000;
    39476 : 00000000;
    39477 : 00000000;
    39478 : 00000000;
    39479 : 00000000;
    39480 : 00000000;
    39481 : 00000000;
    39482 : 00000000;
    39483 : 00000000;
    39484 : 00000000;
    39485 : 00000000;
    39486 : 00000000;
    39487 : 00000000;
    39488 : 00000000;
    39489 : 00000000;
    39490 : 00000000;
    39491 : 00000000;
    39492 : 00000000;
    39493 : 00000000;
    39494 : 00000000;
    39495 : 00000000;
    39496 : 00000000;
    39497 : 00000000;
    39498 : 00000000;
    39499 : 00000000;
    39500 : 00000000;
    39501 : 00000000;
    39502 : 00000000;
    39503 : 00000000;
    39504 : 00000000;
    39505 : 00000000;
    39506 : 00000000;
    39507 : 00000000;
    39508 : 00000000;
    39509 : 00000000;
    39510 : 00000000;
    39511 : 00000000;
    39512 : 00000000;
    39513 : 00000000;
    39514 : 00000000;
    39515 : 00000000;
    39516 : 00000000;
    39517 : 00000000;
    39518 : 00000000;
    39519 : 00000000;
    39520 : 00000000;
    39521 : 00000000;
    39522 : 00000000;
    39523 : 00000000;
    39524 : 00000000;
    39525 : 00000000;
    39526 : 00000000;
    39527 : 00000000;
    39528 : 00000000;
    39529 : 00000000;
    39530 : 00000000;
    39531 : 00000000;
    39532 : 00000000;
    39533 : 00000000;
    39534 : 00000000;
    39535 : 00000000;
    39536 : 00000000;
    39537 : 00000000;
    39538 : 00000000;
    39539 : 00000000;
    39540 : 00000000;
    39541 : 00000000;
    39542 : 00000000;
    39543 : 00000000;
    39544 : 00000000;
    39545 : 00000000;
    39546 : 00000000;
    39547 : 00000000;
    39548 : 00000000;
    39549 : 00000000;
    39550 : 00000000;
    39551 : 00000000;
    39552 : 00000000;
    39553 : 00000000;
    39554 : 00000000;
    39555 : 00000000;
    39556 : 00000000;
    39557 : 00000000;
    39558 : 00000000;
    39559 : 00000000;
    39560 : 00000000;
    39561 : 00000000;
    39562 : 00000000;
    39563 : 00000000;
    39564 : 00000000;
    39565 : 00000000;
    39566 : 00000000;
    39567 : 00000000;
    39568 : 00000000;
    39569 : 00000000;
    39570 : 00000000;
    39571 : 00000000;
    39572 : 00000000;
    39573 : 00000000;
    39574 : 00000000;
    39575 : 00000000;
    39576 : 00000000;
    39577 : 00000000;
    39578 : 00000000;
    39579 : 00000000;
    39580 : 00000000;
    39581 : 00000000;
    39582 : 00000000;
    39583 : 00000000;
    39584 : 00000000;
    39585 : 00000000;
    39586 : 00000000;
    39587 : 00000000;
    39588 : 00000000;
    39589 : 00000000;
    39590 : 00000000;
    39591 : 00000000;
    39592 : 00000000;
    39593 : 00000000;
    39594 : 00000000;
    39595 : 00000000;
    39596 : 00000000;
    39597 : 00000000;
    39598 : 00000000;
    39599 : 00000000;
    39600 : 00000000;
    39601 : 00000000;
    39602 : 00000000;
    39603 : 00000000;
    39604 : 00000000;
    39605 : 00000000;
    39606 : 00000000;
    39607 : 00000000;
    39608 : 00000000;
    39609 : 00000000;
    39610 : 00000000;
    39611 : 00000000;
    39612 : 00000000;
    39613 : 00000000;
    39614 : 00000000;
    39615 : 00000000;
    39616 : 00000000;
    39617 : 00000000;
    39618 : 00000000;
    39619 : 00000000;
    39620 : 00000000;
    39621 : 00000000;
    39622 : 00000000;
    39623 : 00000000;
    39624 : 00000000;
    39625 : 00000000;
    39626 : 00000000;
    39627 : 00000000;
    39628 : 00000000;
    39629 : 00000000;
    39630 : 00000000;
    39631 : 00000000;
    39632 : 00000000;
    39633 : 00000000;
    39634 : 00000000;
    39635 : 00000000;
    39636 : 00000000;
    39637 : 00000000;
    39638 : 00000000;
    39639 : 00000000;
    39640 : 00000000;
    39641 : 00000000;
    39642 : 00000000;
    39643 : 00000000;
    39644 : 00000000;
    39645 : 00000000;
    39646 : 00000000;
    39647 : 00000000;
    39648 : 00000000;
    39649 : 00000000;
    39650 : 00000000;
    39651 : 00000000;
    39652 : 00000000;
    39653 : 00000000;
    39654 : 00000000;
    39655 : 00000000;
    39656 : 00000000;
    39657 : 00000000;
    39658 : 00000000;
    39659 : 00000000;
    39660 : 00000000;
    39661 : 00000000;
    39662 : 00000000;
    39663 : 00000000;
    39664 : 00000000;
    39665 : 00000000;
    39666 : 00000000;
    39667 : 00000000;
    39668 : 00000000;
    39669 : 00000000;
    39670 : 00000000;
    39671 : 00000000;
    39672 : 00000000;
    39673 : 00000000;
    39674 : 00000000;
    39675 : 00000000;
    39676 : 00000000;
    39677 : 00000000;
    39678 : 00000000;
    39679 : 00000000;
    39680 : 00000000;
    39681 : 00000000;
    39682 : 00000000;
    39683 : 00000000;
    39684 : 00000000;
    39685 : 00000000;
    39686 : 00000000;
    39687 : 00000000;
    39688 : 00000000;
    39689 : 00000000;
    39690 : 00000000;
    39691 : 00000000;
    39692 : 00000000;
    39693 : 00000000;
    39694 : 00000000;
    39695 : 00000000;
    39696 : 00000000;
    39697 : 00000000;
    39698 : 00000000;
    39699 : 00000000;
    39700 : 00000000;
    39701 : 00000000;
    39702 : 00000000;
    39703 : 00000000;
    39704 : 00000000;
    39705 : 00000000;
    39706 : 00000000;
    39707 : 00000000;
    39708 : 00000000;
    39709 : 00000000;
    39710 : 00000000;
    39711 : 00000000;
    39712 : 00000000;
    39713 : 00000000;
    39714 : 00000000;
    39715 : 00000000;
    39716 : 00000000;
    39717 : 00000000;
    39718 : 00000000;
    39719 : 00000000;
    39720 : 00000000;
    39721 : 00000000;
    39722 : 00000000;
    39723 : 00000000;
    39724 : 00000000;
    39725 : 00000000;
    39726 : 00000000;
    39727 : 00000000;
    39728 : 00000000;
    39729 : 00000000;
    39730 : 00000000;
    39731 : 00000000;
    39732 : 00000000;
    39733 : 00000000;
    39734 : 00000000;
    39735 : 00000000;
    39736 : 00000000;
    39737 : 00000000;
    39738 : 00000000;
    39739 : 00000000;
    39740 : 00000000;
    39741 : 00000000;
    39742 : 00000000;
    39743 : 00000000;
    39744 : 00000000;
    39745 : 00000000;
    39746 : 00000000;
    39747 : 00000000;
    39748 : 00000000;
    39749 : 00000000;
    39750 : 00000000;
    39751 : 00000000;
    39752 : 00000000;
    39753 : 00000000;
    39754 : 00000000;
    39755 : 00000000;
    39756 : 00000000;
    39757 : 00000000;
    39758 : 00000000;
    39759 : 00000000;
    39760 : 00000000;
    39761 : 00000000;
    39762 : 00000000;
    39763 : 00000000;
    39764 : 00000000;
    39765 : 00000000;
    39766 : 00000000;
    39767 : 00000000;
    39768 : 00000000;
    39769 : 00000000;
    39770 : 00000000;
    39771 : 00000000;
    39772 : 00000000;
    39773 : 00000000;
    39774 : 00000000;
    39775 : 00000000;
    39776 : 00000000;
    39777 : 00000000;
    39778 : 00000000;
    39779 : 00000000;
    39780 : 00000000;
    39781 : 00000000;
    39782 : 00000000;
    39783 : 00000000;
    39784 : 00000000;
    39785 : 00000000;
    39786 : 00000000;
    39787 : 00000000;
    39788 : 00000000;
    39789 : 00000000;
    39790 : 00000000;
    39791 : 00000000;
    39792 : 00000000;
    39793 : 00000000;
    39794 : 00000000;
    39795 : 00000000;
    39796 : 00000000;
    39797 : 00000000;
    39798 : 00000000;
    39799 : 00000000;
    39800 : 00000000;
    39801 : 00000000;
    39802 : 00000000;
    39803 : 00000000;
    39804 : 00000000;
    39805 : 00000000;
    39806 : 00000000;
    39807 : 00000000;
    39808 : 00000000;
    39809 : 00000000;
    39810 : 00000000;
    39811 : 00000000;
    39812 : 00000000;
    39813 : 00000000;
    39814 : 00000000;
    39815 : 00000000;
    39816 : 00000000;
    39817 : 00000000;
    39818 : 00000000;
    39819 : 00000000;
    39820 : 00000000;
    39821 : 00000000;
    39822 : 00000000;
    39823 : 00000000;
    39824 : 00000000;
    39825 : 00000000;
    39826 : 00000000;
    39827 : 00000000;
    39828 : 00000000;
    39829 : 00000000;
    39830 : 00000000;
    39831 : 00000000;
    39832 : 00000000;
    39833 : 00000000;
    39834 : 00000000;
    39835 : 00000000;
    39836 : 00000000;
    39837 : 00000000;
    39838 : 00000000;
    39839 : 00000000;
    39840 : 00000000;
    39841 : 00000000;
    39842 : 00000000;
    39843 : 00000000;
    39844 : 00000000;
    39845 : 00000000;
    39846 : 00000000;
    39847 : 00000000;
    39848 : 00000000;
    39849 : 00000000;
    39850 : 00000000;
    39851 : 00000000;
    39852 : 00000000;
    39853 : 00000000;
    39854 : 00000000;
    39855 : 00000000;
    39856 : 00000000;
    39857 : 00000000;
    39858 : 00000000;
    39859 : 00000000;
    39860 : 00000000;
    39861 : 00000000;
    39862 : 00000000;
    39863 : 00000000;
    39864 : 00000000;
    39865 : 00000000;
    39866 : 00000000;
    39867 : 00000000;
    39868 : 00000000;
    39869 : 00000000;
    39870 : 00000000;
    39871 : 00000000;
    39872 : 00000000;
    39873 : 00000000;
    39874 : 00000000;
    39875 : 00000000;
    39876 : 00000000;
    39877 : 00000000;
    39878 : 00000000;
    39879 : 00000000;
    39880 : 00000000;
    39881 : 00000000;
    39882 : 00000000;
    39883 : 00000000;
    39884 : 00000000;
    39885 : 00000000;
    39886 : 00000000;
    39887 : 00000000;
    39888 : 00000000;
    39889 : 00000000;
    39890 : 00000000;
    39891 : 00000000;
    39892 : 00000000;
    39893 : 00000000;
    39894 : 00000000;
    39895 : 00000000;
    39896 : 00000000;
    39897 : 00000000;
    39898 : 00000000;
    39899 : 00000000;
    39900 : 00000000;
    39901 : 00000000;
    39902 : 00000000;
    39903 : 00000000;
    39904 : 00000000;
    39905 : 00000000;
    39906 : 00000000;
    39907 : 00000000;
    39908 : 00000000;
    39909 : 00000000;
    39910 : 00000000;
    39911 : 00000000;
    39912 : 00000000;
    39913 : 00000000;
    39914 : 00000000;
    39915 : 00000000;
    39916 : 00000000;
    39917 : 00000000;
    39918 : 00000000;
    39919 : 00000000;
    39920 : 00000000;
    39921 : 00000000;
    39922 : 00000000;
    39923 : 00000000;
    39924 : 00000000;
    39925 : 00000000;
    39926 : 00000000;
    39927 : 00000000;
    39928 : 00000000;
    39929 : 00000000;
    39930 : 00000000;
    39931 : 00000000;
    39932 : 53494730;
    39933 : 00000094;
    39934 : 000000B8;
    39935 : 00000024;
    39936 : 1D000293;
    39937 : FFF00F93;
    39938 : 000FD013;
    39939 : 0002A023;
    39940 : 00100F13;
    39941 : 000F5093;
    39942 : 0012A223;
    39943 : 00000E93;
    39944 : 001ED113;
    39945 : 0022A423;
    39946 : 7FF00E13;
    39947 : 004E5193;
    39948 : 0032A623;
    39949 : 00000D93;
    39950 : 008DD213;
    39951 : 0042A823;
    39952 : 1E400093;
    39953 : 00001D37;
    39954 : 800D0D13;
    39955 : 01FD5293;
    39956 : 0050A023;
    39957 : 07654CB7;
    39958 : 321C8C93;
    39959 : 010CD313;
    39960 : 0060A223;
    39961 : 80000C37;
    39962 : FFFC0C13;
    39963 : 001C5393;
    39964 : 0070A423;
    39965 : 00100B93;
    39966 : 000BD413;
    39967 : 0080A623;
    39968 : FFF00B13;
    39969 : 000B5493;
    39970 : 0090A823;
    39971 : 1F800093;
    39972 : 00001AB7;
    39973 : 234A8A93;
    39974 : 001AD513;
    39975 : 00A0A023;
    39976 : 80000A37;
    39977 : 004A5593;
    39978 : 00B0A223;
    39979 : FFFFF9B7;
    39980 : DCC98993;
    39981 : 0089D613;
    39982 : 00C0A423;
    39983 : FFF00913;
    39984 : 01F95693;
    39985 : 00D0A623;
    39986 : 80100893;
    39987 : 0108D713;
    39988 : 00E0A823;
    39989 : 20C00113;
    39990 : 00000813;
    39991 : 00185793;
    39992 : 00F12023;
    39993 : FFF00793;
    39994 : 0007D813;
    39995 : 01012223;
    39996 : 00100713;
    39997 : 00075893;
    39998 : 01112423;
    39999 : 00000693;
    40000 : 0016D913;
    40001 : 01212623;
    40002 : 7FF00613;
    40003 : 00465993;
    40004 : 01312823;
    40005 : 22000093;
    40006 : 00000593;
    40007 : 0085DA13;
    40008 : 0140A023;
    40009 : 00001537;
    40010 : 80050513;
    40011 : 01F55A93;
    40012 : 0150A223;
    40013 : 076544B7;
    40014 : 32148493;
    40015 : 0104DB13;
    40016 : 0160A423;
    40017 : 80000437;
    40018 : FFF40413;
    40019 : 00145B93;
    40020 : 0170A623;
    40021 : 00100393;
    40022 : 0003DC13;
    40023 : 0180A823;
    40024 : 23400093;
    40025 : FFF00313;
    40026 : 00035C93;
    40027 : 0190A023;
    40028 : 000012B7;
    40029 : 23428293;
    40030 : 0012DD13;
    40031 : 01A0A223;
    40032 : 80000237;
    40033 : 00425D93;
    40034 : 01B0A423;
    40035 : FFFFF1B7;
    40036 : DCC18193;
    40037 : 0081DE13;
    40038 : 01C0A623;
    40039 : FFF00113;
    40040 : 01F15E93;
    40041 : 01D0A823;
    40042 : 24800113;
    40043 : 80100093;
    40044 : 0100DF13;
    40045 : 01E12023;
    40046 : 00000013;
    40047 : 00105F93;
    40048 : 01F12223;
    40049 : 00000073;
    40050 : 00000000;
    40051 : 00000000;
    40052 : FFFFFFFF;
    40053 : FFFFFFFF;
    40054 : FFFFFFFF;
    40055 : FFFFFFFF;
    40056 : FFFFFFFF;
    40057 : FFFFFFFF;
    40058 : FFFFFFFF;
    40059 : FFFFFFFF;
    40060 : FFFFFFFF;
    40061 : FFFFFFFF;
    40062 : FFFFFFFF;
    40063 : FFFFFFFF;
    40064 : FFFFFFFF;
    40065 : FFFFFFFF;
    40066 : FFFFFFFF;
    40067 : FFFFFFFF;
    40068 : FFFFFFFF;
    40069 : FFFFFFFF;
    40070 : FFFFFFFF;
    40071 : FFFFFFFF;
    40072 : FFFFFFFF;
    40073 : FFFFFFFF;
    40074 : FFFFFFFF;
    40075 : FFFFFFFF;
    40076 : FFFFFFFF;
    40077 : FFFFFFFF;
    40078 : FFFFFFFF;
    40079 : FFFFFFFF;
    40080 : FFFFFFFF;
    40081 : FFFFFFFF;
    40082 : FFFFFFFF;
    40083 : FFFFFFFF;
    40084 : FFFFFFFF;
    40085 : FFFFFFFF;
    40086 : FFFFFFFF;
    40087 : 00000000;
    40088 : 00000000;
    40089 : 00000000;
    40090 : 00000000;
    40091 : 00000000;
    40092 : 00000000;
    40093 : 00000000;
    40094 : 00000000;
    40095 : 00000000;
    40096 : 00000000;
    40097 : 00000000;
    40098 : 00000000;
    40099 : 00000000;
    40100 : 00000000;
    40101 : 00000000;
    40102 : 00000000;
    40103 : 00000000;
    40104 : 00000000;
    40105 : 00000000;
    40106 : 00000000;
    40107 : 00000000;
    40108 : 00000000;
    40109 : 00000000;
    40110 : 00000000;
    40111 : 00000000;
    40112 : 00000000;
    40113 : 00000000;
    40114 : 00000000;
    40115 : 00000000;
    40116 : 00000000;
    40117 : 00000000;
    40118 : 00000000;
    40119 : 00000000;
    40120 : 00000000;
    40121 : 00000000;
    40122 : 00000000;
    40123 : 00000000;
    40124 : 00000000;
    40125 : 00000000;
    40126 : 00000000;
    40127 : 00000000;
    40128 : 00000000;
    40129 : 00000000;
    40130 : 00000000;
    40131 : 00000000;
    40132 : 00000000;
    40133 : 00000000;
    40134 : 00000000;
    40135 : 00000000;
    40136 : 00000000;
    40137 : 00000000;
    40138 : 00000000;
    40139 : 00000000;
    40140 : 00000000;
    40141 : 00000000;
    40142 : 00000000;
    40143 : 00000000;
    40144 : 00000000;
    40145 : 00000000;
    40146 : 00000000;
    40147 : 00000000;
    40148 : 00000000;
    40149 : 00000000;
    40150 : 00000000;
    40151 : 00000000;
    40152 : 00000000;
    40153 : 00000000;
    40154 : 00000000;
    40155 : 00000000;
    40156 : 00000000;
    40157 : 00000000;
    40158 : 00000000;
    40159 : 00000000;
    40160 : 00000000;
    40161 : 00000000;
    40162 : 00000000;
    40163 : 00000000;
    40164 : 00000000;
    40165 : 00000000;
    40166 : 00000000;
    40167 : 00000000;
    40168 : 00000000;
    40169 : 00000000;
    40170 : 00000000;
    40171 : 00000000;
    40172 : 00000000;
    40173 : 00000000;
    40174 : 00000000;
    40175 : 00000000;
    40176 : 00000000;
    40177 : 00000000;
    40178 : 00000000;
    40179 : 00000000;
    40180 : 00000000;
    40181 : 00000000;
    40182 : 00000000;
    40183 : 00000000;
    40184 : 00000000;
    40185 : 00000000;
    40186 : 00000000;
    40187 : 00000000;
    40188 : 00000000;
    40189 : 00000000;
    40190 : 00000000;
    40191 : 00000000;
    40192 : 00000000;
    40193 : 00000000;
    40194 : 00000000;
    40195 : 00000000;
    40196 : 00000000;
    40197 : 00000000;
    40198 : 00000000;
    40199 : 00000000;
    40200 : 00000000;
    40201 : 00000000;
    40202 : 00000000;
    40203 : 00000000;
    40204 : 00000000;
    40205 : 00000000;
    40206 : 00000000;
    40207 : 00000000;
    40208 : 00000000;
    40209 : 00000000;
    40210 : 00000000;
    40211 : 00000000;
    40212 : 00000000;
    40213 : 00000000;
    40214 : 00000000;
    40215 : 00000000;
    40216 : 00000000;
    40217 : 00000000;
    40218 : 00000000;
    40219 : 00000000;
    40220 : 00000000;
    40221 : 00000000;
    40222 : 00000000;
    40223 : 00000000;
    40224 : 00000000;
    40225 : 00000000;
    40226 : 00000000;
    40227 : 00000000;
    40228 : 00000000;
    40229 : 00000000;
    40230 : 00000000;
    40231 : 00000000;
    40232 : 00000000;
    40233 : 00000000;
    40234 : 00000000;
    40235 : 00000000;
    40236 : 00000000;
    40237 : 00000000;
    40238 : 00000000;
    40239 : 00000000;
    40240 : 00000000;
    40241 : 00000000;
    40242 : 00000000;
    40243 : 00000000;
    40244 : 00000000;
    40245 : 00000000;
    40246 : 00000000;
    40247 : 00000000;
    40248 : 00000000;
    40249 : 00000000;
    40250 : 00000000;
    40251 : 00000000;
    40252 : 00000000;
    40253 : 00000000;
    40254 : 00000000;
    40255 : 00000000;
    40256 : 00000000;
    40257 : 00000000;
    40258 : 00000000;
    40259 : 00000000;
    40260 : 00000000;
    40261 : 00000000;
    40262 : 00000000;
    40263 : 00000000;
    40264 : 00000000;
    40265 : 00000000;
    40266 : 00000000;
    40267 : 00000000;
    40268 : 00000000;
    40269 : 00000000;
    40270 : 00000000;
    40271 : 00000000;
    40272 : 00000000;
    40273 : 00000000;
    40274 : 00000000;
    40275 : 00000000;
    40276 : 00000000;
    40277 : 00000000;
    40278 : 00000000;
    40279 : 00000000;
    40280 : 00000000;
    40281 : 00000000;
    40282 : 00000000;
    40283 : 00000000;
    40284 : 00000000;
    40285 : 00000000;
    40286 : 00000000;
    40287 : 00000000;
    40288 : 00000000;
    40289 : 00000000;
    40290 : 00000000;
    40291 : 00000000;
    40292 : 00000000;
    40293 : 00000000;
    40294 : 00000000;
    40295 : 00000000;
    40296 : 00000000;
    40297 : 00000000;
    40298 : 00000000;
    40299 : 00000000;
    40300 : 00000000;
    40301 : 00000000;
    40302 : 00000000;
    40303 : 00000000;
    40304 : 00000000;
    40305 : 00000000;
    40306 : 00000000;
    40307 : 00000000;
    40308 : 00000000;
    40309 : 00000000;
    40310 : 00000000;
    40311 : 00000000;
    40312 : 00000000;
    40313 : 00000000;
    40314 : 00000000;
    40315 : 00000000;
    40316 : 00000000;
    40317 : 00000000;
    40318 : 00000000;
    40319 : 00000000;
    40320 : 00000000;
    40321 : 00000000;
    40322 : 00000000;
    40323 : 00000000;
    40324 : 00000000;
    40325 : 00000000;
    40326 : 00000000;
    40327 : 00000000;
    40328 : 00000000;
    40329 : 00000000;
    40330 : 00000000;
    40331 : 00000000;
    40332 : 00000000;
    40333 : 00000000;
    40334 : 00000000;
    40335 : 00000000;
    40336 : 00000000;
    40337 : 00000000;
    40338 : 00000000;
    40339 : 00000000;
    40340 : 00000000;
    40341 : 00000000;
    40342 : 00000000;
    40343 : 00000000;
    40344 : 00000000;
    40345 : 00000000;
    40346 : 00000000;
    40347 : 00000000;
    40348 : 00000000;
    40349 : 00000000;
    40350 : 00000000;
    40351 : 00000000;
    40352 : 00000000;
    40353 : 00000000;
    40354 : 00000000;
    40355 : 00000000;
    40356 : 00000000;
    40357 : 00000000;
    40358 : 00000000;
    40359 : 00000000;
    40360 : 00000000;
    40361 : 00000000;
    40362 : 00000000;
    40363 : 00000000;
    40364 : 00000000;
    40365 : 00000000;
    40366 : 00000000;
    40367 : 00000000;
    40368 : 00000000;
    40369 : 00000000;
    40370 : 00000000;
    40371 : 00000000;
    40372 : 00000000;
    40373 : 00000000;
    40374 : 00000000;
    40375 : 00000000;
    40376 : 00000000;
    40377 : 00000000;
    40378 : 00000000;
    40379 : 00000000;
    40380 : 00000000;
    40381 : 00000000;
    40382 : 00000000;
    40383 : 00000000;
    40384 : 00000000;
    40385 : 00000000;
    40386 : 00000000;
    40387 : 00000000;
    40388 : 00000000;
    40389 : 00000000;
    40390 : 00000000;
    40391 : 00000000;
    40392 : 00000000;
    40393 : 00000000;
    40394 : 00000000;
    40395 : 00000000;
    40396 : 00000000;
    40397 : 00000000;
    40398 : 00000000;
    40399 : 00000000;
    40400 : 00000000;
    40401 : 00000000;
    40402 : 00000000;
    40403 : 00000000;
    40404 : 00000000;
    40405 : 00000000;
    40406 : 00000000;
    40407 : 00000000;
    40408 : 00000000;
    40409 : 00000000;
    40410 : 00000000;
    40411 : 00000000;
    40412 : 00000000;
    40413 : 00000000;
    40414 : 00000000;
    40415 : 00000000;
    40416 : 00000000;
    40417 : 00000000;
    40418 : 00000000;
    40419 : 00000000;
    40420 : 00000000;
    40421 : 00000000;
    40422 : 00000000;
    40423 : 00000000;
    40424 : 00000000;
    40425 : 00000000;
    40426 : 00000000;
    40427 : 00000000;
    40428 : 00000000;
    40429 : 00000000;
    40430 : 00000000;
    40431 : 00000000;
    40432 : 00000000;
    40433 : 00000000;
    40434 : 00000000;
    40435 : 00000000;
    40436 : 00000000;
    40437 : 00000000;
    40438 : 00000000;
    40439 : 00000000;
    40440 : 00000000;
    40441 : 00000000;
    40442 : 00000000;
    40443 : 00000000;
    40444 : 00000000;
    40445 : 00000000;
    40446 : 00000000;
    40447 : 00000000;
    40448 : 00000000;
    40449 : 00000000;
    40450 : 00000000;
    40451 : 00000000;
    40452 : 00000000;
    40453 : 00000000;
    40454 : 00000000;
    40455 : 00000000;
    40456 : 00000000;
    40457 : 00000000;
    40458 : 00000000;
    40459 : 00000000;
    40460 : 00000000;
    40461 : 00000000;
    40462 : 00000000;
    40463 : 00000000;
    40464 : 00000000;
    40465 : 00000000;
    40466 : 00000000;
    40467 : 00000000;
    40468 : 00000000;
    40469 : 00000000;
    40470 : 00000000;
    40471 : 00000000;
    40472 : 00000000;
    40473 : 00000000;
    40474 : 00000000;
    40475 : 00000000;
    40476 : 00000000;
    40477 : 00000000;
    40478 : 00000000;
    40479 : 00000000;
    40480 : 00000000;
    40481 : 00000000;
    40482 : 00000000;
    40483 : 00000000;
    40484 : 00000000;
    40485 : 00000000;
    40486 : 00000000;
    40487 : 00000000;
    40488 : 00000000;
    40489 : 00000000;
    40490 : 00000000;
    40491 : 00000000;
    40492 : 00000000;
    40493 : 00000000;
    40494 : 00000000;
    40495 : 00000000;
    40496 : 00000000;
    40497 : 00000000;
    40498 : 00000000;
    40499 : 00000000;
    40500 : 00000000;
    40501 : 00000000;
    40502 : 00000000;
    40503 : 00000000;
    40504 : 00000000;
    40505 : 00000000;
    40506 : 00000000;
    40507 : 00000000;
    40508 : 00000000;
    40509 : 00000000;
    40510 : 00000000;
    40511 : 00000000;
    40512 : 00000000;
    40513 : 00000000;
    40514 : 00000000;
    40515 : 00000000;
    40516 : 00000000;
    40517 : 00000000;
    40518 : 00000000;
    40519 : 00000000;
    40520 : 00000000;
    40521 : 00000000;
    40522 : 00000000;
    40523 : 00000000;
    40524 : 00000000;
    40525 : 00000000;
    40526 : 00000000;
    40527 : 00000000;
    40528 : 00000000;
    40529 : 00000000;
    40530 : 00000000;
    40531 : 00000000;
    40532 : 00000000;
    40533 : 00000000;
    40534 : 00000000;
    40535 : 00000000;
    40536 : 00000000;
    40537 : 00000000;
    40538 : 00000000;
    40539 : 00000000;
    40540 : 00000000;
    40541 : 00000000;
    40542 : 00000000;
    40543 : 00000000;
    40544 : 00000000;
    40545 : 00000000;
    40546 : 00000000;
    40547 : 00000000;
    40548 : 00000000;
    40549 : 00000000;
    40550 : 00000000;
    40551 : 00000000;
    40552 : 00000000;
    40553 : 00000000;
    40554 : 00000000;
    40555 : 00000000;
    40556 : 00000000;
    40557 : 00000000;
    40558 : 00000000;
    40559 : 00000000;
    40560 : 00000000;
    40561 : 00000000;
    40562 : 00000000;
    40563 : 00000000;
    40564 : 00000000;
    40565 : 00000000;
    40566 : 00000000;
    40567 : 00000000;
    40568 : 00000000;
    40569 : 00000000;
    40570 : 00000000;
    40571 : 00000000;
    40572 : 00000000;
    40573 : 00000000;
    40574 : 00000000;
    40575 : 00000000;
    40576 : 00000000;
    40577 : 00000000;
    40578 : 00000000;
    40579 : 00000000;
    40580 : 00000000;
    40581 : 00000000;
    40582 : 00000000;
    40583 : 00000000;
    40584 : 00000000;
    40585 : 00000000;
    40586 : 00000000;
    40587 : 00000000;
    40588 : 00000000;
    40589 : 00000000;
    40590 : 00000000;
    40591 : 00000000;
    40592 : 00000000;
    40593 : 00000000;
    40594 : 00000000;
    40595 : 00000000;
    40596 : 00000000;
    40597 : 00000000;
    40598 : 00000000;
    40599 : 00000000;
    40600 : 00000000;
    40601 : 00000000;
    40602 : 00000000;
    40603 : 00000000;
    40604 : 00000000;
    40605 : 00000000;
    40606 : 00000000;
    40607 : 00000000;
    40608 : 00000000;
    40609 : 00000000;
    40610 : 00000000;
    40611 : 00000000;
    40612 : 00000000;
    40613 : 00000000;
    40614 : 00000000;
    40615 : 00000000;
    40616 : 00000000;
    40617 : 00000000;
    40618 : 00000000;
    40619 : 00000000;
    40620 : 00000000;
    40621 : 00000000;
    40622 : 00000000;
    40623 : 00000000;
    40624 : 00000000;
    40625 : 00000000;
    40626 : 00000000;
    40627 : 00000000;
    40628 : 00000000;
    40629 : 00000000;
    40630 : 00000000;
    40631 : 00000000;
    40632 : 00000000;
    40633 : 00000000;
    40634 : 00000000;
    40635 : 00000000;
    40636 : 00000000;
    40637 : 00000000;
    40638 : 00000000;
    40639 : 00000000;
    40640 : 00000000;
    40641 : 00000000;
    40642 : 00000000;
    40643 : 00000000;
    40644 : 00000000;
    40645 : 00000000;
    40646 : 00000000;
    40647 : 00000000;
    40648 : 00000000;
    40649 : 00000000;
    40650 : 00000000;
    40651 : 00000000;
    40652 : 00000000;
    40653 : 00000000;
    40654 : 00000000;
    40655 : 00000000;
    40656 : 00000000;
    40657 : 00000000;
    40658 : 00000000;
    40659 : 00000000;
    40660 : 00000000;
    40661 : 00000000;
    40662 : 00000000;
    40663 : 00000000;
    40664 : 00000000;
    40665 : 00000000;
    40666 : 00000000;
    40667 : 00000000;
    40668 : 00000000;
    40669 : 00000000;
    40670 : 00000000;
    40671 : 00000000;
    40672 : 00000000;
    40673 : 00000000;
    40674 : 00000000;
    40675 : 00000000;
    40676 : 00000000;
    40677 : 00000000;
    40678 : 00000000;
    40679 : 00000000;
    40680 : 00000000;
    40681 : 00000000;
    40682 : 00000000;
    40683 : 00000000;
    40684 : 00000000;
    40685 : 00000000;
    40686 : 00000000;
    40687 : 00000000;
    40688 : 00000000;
    40689 : 00000000;
    40690 : 00000000;
    40691 : 00000000;
    40692 : 00000000;
    40693 : 00000000;
    40694 : 00000000;
    40695 : 00000000;
    40696 : 00000000;
    40697 : 00000000;
    40698 : 00000000;
    40699 : 00000000;
    40700 : 00000000;
    40701 : 00000000;
    40702 : 00000000;
    40703 : 00000000;
    40704 : 00000000;
    40705 : 00000000;
    40706 : 00000000;
    40707 : 00000000;
    40708 : 00000000;
    40709 : 00000000;
    40710 : 00000000;
    40711 : 00000000;
    40712 : 00000000;
    40713 : 00000000;
    40714 : 00000000;
    40715 : 00000000;
    40716 : 00000000;
    40717 : 00000000;
    40718 : 00000000;
    40719 : 00000000;
    40720 : 00000000;
    40721 : 00000000;
    40722 : 00000000;
    40723 : 00000000;
    40724 : 00000000;
    40725 : 00000000;
    40726 : 00000000;
    40727 : 00000000;
    40728 : 00000000;
    40729 : 00000000;
    40730 : 00000000;
    40731 : 00000000;
    40732 : 00000000;
    40733 : 00000000;
    40734 : 00000000;
    40735 : 00000000;
    40736 : 00000000;
    40737 : 00000000;
    40738 : 00000000;
    40739 : 00000000;
    40740 : 00000000;
    40741 : 00000000;
    40742 : 00000000;
    40743 : 00000000;
    40744 : 00000000;
    40745 : 00000000;
    40746 : 00000000;
    40747 : 00000000;
    40748 : 00000000;
    40749 : 00000000;
    40750 : 00000000;
    40751 : 00000000;
    40752 : 00000000;
    40753 : 00000000;
    40754 : 00000000;
    40755 : 00000000;
    40756 : 00000000;
    40757 : 00000000;
    40758 : 00000000;
    40759 : 00000000;
    40760 : 00000000;
    40761 : 00000000;
    40762 : 00000000;
    40763 : 00000000;
    40764 : 00000000;
    40765 : 00000000;
    40766 : 00000000;
    40767 : 00000000;
    40768 : 00000000;
    40769 : 00000000;
    40770 : 00000000;
    40771 : 00000000;
    40772 : 00000000;
    40773 : 00000000;
    40774 : 00000000;
    40775 : 00000000;
    40776 : 00000000;
    40777 : 00000000;
    40778 : 00000000;
    40779 : 00000000;
    40780 : 00000000;
    40781 : 00000000;
    40782 : 00000000;
    40783 : 00000000;
    40784 : 00000000;
    40785 : 00000000;
    40786 : 00000000;
    40787 : 00000000;
    40788 : 00000000;
    40789 : 00000000;
    40790 : 00000000;
    40791 : 00000000;
    40792 : 00000000;
    40793 : 00000000;
    40794 : 00000000;
    40795 : 00000000;
    40796 : 00000000;
    40797 : 00000000;
    40798 : 00000000;
    40799 : 00000000;
    40800 : 00000000;
    40801 : 00000000;
    40802 : 00000000;
    40803 : 00000000;
    40804 : 00000000;
    40805 : 00000000;
    40806 : 00000000;
    40807 : 00000000;
    40808 : 00000000;
    40809 : 00000000;
    40810 : 00000000;
    40811 : 00000000;
    40812 : 00000000;
    40813 : 00000000;
    40814 : 00000000;
    40815 : 00000000;
    40816 : 00000000;
    40817 : 00000000;
    40818 : 00000000;
    40819 : 00000000;
    40820 : 00000000;
    40821 : 00000000;
    40822 : 00000000;
    40823 : 00000000;
    40824 : 00000000;
    40825 : 00000000;
    40826 : 00000000;
    40827 : 00000000;
    40828 : 00000000;
    40829 : 00000000;
    40830 : 00000000;
    40831 : 00000000;
    40832 : 00000000;
    40833 : 00000000;
    40834 : 00000000;
    40835 : 00000000;
    40836 : 00000000;
    40837 : 00000000;
    40838 : 00000000;
    40839 : 00000000;
    40840 : 00000000;
    40841 : 00000000;
    40842 : 00000000;
    40843 : 00000000;
    40844 : 00000000;
    40845 : 00000000;
    40846 : 00000000;
    40847 : 00000000;
    40848 : 00000000;
    40849 : 00000000;
    40850 : 00000000;
    40851 : 00000000;
    40852 : 00000000;
    40853 : 00000000;
    40854 : 00000000;
    40855 : 00000000;
    40856 : 00000000;
    40857 : 00000000;
    40858 : 00000000;
    40859 : 00000000;
    40860 : 00000000;
    40861 : 00000000;
    40862 : 00000000;
    40863 : 00000000;
    40864 : 00000000;
    40865 : 00000000;
    40866 : 00000000;
    40867 : 00000000;
    40868 : 00000000;
    40869 : 00000000;
    40870 : 00000000;
    40871 : 00000000;
    40872 : 00000000;
    40873 : 00000000;
    40874 : 00000000;
    40875 : 00000000;
    40876 : 00000000;
    40877 : 00000000;
    40878 : 00000000;
    40879 : 00000000;
    40880 : 00000000;
    40881 : 00000000;
    40882 : 00000000;
    40883 : 00000000;
    40884 : 00000000;
    40885 : 00000000;
    40886 : 00000000;
    40887 : 00000000;
    40888 : 00000000;
    40889 : 00000000;
    40890 : 00000000;
    40891 : 00000000;
    40892 : 00000000;
    40893 : 00000000;
    40894 : 00000000;
    40895 : 00000000;
    40896 : 00000000;
    40897 : 00000000;
    40898 : 00000000;
    40899 : 00000000;
    40900 : 00000000;
    40901 : 00000000;
    40902 : 00000000;
    40903 : 00000000;
    40904 : 00000000;
    40905 : 00000000;
    40906 : 00000000;
    40907 : 00000000;
    40908 : 00000000;
    40909 : 00000000;
    40910 : 00000000;
    40911 : 00000000;
    40912 : 00000000;
    40913 : 00000000;
    40914 : 00000000;
    40915 : 00000000;
    40916 : 00000000;
    40917 : 00000000;
    40918 : 00000000;
    40919 : 00000000;
    40920 : 00000000;
    40921 : 00000000;
    40922 : 00000000;
    40923 : 00000000;
    40924 : 00000000;
    40925 : 00000000;
    40926 : 00000000;
    40927 : 00000000;
    40928 : 00000000;
    40929 : 00000000;
    40930 : 00000000;
    40931 : 00000000;
    40932 : 00000000;
    40933 : 00000000;
    40934 : 00000000;
    40935 : 00000000;
    40936 : 00000000;
    40937 : 00000000;
    40938 : 00000000;
    40939 : 00000000;
    40940 : 00000000;
    40941 : 00000000;
    40942 : 00000000;
    40943 : 00000000;
    40944 : 00000000;
    40945 : 00000000;
    40946 : 00000000;
    40947 : 00000000;
    40948 : 00000000;
    40949 : 00000000;
    40950 : 00000000;
    40951 : 00000000;
    40952 : 00000000;
    40953 : 00000000;
    40954 : 00000000;
    40955 : 00000000;
    40956 : 53494730;
    40957 : 00000074;
    40958 : 00000098;
    40959 : 00000024;
    40960 : 27000293;
    40961 : FFF00F93;
    40962 : 00000813;
    40963 : 410F8033;
    40964 : 0002A023;
    40965 : 00100F13;
    40966 : 80100793;
    40967 : 40FF00B3;
    40968 : 0012A223;
    40969 : 00000E93;
    40970 : FFF00713;
    40971 : 40EE8133;
    40972 : 0022A423;
    40973 : 7FF00E13;
    40974 : FFFFF6B7;
    40975 : DCC68693;
    40976 : 40DE01B3;
    40977 : 0032A623;
    40978 : 00000D93;
    40979 : 80000637;
    40980 : 40CD8233;
    40981 : 0042A823;
    40982 : 28400093;
    40983 : 00001D37;
    40984 : 800D0D13;
    40985 : 000015B7;
    40986 : 23458593;
    40987 : 40BD02B3;
    40988 : 0050A023;
    40989 : 07654CB7;
    40990 : 321C8C93;
    40991 : FFF00513;
    40992 : 40AC8333;
    40993 : 0060A223;
    40994 : 80000C37;
    40995 : FFFC0C13;
    40996 : 00100493;
    40997 : 409C03B3;
    40998 : 0070A423;
    40999 : 00100B93;
    41000 : 80000437;
    41001 : FFF40413;
    41002 : 408B8433;
    41003 : 0080A623;
    41004 : FFF00B13;
    41005 : 076543B7;
    41006 : 32138393;
    41007 : 407B04B3;
    41008 : 0090A823;
    41009 : 29800093;
    41010 : 00001AB7;
    41011 : 234A8A93;
    41012 : 00001337;
    41013 : 80030313;
    41014 : 406A8533;
    41015 : 00A0A023;
    41016 : 80000A37;
    41017 : 00000293;
    41018 : 405A05B3;
    41019 : 00B0A223;
    41020 : FFFFF9B7;
    41021 : DCC98993;
    41022 : 7FF00213;
    41023 : 40498633;
    41024 : 00C0A423;
    41025 : FFF00913;
    41026 : FFF00193;
    41027 : 403906B3;
    41028 : 00D0A623;
    41029 : 80100893;
    41030 : 00100113;
    41031 : 40288733;
    41032 : 00E0A823;
    41033 : 2AC00113;
    41034 : 00000813;
    41035 : 00000093;
    41036 : 401807B3;
    41037 : 00F12023;
    41038 : FFF00793;
    41039 : 00000013;
    41040 : 40078833;
    41041 : 01012223;
    41042 : 00100713;
    41043 : 80100F93;
    41044 : 41F708B3;
    41045 : 01112423;
    41046 : 00000693;
    41047 : FFF00F13;
    41048 : 41E68933;
    41049 : 01212623;
    41050 : 7FF00613;
    41051 : FFFFFEB7;
    41052 : DCCE8E93;
    41053 : 41D609B3;
    41054 : 01312823;
    41055 : 2C000093;
    41056 : 00000593;
    41057 : 80000E37;
    41058 : 41C58A33;
    41059 : 0140A023;
    41060 : 00001537;
    41061 : 80050513;
    41062 : 00001DB7;
    41063 : 234D8D93;
    41064 : 41B50AB3;
    41065 : 0150A223;
    41066 : 076544B7;
    41067 : 32148493;
    41068 : FFF00D13;
    41069 : 41A48B33;
    41070 : 0160A423;
    41071 : 80000437;
    41072 : FFF40413;
    41073 : 00100C93;
    41074 : 41940BB3;
    41075 : 0170A623;
    41076 : 00100393;
    41077 : 80000C37;
    41078 : FFFC0C13;
    41079 : 41838C33;
    41080 : 0180A823;
    41081 : 2D400093;
    41082 : FFF00313;
    41083 : 07654BB7;
    41084 : 321B8B93;
    41085 : 41730CB3;
    41086 : 0190A023;
    41087 : 000012B7;
    41088 : 23428293;
    41089 : 00001B37;
    41090 : 800B0B13;
    41091 : 41628D33;
    41092 : 01A0A223;
    41093 : 80000237;
    41094 : 00000A93;
    41095 : 41520DB3;
    41096 : 01B0A423;
    41097 : FFFFF1B7;
    41098 : DCC18193;
    41099 : 7FF00A13;
    41100 : 41418E33;
    41101 : 01C0A623;
    41102 : FFF00113;
    41103 : FFF00993;
    41104 : 41310EB3;
    41105 : 01D0A823;
    41106 : 2E800113;
    41107 : 80100093;
    41108 : 00100913;
    41109 : 41208F33;
    41110 : 01E12023;
    41111 : 00000013;
    41112 : 00000893;
    41113 : 41100FB3;
    41114 : 01F12223;
    41115 : 00000073;
    41116 : FFFFFFFF;
    41117 : FFFFFFFF;
    41118 : FFFFFFFF;
    41119 : FFFFFFFF;
    41120 : FFFFFFFF;
    41121 : FFFFFFFF;
    41122 : FFFFFFFF;
    41123 : FFFFFFFF;
    41124 : FFFFFFFF;
    41125 : FFFFFFFF;
    41126 : FFFFFFFF;
    41127 : FFFFFFFF;
    41128 : FFFFFFFF;
    41129 : FFFFFFFF;
    41130 : FFFFFFFF;
    41131 : FFFFFFFF;
    41132 : FFFFFFFF;
    41133 : FFFFFFFF;
    41134 : FFFFFFFF;
    41135 : FFFFFFFF;
    41136 : FFFFFFFF;
    41137 : FFFFFFFF;
    41138 : FFFFFFFF;
    41139 : FFFFFFFF;
    41140 : FFFFFFFF;
    41141 : FFFFFFFF;
    41142 : FFFFFFFF;
    41143 : FFFFFFFF;
    41144 : FFFFFFFF;
    41145 : FFFFFFFF;
    41146 : FFFFFFFF;
    41147 : FFFFFFFF;
    41148 : FFFFFFFF;
    41149 : FFFFFFFF;
    41150 : FFFFFFFF;
    41151 : 00000000;
    41152 : 00000000;
    41153 : 00000000;
    41154 : 00000000;
    41155 : 00000000;
    41156 : 00000000;
    41157 : 00000000;
    41158 : 00000000;
    41159 : 00000000;
    41160 : 00000000;
    41161 : 00000000;
    41162 : 00000000;
    41163 : 00000000;
    41164 : 00000000;
    41165 : 00000000;
    41166 : 00000000;
    41167 : 00000000;
    41168 : 00000000;
    41169 : 00000000;
    41170 : 00000000;
    41171 : 00000000;
    41172 : 00000000;
    41173 : 00000000;
    41174 : 00000000;
    41175 : 00000000;
    41176 : 00000000;
    41177 : 00000000;
    41178 : 00000000;
    41179 : 00000000;
    41180 : 00000000;
    41181 : 00000000;
    41182 : 00000000;
    41183 : 00000000;
    41184 : 00000000;
    41185 : 00000000;
    41186 : 00000000;
    41187 : 00000000;
    41188 : 00000000;
    41189 : 00000000;
    41190 : 00000000;
    41191 : 00000000;
    41192 : 00000000;
    41193 : 00000000;
    41194 : 00000000;
    41195 : 00000000;
    41196 : 00000000;
    41197 : 00000000;
    41198 : 00000000;
    41199 : 00000000;
    41200 : 00000000;
    41201 : 00000000;
    41202 : 00000000;
    41203 : 00000000;
    41204 : 00000000;
    41205 : 00000000;
    41206 : 00000000;
    41207 : 00000000;
    41208 : 00000000;
    41209 : 00000000;
    41210 : 00000000;
    41211 : 00000000;
    41212 : 00000000;
    41213 : 00000000;
    41214 : 00000000;
    41215 : 00000000;
    41216 : 00000000;
    41217 : 00000000;
    41218 : 00000000;
    41219 : 00000000;
    41220 : 00000000;
    41221 : 00000000;
    41222 : 00000000;
    41223 : 00000000;
    41224 : 00000000;
    41225 : 00000000;
    41226 : 00000000;
    41227 : 00000000;
    41228 : 00000000;
    41229 : 00000000;
    41230 : 00000000;
    41231 : 00000000;
    41232 : 00000000;
    41233 : 00000000;
    41234 : 00000000;
    41235 : 00000000;
    41236 : 00000000;
    41237 : 00000000;
    41238 : 00000000;
    41239 : 00000000;
    41240 : 00000000;
    41241 : 00000000;
    41242 : 00000000;
    41243 : 00000000;
    41244 : 00000000;
    41245 : 00000000;
    41246 : 00000000;
    41247 : 00000000;
    41248 : 00000000;
    41249 : 00000000;
    41250 : 00000000;
    41251 : 00000000;
    41252 : 00000000;
    41253 : 00000000;
    41254 : 00000000;
    41255 : 00000000;
    41256 : 00000000;
    41257 : 00000000;
    41258 : 00000000;
    41259 : 00000000;
    41260 : 00000000;
    41261 : 00000000;
    41262 : 00000000;
    41263 : 00000000;
    41264 : 00000000;
    41265 : 00000000;
    41266 : 00000000;
    41267 : 00000000;
    41268 : 00000000;
    41269 : 00000000;
    41270 : 00000000;
    41271 : 00000000;
    41272 : 00000000;
    41273 : 00000000;
    41274 : 00000000;
    41275 : 00000000;
    41276 : 00000000;
    41277 : 00000000;
    41278 : 00000000;
    41279 : 00000000;
    41280 : 00000000;
    41281 : 00000000;
    41282 : 00000000;
    41283 : 00000000;
    41284 : 00000000;
    41285 : 00000000;
    41286 : 00000000;
    41287 : 00000000;
    41288 : 00000000;
    41289 : 00000000;
    41290 : 00000000;
    41291 : 00000000;
    41292 : 00000000;
    41293 : 00000000;
    41294 : 00000000;
    41295 : 00000000;
    41296 : 00000000;
    41297 : 00000000;
    41298 : 00000000;
    41299 : 00000000;
    41300 : 00000000;
    41301 : 00000000;
    41302 : 00000000;
    41303 : 00000000;
    41304 : 00000000;
    41305 : 00000000;
    41306 : 00000000;
    41307 : 00000000;
    41308 : 00000000;
    41309 : 00000000;
    41310 : 00000000;
    41311 : 00000000;
    41312 : 00000000;
    41313 : 00000000;
    41314 : 00000000;
    41315 : 00000000;
    41316 : 00000000;
    41317 : 00000000;
    41318 : 00000000;
    41319 : 00000000;
    41320 : 00000000;
    41321 : 00000000;
    41322 : 00000000;
    41323 : 00000000;
    41324 : 00000000;
    41325 : 00000000;
    41326 : 00000000;
    41327 : 00000000;
    41328 : 00000000;
    41329 : 00000000;
    41330 : 00000000;
    41331 : 00000000;
    41332 : 00000000;
    41333 : 00000000;
    41334 : 00000000;
    41335 : 00000000;
    41336 : 00000000;
    41337 : 00000000;
    41338 : 00000000;
    41339 : 00000000;
    41340 : 00000000;
    41341 : 00000000;
    41342 : 00000000;
    41343 : 00000000;
    41344 : 00000000;
    41345 : 00000000;
    41346 : 00000000;
    41347 : 00000000;
    41348 : 00000000;
    41349 : 00000000;
    41350 : 00000000;
    41351 : 00000000;
    41352 : 00000000;
    41353 : 00000000;
    41354 : 00000000;
    41355 : 00000000;
    41356 : 00000000;
    41357 : 00000000;
    41358 : 00000000;
    41359 : 00000000;
    41360 : 00000000;
    41361 : 00000000;
    41362 : 00000000;
    41363 : 00000000;
    41364 : 00000000;
    41365 : 00000000;
    41366 : 00000000;
    41367 : 00000000;
    41368 : 00000000;
    41369 : 00000000;
    41370 : 00000000;
    41371 : 00000000;
    41372 : 00000000;
    41373 : 00000000;
    41374 : 00000000;
    41375 : 00000000;
    41376 : 00000000;
    41377 : 00000000;
    41378 : 00000000;
    41379 : 00000000;
    41380 : 00000000;
    41381 : 00000000;
    41382 : 00000000;
    41383 : 00000000;
    41384 : 00000000;
    41385 : 00000000;
    41386 : 00000000;
    41387 : 00000000;
    41388 : 00000000;
    41389 : 00000000;
    41390 : 00000000;
    41391 : 00000000;
    41392 : 00000000;
    41393 : 00000000;
    41394 : 00000000;
    41395 : 00000000;
    41396 : 00000000;
    41397 : 00000000;
    41398 : 00000000;
    41399 : 00000000;
    41400 : 00000000;
    41401 : 00000000;
    41402 : 00000000;
    41403 : 00000000;
    41404 : 00000000;
    41405 : 00000000;
    41406 : 00000000;
    41407 : 00000000;
    41408 : 00000000;
    41409 : 00000000;
    41410 : 00000000;
    41411 : 00000000;
    41412 : 00000000;
    41413 : 00000000;
    41414 : 00000000;
    41415 : 00000000;
    41416 : 00000000;
    41417 : 00000000;
    41418 : 00000000;
    41419 : 00000000;
    41420 : 00000000;
    41421 : 00000000;
    41422 : 00000000;
    41423 : 00000000;
    41424 : 00000000;
    41425 : 00000000;
    41426 : 00000000;
    41427 : 00000000;
    41428 : 00000000;
    41429 : 00000000;
    41430 : 00000000;
    41431 : 00000000;
    41432 : 00000000;
    41433 : 00000000;
    41434 : 00000000;
    41435 : 00000000;
    41436 : 00000000;
    41437 : 00000000;
    41438 : 00000000;
    41439 : 00000000;
    41440 : 00000000;
    41441 : 00000000;
    41442 : 00000000;
    41443 : 00000000;
    41444 : 00000000;
    41445 : 00000000;
    41446 : 00000000;
    41447 : 00000000;
    41448 : 00000000;
    41449 : 00000000;
    41450 : 00000000;
    41451 : 00000000;
    41452 : 00000000;
    41453 : 00000000;
    41454 : 00000000;
    41455 : 00000000;
    41456 : 00000000;
    41457 : 00000000;
    41458 : 00000000;
    41459 : 00000000;
    41460 : 00000000;
    41461 : 00000000;
    41462 : 00000000;
    41463 : 00000000;
    41464 : 00000000;
    41465 : 00000000;
    41466 : 00000000;
    41467 : 00000000;
    41468 : 00000000;
    41469 : 00000000;
    41470 : 00000000;
    41471 : 00000000;
    41472 : 00000000;
    41473 : 00000000;
    41474 : 00000000;
    41475 : 00000000;
    41476 : 00000000;
    41477 : 00000000;
    41478 : 00000000;
    41479 : 00000000;
    41480 : 00000000;
    41481 : 00000000;
    41482 : 00000000;
    41483 : 00000000;
    41484 : 00000000;
    41485 : 00000000;
    41486 : 00000000;
    41487 : 00000000;
    41488 : 00000000;
    41489 : 00000000;
    41490 : 00000000;
    41491 : 00000000;
    41492 : 00000000;
    41493 : 00000000;
    41494 : 00000000;
    41495 : 00000000;
    41496 : 00000000;
    41497 : 00000000;
    41498 : 00000000;
    41499 : 00000000;
    41500 : 00000000;
    41501 : 00000000;
    41502 : 00000000;
    41503 : 00000000;
    41504 : 00000000;
    41505 : 00000000;
    41506 : 00000000;
    41507 : 00000000;
    41508 : 00000000;
    41509 : 00000000;
    41510 : 00000000;
    41511 : 00000000;
    41512 : 00000000;
    41513 : 00000000;
    41514 : 00000000;
    41515 : 00000000;
    41516 : 00000000;
    41517 : 00000000;
    41518 : 00000000;
    41519 : 00000000;
    41520 : 00000000;
    41521 : 00000000;
    41522 : 00000000;
    41523 : 00000000;
    41524 : 00000000;
    41525 : 00000000;
    41526 : 00000000;
    41527 : 00000000;
    41528 : 00000000;
    41529 : 00000000;
    41530 : 00000000;
    41531 : 00000000;
    41532 : 00000000;
    41533 : 00000000;
    41534 : 00000000;
    41535 : 00000000;
    41536 : 00000000;
    41537 : 00000000;
    41538 : 00000000;
    41539 : 00000000;
    41540 : 00000000;
    41541 : 00000000;
    41542 : 00000000;
    41543 : 00000000;
    41544 : 00000000;
    41545 : 00000000;
    41546 : 00000000;
    41547 : 00000000;
    41548 : 00000000;
    41549 : 00000000;
    41550 : 00000000;
    41551 : 00000000;
    41552 : 00000000;
    41553 : 00000000;
    41554 : 00000000;
    41555 : 00000000;
    41556 : 00000000;
    41557 : 00000000;
    41558 : 00000000;
    41559 : 00000000;
    41560 : 00000000;
    41561 : 00000000;
    41562 : 00000000;
    41563 : 00000000;
    41564 : 00000000;
    41565 : 00000000;
    41566 : 00000000;
    41567 : 00000000;
    41568 : 00000000;
    41569 : 00000000;
    41570 : 00000000;
    41571 : 00000000;
    41572 : 00000000;
    41573 : 00000000;
    41574 : 00000000;
    41575 : 00000000;
    41576 : 00000000;
    41577 : 00000000;
    41578 : 00000000;
    41579 : 00000000;
    41580 : 00000000;
    41581 : 00000000;
    41582 : 00000000;
    41583 : 00000000;
    41584 : 00000000;
    41585 : 00000000;
    41586 : 00000000;
    41587 : 00000000;
    41588 : 00000000;
    41589 : 00000000;
    41590 : 00000000;
    41591 : 00000000;
    41592 : 00000000;
    41593 : 00000000;
    41594 : 00000000;
    41595 : 00000000;
    41596 : 00000000;
    41597 : 00000000;
    41598 : 00000000;
    41599 : 00000000;
    41600 : 00000000;
    41601 : 00000000;
    41602 : 00000000;
    41603 : 00000000;
    41604 : 00000000;
    41605 : 00000000;
    41606 : 00000000;
    41607 : 00000000;
    41608 : 00000000;
    41609 : 00000000;
    41610 : 00000000;
    41611 : 00000000;
    41612 : 00000000;
    41613 : 00000000;
    41614 : 00000000;
    41615 : 00000000;
    41616 : 00000000;
    41617 : 00000000;
    41618 : 00000000;
    41619 : 00000000;
    41620 : 00000000;
    41621 : 00000000;
    41622 : 00000000;
    41623 : 00000000;
    41624 : 00000000;
    41625 : 00000000;
    41626 : 00000000;
    41627 : 00000000;
    41628 : 00000000;
    41629 : 00000000;
    41630 : 00000000;
    41631 : 00000000;
    41632 : 00000000;
    41633 : 00000000;
    41634 : 00000000;
    41635 : 00000000;
    41636 : 00000000;
    41637 : 00000000;
    41638 : 00000000;
    41639 : 00000000;
    41640 : 00000000;
    41641 : 00000000;
    41642 : 00000000;
    41643 : 00000000;
    41644 : 00000000;
    41645 : 00000000;
    41646 : 00000000;
    41647 : 00000000;
    41648 : 00000000;
    41649 : 00000000;
    41650 : 00000000;
    41651 : 00000000;
    41652 : 00000000;
    41653 : 00000000;
    41654 : 00000000;
    41655 : 00000000;
    41656 : 00000000;
    41657 : 00000000;
    41658 : 00000000;
    41659 : 00000000;
    41660 : 00000000;
    41661 : 00000000;
    41662 : 00000000;
    41663 : 00000000;
    41664 : 00000000;
    41665 : 00000000;
    41666 : 00000000;
    41667 : 00000000;
    41668 : 00000000;
    41669 : 00000000;
    41670 : 00000000;
    41671 : 00000000;
    41672 : 00000000;
    41673 : 00000000;
    41674 : 00000000;
    41675 : 00000000;
    41676 : 00000000;
    41677 : 00000000;
    41678 : 00000000;
    41679 : 00000000;
    41680 : 00000000;
    41681 : 00000000;
    41682 : 00000000;
    41683 : 00000000;
    41684 : 00000000;
    41685 : 00000000;
    41686 : 00000000;
    41687 : 00000000;
    41688 : 00000000;
    41689 : 00000000;
    41690 : 00000000;
    41691 : 00000000;
    41692 : 00000000;
    41693 : 00000000;
    41694 : 00000000;
    41695 : 00000000;
    41696 : 00000000;
    41697 : 00000000;
    41698 : 00000000;
    41699 : 00000000;
    41700 : 00000000;
    41701 : 00000000;
    41702 : 00000000;
    41703 : 00000000;
    41704 : 00000000;
    41705 : 00000000;
    41706 : 00000000;
    41707 : 00000000;
    41708 : 00000000;
    41709 : 00000000;
    41710 : 00000000;
    41711 : 00000000;
    41712 : 00000000;
    41713 : 00000000;
    41714 : 00000000;
    41715 : 00000000;
    41716 : 00000000;
    41717 : 00000000;
    41718 : 00000000;
    41719 : 00000000;
    41720 : 00000000;
    41721 : 00000000;
    41722 : 00000000;
    41723 : 00000000;
    41724 : 00000000;
    41725 : 00000000;
    41726 : 00000000;
    41727 : 00000000;
    41728 : 00000000;
    41729 : 00000000;
    41730 : 00000000;
    41731 : 00000000;
    41732 : 00000000;
    41733 : 00000000;
    41734 : 00000000;
    41735 : 00000000;
    41736 : 00000000;
    41737 : 00000000;
    41738 : 00000000;
    41739 : 00000000;
    41740 : 00000000;
    41741 : 00000000;
    41742 : 00000000;
    41743 : 00000000;
    41744 : 00000000;
    41745 : 00000000;
    41746 : 00000000;
    41747 : 00000000;
    41748 : 00000000;
    41749 : 00000000;
    41750 : 00000000;
    41751 : 00000000;
    41752 : 00000000;
    41753 : 00000000;
    41754 : 00000000;
    41755 : 00000000;
    41756 : 00000000;
    41757 : 00000000;
    41758 : 00000000;
    41759 : 00000000;
    41760 : 00000000;
    41761 : 00000000;
    41762 : 00000000;
    41763 : 00000000;
    41764 : 00000000;
    41765 : 00000000;
    41766 : 00000000;
    41767 : 00000000;
    41768 : 00000000;
    41769 : 00000000;
    41770 : 00000000;
    41771 : 00000000;
    41772 : 00000000;
    41773 : 00000000;
    41774 : 00000000;
    41775 : 00000000;
    41776 : 00000000;
    41777 : 00000000;
    41778 : 00000000;
    41779 : 00000000;
    41780 : 00000000;
    41781 : 00000000;
    41782 : 00000000;
    41783 : 00000000;
    41784 : 00000000;
    41785 : 00000000;
    41786 : 00000000;
    41787 : 00000000;
    41788 : 00000000;
    41789 : 00000000;
    41790 : 00000000;
    41791 : 00000000;
    41792 : 00000000;
    41793 : 00000000;
    41794 : 00000000;
    41795 : 00000000;
    41796 : 00000000;
    41797 : 00000000;
    41798 : 00000000;
    41799 : 00000000;
    41800 : 00000000;
    41801 : 00000000;
    41802 : 00000000;
    41803 : 00000000;
    41804 : 00000000;
    41805 : 00000000;
    41806 : 00000000;
    41807 : 00000000;
    41808 : 00000000;
    41809 : 00000000;
    41810 : 00000000;
    41811 : 00000000;
    41812 : 00000000;
    41813 : 00000000;
    41814 : 00000000;
    41815 : 00000000;
    41816 : 00000000;
    41817 : 00000000;
    41818 : 00000000;
    41819 : 00000000;
    41820 : 00000000;
    41821 : 00000000;
    41822 : 00000000;
    41823 : 00000000;
    41824 : 00000000;
    41825 : 00000000;
    41826 : 00000000;
    41827 : 00000000;
    41828 : 00000000;
    41829 : 00000000;
    41830 : 00000000;
    41831 : 00000000;
    41832 : 00000000;
    41833 : 00000000;
    41834 : 00000000;
    41835 : 00000000;
    41836 : 00000000;
    41837 : 00000000;
    41838 : 00000000;
    41839 : 00000000;
    41840 : 00000000;
    41841 : 00000000;
    41842 : 00000000;
    41843 : 00000000;
    41844 : 00000000;
    41845 : 00000000;
    41846 : 00000000;
    41847 : 00000000;
    41848 : 00000000;
    41849 : 00000000;
    41850 : 00000000;
    41851 : 00000000;
    41852 : 00000000;
    41853 : 00000000;
    41854 : 00000000;
    41855 : 00000000;
    41856 : 00000000;
    41857 : 00000000;
    41858 : 00000000;
    41859 : 00000000;
    41860 : 00000000;
    41861 : 00000000;
    41862 : 00000000;
    41863 : 00000000;
    41864 : 00000000;
    41865 : 00000000;
    41866 : 00000000;
    41867 : 00000000;
    41868 : 00000000;
    41869 : 00000000;
    41870 : 00000000;
    41871 : 00000000;
    41872 : 00000000;
    41873 : 00000000;
    41874 : 00000000;
    41875 : 00000000;
    41876 : 00000000;
    41877 : 00000000;
    41878 : 00000000;
    41879 : 00000000;
    41880 : 00000000;
    41881 : 00000000;
    41882 : 00000000;
    41883 : 00000000;
    41884 : 00000000;
    41885 : 00000000;
    41886 : 00000000;
    41887 : 00000000;
    41888 : 00000000;
    41889 : 00000000;
    41890 : 00000000;
    41891 : 00000000;
    41892 : 00000000;
    41893 : 00000000;
    41894 : 00000000;
    41895 : 00000000;
    41896 : 00000000;
    41897 : 00000000;
    41898 : 00000000;
    41899 : 00000000;
    41900 : 00000000;
    41901 : 00000000;
    41902 : 00000000;
    41903 : 00000000;
    41904 : 00000000;
    41905 : 00000000;
    41906 : 00000000;
    41907 : 00000000;
    41908 : 00000000;
    41909 : 00000000;
    41910 : 00000000;
    41911 : 00000000;
    41912 : 00000000;
    41913 : 00000000;
    41914 : 00000000;
    41915 : 00000000;
    41916 : 00000000;
    41917 : 00000000;
    41918 : 00000000;
    41919 : 00000000;
    41920 : 00000000;
    41921 : 00000000;
    41922 : 00000000;
    41923 : 00000000;
    41924 : 00000000;
    41925 : 00000000;
    41926 : 00000000;
    41927 : 00000000;
    41928 : 00000000;
    41929 : 00000000;
    41930 : 00000000;
    41931 : 00000000;
    41932 : 00000000;
    41933 : 00000000;
    41934 : 00000000;
    41935 : 00000000;
    41936 : 00000000;
    41937 : 00000000;
    41938 : 00000000;
    41939 : 00000000;
    41940 : 00000000;
    41941 : 00000000;
    41942 : 00000000;
    41943 : 00000000;
    41944 : 00000000;
    41945 : 00000000;
    41946 : 00000000;
    41947 : 00000000;
    41948 : 00000000;
    41949 : 00000000;
    41950 : 00000000;
    41951 : 00000000;
    41952 : 00000000;
    41953 : 00000000;
    41954 : 00000000;
    41955 : 00000000;
    41956 : 00000000;
    41957 : 00000000;
    41958 : 00000000;
    41959 : 00000000;
    41960 : 00000000;
    41961 : 00000000;
    41962 : 00000000;
    41963 : 00000000;
    41964 : 00000000;
    41965 : 00000000;
    41966 : 00000000;
    41967 : 00000000;
    41968 : 00000000;
    41969 : 00000000;
    41970 : 00000000;
    41971 : 00000000;
    41972 : 00000000;
    41973 : 00000000;
    41974 : 00000000;
    41975 : 00000000;
    41976 : 00000000;
    41977 : 00000000;
    41978 : 00000000;
    41979 : 00000000;
    41980 : 53494730;
    41981 : 0000009C;
    41982 : 000000C0;
    41983 : 00000024;
    41984 : 35000293;
    41985 : 0002A023;
    41986 : FFF00813;
    41987 : 00028F93;
    41988 : 7D0F8F93;
    41989 : 830FA823;
    41990 : 0002A383;
    41991 : 0002A223;
    41992 : 00100793;
    41993 : 00428F13;
    41994 : 000F0F13;
    41995 : 00FF2023;
    41996 : 0042A383;
    41997 : 0002A423;
    41998 : 00000713;
    41999 : 00828E93;
    42000 : 001E8E93;
    42001 : FEEEAFA3;
    42002 : 0082A383;
    42003 : 0002A623;
    42004 : 7FF00693;
    42005 : 00C28E13;
    42006 : 7D0E0E13;
    42007 : 82DE2823;
    42008 : 00C2A383;
    42009 : 0002A823;
    42010 : 00000613;
    42011 : 01028D93;
    42012 : 830D8D93;
    42013 : 7CCDA823;
    42014 : 0102A383;
    42015 : 36400093;
    42016 : 0000A023;
    42017 : 000015B7;
    42018 : 80058593;
    42019 : 00008D13;
    42020 : 830D0D13;
    42021 : 7CBD2823;
    42022 : 0000A183;
    42023 : 0000A223;
    42024 : 07654537;
    42025 : 32150513;
    42026 : 00408C93;
    42027 : 830C8C93;
    42028 : 7CACA823;
    42029 : 0040A183;
    42030 : 0000A423;
    42031 : 800004B7;
    42032 : FFF48493;
    42033 : 00808C13;
    42034 : FFFC0C13;
    42035 : 009C20A3;
    42036 : 0080A183;
    42037 : 0000A623;
    42038 : 00100413;
    42039 : 00C08B93;
    42040 : 830B8B93;
    42041 : 7C8BA823;
    42042 : 00C0A183;
    42043 : 0000A823;
    42044 : FFF00393;
    42045 : 01008B13;
    42046 : 830B0B13;
    42047 : 7C7B2823;
    42048 : 0100A183;
    42049 : 37800093;
    42050 : 0000A023;
    42051 : 00001337;
    42052 : 23430313;
    42053 : 00008A93;
    42054 : 830A8A93;
    42055 : 7C6AA823;
    42056 : 0000A403;
    42057 : 0000A223;
    42058 : 800002B7;
    42059 : 00408A13;
    42060 : 000A0A13;
    42061 : 005A2023;
    42062 : 0040A403;
    42063 : 0000A423;
    42064 : FFFFF237;
    42065 : DCC20213;
    42066 : 00808993;
    42067 : 83098993;
    42068 : 7C49A823;
    42069 : 0080A403;
    42070 : 0000A623;
    42071 : FFF00193;
    42072 : 00C08913;
    42073 : 00190913;
    42074 : FE392FA3;
    42075 : 00C0A403;
    42076 : 0000A823;
    42077 : 80100113;
    42078 : 01008893;
    42079 : 00088893;
    42080 : 0028A023;
    42081 : 0100A403;
    42082 : 38C00113;
    42083 : 00012023;
    42084 : FFE00093;
    42085 : 00010813;
    42086 : FFF80813;
    42087 : 001820A3;
    42088 : 00012203;
    42089 : 00012223;
    42090 : FFF00013;
    42091 : 00410793;
    42092 : 7D078793;
    42093 : 8207A823;
    42094 : 00412203;
    42095 : 00012423;
    42096 : 00100F93;
    42097 : 00810713;
    42098 : 00070713;
    42099 : 01F72023;
    42100 : 00812203;
    42101 : 00012623;
    42102 : 00000F13;
    42103 : 00C10693;
    42104 : 00168693;
    42105 : FFE6AFA3;
    42106 : 00C12203;
    42107 : 00012823;
    42108 : 7FF00E93;
    42109 : 01010613;
    42110 : 7D060613;
    42111 : 83D62823;
    42112 : 01012203;
    42113 : 3A000093;
    42114 : 0000A023;
    42115 : 00000E13;
    42116 : 00008593;
    42117 : 83058593;
    42118 : 7DC5A823;
    42119 : 0000A183;
    42120 : 0000A223;
    42121 : 00001DB7;
    42122 : 800D8D93;
    42123 : 00408513;
    42124 : 83050513;
    42125 : 7DB52823;
    42126 : 0040A183;
    42127 : 0000A423;
    42128 : 07654D37;
    42129 : 321D0D13;
    42130 : 00808493;
    42131 : 83048493;
    42132 : 7DA4A823;
    42133 : 0080A183;
    42134 : 0000A623;
    42135 : 80000CB7;
    42136 : FFFC8C93;
    42137 : 00C08413;
    42138 : FFF40413;
    42139 : 019420A3;
    42140 : 00C0A183;
    42141 : 0000A823;
    42142 : 00100C13;
    42143 : 01008393;
    42144 : 83038393;
    42145 : 7D83A823;
    42146 : 0100A183;
    42147 : 3B400093;
    42148 : 0000A023;
    42149 : FFF00B93;
    42150 : 00008313;
    42151 : 83030313;
    42152 : 7D732823;
    42153 : 0000A403;
    42154 : 0000A223;
    42155 : 00001B37;
    42156 : 234B0B13;
    42157 : 00408293;
    42158 : 83028293;
    42159 : 7D62A823;
    42160 : 0040A403;
    42161 : 0000A423;
    42162 : 80000AB7;
    42163 : 00808213;
    42164 : 00020213;
    42165 : 01522023;
    42166 : 0080A403;
    42167 : 0000A623;
    42168 : FFFFFA37;
    42169 : DCCA0A13;
    42170 : 00C08193;
    42171 : 83018193;
    42172 : 7D41A823;
    42173 : 00C0A403;
    42174 : 0000A823;
    42175 : FFF00993;
    42176 : 01008113;
    42177 : 00110113;
    42178 : FF312FA3;
    42179 : 0100A403;
    42180 : 3C800113;
    42181 : 00012023;
    42182 : 80100913;
    42183 : 00010093;
    42184 : 00008093;
    42185 : 0120A023;
    42186 : 00012203;
    42187 : 00012223;
    42188 : FFE00893;
    42189 : 00410093;
    42190 : FFF08093;
    42191 : 0110A0A3;
    42192 : 00412203;
    42193 : 00000073;
    42194 : 00000000;
    42195 : 00000000;
    42196 : FFFFFFFF;
    42197 : FFFFFFFF;
    42198 : FFFFFFFF;
    42199 : FFFFFFFF;
    42200 : FFFFFFFF;
    42201 : FFFFFFFF;
    42202 : FFFFFFFF;
    42203 : FFFFFFFF;
    42204 : FFFFFFFF;
    42205 : FFFFFFFF;
    42206 : FFFFFFFF;
    42207 : FFFFFFFF;
    42208 : FFFFFFFF;
    42209 : FFFFFFFF;
    42210 : FFFFFFFF;
    42211 : FFFFFFFF;
    42212 : FFFFFFFF;
    42213 : FFFFFFFF;
    42214 : FFFFFFFF;
    42215 : FFFFFFFF;
    42216 : FFFFFFFF;
    42217 : FFFFFFFF;
    42218 : FFFFFFFF;
    42219 : FFFFFFFF;
    42220 : FFFFFFFF;
    42221 : FFFFFFFF;
    42222 : FFFFFFFF;
    42223 : FFFFFFFF;
    42224 : FFFFFFFF;
    42225 : FFFFFFFF;
    42226 : FFFFFFFF;
    42227 : FFFFFFFF;
    42228 : FFFFFFFF;
    42229 : FFFFFFFF;
    42230 : FFFFFFFF;
    42231 : 00000000;
    42232 : 00000000;
    42233 : 00000000;
    42234 : 00000000;
    42235 : 00000000;
    42236 : 00000000;
    42237 : 00000000;
    42238 : 00000000;
    42239 : 00000000;
    42240 : 00000000;
    42241 : 00000000;
    42242 : 00000000;
    42243 : 00000000;
    42244 : 00000000;
    42245 : 00000000;
    42246 : 00000000;
    42247 : 00000000;
    42248 : 00000000;
    42249 : 00000000;
    42250 : 00000000;
    42251 : 00000000;
    42252 : 00000000;
    42253 : 00000000;
    42254 : 00000000;
    42255 : 00000000;
    42256 : 00000000;
    42257 : 00000000;
    42258 : 00000000;
    42259 : 00000000;
    42260 : 00000000;
    42261 : 00000000;
    42262 : 00000000;
    42263 : 00000000;
    42264 : 00000000;
    42265 : 00000000;
    42266 : 00000000;
    42267 : 00000000;
    42268 : 00000000;
    42269 : 00000000;
    42270 : 00000000;
    42271 : 00000000;
    42272 : 00000000;
    42273 : 00000000;
    42274 : 00000000;
    42275 : 00000000;
    42276 : 00000000;
    42277 : 00000000;
    42278 : 00000000;
    42279 : 00000000;
    42280 : 00000000;
    42281 : 00000000;
    42282 : 00000000;
    42283 : 00000000;
    42284 : 00000000;
    42285 : 00000000;
    42286 : 00000000;
    42287 : 00000000;
    42288 : 00000000;
    42289 : 00000000;
    42290 : 00000000;
    42291 : 00000000;
    42292 : 00000000;
    42293 : 00000000;
    42294 : 00000000;
    42295 : 00000000;
    42296 : 00000000;
    42297 : 00000000;
    42298 : 00000000;
    42299 : 00000000;
    42300 : 00000000;
    42301 : 00000000;
    42302 : 00000000;
    42303 : 00000000;
    42304 : 00000000;
    42305 : 00000000;
    42306 : 00000000;
    42307 : 00000000;
    42308 : 00000000;
    42309 : 00000000;
    42310 : 00000000;
    42311 : 00000000;
    42312 : 00000000;
    42313 : 00000000;
    42314 : 00000000;
    42315 : 00000000;
    42316 : 00000000;
    42317 : 00000000;
    42318 : 00000000;
    42319 : 00000000;
    42320 : 00000000;
    42321 : 00000000;
    42322 : 00000000;
    42323 : 00000000;
    42324 : 00000000;
    42325 : 00000000;
    42326 : 00000000;
    42327 : 00000000;
    42328 : 00000000;
    42329 : 00000000;
    42330 : 00000000;
    42331 : 00000000;
    42332 : 00000000;
    42333 : 00000000;
    42334 : 00000000;
    42335 : 00000000;
    42336 : 00000000;
    42337 : 00000000;
    42338 : 00000000;
    42339 : 00000000;
    42340 : 00000000;
    42341 : 00000000;
    42342 : 00000000;
    42343 : 00000000;
    42344 : 00000000;
    42345 : 00000000;
    42346 : 00000000;
    42347 : 00000000;
    42348 : 00000000;
    42349 : 00000000;
    42350 : 00000000;
    42351 : 00000000;
    42352 : 00000000;
    42353 : 00000000;
    42354 : 00000000;
    42355 : 00000000;
    42356 : 00000000;
    42357 : 00000000;
    42358 : 00000000;
    42359 : 00000000;
    42360 : 00000000;
    42361 : 00000000;
    42362 : 00000000;
    42363 : 00000000;
    42364 : 00000000;
    42365 : 00000000;
    42366 : 00000000;
    42367 : 00000000;
    42368 : 00000000;
    42369 : 00000000;
    42370 : 00000000;
    42371 : 00000000;
    42372 : 00000000;
    42373 : 00000000;
    42374 : 00000000;
    42375 : 00000000;
    42376 : 00000000;
    42377 : 00000000;
    42378 : 00000000;
    42379 : 00000000;
    42380 : 00000000;
    42381 : 00000000;
    42382 : 00000000;
    42383 : 00000000;
    42384 : 00000000;
    42385 : 00000000;
    42386 : 00000000;
    42387 : 00000000;
    42388 : 00000000;
    42389 : 00000000;
    42390 : 00000000;
    42391 : 00000000;
    42392 : 00000000;
    42393 : 00000000;
    42394 : 00000000;
    42395 : 00000000;
    42396 : 00000000;
    42397 : 00000000;
    42398 : 00000000;
    42399 : 00000000;
    42400 : 00000000;
    42401 : 00000000;
    42402 : 00000000;
    42403 : 00000000;
    42404 : 00000000;
    42405 : 00000000;
    42406 : 00000000;
    42407 : 00000000;
    42408 : 00000000;
    42409 : 00000000;
    42410 : 00000000;
    42411 : 00000000;
    42412 : 00000000;
    42413 : 00000000;
    42414 : 00000000;
    42415 : 00000000;
    42416 : 00000000;
    42417 : 00000000;
    42418 : 00000000;
    42419 : 00000000;
    42420 : 00000000;
    42421 : 00000000;
    42422 : 00000000;
    42423 : 00000000;
    42424 : 00000000;
    42425 : 00000000;
    42426 : 00000000;
    42427 : 00000000;
    42428 : 00000000;
    42429 : 00000000;
    42430 : 00000000;
    42431 : 00000000;
    42432 : 00000000;
    42433 : 00000000;
    42434 : 00000000;
    42435 : 00000000;
    42436 : 00000000;
    42437 : 00000000;
    42438 : 00000000;
    42439 : 00000000;
    42440 : 00000000;
    42441 : 00000000;
    42442 : 00000000;
    42443 : 00000000;
    42444 : 00000000;
    42445 : 00000000;
    42446 : 00000000;
    42447 : 00000000;
    42448 : 00000000;
    42449 : 00000000;
    42450 : 00000000;
    42451 : 00000000;
    42452 : 00000000;
    42453 : 00000000;
    42454 : 00000000;
    42455 : 00000000;
    42456 : 00000000;
    42457 : 00000000;
    42458 : 00000000;
    42459 : 00000000;
    42460 : 00000000;
    42461 : 00000000;
    42462 : 00000000;
    42463 : 00000000;
    42464 : 00000000;
    42465 : 00000000;
    42466 : 00000000;
    42467 : 00000000;
    42468 : 00000000;
    42469 : 00000000;
    42470 : 00000000;
    42471 : 00000000;
    42472 : 00000000;
    42473 : 00000000;
    42474 : 00000000;
    42475 : 00000000;
    42476 : 00000000;
    42477 : 00000000;
    42478 : 00000000;
    42479 : 00000000;
    42480 : 00000000;
    42481 : 00000000;
    42482 : 00000000;
    42483 : 00000000;
    42484 : 00000000;
    42485 : 00000000;
    42486 : 00000000;
    42487 : 00000000;
    42488 : 00000000;
    42489 : 00000000;
    42490 : 00000000;
    42491 : 00000000;
    42492 : 00000000;
    42493 : 00000000;
    42494 : 00000000;
    42495 : 00000000;
    42496 : 00000000;
    42497 : 00000000;
    42498 : 00000000;
    42499 : 00000000;
    42500 : 00000000;
    42501 : 00000000;
    42502 : 00000000;
    42503 : 00000000;
    42504 : 00000000;
    42505 : 00000000;
    42506 : 00000000;
    42507 : 00000000;
    42508 : 00000000;
    42509 : 00000000;
    42510 : 00000000;
    42511 : 00000000;
    42512 : 00000000;
    42513 : 00000000;
    42514 : 00000000;
    42515 : 00000000;
    42516 : 00000000;
    42517 : 00000000;
    42518 : 00000000;
    42519 : 00000000;
    42520 : 00000000;
    42521 : 00000000;
    42522 : 00000000;
    42523 : 00000000;
    42524 : 00000000;
    42525 : 00000000;
    42526 : 00000000;
    42527 : 00000000;
    42528 : 00000000;
    42529 : 00000000;
    42530 : 00000000;
    42531 : 00000000;
    42532 : 00000000;
    42533 : 00000000;
    42534 : 00000000;
    42535 : 00000000;
    42536 : 00000000;
    42537 : 00000000;
    42538 : 00000000;
    42539 : 00000000;
    42540 : 00000000;
    42541 : 00000000;
    42542 : 00000000;
    42543 : 00000000;
    42544 : 00000000;
    42545 : 00000000;
    42546 : 00000000;
    42547 : 00000000;
    42548 : 00000000;
    42549 : 00000000;
    42550 : 00000000;
    42551 : 00000000;
    42552 : 00000000;
    42553 : 00000000;
    42554 : 00000000;
    42555 : 00000000;
    42556 : 00000000;
    42557 : 00000000;
    42558 : 00000000;
    42559 : 00000000;
    42560 : 00000000;
    42561 : 00000000;
    42562 : 00000000;
    42563 : 00000000;
    42564 : 00000000;
    42565 : 00000000;
    42566 : 00000000;
    42567 : 00000000;
    42568 : 00000000;
    42569 : 00000000;
    42570 : 00000000;
    42571 : 00000000;
    42572 : 00000000;
    42573 : 00000000;
    42574 : 00000000;
    42575 : 00000000;
    42576 : 00000000;
    42577 : 00000000;
    42578 : 00000000;
    42579 : 00000000;
    42580 : 00000000;
    42581 : 00000000;
    42582 : 00000000;
    42583 : 00000000;
    42584 : 00000000;
    42585 : 00000000;
    42586 : 00000000;
    42587 : 00000000;
    42588 : 00000000;
    42589 : 00000000;
    42590 : 00000000;
    42591 : 00000000;
    42592 : 00000000;
    42593 : 00000000;
    42594 : 00000000;
    42595 : 00000000;
    42596 : 00000000;
    42597 : 00000000;
    42598 : 00000000;
    42599 : 00000000;
    42600 : 00000000;
    42601 : 00000000;
    42602 : 00000000;
    42603 : 00000000;
    42604 : 00000000;
    42605 : 00000000;
    42606 : 00000000;
    42607 : 00000000;
    42608 : 00000000;
    42609 : 00000000;
    42610 : 00000000;
    42611 : 00000000;
    42612 : 00000000;
    42613 : 00000000;
    42614 : 00000000;
    42615 : 00000000;
    42616 : 00000000;
    42617 : 00000000;
    42618 : 00000000;
    42619 : 00000000;
    42620 : 00000000;
    42621 : 00000000;
    42622 : 00000000;
    42623 : 00000000;
    42624 : 00000000;
    42625 : 00000000;
    42626 : 00000000;
    42627 : 00000000;
    42628 : 00000000;
    42629 : 00000000;
    42630 : 00000000;
    42631 : 00000000;
    42632 : 00000000;
    42633 : 00000000;
    42634 : 00000000;
    42635 : 00000000;
    42636 : 00000000;
    42637 : 00000000;
    42638 : 00000000;
    42639 : 00000000;
    42640 : 00000000;
    42641 : 00000000;
    42642 : 00000000;
    42643 : 00000000;
    42644 : 00000000;
    42645 : 00000000;
    42646 : 00000000;
    42647 : 00000000;
    42648 : 00000000;
    42649 : 00000000;
    42650 : 00000000;
    42651 : 00000000;
    42652 : 00000000;
    42653 : 00000000;
    42654 : 00000000;
    42655 : 00000000;
    42656 : 00000000;
    42657 : 00000000;
    42658 : 00000000;
    42659 : 00000000;
    42660 : 00000000;
    42661 : 00000000;
    42662 : 00000000;
    42663 : 00000000;
    42664 : 00000000;
    42665 : 00000000;
    42666 : 00000000;
    42667 : 00000000;
    42668 : 00000000;
    42669 : 00000000;
    42670 : 00000000;
    42671 : 00000000;
    42672 : 00000000;
    42673 : 00000000;
    42674 : 00000000;
    42675 : 00000000;
    42676 : 00000000;
    42677 : 00000000;
    42678 : 00000000;
    42679 : 00000000;
    42680 : 00000000;
    42681 : 00000000;
    42682 : 00000000;
    42683 : 00000000;
    42684 : 00000000;
    42685 : 00000000;
    42686 : 00000000;
    42687 : 00000000;
    42688 : 00000000;
    42689 : 00000000;
    42690 : 00000000;
    42691 : 00000000;
    42692 : 00000000;
    42693 : 00000000;
    42694 : 00000000;
    42695 : 00000000;
    42696 : 00000000;
    42697 : 00000000;
    42698 : 00000000;
    42699 : 00000000;
    42700 : 00000000;
    42701 : 00000000;
    42702 : 00000000;
    42703 : 00000000;
    42704 : 00000000;
    42705 : 00000000;
    42706 : 00000000;
    42707 : 00000000;
    42708 : 00000000;
    42709 : 00000000;
    42710 : 00000000;
    42711 : 00000000;
    42712 : 00000000;
    42713 : 00000000;
    42714 : 00000000;
    42715 : 00000000;
    42716 : 00000000;
    42717 : 00000000;
    42718 : 00000000;
    42719 : 00000000;
    42720 : 00000000;
    42721 : 00000000;
    42722 : 00000000;
    42723 : 00000000;
    42724 : 00000000;
    42725 : 00000000;
    42726 : 00000000;
    42727 : 00000000;
    42728 : 00000000;
    42729 : 00000000;
    42730 : 00000000;
    42731 : 00000000;
    42732 : 00000000;
    42733 : 00000000;
    42734 : 00000000;
    42735 : 00000000;
    42736 : 00000000;
    42737 : 00000000;
    42738 : 00000000;
    42739 : 00000000;
    42740 : 00000000;
    42741 : 00000000;
    42742 : 00000000;
    42743 : 00000000;
    42744 : 00000000;
    42745 : 00000000;
    42746 : 00000000;
    42747 : 00000000;
    42748 : 00000000;
    42749 : 00000000;
    42750 : 00000000;
    42751 : 00000000;
    42752 : 00000000;
    42753 : 00000000;
    42754 : 00000000;
    42755 : 00000000;
    42756 : 00000000;
    42757 : 00000000;
    42758 : 00000000;
    42759 : 00000000;
    42760 : 00000000;
    42761 : 00000000;
    42762 : 00000000;
    42763 : 00000000;
    42764 : 00000000;
    42765 : 00000000;
    42766 : 00000000;
    42767 : 00000000;
    42768 : 00000000;
    42769 : 00000000;
    42770 : 00000000;
    42771 : 00000000;
    42772 : 00000000;
    42773 : 00000000;
    42774 : 00000000;
    42775 : 00000000;
    42776 : 00000000;
    42777 : 00000000;
    42778 : 00000000;
    42779 : 00000000;
    42780 : 00000000;
    42781 : 00000000;
    42782 : 00000000;
    42783 : 00000000;
    42784 : 00000000;
    42785 : 00000000;
    42786 : 00000000;
    42787 : 00000000;
    42788 : 00000000;
    42789 : 00000000;
    42790 : 00000000;
    42791 : 00000000;
    42792 : 00000000;
    42793 : 00000000;
    42794 : 00000000;
    42795 : 00000000;
    42796 : 00000000;
    42797 : 00000000;
    42798 : 00000000;
    42799 : 00000000;
    42800 : 00000000;
    42801 : 00000000;
    42802 : 00000000;
    42803 : 00000000;
    42804 : 00000000;
    42805 : 00000000;
    42806 : 00000000;
    42807 : 00000000;
    42808 : 00000000;
    42809 : 00000000;
    42810 : 00000000;
    42811 : 00000000;
    42812 : 00000000;
    42813 : 00000000;
    42814 : 00000000;
    42815 : 00000000;
    42816 : 00000000;
    42817 : 00000000;
    42818 : 00000000;
    42819 : 00000000;
    42820 : 00000000;
    42821 : 00000000;
    42822 : 00000000;
    42823 : 00000000;
    42824 : 00000000;
    42825 : 00000000;
    42826 : 00000000;
    42827 : 00000000;
    42828 : 00000000;
    42829 : 00000000;
    42830 : 00000000;
    42831 : 00000000;
    42832 : 00000000;
    42833 : 00000000;
    42834 : 00000000;
    42835 : 00000000;
    42836 : 00000000;
    42837 : 00000000;
    42838 : 00000000;
    42839 : 00000000;
    42840 : 00000000;
    42841 : 00000000;
    42842 : 00000000;
    42843 : 00000000;
    42844 : 00000000;
    42845 : 00000000;
    42846 : 00000000;
    42847 : 00000000;
    42848 : 00000000;
    42849 : 00000000;
    42850 : 00000000;
    42851 : 00000000;
    42852 : 00000000;
    42853 : 00000000;
    42854 : 00000000;
    42855 : 00000000;
    42856 : 00000000;
    42857 : 00000000;
    42858 : 00000000;
    42859 : 00000000;
    42860 : 00000000;
    42861 : 00000000;
    42862 : 00000000;
    42863 : 00000000;
    42864 : 00000000;
    42865 : 00000000;
    42866 : 00000000;
    42867 : 00000000;
    42868 : 00000000;
    42869 : 00000000;
    42870 : 00000000;
    42871 : 00000000;
    42872 : 00000000;
    42873 : 00000000;
    42874 : 00000000;
    42875 : 00000000;
    42876 : 00000000;
    42877 : 00000000;
    42878 : 00000000;
    42879 : 00000000;
    42880 : 00000000;
    42881 : 00000000;
    42882 : 00000000;
    42883 : 00000000;
    42884 : 00000000;
    42885 : 00000000;
    42886 : 00000000;
    42887 : 00000000;
    42888 : 00000000;
    42889 : 00000000;
    42890 : 00000000;
    42891 : 00000000;
    42892 : 00000000;
    42893 : 00000000;
    42894 : 00000000;
    42895 : 00000000;
    42896 : 00000000;
    42897 : 00000000;
    42898 : 00000000;
    42899 : 00000000;
    42900 : 00000000;
    42901 : 00000000;
    42902 : 00000000;
    42903 : 00000000;
    42904 : 00000000;
    42905 : 00000000;
    42906 : 00000000;
    42907 : 00000000;
    42908 : 00000000;
    42909 : 00000000;
    42910 : 00000000;
    42911 : 00000000;
    42912 : 00000000;
    42913 : 00000000;
    42914 : 00000000;
    42915 : 00000000;
    42916 : 00000000;
    42917 : 00000000;
    42918 : 00000000;
    42919 : 00000000;
    42920 : 00000000;
    42921 : 00000000;
    42922 : 00000000;
    42923 : 00000000;
    42924 : 00000000;
    42925 : 00000000;
    42926 : 00000000;
    42927 : 00000000;
    42928 : 00000000;
    42929 : 00000000;
    42930 : 00000000;
    42931 : 00000000;
    42932 : 00000000;
    42933 : 00000000;
    42934 : 00000000;
    42935 : 00000000;
    42936 : 00000000;
    42937 : 00000000;
    42938 : 00000000;
    42939 : 00000000;
    42940 : 00000000;
    42941 : 00000000;
    42942 : 00000000;
    42943 : 00000000;
    42944 : 00000000;
    42945 : 00000000;
    42946 : 00000000;
    42947 : 00000000;
    42948 : 00000000;
    42949 : 00000000;
    42950 : 00000000;
    42951 : 00000000;
    42952 : 00000000;
    42953 : 00000000;
    42954 : 00000000;
    42955 : 00000000;
    42956 : 00000000;
    42957 : 00000000;
    42958 : 00000000;
    42959 : 00000000;
    42960 : 00000000;
    42961 : 00000000;
    42962 : 00000000;
    42963 : 00000000;
    42964 : 00000000;
    42965 : 00000000;
    42966 : 00000000;
    42967 : 00000000;
    42968 : 00000000;
    42969 : 00000000;
    42970 : 00000000;
    42971 : 00000000;
    42972 : 00000000;
    42973 : 00000000;
    42974 : 00000000;
    42975 : 00000000;
    42976 : 00000000;
    42977 : 00000000;
    42978 : 00000000;
    42979 : 00000000;
    42980 : 00000000;
    42981 : 00000000;
    42982 : 00000000;
    42983 : 00000000;
    42984 : 00000000;
    42985 : 00000000;
    42986 : 00000000;
    42987 : 00000000;
    42988 : 00000000;
    42989 : 00000000;
    42990 : 00000000;
    42991 : 00000000;
    42992 : 00000000;
    42993 : 00000000;
    42994 : 00000000;
    42995 : 00000000;
    42996 : 00000000;
    42997 : 00000000;
    42998 : 00000000;
    42999 : 00000000;
    43000 : 00000000;
    43001 : 00000000;
    43002 : 00000000;
    43003 : 00000000;
    43004 : 53494730;
    43005 : 000000D4;
    43006 : 000000F8;
    43007 : 00000024;
    43008 : 27000293;
    43009 : FFF00F93;
    43010 : 00000813;
    43011 : 010FC033;
    43012 : 0002A023;
    43013 : 00100F13;
    43014 : 80100793;
    43015 : 00FF40B3;
    43016 : 0012A223;
    43017 : 00000E93;
    43018 : FFF00713;
    43019 : 00EEC133;
    43020 : 0022A423;
    43021 : 7FF00E13;
    43022 : FFFFF6B7;
    43023 : DCC68693;
    43024 : 00DE41B3;
    43025 : 0032A623;
    43026 : 00000D93;
    43027 : 80000637;
    43028 : 00CDC233;
    43029 : 0042A823;
    43030 : 28400093;
    43031 : 00001D37;
    43032 : 800D0D13;
    43033 : 000015B7;
    43034 : 23458593;
    43035 : 00BD42B3;
    43036 : 0050A023;
    43037 : 07654CB7;
    43038 : 321C8C93;
    43039 : FFF00513;
    43040 : 00ACC333;
    43041 : 0060A223;
    43042 : 80000C37;
    43043 : FFFC0C13;
    43044 : 00100493;
    43045 : 009C43B3;
    43046 : 0070A423;
    43047 : 00100B93;
    43048 : 80000437;
    43049 : FFF40413;
    43050 : 008BC433;
    43051 : 0080A623;
    43052 : FFF00B13;
    43053 : 076543B7;
    43054 : 32138393;
    43055 : 007B44B3;
    43056 : 0090A823;
    43057 : 29800093;
    43058 : 00001AB7;
    43059 : 234A8A93;
    43060 : 00001337;
    43061 : 80030313;
    43062 : 006AC533;
    43063 : 00A0A023;
    43064 : 80000A37;
    43065 : 00000293;
    43066 : 005A45B3;
    43067 : 00B0A223;
    43068 : FFFFF9B7;
    43069 : DCC98993;
    43070 : 7FF00213;
    43071 : 0049C633;
    43072 : 00C0A423;
    43073 : FFF00913;
    43074 : FFF00193;
    43075 : 003946B3;
    43076 : 00D0A623;
    43077 : 80100893;
    43078 : 00100113;
    43079 : 0028C733;
    43080 : 00E0A823;
    43081 : 2AC00113;
    43082 : 00000813;
    43083 : 00000093;
    43084 : 001847B3;
    43085 : 00F12023;
    43086 : FFF00793;
    43087 : 00000013;
    43088 : 0007C833;
    43089 : 01012223;
    43090 : 00100713;
    43091 : 80100F93;
    43092 : 01F748B3;
    43093 : 01112423;
    43094 : 00000693;
    43095 : FFF00F13;
    43096 : 01E6C933;
    43097 : 01212623;
    43098 : 7FF00613;
    43099 : FFFFFEB7;
    43100 : DCCE8E93;
    43101 : 01D649B3;
    43102 : 01312823;
    43103 : 2C000093;
    43104 : 00000593;
    43105 : 80000E37;
    43106 : 01C5CA33;
    43107 : 0140A023;
    43108 : 00001537;
    43109 : 80050513;
    43110 : 00001DB7;
    43111 : 234D8D93;
    43112 : 01B54AB3;
    43113 : 0150A223;
    43114 : 076544B7;
    43115 : 32148493;
    43116 : FFF00D13;
    43117 : 01A4CB33;
    43118 : 0160A423;
    43119 : 80000437;
    43120 : FFF40413;
    43121 : 00100C93;
    43122 : 01944BB3;
    43123 : 0170A623;
    43124 : 00100393;
    43125 : 80000C37;
    43126 : FFFC0C13;
    43127 : 0183CC33;
    43128 : 0180A823;
    43129 : 2D400093;
    43130 : FFF00313;
    43131 : 07654BB7;
    43132 : 321B8B93;
    43133 : 01734CB3;
    43134 : 0190A023;
    43135 : 000012B7;
    43136 : 23428293;
    43137 : 00001B37;
    43138 : 800B0B13;
    43139 : 0162CD33;
    43140 : 01A0A223;
    43141 : 80000237;
    43142 : 00000A93;
    43143 : 01524DB3;
    43144 : 01B0A423;
    43145 : FFFFF1B7;
    43146 : DCC18193;
    43147 : 7FF00A13;
    43148 : 0141CE33;
    43149 : 01C0A623;
    43150 : FFF00113;
    43151 : FFF00993;
    43152 : 01314EB3;
    43153 : 01D0A823;
    43154 : 2E800113;
    43155 : 80100093;
    43156 : 00100913;
    43157 : 0120CF33;
    43158 : 01E12023;
    43159 : 00000013;
    43160 : 00000893;
    43161 : 01104FB3;
    43162 : 01F12223;
    43163 : 00000073;
    43164 : FFFFFFFF;
    43165 : FFFFFFFF;
    43166 : FFFFFFFF;
    43167 : FFFFFFFF;
    43168 : FFFFFFFF;
    43169 : FFFFFFFF;
    43170 : FFFFFFFF;
    43171 : FFFFFFFF;
    43172 : FFFFFFFF;
    43173 : FFFFFFFF;
    43174 : FFFFFFFF;
    43175 : FFFFFFFF;
    43176 : FFFFFFFF;
    43177 : FFFFFFFF;
    43178 : FFFFFFFF;
    43179 : FFFFFFFF;
    43180 : FFFFFFFF;
    43181 : FFFFFFFF;
    43182 : FFFFFFFF;
    43183 : FFFFFFFF;
    43184 : FFFFFFFF;
    43185 : FFFFFFFF;
    43186 : FFFFFFFF;
    43187 : FFFFFFFF;
    43188 : FFFFFFFF;
    43189 : FFFFFFFF;
    43190 : FFFFFFFF;
    43191 : FFFFFFFF;
    43192 : FFFFFFFF;
    43193 : FFFFFFFF;
    43194 : FFFFFFFF;
    43195 : FFFFFFFF;
    43196 : FFFFFFFF;
    43197 : FFFFFFFF;
    43198 : FFFFFFFF;
    43199 : 00000000;
    43200 : 00000000;
    43201 : 00000000;
    43202 : 00000000;
    43203 : 00000000;
    43204 : 00000000;
    43205 : 00000000;
    43206 : 00000000;
    43207 : 00000000;
    43208 : 00000000;
    43209 : 00000000;
    43210 : 00000000;
    43211 : 00000000;
    43212 : 00000000;
    43213 : 00000000;
    43214 : 00000000;
    43215 : 00000000;
    43216 : 00000000;
    43217 : 00000000;
    43218 : 00000000;
    43219 : 00000000;
    43220 : 00000000;
    43221 : 00000000;
    43222 : 00000000;
    43223 : 00000000;
    43224 : 00000000;
    43225 : 00000000;
    43226 : 00000000;
    43227 : 00000000;
    43228 : 00000000;
    43229 : 00000000;
    43230 : 00000000;
    43231 : 00000000;
    43232 : 00000000;
    43233 : 00000000;
    43234 : 00000000;
    43235 : 00000000;
    43236 : 00000000;
    43237 : 00000000;
    43238 : 00000000;
    43239 : 00000000;
    43240 : 00000000;
    43241 : 00000000;
    43242 : 00000000;
    43243 : 00000000;
    43244 : 00000000;
    43245 : 00000000;
    43246 : 00000000;
    43247 : 00000000;
    43248 : 00000000;
    43249 : 00000000;
    43250 : 00000000;
    43251 : 00000000;
    43252 : 00000000;
    43253 : 00000000;
    43254 : 00000000;
    43255 : 00000000;
    43256 : 00000000;
    43257 : 00000000;
    43258 : 00000000;
    43259 : 00000000;
    43260 : 00000000;
    43261 : 00000000;
    43262 : 00000000;
    43263 : 00000000;
    43264 : 00000000;
    43265 : 00000000;
    43266 : 00000000;
    43267 : 00000000;
    43268 : 00000000;
    43269 : 00000000;
    43270 : 00000000;
    43271 : 00000000;
    43272 : 00000000;
    43273 : 00000000;
    43274 : 00000000;
    43275 : 00000000;
    43276 : 00000000;
    43277 : 00000000;
    43278 : 00000000;
    43279 : 00000000;
    43280 : 00000000;
    43281 : 00000000;
    43282 : 00000000;
    43283 : 00000000;
    43284 : 00000000;
    43285 : 00000000;
    43286 : 00000000;
    43287 : 00000000;
    43288 : 00000000;
    43289 : 00000000;
    43290 : 00000000;
    43291 : 00000000;
    43292 : 00000000;
    43293 : 00000000;
    43294 : 00000000;
    43295 : 00000000;
    43296 : 00000000;
    43297 : 00000000;
    43298 : 00000000;
    43299 : 00000000;
    43300 : 00000000;
    43301 : 00000000;
    43302 : 00000000;
    43303 : 00000000;
    43304 : 00000000;
    43305 : 00000000;
    43306 : 00000000;
    43307 : 00000000;
    43308 : 00000000;
    43309 : 00000000;
    43310 : 00000000;
    43311 : 00000000;
    43312 : 00000000;
    43313 : 00000000;
    43314 : 00000000;
    43315 : 00000000;
    43316 : 00000000;
    43317 : 00000000;
    43318 : 00000000;
    43319 : 00000000;
    43320 : 00000000;
    43321 : 00000000;
    43322 : 00000000;
    43323 : 00000000;
    43324 : 00000000;
    43325 : 00000000;
    43326 : 00000000;
    43327 : 00000000;
    43328 : 00000000;
    43329 : 00000000;
    43330 : 00000000;
    43331 : 00000000;
    43332 : 00000000;
    43333 : 00000000;
    43334 : 00000000;
    43335 : 00000000;
    43336 : 00000000;
    43337 : 00000000;
    43338 : 00000000;
    43339 : 00000000;
    43340 : 00000000;
    43341 : 00000000;
    43342 : 00000000;
    43343 : 00000000;
    43344 : 00000000;
    43345 : 00000000;
    43346 : 00000000;
    43347 : 00000000;
    43348 : 00000000;
    43349 : 00000000;
    43350 : 00000000;
    43351 : 00000000;
    43352 : 00000000;
    43353 : 00000000;
    43354 : 00000000;
    43355 : 00000000;
    43356 : 00000000;
    43357 : 00000000;
    43358 : 00000000;
    43359 : 00000000;
    43360 : 00000000;
    43361 : 00000000;
    43362 : 00000000;
    43363 : 00000000;
    43364 : 00000000;
    43365 : 00000000;
    43366 : 00000000;
    43367 : 00000000;
    43368 : 00000000;
    43369 : 00000000;
    43370 : 00000000;
    43371 : 00000000;
    43372 : 00000000;
    43373 : 00000000;
    43374 : 00000000;
    43375 : 00000000;
    43376 : 00000000;
    43377 : 00000000;
    43378 : 00000000;
    43379 : 00000000;
    43380 : 00000000;
    43381 : 00000000;
    43382 : 00000000;
    43383 : 00000000;
    43384 : 00000000;
    43385 : 00000000;
    43386 : 00000000;
    43387 : 00000000;
    43388 : 00000000;
    43389 : 00000000;
    43390 : 00000000;
    43391 : 00000000;
    43392 : 00000000;
    43393 : 00000000;
    43394 : 00000000;
    43395 : 00000000;
    43396 : 00000000;
    43397 : 00000000;
    43398 : 00000000;
    43399 : 00000000;
    43400 : 00000000;
    43401 : 00000000;
    43402 : 00000000;
    43403 : 00000000;
    43404 : 00000000;
    43405 : 00000000;
    43406 : 00000000;
    43407 : 00000000;
    43408 : 00000000;
    43409 : 00000000;
    43410 : 00000000;
    43411 : 00000000;
    43412 : 00000000;
    43413 : 00000000;
    43414 : 00000000;
    43415 : 00000000;
    43416 : 00000000;
    43417 : 00000000;
    43418 : 00000000;
    43419 : 00000000;
    43420 : 00000000;
    43421 : 00000000;
    43422 : 00000000;
    43423 : 00000000;
    43424 : 00000000;
    43425 : 00000000;
    43426 : 00000000;
    43427 : 00000000;
    43428 : 00000000;
    43429 : 00000000;
    43430 : 00000000;
    43431 : 00000000;
    43432 : 00000000;
    43433 : 00000000;
    43434 : 00000000;
    43435 : 00000000;
    43436 : 00000000;
    43437 : 00000000;
    43438 : 00000000;
    43439 : 00000000;
    43440 : 00000000;
    43441 : 00000000;
    43442 : 00000000;
    43443 : 00000000;
    43444 : 00000000;
    43445 : 00000000;
    43446 : 00000000;
    43447 : 00000000;
    43448 : 00000000;
    43449 : 00000000;
    43450 : 00000000;
    43451 : 00000000;
    43452 : 00000000;
    43453 : 00000000;
    43454 : 00000000;
    43455 : 00000000;
    43456 : 00000000;
    43457 : 00000000;
    43458 : 00000000;
    43459 : 00000000;
    43460 : 00000000;
    43461 : 00000000;
    43462 : 00000000;
    43463 : 00000000;
    43464 : 00000000;
    43465 : 00000000;
    43466 : 00000000;
    43467 : 00000000;
    43468 : 00000000;
    43469 : 00000000;
    43470 : 00000000;
    43471 : 00000000;
    43472 : 00000000;
    43473 : 00000000;
    43474 : 00000000;
    43475 : 00000000;
    43476 : 00000000;
    43477 : 00000000;
    43478 : 00000000;
    43479 : 00000000;
    43480 : 00000000;
    43481 : 00000000;
    43482 : 00000000;
    43483 : 00000000;
    43484 : 00000000;
    43485 : 00000000;
    43486 : 00000000;
    43487 : 00000000;
    43488 : 00000000;
    43489 : 00000000;
    43490 : 00000000;
    43491 : 00000000;
    43492 : 00000000;
    43493 : 00000000;
    43494 : 00000000;
    43495 : 00000000;
    43496 : 00000000;
    43497 : 00000000;
    43498 : 00000000;
    43499 : 00000000;
    43500 : 00000000;
    43501 : 00000000;
    43502 : 00000000;
    43503 : 00000000;
    43504 : 00000000;
    43505 : 00000000;
    43506 : 00000000;
    43507 : 00000000;
    43508 : 00000000;
    43509 : 00000000;
    43510 : 00000000;
    43511 : 00000000;
    43512 : 00000000;
    43513 : 00000000;
    43514 : 00000000;
    43515 : 00000000;
    43516 : 00000000;
    43517 : 00000000;
    43518 : 00000000;
    43519 : 00000000;
    43520 : 00000000;
    43521 : 00000000;
    43522 : 00000000;
    43523 : 00000000;
    43524 : 00000000;
    43525 : 00000000;
    43526 : 00000000;
    43527 : 00000000;
    43528 : 00000000;
    43529 : 00000000;
    43530 : 00000000;
    43531 : 00000000;
    43532 : 00000000;
    43533 : 00000000;
    43534 : 00000000;
    43535 : 00000000;
    43536 : 00000000;
    43537 : 00000000;
    43538 : 00000000;
    43539 : 00000000;
    43540 : 00000000;
    43541 : 00000000;
    43542 : 00000000;
    43543 : 00000000;
    43544 : 00000000;
    43545 : 00000000;
    43546 : 00000000;
    43547 : 00000000;
    43548 : 00000000;
    43549 : 00000000;
    43550 : 00000000;
    43551 : 00000000;
    43552 : 00000000;
    43553 : 00000000;
    43554 : 00000000;
    43555 : 00000000;
    43556 : 00000000;
    43557 : 00000000;
    43558 : 00000000;
    43559 : 00000000;
    43560 : 00000000;
    43561 : 00000000;
    43562 : 00000000;
    43563 : 00000000;
    43564 : 00000000;
    43565 : 00000000;
    43566 : 00000000;
    43567 : 00000000;
    43568 : 00000000;
    43569 : 00000000;
    43570 : 00000000;
    43571 : 00000000;
    43572 : 00000000;
    43573 : 00000000;
    43574 : 00000000;
    43575 : 00000000;
    43576 : 00000000;
    43577 : 00000000;
    43578 : 00000000;
    43579 : 00000000;
    43580 : 00000000;
    43581 : 00000000;
    43582 : 00000000;
    43583 : 00000000;
    43584 : 00000000;
    43585 : 00000000;
    43586 : 00000000;
    43587 : 00000000;
    43588 : 00000000;
    43589 : 00000000;
    43590 : 00000000;
    43591 : 00000000;
    43592 : 00000000;
    43593 : 00000000;
    43594 : 00000000;
    43595 : 00000000;
    43596 : 00000000;
    43597 : 00000000;
    43598 : 00000000;
    43599 : 00000000;
    43600 : 00000000;
    43601 : 00000000;
    43602 : 00000000;
    43603 : 00000000;
    43604 : 00000000;
    43605 : 00000000;
    43606 : 00000000;
    43607 : 00000000;
    43608 : 00000000;
    43609 : 00000000;
    43610 : 00000000;
    43611 : 00000000;
    43612 : 00000000;
    43613 : 00000000;
    43614 : 00000000;
    43615 : 00000000;
    43616 : 00000000;
    43617 : 00000000;
    43618 : 00000000;
    43619 : 00000000;
    43620 : 00000000;
    43621 : 00000000;
    43622 : 00000000;
    43623 : 00000000;
    43624 : 00000000;
    43625 : 00000000;
    43626 : 00000000;
    43627 : 00000000;
    43628 : 00000000;
    43629 : 00000000;
    43630 : 00000000;
    43631 : 00000000;
    43632 : 00000000;
    43633 : 00000000;
    43634 : 00000000;
    43635 : 00000000;
    43636 : 00000000;
    43637 : 00000000;
    43638 : 00000000;
    43639 : 00000000;
    43640 : 00000000;
    43641 : 00000000;
    43642 : 00000000;
    43643 : 00000000;
    43644 : 00000000;
    43645 : 00000000;
    43646 : 00000000;
    43647 : 00000000;
    43648 : 00000000;
    43649 : 00000000;
    43650 : 00000000;
    43651 : 00000000;
    43652 : 00000000;
    43653 : 00000000;
    43654 : 00000000;
    43655 : 00000000;
    43656 : 00000000;
    43657 : 00000000;
    43658 : 00000000;
    43659 : 00000000;
    43660 : 00000000;
    43661 : 00000000;
    43662 : 00000000;
    43663 : 00000000;
    43664 : 00000000;
    43665 : 00000000;
    43666 : 00000000;
    43667 : 00000000;
    43668 : 00000000;
    43669 : 00000000;
    43670 : 00000000;
    43671 : 00000000;
    43672 : 00000000;
    43673 : 00000000;
    43674 : 00000000;
    43675 : 00000000;
    43676 : 00000000;
    43677 : 00000000;
    43678 : 00000000;
    43679 : 00000000;
    43680 : 00000000;
    43681 : 00000000;
    43682 : 00000000;
    43683 : 00000000;
    43684 : 00000000;
    43685 : 00000000;
    43686 : 00000000;
    43687 : 00000000;
    43688 : 00000000;
    43689 : 00000000;
    43690 : 00000000;
    43691 : 00000000;
    43692 : 00000000;
    43693 : 00000000;
    43694 : 00000000;
    43695 : 00000000;
    43696 : 00000000;
    43697 : 00000000;
    43698 : 00000000;
    43699 : 00000000;
    43700 : 00000000;
    43701 : 00000000;
    43702 : 00000000;
    43703 : 00000000;
    43704 : 00000000;
    43705 : 00000000;
    43706 : 00000000;
    43707 : 00000000;
    43708 : 00000000;
    43709 : 00000000;
    43710 : 00000000;
    43711 : 00000000;
    43712 : 00000000;
    43713 : 00000000;
    43714 : 00000000;
    43715 : 00000000;
    43716 : 00000000;
    43717 : 00000000;
    43718 : 00000000;
    43719 : 00000000;
    43720 : 00000000;
    43721 : 00000000;
    43722 : 00000000;
    43723 : 00000000;
    43724 : 00000000;
    43725 : 00000000;
    43726 : 00000000;
    43727 : 00000000;
    43728 : 00000000;
    43729 : 00000000;
    43730 : 00000000;
    43731 : 00000000;
    43732 : 00000000;
    43733 : 00000000;
    43734 : 00000000;
    43735 : 00000000;
    43736 : 00000000;
    43737 : 00000000;
    43738 : 00000000;
    43739 : 00000000;
    43740 : 00000000;
    43741 : 00000000;
    43742 : 00000000;
    43743 : 00000000;
    43744 : 00000000;
    43745 : 00000000;
    43746 : 00000000;
    43747 : 00000000;
    43748 : 00000000;
    43749 : 00000000;
    43750 : 00000000;
    43751 : 00000000;
    43752 : 00000000;
    43753 : 00000000;
    43754 : 00000000;
    43755 : 00000000;
    43756 : 00000000;
    43757 : 00000000;
    43758 : 00000000;
    43759 : 00000000;
    43760 : 00000000;
    43761 : 00000000;
    43762 : 00000000;
    43763 : 00000000;
    43764 : 00000000;
    43765 : 00000000;
    43766 : 00000000;
    43767 : 00000000;
    43768 : 00000000;
    43769 : 00000000;
    43770 : 00000000;
    43771 : 00000000;
    43772 : 00000000;
    43773 : 00000000;
    43774 : 00000000;
    43775 : 00000000;
    43776 : 00000000;
    43777 : 00000000;
    43778 : 00000000;
    43779 : 00000000;
    43780 : 00000000;
    43781 : 00000000;
    43782 : 00000000;
    43783 : 00000000;
    43784 : 00000000;
    43785 : 00000000;
    43786 : 00000000;
    43787 : 00000000;
    43788 : 00000000;
    43789 : 00000000;
    43790 : 00000000;
    43791 : 00000000;
    43792 : 00000000;
    43793 : 00000000;
    43794 : 00000000;
    43795 : 00000000;
    43796 : 00000000;
    43797 : 00000000;
    43798 : 00000000;
    43799 : 00000000;
    43800 : 00000000;
    43801 : 00000000;
    43802 : 00000000;
    43803 : 00000000;
    43804 : 00000000;
    43805 : 00000000;
    43806 : 00000000;
    43807 : 00000000;
    43808 : 00000000;
    43809 : 00000000;
    43810 : 00000000;
    43811 : 00000000;
    43812 : 00000000;
    43813 : 00000000;
    43814 : 00000000;
    43815 : 00000000;
    43816 : 00000000;
    43817 : 00000000;
    43818 : 00000000;
    43819 : 00000000;
    43820 : 00000000;
    43821 : 00000000;
    43822 : 00000000;
    43823 : 00000000;
    43824 : 00000000;
    43825 : 00000000;
    43826 : 00000000;
    43827 : 00000000;
    43828 : 00000000;
    43829 : 00000000;
    43830 : 00000000;
    43831 : 00000000;
    43832 : 00000000;
    43833 : 00000000;
    43834 : 00000000;
    43835 : 00000000;
    43836 : 00000000;
    43837 : 00000000;
    43838 : 00000000;
    43839 : 00000000;
    43840 : 00000000;
    43841 : 00000000;
    43842 : 00000000;
    43843 : 00000000;
    43844 : 00000000;
    43845 : 00000000;
    43846 : 00000000;
    43847 : 00000000;
    43848 : 00000000;
    43849 : 00000000;
    43850 : 00000000;
    43851 : 00000000;
    43852 : 00000000;
    43853 : 00000000;
    43854 : 00000000;
    43855 : 00000000;
    43856 : 00000000;
    43857 : 00000000;
    43858 : 00000000;
    43859 : 00000000;
    43860 : 00000000;
    43861 : 00000000;
    43862 : 00000000;
    43863 : 00000000;
    43864 : 00000000;
    43865 : 00000000;
    43866 : 00000000;
    43867 : 00000000;
    43868 : 00000000;
    43869 : 00000000;
    43870 : 00000000;
    43871 : 00000000;
    43872 : 00000000;
    43873 : 00000000;
    43874 : 00000000;
    43875 : 00000000;
    43876 : 00000000;
    43877 : 00000000;
    43878 : 00000000;
    43879 : 00000000;
    43880 : 00000000;
    43881 : 00000000;
    43882 : 00000000;
    43883 : 00000000;
    43884 : 00000000;
    43885 : 00000000;
    43886 : 00000000;
    43887 : 00000000;
    43888 : 00000000;
    43889 : 00000000;
    43890 : 00000000;
    43891 : 00000000;
    43892 : 00000000;
    43893 : 00000000;
    43894 : 00000000;
    43895 : 00000000;
    43896 : 00000000;
    43897 : 00000000;
    43898 : 00000000;
    43899 : 00000000;
    43900 : 00000000;
    43901 : 00000000;
    43902 : 00000000;
    43903 : 00000000;
    43904 : 00000000;
    43905 : 00000000;
    43906 : 00000000;
    43907 : 00000000;
    43908 : 00000000;
    43909 : 00000000;
    43910 : 00000000;
    43911 : 00000000;
    43912 : 00000000;
    43913 : 00000000;
    43914 : 00000000;
    43915 : 00000000;
    43916 : 00000000;
    43917 : 00000000;
    43918 : 00000000;
    43919 : 00000000;
    43920 : 00000000;
    43921 : 00000000;
    43922 : 00000000;
    43923 : 00000000;
    43924 : 00000000;
    43925 : 00000000;
    43926 : 00000000;
    43927 : 00000000;
    43928 : 00000000;
    43929 : 00000000;
    43930 : 00000000;
    43931 : 00000000;
    43932 : 00000000;
    43933 : 00000000;
    43934 : 00000000;
    43935 : 00000000;
    43936 : 00000000;
    43937 : 00000000;
    43938 : 00000000;
    43939 : 00000000;
    43940 : 00000000;
    43941 : 00000000;
    43942 : 00000000;
    43943 : 00000000;
    43944 : 00000000;
    43945 : 00000000;
    43946 : 00000000;
    43947 : 00000000;
    43948 : 00000000;
    43949 : 00000000;
    43950 : 00000000;
    43951 : 00000000;
    43952 : 00000000;
    43953 : 00000000;
    43954 : 00000000;
    43955 : 00000000;
    43956 : 00000000;
    43957 : 00000000;
    43958 : 00000000;
    43959 : 00000000;
    43960 : 00000000;
    43961 : 00000000;
    43962 : 00000000;
    43963 : 00000000;
    43964 : 00000000;
    43965 : 00000000;
    43966 : 00000000;
    43967 : 00000000;
    43968 : 00000000;
    43969 : 00000000;
    43970 : 00000000;
    43971 : 00000000;
    43972 : 00000000;
    43973 : 00000000;
    43974 : 00000000;
    43975 : 00000000;
    43976 : 00000000;
    43977 : 00000000;
    43978 : 00000000;
    43979 : 00000000;
    43980 : 00000000;
    43981 : 00000000;
    43982 : 00000000;
    43983 : 00000000;
    43984 : 00000000;
    43985 : 00000000;
    43986 : 00000000;
    43987 : 00000000;
    43988 : 00000000;
    43989 : 00000000;
    43990 : 00000000;
    43991 : 00000000;
    43992 : 00000000;
    43993 : 00000000;
    43994 : 00000000;
    43995 : 00000000;
    43996 : 00000000;
    43997 : 00000000;
    43998 : 00000000;
    43999 : 00000000;
    44000 : 00000000;
    44001 : 00000000;
    44002 : 00000000;
    44003 : 00000000;
    44004 : 00000000;
    44005 : 00000000;
    44006 : 00000000;
    44007 : 00000000;
    44008 : 00000000;
    44009 : 00000000;
    44010 : 00000000;
    44011 : 00000000;
    44012 : 00000000;
    44013 : 00000000;
    44014 : 00000000;
    44015 : 00000000;
    44016 : 00000000;
    44017 : 00000000;
    44018 : 00000000;
    44019 : 00000000;
    44020 : 00000000;
    44021 : 00000000;
    44022 : 00000000;
    44023 : 00000000;
    44024 : 00000000;
    44025 : 00000000;
    44026 : 00000000;
    44027 : 00000000;
    44028 : 53494730;
    44029 : 0000009C;
    44030 : 000000C0;
    44031 : 00000024;
    44032 : 1D000293;
    44033 : FFF00F93;
    44034 : 000FC013;
    44035 : 0002A023;
    44036 : 00100F13;
    44037 : 801F4093;
    44038 : 0012A223;
    44039 : 00000E93;
    44040 : FFFEC113;
    44041 : 0022A423;
    44042 : 7FF00E13;
    44043 : 800E4193;
    44044 : 0032A623;
    44045 : 00000D93;
    44046 : 800DC213;
    44047 : 0042A823;
    44048 : 1E400093;
    44049 : 00001D37;
    44050 : 800D0D13;
    44051 : 800D4293;
    44052 : 0050A023;
    44053 : 07654CB7;
    44054 : 321C8C93;
    44055 : 800CC313;
    44056 : 0060A223;
    44057 : 80000C37;
    44058 : FFFC0C13;
    44059 : 001C4393;
    44060 : 0070A423;
    44061 : 00100B93;
    44062 : 800BC413;
    44063 : 0080A623;
    44064 : FFF00B13;
    44065 : 800B4493;
    44066 : 0090A823;
    44067 : 1F800093;
    44068 : 00001AB7;
    44069 : 234A8A93;
    44070 : 800AC513;
    44071 : 00A0A023;
    44072 : 80000A37;
    44073 : 000A4593;
    44074 : 00B0A223;
    44075 : FFFFF9B7;
    44076 : DCC98993;
    44077 : 7FF9C613;
    44078 : 00C0A423;
    44079 : FFF00913;
    44080 : FFF94693;
    44081 : 00D0A623;
    44082 : 80100893;
    44083 : 0018C713;
    44084 : 00E0A823;
    44085 : 20C00113;
    44086 : 00000813;
    44087 : 00084793;
    44088 : 00F12023;
    44089 : FFF00793;
    44090 : 0007C813;
    44091 : 01012223;
    44092 : 00100713;
    44093 : 80174893;
    44094 : 01112423;
    44095 : 00000693;
    44096 : FFF6C913;
    44097 : 01212623;
    44098 : 7FF00613;
    44099 : 80064993;
    44100 : 01312823;
    44101 : 22000093;
    44102 : 00000593;
    44103 : 8005CA13;
    44104 : 0140A023;
    44105 : 00001537;
    44106 : 80050513;
    44107 : 80054A93;
    44108 : 0150A223;
    44109 : 076544B7;
    44110 : 32148493;
    44111 : 8004CB13;
    44112 : 0160A423;
    44113 : 80000437;
    44114 : FFF40413;
    44115 : 00144B93;
    44116 : 0170A623;
    44117 : 00100393;
    44118 : 8003CC13;
    44119 : 0180A823;
    44120 : 23400093;
    44121 : FFF00313;
    44122 : 80034C93;
    44123 : 0190A023;
    44124 : 000012B7;
    44125 : 23428293;
    44126 : 8002CD13;
    44127 : 01A0A223;
    44128 : 80000237;
    44129 : 00024D93;
    44130 : 01B0A423;
    44131 : FFFFF1B7;
    44132 : DCC18193;
    44133 : 7FF1CE13;
    44134 : 01C0A623;
    44135 : FFF00113;
    44136 : FFF14E93;
    44137 : 01D0A823;
    44138 : 24800113;
    44139 : 80100093;
    44140 : 0010CF13;
    44141 : 01E12023;
    44142 : 00000013;
    44143 : 00004F93;
    44144 : 01F12223;
    44145 : 00000073;
    44146 : 00000000;
    44147 : 00000000;
    44148 : FFFFFFFF;
    44149 : FFFFFFFF;
    44150 : FFFFFFFF;
    44151 : FFFFFFFF;
    44152 : FFFFFFFF;
    44153 : FFFFFFFF;
    44154 : FFFFFFFF;
    44155 : FFFFFFFF;
    44156 : FFFFFFFF;
    44157 : FFFFFFFF;
    44158 : FFFFFFFF;
    44159 : FFFFFFFF;
    44160 : FFFFFFFF;
    44161 : FFFFFFFF;
    44162 : FFFFFFFF;
    44163 : FFFFFFFF;
    44164 : FFFFFFFF;
    44165 : FFFFFFFF;
    44166 : FFFFFFFF;
    44167 : FFFFFFFF;
    44168 : FFFFFFFF;
    44169 : FFFFFFFF;
    44170 : FFFFFFFF;
    44171 : FFFFFFFF;
    44172 : FFFFFFFF;
    44173 : FFFFFFFF;
    44174 : FFFFFFFF;
    44175 : FFFFFFFF;
    44176 : FFFFFFFF;
    44177 : FFFFFFFF;
    44178 : FFFFFFFF;
    44179 : FFFFFFFF;
    44180 : FFFFFFFF;
    44181 : FFFFFFFF;
    44182 : FFFFFFFF;
    44183 : 00000000;
    44184 : 00000000;
    44185 : 00000000;
    44186 : 00000000;
    44187 : 00000000;
    44188 : 00000000;
    44189 : 00000000;
    44190 : 00000000;
    44191 : 00000000;
    44192 : 00000000;
    44193 : 00000000;
    44194 : 00000000;
    44195 : 00000000;
    44196 : 00000000;
    44197 : 00000000;
    44198 : 00000000;
    44199 : 00000000;
    44200 : 00000000;
    44201 : 00000000;
    44202 : 00000000;
    44203 : 00000000;
    44204 : 00000000;
    44205 : 00000000;
    44206 : 00000000;
    44207 : 00000000;
    44208 : 00000000;
    44209 : 00000000;
    44210 : 00000000;
    44211 : 00000000;
    44212 : 00000000;
    44213 : 00000000;
    44214 : 00000000;
    44215 : 00000000;
    44216 : 00000000;
    44217 : 00000000;
    44218 : 00000000;
    44219 : 00000000;
    44220 : 00000000;
    44221 : 00000000;
    44222 : 00000000;
    44223 : 00000000;
    44224 : 00000000;
    44225 : 00000000;
    44226 : 00000000;
    44227 : 00000000;
    44228 : 00000000;
    44229 : 00000000;
    44230 : 00000000;
    44231 : 00000000;
    44232 : 00000000;
    44233 : 00000000;
    44234 : 00000000;
    44235 : 00000000;
    44236 : 00000000;
    44237 : 00000000;
    44238 : 00000000;
    44239 : 00000000;
    44240 : 00000000;
    44241 : 00000000;
    44242 : 00000000;
    44243 : 00000000;
    44244 : 00000000;
    44245 : 00000000;
    44246 : 00000000;
    44247 : 00000000;
    44248 : 00000000;
    44249 : 00000000;
    44250 : 00000000;
    44251 : 00000000;
    44252 : 00000000;
    44253 : 00000000;
    44254 : 00000000;
    44255 : 00000000;
    44256 : 00000000;
    44257 : 00000000;
    44258 : 00000000;
    44259 : 00000000;
    44260 : 00000000;
    44261 : 00000000;
    44262 : 00000000;
    44263 : 00000000;
    44264 : 00000000;
    44265 : 00000000;
    44266 : 00000000;
    44267 : 00000000;
    44268 : 00000000;
    44269 : 00000000;
    44270 : 00000000;
    44271 : 00000000;
    44272 : 00000000;
    44273 : 00000000;
    44274 : 00000000;
    44275 : 00000000;
    44276 : 00000000;
    44277 : 00000000;
    44278 : 00000000;
    44279 : 00000000;
    44280 : 00000000;
    44281 : 00000000;
    44282 : 00000000;
    44283 : 00000000;
    44284 : 00000000;
    44285 : 00000000;
    44286 : 00000000;
    44287 : 00000000;
    44288 : 00000000;
    44289 : 00000000;
    44290 : 00000000;
    44291 : 00000000;
    44292 : 00000000;
    44293 : 00000000;
    44294 : 00000000;
    44295 : 00000000;
    44296 : 00000000;
    44297 : 00000000;
    44298 : 00000000;
    44299 : 00000000;
    44300 : 00000000;
    44301 : 00000000;
    44302 : 00000000;
    44303 : 00000000;
    44304 : 00000000;
    44305 : 00000000;
    44306 : 00000000;
    44307 : 00000000;
    44308 : 00000000;
    44309 : 00000000;
    44310 : 00000000;
    44311 : 00000000;
    44312 : 00000000;
    44313 : 00000000;
    44314 : 00000000;
    44315 : 00000000;
    44316 : 00000000;
    44317 : 00000000;
    44318 : 00000000;
    44319 : 00000000;
    44320 : 00000000;
    44321 : 00000000;
    44322 : 00000000;
    44323 : 00000000;
    44324 : 00000000;
    44325 : 00000000;
    44326 : 00000000;
    44327 : 00000000;
    44328 : 00000000;
    44329 : 00000000;
    44330 : 00000000;
    44331 : 00000000;
    44332 : 00000000;
    44333 : 00000000;
    44334 : 00000000;
    44335 : 00000000;
    44336 : 00000000;
    44337 : 00000000;
    44338 : 00000000;
    44339 : 00000000;
    44340 : 00000000;
    44341 : 00000000;
    44342 : 00000000;
    44343 : 00000000;
    44344 : 00000000;
    44345 : 00000000;
    44346 : 00000000;
    44347 : 00000000;
    44348 : 00000000;
    44349 : 00000000;
    44350 : 00000000;
    44351 : 00000000;
    44352 : 00000000;
    44353 : 00000000;
    44354 : 00000000;
    44355 : 00000000;
    44356 : 00000000;
    44357 : 00000000;
    44358 : 00000000;
    44359 : 00000000;
    44360 : 00000000;
    44361 : 00000000;
    44362 : 00000000;
    44363 : 00000000;
    44364 : 00000000;
    44365 : 00000000;
    44366 : 00000000;
    44367 : 00000000;
    44368 : 00000000;
    44369 : 00000000;
    44370 : 00000000;
    44371 : 00000000;
    44372 : 00000000;
    44373 : 00000000;
    44374 : 00000000;
    44375 : 00000000;
    44376 : 00000000;
    44377 : 00000000;
    44378 : 00000000;
    44379 : 00000000;
    44380 : 00000000;
    44381 : 00000000;
    44382 : 00000000;
    44383 : 00000000;
    44384 : 00000000;
    44385 : 00000000;
    44386 : 00000000;
    44387 : 00000000;
    44388 : 00000000;
    44389 : 00000000;
    44390 : 00000000;
    44391 : 00000000;
    44392 : 00000000;
    44393 : 00000000;
    44394 : 00000000;
    44395 : 00000000;
    44396 : 00000000;
    44397 : 00000000;
    44398 : 00000000;
    44399 : 00000000;
    44400 : 00000000;
    44401 : 00000000;
    44402 : 00000000;
    44403 : 00000000;
    44404 : 00000000;
    44405 : 00000000;
    44406 : 00000000;
    44407 : 00000000;
    44408 : 00000000;
    44409 : 00000000;
    44410 : 00000000;
    44411 : 00000000;
    44412 : 00000000;
    44413 : 00000000;
    44414 : 00000000;
    44415 : 00000000;
    44416 : 00000000;
    44417 : 00000000;
    44418 : 00000000;
    44419 : 00000000;
    44420 : 00000000;
    44421 : 00000000;
    44422 : 00000000;
    44423 : 00000000;
    44424 : 00000000;
    44425 : 00000000;
    44426 : 00000000;
    44427 : 00000000;
    44428 : 00000000;
    44429 : 00000000;
    44430 : 00000000;
    44431 : 00000000;
    44432 : 00000000;
    44433 : 00000000;
    44434 : 00000000;
    44435 : 00000000;
    44436 : 00000000;
    44437 : 00000000;
    44438 : 00000000;
    44439 : 00000000;
    44440 : 00000000;
    44441 : 00000000;
    44442 : 00000000;
    44443 : 00000000;
    44444 : 00000000;
    44445 : 00000000;
    44446 : 00000000;
    44447 : 00000000;
    44448 : 00000000;
    44449 : 00000000;
    44450 : 00000000;
    44451 : 00000000;
    44452 : 00000000;
    44453 : 00000000;
    44454 : 00000000;
    44455 : 00000000;
    44456 : 00000000;
    44457 : 00000000;
    44458 : 00000000;
    44459 : 00000000;
    44460 : 00000000;
    44461 : 00000000;
    44462 : 00000000;
    44463 : 00000000;
    44464 : 00000000;
    44465 : 00000000;
    44466 : 00000000;
    44467 : 00000000;
    44468 : 00000000;
    44469 : 00000000;
    44470 : 00000000;
    44471 : 00000000;
    44472 : 00000000;
    44473 : 00000000;
    44474 : 00000000;
    44475 : 00000000;
    44476 : 00000000;
    44477 : 00000000;
    44478 : 00000000;
    44479 : 00000000;
    44480 : 00000000;
    44481 : 00000000;
    44482 : 00000000;
    44483 : 00000000;
    44484 : 00000000;
    44485 : 00000000;
    44486 : 00000000;
    44487 : 00000000;
    44488 : 00000000;
    44489 : 00000000;
    44490 : 00000000;
    44491 : 00000000;
    44492 : 00000000;
    44493 : 00000000;
    44494 : 00000000;
    44495 : 00000000;
    44496 : 00000000;
    44497 : 00000000;
    44498 : 00000000;
    44499 : 00000000;
    44500 : 00000000;
    44501 : 00000000;
    44502 : 00000000;
    44503 : 00000000;
    44504 : 00000000;
    44505 : 00000000;
    44506 : 00000000;
    44507 : 00000000;
    44508 : 00000000;
    44509 : 00000000;
    44510 : 00000000;
    44511 : 00000000;
    44512 : 00000000;
    44513 : 00000000;
    44514 : 00000000;
    44515 : 00000000;
    44516 : 00000000;
    44517 : 00000000;
    44518 : 00000000;
    44519 : 00000000;
    44520 : 00000000;
    44521 : 00000000;
    44522 : 00000000;
    44523 : 00000000;
    44524 : 00000000;
    44525 : 00000000;
    44526 : 00000000;
    44527 : 00000000;
    44528 : 00000000;
    44529 : 00000000;
    44530 : 00000000;
    44531 : 00000000;
    44532 : 00000000;
    44533 : 00000000;
    44534 : 00000000;
    44535 : 00000000;
    44536 : 00000000;
    44537 : 00000000;
    44538 : 00000000;
    44539 : 00000000;
    44540 : 00000000;
    44541 : 00000000;
    44542 : 00000000;
    44543 : 00000000;
    44544 : 00000000;
    44545 : 00000000;
    44546 : 00000000;
    44547 : 00000000;
    44548 : 00000000;
    44549 : 00000000;
    44550 : 00000000;
    44551 : 00000000;
    44552 : 00000000;
    44553 : 00000000;
    44554 : 00000000;
    44555 : 00000000;
    44556 : 00000000;
    44557 : 00000000;
    44558 : 00000000;
    44559 : 00000000;
    44560 : 00000000;
    44561 : 00000000;
    44562 : 00000000;
    44563 : 00000000;
    44564 : 00000000;
    44565 : 00000000;
    44566 : 00000000;
    44567 : 00000000;
    44568 : 00000000;
    44569 : 00000000;
    44570 : 00000000;
    44571 : 00000000;
    44572 : 00000000;
    44573 : 00000000;
    44574 : 00000000;
    44575 : 00000000;
    44576 : 00000000;
    44577 : 00000000;
    44578 : 00000000;
    44579 : 00000000;
    44580 : 00000000;
    44581 : 00000000;
    44582 : 00000000;
    44583 : 00000000;
    44584 : 00000000;
    44585 : 00000000;
    44586 : 00000000;
    44587 : 00000000;
    44588 : 00000000;
    44589 : 00000000;
    44590 : 00000000;
    44591 : 00000000;
    44592 : 00000000;
    44593 : 00000000;
    44594 : 00000000;
    44595 : 00000000;
    44596 : 00000000;
    44597 : 00000000;
    44598 : 00000000;
    44599 : 00000000;
    44600 : 00000000;
    44601 : 00000000;
    44602 : 00000000;
    44603 : 00000000;
    44604 : 00000000;
    44605 : 00000000;
    44606 : 00000000;
    44607 : 00000000;
    44608 : 00000000;
    44609 : 00000000;
    44610 : 00000000;
    44611 : 00000000;
    44612 : 00000000;
    44613 : 00000000;
    44614 : 00000000;
    44615 : 00000000;
    44616 : 00000000;
    44617 : 00000000;
    44618 : 00000000;
    44619 : 00000000;
    44620 : 00000000;
    44621 : 00000000;
    44622 : 00000000;
    44623 : 00000000;
    44624 : 00000000;
    44625 : 00000000;
    44626 : 00000000;
    44627 : 00000000;
    44628 : 00000000;
    44629 : 00000000;
    44630 : 00000000;
    44631 : 00000000;
    44632 : 00000000;
    44633 : 00000000;
    44634 : 00000000;
    44635 : 00000000;
    44636 : 00000000;
    44637 : 00000000;
    44638 : 00000000;
    44639 : 00000000;
    44640 : 00000000;
    44641 : 00000000;
    44642 : 00000000;
    44643 : 00000000;
    44644 : 00000000;
    44645 : 00000000;
    44646 : 00000000;
    44647 : 00000000;
    44648 : 00000000;
    44649 : 00000000;
    44650 : 00000000;
    44651 : 00000000;
    44652 : 00000000;
    44653 : 00000000;
    44654 : 00000000;
    44655 : 00000000;
    44656 : 00000000;
    44657 : 00000000;
    44658 : 00000000;
    44659 : 00000000;
    44660 : 00000000;
    44661 : 00000000;
    44662 : 00000000;
    44663 : 00000000;
    44664 : 00000000;
    44665 : 00000000;
    44666 : 00000000;
    44667 : 00000000;
    44668 : 00000000;
    44669 : 00000000;
    44670 : 00000000;
    44671 : 00000000;
    44672 : 00000000;
    44673 : 00000000;
    44674 : 00000000;
    44675 : 00000000;
    44676 : 00000000;
    44677 : 00000000;
    44678 : 00000000;
    44679 : 00000000;
    44680 : 00000000;
    44681 : 00000000;
    44682 : 00000000;
    44683 : 00000000;
    44684 : 00000000;
    44685 : 00000000;
    44686 : 00000000;
    44687 : 00000000;
    44688 : 00000000;
    44689 : 00000000;
    44690 : 00000000;
    44691 : 00000000;
    44692 : 00000000;
    44693 : 00000000;
    44694 : 00000000;
    44695 : 00000000;
    44696 : 00000000;
    44697 : 00000000;
    44698 : 00000000;
    44699 : 00000000;
    44700 : 00000000;
    44701 : 00000000;
    44702 : 00000000;
    44703 : 00000000;
    44704 : 00000000;
    44705 : 00000000;
    44706 : 00000000;
    44707 : 00000000;
    44708 : 00000000;
    44709 : 00000000;
    44710 : 00000000;
    44711 : 00000000;
    44712 : 00000000;
    44713 : 00000000;
    44714 : 00000000;
    44715 : 00000000;
    44716 : 00000000;
    44717 : 00000000;
    44718 : 00000000;
    44719 : 00000000;
    44720 : 00000000;
    44721 : 00000000;
    44722 : 00000000;
    44723 : 00000000;
    44724 : 00000000;
    44725 : 00000000;
    44726 : 00000000;
    44727 : 00000000;
    44728 : 00000000;
    44729 : 00000000;
    44730 : 00000000;
    44731 : 00000000;
    44732 : 00000000;
    44733 : 00000000;
    44734 : 00000000;
    44735 : 00000000;
    44736 : 00000000;
    44737 : 00000000;
    44738 : 00000000;
    44739 : 00000000;
    44740 : 00000000;
    44741 : 00000000;
    44742 : 00000000;
    44743 : 00000000;
    44744 : 00000000;
    44745 : 00000000;
    44746 : 00000000;
    44747 : 00000000;
    44748 : 00000000;
    44749 : 00000000;
    44750 : 00000000;
    44751 : 00000000;
    44752 : 00000000;
    44753 : 00000000;
    44754 : 00000000;
    44755 : 00000000;
    44756 : 00000000;
    44757 : 00000000;
    44758 : 00000000;
    44759 : 00000000;
    44760 : 00000000;
    44761 : 00000000;
    44762 : 00000000;
    44763 : 00000000;
    44764 : 00000000;
    44765 : 00000000;
    44766 : 00000000;
    44767 : 00000000;
    44768 : 00000000;
    44769 : 00000000;
    44770 : 00000000;
    44771 : 00000000;
    44772 : 00000000;
    44773 : 00000000;
    44774 : 00000000;
    44775 : 00000000;
    44776 : 00000000;
    44777 : 00000000;
    44778 : 00000000;
    44779 : 00000000;
    44780 : 00000000;
    44781 : 00000000;
    44782 : 00000000;
    44783 : 00000000;
    44784 : 00000000;
    44785 : 00000000;
    44786 : 00000000;
    44787 : 00000000;
    44788 : 00000000;
    44789 : 00000000;
    44790 : 00000000;
    44791 : 00000000;
    44792 : 00000000;
    44793 : 00000000;
    44794 : 00000000;
    44795 : 00000000;
    44796 : 00000000;
    44797 : 00000000;
    44798 : 00000000;
    44799 : 00000000;
    44800 : 00000000;
    44801 : 00000000;
    44802 : 00000000;
    44803 : 00000000;
    44804 : 00000000;
    44805 : 00000000;
    44806 : 00000000;
    44807 : 00000000;
    44808 : 00000000;
    44809 : 00000000;
    44810 : 00000000;
    44811 : 00000000;
    44812 : 00000000;
    44813 : 00000000;
    44814 : 00000000;
    44815 : 00000000;
    44816 : 00000000;
    44817 : 00000000;
    44818 : 00000000;
    44819 : 00000000;
    44820 : 00000000;
    44821 : 00000000;
    44822 : 00000000;
    44823 : 00000000;
    44824 : 00000000;
    44825 : 00000000;
    44826 : 00000000;
    44827 : 00000000;
    44828 : 00000000;
    44829 : 00000000;
    44830 : 00000000;
    44831 : 00000000;
    44832 : 00000000;
    44833 : 00000000;
    44834 : 00000000;
    44835 : 00000000;
    44836 : 00000000;
    44837 : 00000000;
    44838 : 00000000;
    44839 : 00000000;
    44840 : 00000000;
    44841 : 00000000;
    44842 : 00000000;
    44843 : 00000000;
    44844 : 00000000;
    44845 : 00000000;
    44846 : 00000000;
    44847 : 00000000;
    44848 : 00000000;
    44849 : 00000000;
    44850 : 00000000;
    44851 : 00000000;
    44852 : 00000000;
    44853 : 00000000;
    44854 : 00000000;
    44855 : 00000000;
    44856 : 00000000;
    44857 : 00000000;
    44858 : 00000000;
    44859 : 00000000;
    44860 : 00000000;
    44861 : 00000000;
    44862 : 00000000;
    44863 : 00000000;
    44864 : 00000000;
    44865 : 00000000;
    44866 : 00000000;
    44867 : 00000000;
    44868 : 00000000;
    44869 : 00000000;
    44870 : 00000000;
    44871 : 00000000;
    44872 : 00000000;
    44873 : 00000000;
    44874 : 00000000;
    44875 : 00000000;
    44876 : 00000000;
    44877 : 00000000;
    44878 : 00000000;
    44879 : 00000000;
    44880 : 00000000;
    44881 : 00000000;
    44882 : 00000000;
    44883 : 00000000;
    44884 : 00000000;
    44885 : 00000000;
    44886 : 00000000;
    44887 : 00000000;
    44888 : 00000000;
    44889 : 00000000;
    44890 : 00000000;
    44891 : 00000000;
    44892 : 00000000;
    44893 : 00000000;
    44894 : 00000000;
    44895 : 00000000;
    44896 : 00000000;
    44897 : 00000000;
    44898 : 00000000;
    44899 : 00000000;
    44900 : 00000000;
    44901 : 00000000;
    44902 : 00000000;
    44903 : 00000000;
    44904 : 00000000;
    44905 : 00000000;
    44906 : 00000000;
    44907 : 00000000;
    44908 : 00000000;
    44909 : 00000000;
    44910 : 00000000;
    44911 : 00000000;
    44912 : 00000000;
    44913 : 00000000;
    44914 : 00000000;
    44915 : 00000000;
    44916 : 00000000;
    44917 : 00000000;
    44918 : 00000000;
    44919 : 00000000;
    44920 : 00000000;
    44921 : 00000000;
    44922 : 00000000;
    44923 : 00000000;
    44924 : 00000000;
    44925 : 00000000;
    44926 : 00000000;
    44927 : 00000000;
    44928 : 00000000;
    44929 : 00000000;
    44930 : 00000000;
    44931 : 00000000;
    44932 : 00000000;
    44933 : 00000000;
    44934 : 00000000;
    44935 : 00000000;
    44936 : 00000000;
    44937 : 00000000;
    44938 : 00000000;
    44939 : 00000000;
    44940 : 00000000;
    44941 : 00000000;
    44942 : 00000000;
    44943 : 00000000;
    44944 : 00000000;
    44945 : 00000000;
    44946 : 00000000;
    44947 : 00000000;
    44948 : 00000000;
    44949 : 00000000;
    44950 : 00000000;
    44951 : 00000000;
    44952 : 00000000;
    44953 : 00000000;
    44954 : 00000000;
    44955 : 00000000;
    44956 : 00000000;
    44957 : 00000000;
    44958 : 00000000;
    44959 : 00000000;
    44960 : 00000000;
    44961 : 00000000;
    44962 : 00000000;
    44963 : 00000000;
    44964 : 00000000;
    44965 : 00000000;
    44966 : 00000000;
    44967 : 00000000;
    44968 : 00000000;
    44969 : 00000000;
    44970 : 00000000;
    44971 : 00000000;
    44972 : 00000000;
    44973 : 00000000;
    44974 : 00000000;
    44975 : 00000000;
    44976 : 00000000;
    44977 : 00000000;
    44978 : 00000000;
    44979 : 00000000;
    44980 : 00000000;
    44981 : 00000000;
    44982 : 00000000;
    44983 : 00000000;
    44984 : 00000000;
    44985 : 00000000;
    44986 : 00000000;
    44987 : 00000000;
    44988 : 00000000;
    44989 : 00000000;
    44990 : 00000000;
    44991 : 00000000;
    44992 : 00000000;
    44993 : 00000000;
    44994 : 00000000;
    44995 : 00000000;
    44996 : 00000000;
    44997 : 00000000;
    44998 : 00000000;
    44999 : 00000000;
    45000 : 00000000;
    45001 : 00000000;
    45002 : 00000000;
    45003 : 00000000;
    45004 : 00000000;
    45005 : 00000000;
    45006 : 00000000;
    45007 : 00000000;
    45008 : 00000000;
    45009 : 00000000;
    45010 : 00000000;
    45011 : 00000000;
    45012 : 00000000;
    45013 : 00000000;
    45014 : 00000000;
    45015 : 00000000;
    45016 : 00000000;
    45017 : 00000000;
    45018 : 00000000;
    45019 : 00000000;
    45020 : 00000000;
    45021 : 00000000;
    45022 : 00000000;
    45023 : 00000000;
    45024 : 00000000;
    45025 : 00000000;
    45026 : 00000000;
    45027 : 00000000;
    45028 : 00000000;
    45029 : 00000000;
    45030 : 00000000;
    45031 : 00000000;
    45032 : 00000000;
    45033 : 00000000;
    45034 : 00000000;
    45035 : 00000000;
    45036 : 00000000;
    45037 : 00000000;
    45038 : 00000000;
    45039 : 00000000;
    45040 : 00000000;
    45041 : 00000000;
    45042 : 00000000;
    45043 : 00000000;
    45044 : 00000000;
    45045 : 00000000;
    45046 : 00000000;
    45047 : 00000000;
    45048 : 00000000;
    45049 : 00000000;
    45050 : 00000000;
    45051 : 00000000;
    45052 : 53494730;
    45053 : 00000074;
    45054 : 00000098;
    45055 : 00000024;
END;
